type,t_rel,t_abs,left_j1,left_j2,left_j3,left_j4,left_j5,left_j6
cmd,0.000000,179.839000,0.500001,-1.049990,1.050025,-1.050024,-0.800003,-0.000007
cmd,0.010000,179.849000,0.501572,-1.049990,1.050025,-1.050024,-0.800003,-0.000007
cmd,0.020000,179.859000,0.503141,-1.049990,1.050025,-1.050024,-0.800003,-0.000007
cmd,0.030000,179.869000,0.504707,-1.049990,1.050025,-1.050024,-0.800003,-0.000007
cmd,0.040000,179.879000,0.506268,-1.049990,1.050025,-1.050024,-0.800003,-0.000007
cmd,0.050000,179.889000,0.507823,-1.049990,1.050025,-1.050024,-0.800003,-0.000007
cmd,0.060000,179.899000,0.509371,-1.049990,1.050025,-1.050024,-0.800003,-0.000007
cmd,0.070000,179.909000,0.510909,-1.049990,1.050025,-1.050024,-0.800003,-0.000007
cmd,0.080000,179.919000,0.512436,-1.049990,1.050025,-1.050024,-0.800003,-0.000007
cmd,0.090000,179.929000,0.513951,-1.049990,1.050025,-1.050024,-0.800003,-0.000007
cmd,0.100000,179.939000,0.515452,-1.049990,1.050025,-1.050024,-0.800003,-0.000007
cmd,0.110000,179.949000,0.516938,-1.049990,1.050025,-1.050024,-0.800003,-0.000007
cmd,0.120000,179.959000,0.518408,-1.049990,1.050025,-1.050024,-0.800003,-0.000007
cmd,0.130000,179.969000,0.519859,-1.049990,1.050025,-1.050024,-0.800003,-0.000007
cmd,0.140000,179.979000,0.521290,-1.049990,1.050025,-1.050024,-0.800003,-0.000007
cmd,0.150000,179.989000,0.522701,-1.049990,1.050025,-1.050024,-0.800003,-0.000007
cmd,0.160000,179.999000,0.524089,-1.049990,1.050025,-1.050024,-0.800003,-0.000007
cmd,0.170000,180.009000,0.525454,-1.049990,1.050025,-1.050024,-0.800003,-0.000007
cmd,0.180000,180.019000,0.526793,-1.049990,1.050025,-1.050024,-0.800003,-0.000007
cmd,0.190000,180.029000,0.528106,-1.049990,1.050025,-1.050024,-0.800003,-0.000007
cmd,0.200000,180.039000,0.529391,-1.049990,1.050025,-1.050024,-0.800003,-0.000007
cmd,0.210000,180.049000,0.530647,-1.049990,1.050025,-1.050024,-0.800003,-0.000007
cmd,0.220000,180.059000,0.531873,-1.049990,1.050025,-1.050024,-0.800003,-0.000007
cmd,0.230000,180.069000,0.533067,-1.049990,1.050025,-1.050024,-0.800003,-0.000007
cmd,0.240000,180.079000,0.534229,-1.049990,1.050025,-1.050024,-0.800003,-0.000007
cmd,0.250000,180.089000,0.535357,-1.049990,1.050025,-1.050024,-0.800003,-0.000007
cmd,0.260000,180.099000,0.536450,-1.049990,1.050025,-1.050024,-0.800003,-0.000007
cmd,0.270000,180.109000,0.537507,-1.049990,1.050025,-1.050024,-0.800003,-0.000007
cmd,0.280000,180.119000,0.538527,-1.049990,1.050025,-1.050024,-0.800003,-0.000007
cmd,0.290000,180.129000,0.539509,-1.049990,1.050025,-1.050024,-0.800003,-0.000007
cmd,0.300000,180.139000,0.540452,-1.049990,1.050025,-1.050024,-0.800003,-0.000007
cmd,0.310000,180.149000,0.541356,-1.049990,1.050025,-1.050024,-0.800003,-0.000007
cmd,0.320000,180.159000,0.542218,-1.049990,1.050025,-1.050024,-0.800003,-0.000007
cmd,0.330000,180.169000,0.543039,-1.049990,1.050025,-1.050024,-0.800003,-0.000007
cmd,0.340000,180.179000,0.543817,-1.049990,1.050025,-1.050024,-0.800003,-0.000007
cmd,0.350000,180.189000,0.544552,-1.049990,1.050025,-1.050024,-0.800003,-0.000007
cmd,0.360000,180.199000,0.545243,-1.049990,1.050025,-1.050024,-0.800003,-0.000007
cmd,0.370000,180.209000,0.545889,-1.049990,1.050025,-1.050024,-0.800003,-0.000007
cmd,0.380000,180.219000,0.546490,-1.049990,1.050025,-1.050024,-0.800003,-0.000007
cmd,0.390000,180.229000,0.547046,-1.049990,1.050025,-1.050024,-0.800003,-0.000007
cmd,0.400000,180.239000,0.547554,-1.049990,1.050025,-1.050024,-0.800003,-0.000007
cmd,0.410000,180.249000,0.548016,-1.049990,1.050025,-1.050024,-0.800003,-0.000007
cmd,0.420000,180.259000,0.548431,-1.049990,1.050025,-1.050024,-0.800003,-0.000007
cmd,0.430000,180.269000,0.548797,-1.049990,1.050025,-1.050024,-0.800003,-0.000007
cmd,0.440000,180.279000,0.549116,-1.049990,1.050025,-1.050024,-0.800003,-0.000007
cmd,0.450000,180.289000,0.549386,-1.049990,1.050025,-1.050024,-0.800003,-0.000007
cmd,0.460000,180.299000,0.549607,-1.049990,1.050025,-1.050024,-0.800003,-0.000007
cmd,0.470000,180.309000,0.549780,-1.049990,1.050025,-1.050024,-0.800003,-0.000007
cmd,0.480000,180.319000,0.549903,-1.049990,1.050025,-1.050024,-0.800003,-0.000007
cmd,0.490000,180.329000,0.549977,-1.049990,1.050025,-1.050024,-0.800003,-0.000007
cmd,0.500000,180.339000,0.550001,-1.049990,1.050025,-1.050024,-0.800003,-0.000007
cmd,0.510000,180.349000,0.549977,-1.049990,1.050025,-1.050024,-0.800003,-0.000007
cmd,0.520000,180.359000,0.549903,-1.049990,1.050025,-1.050024,-0.800003,-0.000007
cmd,0.530000,180.369000,0.549780,-1.049990,1.050025,-1.050024,-0.800003,-0.000007
cmd,0.540000,180.379000,0.549607,-1.049990,1.050025,-1.050024,-0.800003,-0.000007
cmd,0.550000,180.389000,0.549386,-1.049990,1.050025,-1.050024,-0.800003,-0.000007
cmd,0.560000,180.399000,0.549116,-1.049990,1.050025,-1.050024,-0.800003,-0.000007
cmd,0.570000,180.409000,0.548797,-1.049990,1.050025,-1.050024,-0.800003,-0.000007
cmd,0.580000,180.419000,0.548431,-1.049990,1.050025,-1.050024,-0.800003,-0.000007
cmd,0.590000,180.429000,0.548016,-1.049990,1.050025,-1.050024,-0.800003,-0.000007
cmd,0.600000,180.439000,0.547554,-1.049990,1.050025,-1.050024,-0.800003,-0.000007
cmd,0.610000,180.449000,0.547046,-1.049990,1.050025,-1.050024,-0.800003,-0.000007
cmd,0.620000,180.459000,0.546490,-1.049990,1.050025,-1.050024,-0.800003,-0.000007
cmd,0.630000,180.469000,0.545889,-1.049990,1.050025,-1.050024,-0.800003,-0.000007
cmd,0.640000,180.479000,0.545243,-1.049990,1.050025,-1.050024,-0.800003,-0.000007
cmd,0.650000,180.489000,0.544552,-1.049990,1.050025,-1.050024,-0.800003,-0.000007
cmd,0.660000,180.499000,0.543817,-1.049990,1.050025,-1.050024,-0.800003,-0.000007
cmd,0.670000,180.509000,0.543039,-1.049990,1.050025,-1.050024,-0.800003,-0.000007
cmd,0.680000,180.519000,0.542218,-1.049990,1.050025,-1.050024,-0.800003,-0.000007
cmd,0.690000,180.529000,0.541356,-1.049990,1.050025,-1.050024,-0.800003,-0.000007
cmd,0.700000,180.539000,0.540452,-1.049990,1.050025,-1.050024,-0.800003,-0.000007
cmd,0.710000,180.549000,0.539509,-1.049990,1.050025,-1.050024,-0.800003,-0.000007
cmd,0.720000,180.559000,0.538527,-1.049990,1.050025,-1.050024,-0.800003,-0.000007
cmd,0.730000,180.569000,0.537507,-1.049990,1.050025,-1.050024,-0.800003,-0.000007
cmd,0.740000,180.579000,0.536450,-1.049990,1.050025,-1.050024,-0.800003,-0.000007
cmd,0.750000,180.589000,0.535357,-1.049990,1.050025,-1.050024,-0.800003,-0.000007
cmd,0.760000,180.599000,0.534229,-1.049990,1.050025,-1.050024,-0.800003,-0.000007
cmd,0.770000,180.609000,0.533067,-1.049990,1.050025,-1.050024,-0.800003,-0.000007
cmd,0.780000,180.619000,0.531873,-1.049990,1.050025,-1.050024,-0.800003,-0.000007
cmd,0.790000,180.629000,0.530647,-1.049990,1.050025,-1.050024,-0.800003,-0.000007
cmd,0.800000,180.639000,0.529391,-1.049990,1.050025,-1.050024,-0.800003,-0.000007
cmd,0.810000,180.649000,0.528106,-1.049990,1.050025,-1.050024,-0.800003,-0.000007
cmd,0.820000,180.659000,0.526793,-1.049990,1.050025,-1.050024,-0.800003,-0.000007
cmd,0.830000,180.669000,0.525454,-1.049990,1.050025,-1.050024,-0.800003,-0.000007
cmd,0.840000,180.679000,0.524089,-1.049990,1.050025,-1.050024,-0.800003,-0.000007
cmd,0.850000,180.689000,0.522701,-1.049990,1.050025,-1.050024,-0.800003,-0.000007
cmd,0.860000,180.699000,0.521290,-1.049990,1.050025,-1.050024,-0.800003,-0.000007
cmd,0.870000,180.709000,0.519859,-1.049990,1.050025,-1.050024,-0.800003,-0.000007
cmd,0.880000,180.719000,0.518408,-1.049990,1.050025,-1.050024,-0.800003,-0.000007
cmd,0.890000,180.729000,0.516938,-1.049990,1.050025,-1.050024,-0.800003,-0.000007
cmd,0.900000,180.739000,0.515452,-1.049990,1.050025,-1.050024,-0.800003,-0.000007
cmd,0.910000,180.749000,0.513951,-1.049990,1.050025,-1.050024,-0.800003,-0.000007
cmd,0.920000,180.759000,0.512436,-1.049990,1.050025,-1.050024,-0.800003,-0.000007
cmd,0.930000,180.769000,0.510909,-1.049990,1.050025,-1.050024,-0.800003,-0.000007
cmd,0.940000,180.779000,0.509371,-1.049990,1.050025,-1.050024,-0.800003,-0.000007
cmd,0.950000,180.789000,0.507823,-1.049990,1.050025,-1.050024,-0.800003,-0.000007
cmd,0.960000,180.799000,0.506268,-1.049990,1.050025,-1.050024,-0.800003,-0.000007
cmd,0.970000,180.809000,0.504707,-1.049990,1.050025,-1.050024,-0.800003,-0.000007
cmd,0.980000,180.819000,0.503141,-1.049990,1.050025,-1.050024,-0.800003,-0.000007
cmd,0.990000,180.829000,0.501572,-1.049990,1.050025,-1.050024,-0.800003,-0.000007
cmd,1.000000,180.839000,0.500001,-1.049990,1.050025,-1.050024,-0.800003,-0.000007
cmd,1.010000,180.849000,0.498431,-1.049990,1.050025,-1.050024,-0.800003,-0.000007
cmd,1.020000,180.859000,0.496862,-1.049990,1.050025,-1.050024,-0.800003,-0.000007
cmd,1.030000,180.869000,0.495296,-1.049990,1.050025,-1.050024,-0.800003,-0.000007
cmd,1.040000,180.879000,0.493735,-1.049990,1.050025,-1.050024,-0.800003,-0.000007
cmd,1.050000,180.889000,0.492180,-1.049990,1.050025,-1.050024,-0.800003,-0.000007
cmd,1.060000,180.899000,0.490632,-1.049990,1.050025,-1.050024,-0.800003,-0.000007
cmd,1.070000,180.909000,0.489094,-1.049990,1.050025,-1.050024,-0.800003,-0.000007
cmd,1.080000,180.919000,0.487567,-1.049990,1.050025,-1.050024,-0.800003,-0.000007
cmd,1.090000,180.929000,0.486052,-1.049990,1.050025,-1.050024,-0.800003,-0.000007
cmd,1.100000,180.939000,0.484551,-1.049990,1.050025,-1.050024,-0.800003,-0.000007
cmd,1.110000,180.949000,0.483065,-1.049990,1.050025,-1.050024,-0.800003,-0.000007
cmd,1.120000,180.959000,0.481595,-1.049990,1.050025,-1.050024,-0.800003,-0.000007
cmd,1.130000,180.969000,0.480144,-1.049990,1.050025,-1.050024,-0.800003,-0.000007
cmd,1.140000,180.979000,0.478713,-1.049990,1.050025,-1.050024,-0.800003,-0.000007
cmd,1.150000,180.989000,0.477302,-1.049990,1.050025,-1.050024,-0.800003,-0.000007
cmd,1.160000,180.999000,0.475914,-1.049990,1.050025,-1.050024,-0.800003,-0.000007
cmd,1.170000,181.009000,0.474549,-1.049990,1.050025,-1.050024,-0.800003,-0.000007
cmd,1.180000,181.019000,0.473210,-1.049990,1.050025,-1.050024,-0.800003,-0.000007
cmd,1.190000,181.029000,0.471897,-1.049990,1.050025,-1.050024,-0.800003,-0.000007
cmd,1.200000,181.039000,0.470612,-1.049990,1.050025,-1.050024,-0.800003,-0.000007
cmd,1.210000,181.049000,0.469356,-1.049990,1.050025,-1.050024,-0.800003,-0.000007
cmd,1.220000,181.059000,0.468130,-1.049990,1.050025,-1.050024,-0.800003,-0.000007
cmd,1.230000,181.069000,0.466936,-1.049990,1.050025,-1.050024,-0.800003,-0.000007
cmd,1.240000,181.079000,0.465774,-1.049990,1.050025,-1.050024,-0.800003,-0.000007
cmd,1.250000,181.089000,0.464646,-1.049990,1.050025,-1.050024,-0.800003,-0.000007
cmd,1.260000,181.099000,0.463553,-1.049990,1.050025,-1.050024,-0.800003,-0.000007
cmd,1.270000,181.109000,0.462496,-1.049990,1.050025,-1.050024,-0.800003,-0.000007
cmd,1.280000,181.119000,0.461476,-1.049990,1.050025,-1.050024,-0.800003,-0.000007
cmd,1.290000,181.129000,0.460494,-1.049990,1.050025,-1.050024,-0.800003,-0.000007
cmd,1.300000,181.139000,0.459551,-1.049990,1.050025,-1.050024,-0.800003,-0.000007
cmd,1.310000,181.149000,0.458647,-1.049990,1.050025,-1.050024,-0.800003,-0.000007
cmd,1.320000,181.159000,0.457785,-1.049990,1.050025,-1.050024,-0.800003,-0.000007
cmd,1.330000,181.169000,0.456964,-1.049990,1.050025,-1.050024,-0.800003,-0.000007
cmd,1.340000,181.179000,0.456186,-1.049990,1.050025,-1.050024,-0.800003,-0.000007
cmd,1.350000,181.189000,0.455451,-1.049990,1.050025,-1.050024,-0.800003,-0.000007
cmd,1.360000,181.199000,0.454760,-1.049990,1.050025,-1.050024,-0.800003,-0.000007
cmd,1.370000,181.209000,0.454114,-1.049990,1.050025,-1.050024,-0.800003,-0.000007
cmd,1.380000,181.219000,0.453513,-1.049990,1.050025,-1.050024,-0.800003,-0.000007
cmd,1.390000,181.229000,0.452957,-1.049990,1.050025,-1.050024,-0.800003,-0.000007
cmd,1.400000,181.239000,0.452449,-1.049990,1.050025,-1.050024,-0.800003,-0.000007
cmd,1.410000,181.249000,0.451987,-1.049990,1.050025,-1.050024,-0.800003,-0.000007
cmd,1.420000,181.259000,0.451572,-1.049990,1.050025,-1.050024,-0.800003,-0.000007
cmd,1.430000,181.269000,0.451206,-1.049990,1.050025,-1.050024,-0.800003,-0.000007
cmd,1.440000,181.279000,0.450887,-1.049990,1.050025,-1.050024,-0.800003,-0.000007
cmd,1.450000,181.289000,0.450617,-1.049990,1.050025,-1.050024,-0.800003,-0.000007
cmd,1.460000,181.299000,0.450396,-1.049990,1.050025,-1.050024,-0.800003,-0.000007
cmd,1.470000,181.309000,0.450223,-1.049990,1.050025,-1.050024,-0.800003,-0.000007
cmd,1.480000,181.319000,0.450100,-1.049990,1.050025,-1.050024,-0.800003,-0.000007
cmd,1.490000,181.329000,0.450026,-1.049990,1.050025,-1.050024,-0.800003,-0.000007
cmd,1.500000,181.339000,0.450001,-1.049990,1.050025,-1.050024,-0.800003,-0.000007
cmd,1.510000,181.349000,0.450026,-1.049990,1.050025,-1.050024,-0.800003,-0.000007
cmd,1.520000,181.359000,0.450100,-1.049990,1.050025,-1.050024,-0.800003,-0.000007
cmd,1.530000,181.369000,0.450223,-1.049990,1.050025,-1.050024,-0.800003,-0.000007
cmd,1.540000,181.379000,0.450396,-1.049990,1.050025,-1.050024,-0.800003,-0.000007
cmd,1.550000,181.389000,0.450617,-1.049990,1.050025,-1.050024,-0.800003,-0.000007
cmd,1.560000,181.399000,0.450887,-1.049990,1.050025,-1.050024,-0.800003,-0.000007
cmd,1.570000,181.409000,0.451206,-1.049990,1.050025,-1.050024,-0.800003,-0.000007
cmd,1.580000,181.419000,0.451572,-1.049990,1.050025,-1.050024,-0.800003,-0.000007
cmd,1.590000,181.429000,0.451987,-1.049990,1.050025,-1.050024,-0.800003,-0.000007
cmd,1.600000,181.439000,0.452449,-1.049990,1.050025,-1.050024,-0.800003,-0.000007
cmd,1.610000,181.449000,0.452957,-1.049990,1.050025,-1.050024,-0.800003,-0.000007
cmd,1.620000,181.459000,0.453513,-1.049990,1.050025,-1.050024,-0.800003,-0.000007
cmd,1.630000,181.469000,0.454114,-1.049990,1.050025,-1.050024,-0.800003,-0.000007
cmd,1.640000,181.479000,0.454760,-1.049990,1.050025,-1.050024,-0.800003,-0.000007
cmd,1.650000,181.489000,0.455451,-1.049990,1.050025,-1.050024,-0.800003,-0.000007
cmd,1.660000,181.499000,0.456186,-1.049990,1.050025,-1.050024,-0.800003,-0.000007
cmd,1.670000,181.509000,0.456964,-1.049990,1.050025,-1.050024,-0.800003,-0.000007
cmd,1.680000,181.519000,0.457785,-1.049990,1.050025,-1.050024,-0.800003,-0.000007
cmd,1.690000,181.529000,0.458647,-1.049990,1.050025,-1.050024,-0.800003,-0.000007
cmd,1.700000,181.539000,0.459551,-1.049990,1.050025,-1.050024,-0.800003,-0.000007
cmd,1.710000,181.549000,0.460494,-1.049990,1.050025,-1.050024,-0.800003,-0.000007
cmd,1.720000,181.559000,0.461476,-1.049990,1.050025,-1.050024,-0.800003,-0.000007
cmd,1.730000,181.569000,0.462496,-1.049990,1.050025,-1.050024,-0.800003,-0.000007
cmd,1.740000,181.579000,0.463553,-1.049990,1.050025,-1.050024,-0.800003,-0.000007
cmd,1.750000,181.589000,0.464646,-1.049990,1.050025,-1.050024,-0.800003,-0.000007
cmd,1.760000,181.599000,0.465774,-1.049990,1.050025,-1.050024,-0.800003,-0.000007
cmd,1.770000,181.609000,0.466936,-1.049990,1.050025,-1.050024,-0.800003,-0.000007
cmd,1.780000,181.619000,0.468130,-1.049990,1.050025,-1.050024,-0.800003,-0.000007
cmd,1.790000,181.629000,0.469356,-1.049990,1.050025,-1.050024,-0.800003,-0.000007
cmd,1.800000,181.639000,0.470612,-1.049990,1.050025,-1.050024,-0.800003,-0.000007
cmd,1.810000,181.649000,0.471897,-1.049990,1.050025,-1.050024,-0.800003,-0.000007
cmd,1.820000,181.659000,0.473210,-1.049990,1.050025,-1.050024,-0.800003,-0.000007
cmd,1.830000,181.669000,0.474549,-1.049990,1.050025,-1.050024,-0.800003,-0.000007
cmd,1.840000,181.679000,0.475914,-1.049990,1.050025,-1.050024,-0.800003,-0.000007
cmd,1.850000,181.689000,0.477302,-1.049990,1.050025,-1.050024,-0.800003,-0.000007
cmd,1.860000,181.699000,0.478713,-1.049990,1.050025,-1.050024,-0.800003,-0.000007
cmd,1.870000,181.709000,0.480144,-1.049990,1.050025,-1.050024,-0.800003,-0.000007
cmd,1.880000,181.719000,0.481595,-1.049990,1.050025,-1.050024,-0.800003,-0.000007
cmd,1.890000,181.729000,0.483065,-1.049990,1.050025,-1.050024,-0.800003,-0.000007
cmd,1.900000,181.739000,0.484551,-1.049990,1.050025,-1.050024,-0.800003,-0.000007
cmd,1.910000,181.749000,0.486052,-1.049990,1.050025,-1.050024,-0.800003,-0.000007
cmd,1.920000,181.759000,0.487567,-1.049990,1.050025,-1.050024,-0.800003,-0.000007
cmd,1.930000,181.769000,0.489094,-1.049990,1.050025,-1.050024,-0.800003,-0.000007
cmd,1.940000,181.779000,0.490632,-1.049990,1.050025,-1.050024,-0.800003,-0.000007
cmd,1.950000,181.789000,0.492180,-1.049990,1.050025,-1.050024,-0.800003,-0.000007
cmd,1.960000,181.799000,0.493735,-1.049990,1.050025,-1.050024,-0.800003,-0.000007
cmd,1.970000,181.809000,0.495296,-1.049990,1.050025,-1.050024,-0.800003,-0.000007
cmd,1.980000,181.819000,0.496862,-1.049990,1.050025,-1.050024,-0.800003,-0.000007
cmd,1.990000,181.829000,0.498431,-1.049990,1.050025,-1.050024,-0.800003,-0.000007
cmd,2.000000,181.839000,0.500001,-1.049990,1.050025,-1.050024,-0.800003,-0.000007
cmd,2.010000,181.849000,0.501572,-1.049990,1.050025,-1.050024,-0.800003,-0.000007
cmd,2.020000,181.859000,0.503141,-1.049990,1.050025,-1.050024,-0.800003,-0.000007
cmd,2.030000,181.869000,0.504707,-1.049990,1.050025,-1.050024,-0.800003,-0.000007
cmd,2.040000,181.879000,0.506268,-1.049990,1.050025,-1.050024,-0.800003,-0.000007
cmd,2.050000,181.889000,0.507823,-1.049990,1.050025,-1.050024,-0.800003,-0.000007
cmd,2.060000,181.899000,0.509371,-1.049990,1.050025,-1.050024,-0.800003,-0.000007
cmd,2.070000,181.909000,0.510909,-1.049990,1.050025,-1.050024,-0.800003,-0.000007
cmd,2.080000,181.919000,0.512436,-1.049990,1.050025,-1.050024,-0.800003,-0.000007
cmd,2.090000,181.929000,0.513951,-1.049990,1.050025,-1.050024,-0.800003,-0.000007
cmd,2.100000,181.939000,0.515452,-1.049990,1.050025,-1.050024,-0.800003,-0.000007
cmd,2.110000,181.949000,0.516938,-1.049990,1.050025,-1.050024,-0.800003,-0.000007
cmd,2.120000,181.959000,0.518408,-1.049990,1.050025,-1.050024,-0.800003,-0.000007
cmd,2.130000,181.969000,0.519859,-1.049990,1.050025,-1.050024,-0.800003,-0.000007
cmd,2.140000,181.979000,0.521290,-1.049990,1.050025,-1.050024,-0.800003,-0.000007
cmd,2.150000,181.989000,0.522701,-1.049990,1.050025,-1.050024,-0.800003,-0.000007
cmd,2.160000,181.999000,0.524089,-1.049990,1.050025,-1.050024,-0.800003,-0.000007
cmd,2.170000,182.009000,0.525454,-1.049990,1.050025,-1.050024,-0.800003,-0.000007
cmd,2.180000,182.019000,0.526793,-1.049990,1.050025,-1.050024,-0.800003,-0.000007
cmd,2.190000,182.029000,0.528106,-1.049990,1.050025,-1.050024,-0.800003,-0.000007
cmd,2.200000,182.039000,0.529391,-1.049990,1.050025,-1.050024,-0.800003,-0.000007
cmd,2.210000,182.049000,0.530647,-1.049990,1.050025,-1.050024,-0.800003,-0.000007
cmd,2.220000,182.059000,0.531873,-1.049990,1.050025,-1.050024,-0.800003,-0.000007
cmd,2.230000,182.069000,0.533067,-1.049990,1.050025,-1.050024,-0.800003,-0.000007
cmd,2.240000,182.079000,0.534229,-1.049990,1.050025,-1.050024,-0.800003,-0.000007
cmd,2.250000,182.089000,0.535357,-1.049990,1.050025,-1.050024,-0.800003,-0.000007
cmd,2.260000,182.099000,0.536450,-1.049990,1.050025,-1.050024,-0.800003,-0.000007
cmd,2.270000,182.109000,0.537507,-1.049990,1.050025,-1.050024,-0.800003,-0.000007
cmd,2.280000,182.119000,0.538527,-1.049990,1.050025,-1.050024,-0.800003,-0.000007
cmd,2.290000,182.129000,0.539509,-1.049990,1.050025,-1.050024,-0.800003,-0.000007
cmd,2.300000,182.139000,0.540452,-1.049990,1.050025,-1.050024,-0.800003,-0.000007
cmd,2.310000,182.149000,0.541356,-1.049990,1.050025,-1.050024,-0.800003,-0.000007
cmd,2.320000,182.159000,0.542218,-1.049990,1.050025,-1.050024,-0.800003,-0.000007
cmd,2.330000,182.169000,0.543039,-1.049990,1.050025,-1.050024,-0.800003,-0.000007
cmd,2.340000,182.179000,0.543817,-1.049990,1.050025,-1.050024,-0.800003,-0.000007
cmd,2.350000,182.189000,0.544552,-1.049990,1.050025,-1.050024,-0.800003,-0.000007
cmd,2.360000,182.199000,0.545243,-1.049990,1.050025,-1.050024,-0.800003,-0.000007
cmd,2.370000,182.209000,0.545889,-1.049990,1.050025,-1.050024,-0.800003,-0.000007
cmd,2.380000,182.219000,0.546490,-1.049990,1.050025,-1.050024,-0.800003,-0.000007
cmd,2.390000,182.229000,0.547046,-1.049990,1.050025,-1.050024,-0.800003,-0.000007
cmd,2.400000,182.239000,0.547554,-1.049990,1.050025,-1.050024,-0.800003,-0.000007
cmd,2.410000,182.249000,0.548016,-1.049990,1.050025,-1.050024,-0.800003,-0.000007
cmd,2.420000,182.259000,0.548431,-1.049990,1.050025,-1.050024,-0.800003,-0.000007
cmd,2.430000,182.269000,0.548797,-1.049990,1.050025,-1.050024,-0.800003,-0.000007
cmd,2.440000,182.279000,0.549116,-1.049990,1.050025,-1.050024,-0.800003,-0.000007
cmd,2.450000,182.289000,0.549386,-1.049990,1.050025,-1.050024,-0.800003,-0.000007
cmd,2.460000,182.299000,0.549607,-1.049990,1.050025,-1.050024,-0.800003,-0.000007
cmd,2.470000,182.309000,0.549780,-1.049990,1.050025,-1.050024,-0.800003,-0.000007
cmd,2.480000,182.319000,0.549903,-1.049990,1.050025,-1.050024,-0.800003,-0.000007
cmd,2.490000,182.329000,0.549977,-1.049990,1.050025,-1.050024,-0.800003,-0.000007
cmd,2.500000,182.339000,0.550001,-1.049990,1.050025,-1.050024,-0.800003,-0.000007
cmd,2.510000,182.349000,0.549977,-1.049990,1.050025,-1.050024,-0.800003,-0.000007
cmd,2.520000,182.359000,0.549903,-1.049990,1.050025,-1.050024,-0.800003,-0.000007
cmd,2.530000,182.369000,0.549780,-1.049990,1.050025,-1.050024,-0.800003,-0.000007
cmd,2.540000,182.379000,0.549607,-1.049990,1.050025,-1.050024,-0.800003,-0.000007
cmd,2.550000,182.389000,0.549386,-1.049990,1.050025,-1.050024,-0.800003,-0.000007
cmd,2.560000,182.399000,0.549116,-1.049990,1.050025,-1.050024,-0.800003,-0.000007
cmd,2.570000,182.409000,0.548797,-1.049990,1.050025,-1.050024,-0.800003,-0.000007
cmd,2.580000,182.419000,0.548431,-1.049990,1.050025,-1.050024,-0.800003,-0.000007
cmd,2.590000,182.429000,0.548016,-1.049990,1.050025,-1.050024,-0.800003,-0.000007
cmd,2.600000,182.439000,0.547554,-1.049990,1.050025,-1.050024,-0.800003,-0.000007
cmd,2.610000,182.449000,0.547046,-1.049990,1.050025,-1.050024,-0.800003,-0.000007
cmd,2.620000,182.459000,0.546490,-1.049990,1.050025,-1.050024,-0.800003,-0.000007
cmd,2.630000,182.469000,0.545889,-1.049990,1.050025,-1.050024,-0.800003,-0.000007
cmd,2.640000,182.479000,0.545243,-1.049990,1.050025,-1.050024,-0.800003,-0.000007
cmd,2.650000,182.489000,0.544552,-1.049990,1.050025,-1.050024,-0.800003,-0.000007
cmd,2.660000,182.499000,0.543817,-1.049990,1.050025,-1.050024,-0.800003,-0.000007
cmd,2.670000,182.509000,0.543039,-1.049990,1.050025,-1.050024,-0.800003,-0.000007
cmd,2.680000,182.519000,0.542218,-1.049990,1.050025,-1.050024,-0.800003,-0.000007
cmd,2.690000,182.529000,0.541356,-1.049990,1.050025,-1.050024,-0.800003,-0.000007
cmd,2.700000,182.539000,0.540452,-1.049990,1.050025,-1.050024,-0.800003,-0.000007
cmd,2.710000,182.549000,0.539509,-1.049990,1.050025,-1.050024,-0.800003,-0.000007
cmd,2.720000,182.559000,0.538527,-1.049990,1.050025,-1.050024,-0.800003,-0.000007
cmd,2.730000,182.569000,0.537507,-1.049990,1.050025,-1.050024,-0.800003,-0.000007
cmd,2.740000,182.579000,0.536450,-1.049990,1.050025,-1.050024,-0.800003,-0.000007
cmd,2.750000,182.589000,0.535357,-1.049990,1.050025,-1.050024,-0.800003,-0.000007
cmd,2.760000,182.599000,0.534229,-1.049990,1.050025,-1.050024,-0.800003,-0.000007
cmd,2.770000,182.609000,0.533067,-1.049990,1.050025,-1.050024,-0.800003,-0.000007
cmd,2.780000,182.619000,0.531873,-1.049990,1.050025,-1.050024,-0.800003,-0.000007
cmd,2.790000,182.629000,0.530647,-1.049990,1.050025,-1.050024,-0.800003,-0.000007
cmd,2.800000,182.639000,0.529391,-1.049990,1.050025,-1.050024,-0.800003,-0.000007
cmd,2.810000,182.649000,0.528106,-1.049990,1.050025,-1.050024,-0.800003,-0.000007
cmd,2.820000,182.659000,0.526793,-1.049990,1.050025,-1.050024,-0.800003,-0.000007
cmd,2.830000,182.669000,0.525454,-1.049990,1.050025,-1.050024,-0.800003,-0.000007
cmd,2.840000,182.679000,0.524089,-1.049990,1.050025,-1.050024,-0.800003,-0.000007
cmd,2.850000,182.689000,0.522701,-1.049990,1.050025,-1.050024,-0.800003,-0.000007
cmd,2.860000,182.699000,0.521290,-1.049990,1.050025,-1.050024,-0.800003,-0.000007
cmd,2.870000,182.709000,0.519859,-1.049990,1.050025,-1.050024,-0.800003,-0.000007
cmd,2.880000,182.719000,0.518408,-1.049990,1.050025,-1.050024,-0.800003,-0.000007
cmd,2.890000,182.729000,0.516938,-1.049990,1.050025,-1.050024,-0.800003,-0.000007
cmd,2.900000,182.739000,0.515452,-1.049990,1.050025,-1.050024,-0.800003,-0.000007
cmd,2.910000,182.749000,0.513951,-1.049990,1.050025,-1.050024,-0.800003,-0.000007
cmd,2.920000,182.759000,0.512436,-1.049990,1.050025,-1.050024,-0.800003,-0.000007
cmd,2.930000,182.769000,0.510909,-1.049990,1.050025,-1.050024,-0.800003,-0.000007
cmd,2.940000,182.779000,0.509371,-1.049990,1.050025,-1.050024,-0.800003,-0.000007
cmd,2.950000,182.789000,0.507823,-1.049990,1.050025,-1.050024,-0.800003,-0.000007
cmd,2.960000,182.799000,0.506268,-1.049990,1.050025,-1.050024,-0.800003,-0.000007
cmd,2.970000,182.809000,0.504707,-1.049990,1.050025,-1.050024,-0.800003,-0.000007
cmd,2.980000,182.819000,0.503141,-1.049990,1.050025,-1.050024,-0.800003,-0.000007
cmd,2.990000,182.829000,0.501572,-1.049990,1.050025,-1.050024,-0.800003,-0.000007
cmd,3.000000,182.839000,0.500001,-1.049990,1.050025,-1.050024,-0.800003,-0.000007
cmd,3.010000,182.849000,0.498431,-1.049990,1.050025,-1.050024,-0.800003,-0.000007
cmd,3.020000,182.859000,0.496862,-1.049990,1.050025,-1.050024,-0.800003,-0.000007
cmd,3.030000,182.869000,0.495296,-1.049990,1.050025,-1.050024,-0.800003,-0.000007
cmd,3.040000,182.879000,0.493735,-1.049990,1.050025,-1.050024,-0.800003,-0.000007
cmd,3.050000,182.889000,0.492180,-1.049990,1.050025,-1.050024,-0.800003,-0.000007
cmd,3.060000,182.899000,0.490632,-1.049990,1.050025,-1.050024,-0.800003,-0.000007
cmd,3.070000,182.909000,0.489094,-1.049990,1.050025,-1.050024,-0.800003,-0.000007
cmd,3.080000,182.919000,0.487567,-1.049990,1.050025,-1.050024,-0.800003,-0.000007
cmd,3.090000,182.929000,0.486052,-1.049990,1.050025,-1.050024,-0.800003,-0.000007
cmd,3.100000,182.939000,0.484551,-1.049990,1.050025,-1.050024,-0.800003,-0.000007
cmd,3.110000,182.949000,0.483065,-1.049990,1.050025,-1.050024,-0.800003,-0.000007
cmd,3.120000,182.959000,0.481595,-1.049990,1.050025,-1.050024,-0.800003,-0.000007
cmd,3.130000,182.969000,0.480144,-1.049990,1.050025,-1.050024,-0.800003,-0.000007
cmd,3.140000,182.979000,0.478713,-1.049990,1.050025,-1.050024,-0.800003,-0.000007
cmd,3.150000,182.989000,0.477302,-1.049990,1.050025,-1.050024,-0.800003,-0.000007
cmd,3.160000,182.999000,0.475914,-1.049990,1.050025,-1.050024,-0.800003,-0.000007
cmd,3.170000,183.009000,0.474549,-1.049990,1.050025,-1.050024,-0.800003,-0.000007
cmd,3.180000,183.019000,0.473210,-1.049990,1.050025,-1.050024,-0.800003,-0.000007
cmd,3.190000,183.029000,0.471897,-1.049990,1.050025,-1.050024,-0.800003,-0.000007
cmd,3.200000,183.039000,0.470612,-1.049990,1.050025,-1.050024,-0.800003,-0.000007
cmd,3.210000,183.049000,0.469356,-1.049990,1.050025,-1.050024,-0.800003,-0.000007
cmd,3.220000,183.059000,0.468130,-1.049990,1.050025,-1.050024,-0.800003,-0.000007
cmd,3.230000,183.069000,0.466936,-1.049990,1.050025,-1.050024,-0.800003,-0.000007
cmd,3.240000,183.079000,0.465774,-1.049990,1.050025,-1.050024,-0.800003,-0.000007
cmd,3.250000,183.089000,0.464646,-1.049990,1.050025,-1.050024,-0.800003,-0.000007
cmd,3.260000,183.099000,0.463553,-1.049990,1.050025,-1.050024,-0.800003,-0.000007
cmd,3.270000,183.109000,0.462496,-1.049990,1.050025,-1.050024,-0.800003,-0.000007
cmd,3.280000,183.119000,0.461476,-1.049990,1.050025,-1.050024,-0.800003,-0.000007
cmd,3.290000,183.129000,0.460494,-1.049990,1.050025,-1.050024,-0.800003,-0.000007
cmd,3.300000,183.139000,0.459551,-1.049990,1.050025,-1.050024,-0.800003,-0.000007
cmd,3.310000,183.149000,0.458647,-1.049990,1.050025,-1.050024,-0.800003,-0.000007
cmd,3.320000,183.159000,0.457785,-1.049990,1.050025,-1.050024,-0.800003,-0.000007
cmd,3.330000,183.169000,0.456964,-1.049990,1.050025,-1.050024,-0.800003,-0.000007
cmd,3.340000,183.179000,0.456186,-1.049990,1.050025,-1.050024,-0.800003,-0.000007
cmd,3.350000,183.189000,0.455451,-1.049990,1.050025,-1.050024,-0.800003,-0.000007
cmd,3.360000,183.199000,0.454760,-1.049990,1.050025,-1.050024,-0.800003,-0.000007
cmd,3.370000,183.209000,0.454114,-1.049990,1.050025,-1.050024,-0.800003,-0.000007
cmd,3.380000,183.219000,0.453513,-1.049990,1.050025,-1.050024,-0.800003,-0.000007
cmd,3.390000,183.229000,0.452957,-1.049990,1.050025,-1.050024,-0.800003,-0.000007
cmd,3.400000,183.239000,0.452449,-1.049990,1.050025,-1.050024,-0.800003,-0.000007
cmd,3.410000,183.249000,0.451987,-1.049990,1.050025,-1.050024,-0.800003,-0.000007
cmd,3.420000,183.259000,0.451572,-1.049990,1.050025,-1.050024,-0.800003,-0.000007
cmd,3.430000,183.269000,0.451206,-1.049990,1.050025,-1.050024,-0.800003,-0.000007
cmd,3.440000,183.279000,0.450887,-1.049990,1.050025,-1.050024,-0.800003,-0.000007
cmd,3.450000,183.289000,0.450617,-1.049990,1.050025,-1.050024,-0.800003,-0.000007
cmd,3.460000,183.299000,0.450396,-1.049990,1.050025,-1.050024,-0.800003,-0.000007
cmd,3.470000,183.309000,0.450223,-1.049990,1.050025,-1.050024,-0.800003,-0.000007
cmd,3.480000,183.319000,0.450100,-1.049990,1.050025,-1.050024,-0.800003,-0.000007
cmd,3.490000,183.329000,0.450026,-1.049990,1.050025,-1.050024,-0.800003,-0.000007
cmd,3.500000,183.339000,0.450001,-1.049990,1.050025,-1.050024,-0.800003,-0.000007
cmd,3.510000,183.349000,0.450026,-1.049990,1.050025,-1.050024,-0.800003,-0.000007
cmd,3.520000,183.359000,0.450100,-1.049990,1.050025,-1.050024,-0.800003,-0.000007
cmd,3.530000,183.369000,0.450223,-1.049990,1.050025,-1.050024,-0.800003,-0.000007
cmd,3.540000,183.379000,0.450396,-1.049990,1.050025,-1.050024,-0.800003,-0.000007
cmd,3.550000,183.389000,0.450617,-1.049990,1.050025,-1.050024,-0.800003,-0.000007
cmd,3.560000,183.399000,0.450887,-1.049990,1.050025,-1.050024,-0.800003,-0.000007
cmd,3.570000,183.409000,0.451206,-1.049990,1.050025,-1.050024,-0.800003,-0.000007
cmd,3.580000,183.419000,0.451572,-1.049990,1.050025,-1.050024,-0.800003,-0.000007
cmd,3.590000,183.429000,0.451987,-1.049990,1.050025,-1.050024,-0.800003,-0.000007
cmd,3.600000,183.439000,0.452449,-1.049990,1.050025,-1.050024,-0.800003,-0.000007
cmd,3.610000,183.449000,0.452957,-1.049990,1.050025,-1.050024,-0.800003,-0.000007
cmd,3.620000,183.459000,0.453513,-1.049990,1.050025,-1.050024,-0.800003,-0.000007
cmd,3.630000,183.469000,0.454114,-1.049990,1.050025,-1.050024,-0.800003,-0.000007
cmd,3.640000,183.479000,0.454760,-1.049990,1.050025,-1.050024,-0.800003,-0.000007
cmd,3.650000,183.489000,0.455451,-1.049990,1.050025,-1.050024,-0.800003,-0.000007
cmd,3.660000,183.499000,0.456186,-1.049990,1.050025,-1.050024,-0.800003,-0.000007
cmd,3.670000,183.509000,0.456964,-1.049990,1.050025,-1.050024,-0.800003,-0.000007
cmd,3.680000,183.519000,0.457785,-1.049990,1.050025,-1.050024,-0.800003,-0.000007
cmd,3.690000,183.529000,0.458647,-1.049990,1.050025,-1.050024,-0.800003,-0.000007
cmd,3.700000,183.539000,0.459551,-1.049990,1.050025,-1.050024,-0.800003,-0.000007
cmd,3.710000,183.549000,0.460494,-1.049990,1.050025,-1.050024,-0.800003,-0.000007
cmd,3.720000,183.559000,0.461476,-1.049990,1.050025,-1.050024,-0.800003,-0.000007
cmd,3.730000,183.569000,0.462496,-1.049990,1.050025,-1.050024,-0.800003,-0.000007
cmd,3.740000,183.579000,0.463553,-1.049990,1.050025,-1.050024,-0.800003,-0.000007
cmd,3.750000,183.589000,0.464646,-1.049990,1.050025,-1.050024,-0.800003,-0.000007
cmd,3.760000,183.599000,0.465774,-1.049990,1.050025,-1.050024,-0.800003,-0.000007
cmd,3.770000,183.609000,0.466936,-1.049990,1.050025,-1.050024,-0.800003,-0.000007
cmd,3.780000,183.619000,0.468130,-1.049990,1.050025,-1.050024,-0.800003,-0.000007
cmd,3.790000,183.629000,0.469356,-1.049990,1.050025,-1.050024,-0.800003,-0.000007
cmd,3.800000,183.639000,0.470612,-1.049990,1.050025,-1.050024,-0.800003,-0.000007
cmd,3.810000,183.649000,0.471897,-1.049990,1.050025,-1.050024,-0.800003,-0.000007
cmd,3.820000,183.659000,0.473210,-1.049990,1.050025,-1.050024,-0.800003,-0.000007
cmd,3.830000,183.669000,0.474549,-1.049990,1.050025,-1.050024,-0.800003,-0.000007
cmd,3.840000,183.679000,0.475914,-1.049990,1.050025,-1.050024,-0.800003,-0.000007
cmd,3.850000,183.689000,0.477302,-1.049990,1.050025,-1.050024,-0.800003,-0.000007
cmd,3.860000,183.699000,0.478713,-1.049990,1.050025,-1.050024,-0.800003,-0.000007
cmd,3.870000,183.709000,0.480144,-1.049990,1.050025,-1.050024,-0.800003,-0.000007
cmd,3.880000,183.719000,0.481595,-1.049990,1.050025,-1.050024,-0.800003,-0.000007
cmd,3.890000,183.729000,0.483065,-1.049990,1.050025,-1.050024,-0.800003,-0.000007
cmd,3.900000,183.739000,0.484551,-1.049990,1.050025,-1.050024,-0.800003,-0.000007
cmd,3.910000,183.749000,0.486052,-1.049990,1.050025,-1.050024,-0.800003,-0.000007
cmd,3.920000,183.759000,0.487567,-1.049990,1.050025,-1.050024,-0.800003,-0.000007
cmd,3.930000,183.769000,0.489094,-1.049990,1.050025,-1.050024,-0.800003,-0.000007
cmd,3.940000,183.779000,0.490632,-1.049990,1.050025,-1.050024,-0.800003,-0.000007
cmd,3.950000,183.789000,0.492180,-1.049990,1.050025,-1.050024,-0.800003,-0.000007
cmd,3.960000,183.799000,0.493735,-1.049990,1.050025,-1.050024,-0.800003,-0.000007
cmd,3.970000,183.809000,0.495296,-1.049990,1.050025,-1.050024,-0.800003,-0.000007
cmd,3.980000,183.819000,0.496862,-1.049990,1.050025,-1.050024,-0.800003,-0.000007
cmd,3.990000,183.829000,0.498431,-1.049990,1.050025,-1.050024,-0.800003,-0.000007
cmd,4.000000,183.839000,0.500001,-1.049990,1.050025,-1.050024,-0.800003,-0.000007
cmd,4.010000,183.849000,0.501572,-1.049990,1.050025,-1.050024,-0.800003,-0.000007
cmd,4.020000,183.859000,0.503141,-1.049990,1.050025,-1.050024,-0.800003,-0.000007
cmd,4.030000,183.869000,0.504707,-1.049990,1.050025,-1.050024,-0.800003,-0.000007
cmd,4.040000,183.879000,0.506268,-1.049990,1.050025,-1.050024,-0.800003,-0.000007
cmd,4.050000,183.889000,0.507823,-1.049990,1.050025,-1.050024,-0.800003,-0.000007
cmd,4.060000,183.899000,0.509371,-1.049990,1.050025,-1.050024,-0.800003,-0.000007
cmd,4.070000,183.909000,0.510909,-1.049990,1.050025,-1.050024,-0.800003,-0.000007
cmd,4.080000,183.919000,0.512436,-1.049990,1.050025,-1.050024,-0.800003,-0.000007
cmd,4.090000,183.929000,0.513951,-1.049990,1.050025,-1.050024,-0.800003,-0.000007
cmd,4.100000,183.939000,0.515452,-1.049990,1.050025,-1.050024,-0.800003,-0.000007
cmd,4.110000,183.949000,0.516938,-1.049990,1.050025,-1.050024,-0.800003,-0.000007
cmd,4.120000,183.959000,0.518408,-1.049990,1.050025,-1.050024,-0.800003,-0.000007
cmd,4.130000,183.969000,0.519859,-1.049990,1.050025,-1.050024,-0.800003,-0.000007
cmd,4.140000,183.979000,0.521290,-1.049990,1.050025,-1.050024,-0.800003,-0.000007
cmd,4.150000,183.989000,0.522701,-1.049990,1.050025,-1.050024,-0.800003,-0.000007
cmd,4.160000,183.999000,0.524089,-1.049990,1.050025,-1.050024,-0.800003,-0.000007
cmd,4.170000,184.009000,0.525454,-1.049990,1.050025,-1.050024,-0.800003,-0.000007
cmd,4.180000,184.019000,0.526793,-1.049990,1.050025,-1.050024,-0.800003,-0.000007
cmd,4.190000,184.029000,0.528106,-1.049990,1.050025,-1.050024,-0.800003,-0.000007
cmd,4.200000,184.039000,0.529391,-1.049990,1.050025,-1.050024,-0.800003,-0.000007
cmd,4.210000,184.049000,0.530647,-1.049990,1.050025,-1.050024,-0.800003,-0.000007
cmd,4.220000,184.059000,0.531873,-1.049990,1.050025,-1.050024,-0.800003,-0.000007
cmd,4.230000,184.069000,0.533067,-1.049990,1.050025,-1.050024,-0.800003,-0.000007
cmd,4.240000,184.079000,0.534229,-1.049990,1.050025,-1.050024,-0.800003,-0.000007
cmd,4.250000,184.089000,0.535357,-1.049990,1.050025,-1.050024,-0.800003,-0.000007
cmd,4.260000,184.099000,0.536450,-1.049990,1.050025,-1.050024,-0.800003,-0.000007
cmd,4.270000,184.109000,0.537507,-1.049990,1.050025,-1.050024,-0.800003,-0.000007
cmd,4.280000,184.119000,0.538527,-1.049990,1.050025,-1.050024,-0.800003,-0.000007
cmd,4.290000,184.129000,0.539509,-1.049990,1.050025,-1.050024,-0.800003,-0.000007
cmd,4.300000,184.139000,0.540452,-1.049990,1.050025,-1.050024,-0.800003,-0.000007
cmd,4.310000,184.149000,0.541356,-1.049990,1.050025,-1.050024,-0.800003,-0.000007
cmd,4.320000,184.159000,0.542218,-1.049990,1.050025,-1.050024,-0.800003,-0.000007
cmd,4.330000,184.169000,0.543039,-1.049990,1.050025,-1.050024,-0.800003,-0.000007
cmd,4.340000,184.179000,0.543817,-1.049990,1.050025,-1.050024,-0.800003,-0.000007
cmd,4.350000,184.189000,0.544552,-1.049990,1.050025,-1.050024,-0.800003,-0.000007
cmd,4.360000,184.199000,0.545243,-1.049990,1.050025,-1.050024,-0.800003,-0.000007
cmd,4.370000,184.209000,0.545889,-1.049990,1.050025,-1.050024,-0.800003,-0.000007
cmd,4.380000,184.219000,0.546490,-1.049990,1.050025,-1.050024,-0.800003,-0.000007
cmd,4.390000,184.229000,0.547046,-1.049990,1.050025,-1.050024,-0.800003,-0.000007
cmd,4.400000,184.239000,0.547554,-1.049990,1.050025,-1.050024,-0.800003,-0.000007
cmd,4.410000,184.249000,0.548016,-1.049990,1.050025,-1.050024,-0.800003,-0.000007
cmd,4.420000,184.259000,0.548431,-1.049990,1.050025,-1.050024,-0.800003,-0.000007
cmd,4.430000,184.269000,0.548797,-1.049990,1.050025,-1.050024,-0.800003,-0.000007
cmd,4.440000,184.279000,0.549116,-1.049990,1.050025,-1.050024,-0.800003,-0.000007
cmd,4.450000,184.289000,0.549386,-1.049990,1.050025,-1.050024,-0.800003,-0.000007
cmd,4.460000,184.299000,0.549607,-1.049990,1.050025,-1.050024,-0.800003,-0.000007
cmd,4.470000,184.309000,0.549780,-1.049990,1.050025,-1.050024,-0.800003,-0.000007
cmd,4.480000,184.319000,0.549903,-1.049990,1.050025,-1.050024,-0.800003,-0.000007
cmd,4.490000,184.329000,0.549977,-1.049990,1.050025,-1.050024,-0.800003,-0.000007
cmd,4.500000,184.339000,0.550001,-1.049990,1.050025,-1.050024,-0.800003,-0.000007
cmd,4.510000,184.349000,0.549977,-1.049990,1.050025,-1.050024,-0.800003,-0.000007
cmd,4.520000,184.359000,0.549903,-1.049990,1.050025,-1.050024,-0.800003,-0.000007
cmd,4.530000,184.369000,0.549780,-1.049990,1.050025,-1.050024,-0.800003,-0.000007
cmd,4.540000,184.379000,0.549607,-1.049990,1.050025,-1.050024,-0.800003,-0.000007
cmd,4.550000,184.389000,0.549386,-1.049990,1.050025,-1.050024,-0.800003,-0.000007
cmd,4.560000,184.399000,0.549116,-1.049990,1.050025,-1.050024,-0.800003,-0.000007
cmd,4.570000,184.409000,0.548797,-1.049990,1.050025,-1.050024,-0.800003,-0.000007
cmd,4.580000,184.419000,0.548431,-1.049990,1.050025,-1.050024,-0.800003,-0.000007
cmd,4.590000,184.429000,0.548016,-1.049990,1.050025,-1.050024,-0.800003,-0.000007
cmd,4.600000,184.439000,0.547554,-1.049990,1.050025,-1.050024,-0.800003,-0.000007
cmd,4.610000,184.449000,0.547046,-1.049990,1.050025,-1.050024,-0.800003,-0.000007
cmd,4.620000,184.459000,0.546490,-1.049990,1.050025,-1.050024,-0.800003,-0.000007
cmd,4.630000,184.469000,0.545889,-1.049990,1.050025,-1.050024,-0.800003,-0.000007
cmd,4.640000,184.479000,0.545243,-1.049990,1.050025,-1.050024,-0.800003,-0.000007
cmd,4.650000,184.489000,0.544552,-1.049990,1.050025,-1.050024,-0.800003,-0.000007
cmd,4.660000,184.499000,0.543817,-1.049990,1.050025,-1.050024,-0.800003,-0.000007
cmd,4.670000,184.509000,0.543039,-1.049990,1.050025,-1.050024,-0.800003,-0.000007
cmd,4.680000,184.519000,0.542218,-1.049990,1.050025,-1.050024,-0.800003,-0.000007
cmd,4.690000,184.529000,0.541356,-1.049990,1.050025,-1.050024,-0.800003,-0.000007
cmd,4.700000,184.539000,0.540452,-1.049990,1.050025,-1.050024,-0.800003,-0.000007
cmd,4.710000,184.549000,0.539509,-1.049990,1.050025,-1.050024,-0.800003,-0.000007
cmd,4.720000,184.559000,0.538527,-1.049990,1.050025,-1.050024,-0.800003,-0.000007
cmd,4.730000,184.569000,0.537507,-1.049990,1.050025,-1.050024,-0.800003,-0.000007
cmd,4.740000,184.579000,0.536450,-1.049990,1.050025,-1.050024,-0.800003,-0.000007
cmd,4.750000,184.589000,0.535357,-1.049990,1.050025,-1.050024,-0.800003,-0.000007
cmd,4.760000,184.599000,0.534229,-1.049990,1.050025,-1.050024,-0.800003,-0.000007
cmd,4.770000,184.609000,0.533067,-1.049990,1.050025,-1.050024,-0.800003,-0.000007
cmd,4.780000,184.619000,0.531873,-1.049990,1.050025,-1.050024,-0.800003,-0.000007
cmd,4.790000,184.629000,0.530647,-1.049990,1.050025,-1.050024,-0.800003,-0.000007
cmd,4.800000,184.639000,0.529391,-1.049990,1.050025,-1.050024,-0.800003,-0.000007
cmd,4.810000,184.649000,0.528106,-1.049990,1.050025,-1.050024,-0.800003,-0.000007
cmd,4.820000,184.659000,0.526793,-1.049990,1.050025,-1.050024,-0.800003,-0.000007
cmd,4.830000,184.669000,0.525454,-1.049990,1.050025,-1.050024,-0.800003,-0.000007
cmd,4.840000,184.679000,0.524089,-1.049990,1.050025,-1.050024,-0.800003,-0.000007
cmd,4.850000,184.689000,0.522701,-1.049990,1.050025,-1.050024,-0.800003,-0.000007
cmd,4.860000,184.699000,0.521290,-1.049990,1.050025,-1.050024,-0.800003,-0.000007
cmd,4.870000,184.709000,0.519859,-1.049990,1.050025,-1.050024,-0.800003,-0.000007
cmd,4.880000,184.719000,0.518408,-1.049990,1.050025,-1.050024,-0.800003,-0.000007
cmd,4.890000,184.729000,0.516938,-1.049990,1.050025,-1.050024,-0.800003,-0.000007
cmd,4.900000,184.739000,0.515452,-1.049990,1.050025,-1.050024,-0.800003,-0.000007
cmd,4.910000,184.749000,0.513951,-1.049990,1.050025,-1.050024,-0.800003,-0.000007
cmd,4.920000,184.759000,0.512436,-1.049990,1.050025,-1.050024,-0.800003,-0.000007
cmd,4.930000,184.769000,0.510909,-1.049990,1.050025,-1.050024,-0.800003,-0.000007
cmd,4.940000,184.779000,0.509371,-1.049990,1.050025,-1.050024,-0.800003,-0.000007
cmd,4.950000,184.789000,0.507823,-1.049990,1.050025,-1.050024,-0.800003,-0.000007
cmd,4.960000,184.799000,0.506268,-1.049990,1.050025,-1.050024,-0.800003,-0.000007
cmd,4.970000,184.809000,0.504707,-1.049990,1.050025,-1.050024,-0.800003,-0.000007
cmd,4.980000,184.819000,0.503141,-1.049990,1.050025,-1.050024,-0.800003,-0.000007
cmd,4.990000,184.829000,0.501572,-1.049990,1.050025,-1.050024,-0.800003,-0.000007
cmd,5.000000,184.839000,0.500001,-1.049990,1.050025,-1.050024,-0.800003,-0.000007
cmd,5.010000,184.849000,0.498431,-1.049990,1.050025,-1.050024,-0.800003,-0.000007
cmd,5.020000,184.859000,0.496862,-1.049990,1.050025,-1.050024,-0.800003,-0.000007
cmd,5.030000,184.869000,0.495296,-1.049990,1.050025,-1.050024,-0.800003,-0.000007
cmd,5.040000,184.879000,0.493735,-1.049990,1.050025,-1.050024,-0.800003,-0.000007
cmd,5.050000,184.889000,0.492180,-1.049990,1.050025,-1.050024,-0.800003,-0.000007
cmd,5.060000,184.899000,0.490632,-1.049990,1.050025,-1.050024,-0.800003,-0.000007
cmd,5.070000,184.909000,0.489094,-1.049990,1.050025,-1.050024,-0.800003,-0.000007
cmd,5.080000,184.919000,0.487567,-1.049990,1.050025,-1.050024,-0.800003,-0.000007
cmd,5.090000,184.929000,0.486052,-1.049990,1.050025,-1.050024,-0.800003,-0.000007
cmd,5.100000,184.939000,0.484551,-1.049990,1.050025,-1.050024,-0.800003,-0.000007
cmd,5.110000,184.949000,0.483065,-1.049990,1.050025,-1.050024,-0.800003,-0.000007
cmd,5.120000,184.959000,0.481595,-1.049990,1.050025,-1.050024,-0.800003,-0.000007
cmd,5.130000,184.969000,0.480144,-1.049990,1.050025,-1.050024,-0.800003,-0.000007
cmd,5.140000,184.979000,0.478713,-1.049990,1.050025,-1.050024,-0.800003,-0.000007
cmd,5.150000,184.989000,0.477302,-1.049990,1.050025,-1.050024,-0.800003,-0.000007
cmd,5.160000,184.999000,0.475914,-1.049990,1.050025,-1.050024,-0.800003,-0.000007
cmd,5.170000,185.009000,0.474549,-1.049990,1.050025,-1.050024,-0.800003,-0.000007
cmd,5.180000,185.019000,0.473210,-1.049990,1.050025,-1.050024,-0.800003,-0.000007
cmd,5.190000,185.029000,0.471897,-1.049990,1.050025,-1.050024,-0.800003,-0.000007
cmd,5.200000,185.039000,0.470612,-1.049990,1.050025,-1.050024,-0.800003,-0.000007
cmd,5.210000,185.049000,0.469356,-1.049990,1.050025,-1.050024,-0.800003,-0.000007
cmd,5.220000,185.059000,0.468130,-1.049990,1.050025,-1.050024,-0.800003,-0.000007
cmd,5.230000,185.069000,0.466936,-1.049990,1.050025,-1.050024,-0.800003,-0.000007
cmd,5.240000,185.079000,0.465774,-1.049990,1.050025,-1.050024,-0.800003,-0.000007
cmd,5.250000,185.089000,0.464646,-1.049990,1.050025,-1.050024,-0.800003,-0.000007
cmd,5.260000,185.099000,0.463553,-1.049990,1.050025,-1.050024,-0.800003,-0.000007
cmd,5.270000,185.109000,0.462496,-1.049990,1.050025,-1.050024,-0.800003,-0.000007
cmd,5.280000,185.119000,0.461476,-1.049990,1.050025,-1.050024,-0.800003,-0.000007
cmd,5.290000,185.129000,0.460494,-1.049990,1.050025,-1.050024,-0.800003,-0.000007
cmd,5.300000,185.139000,0.459551,-1.049990,1.050025,-1.050024,-0.800003,-0.000007
cmd,5.310000,185.149000,0.458647,-1.049990,1.050025,-1.050024,-0.800003,-0.000007
cmd,5.320000,185.159000,0.457785,-1.049990,1.050025,-1.050024,-0.800003,-0.000007
cmd,5.330000,185.169000,0.456964,-1.049990,1.050025,-1.050024,-0.800003,-0.000007
cmd,5.340000,185.179000,0.456186,-1.049990,1.050025,-1.050024,-0.800003,-0.000007
cmd,5.350000,185.189000,0.455451,-1.049990,1.050025,-1.050024,-0.800003,-0.000007
cmd,5.360000,185.199000,0.454760,-1.049990,1.050025,-1.050024,-0.800003,-0.000007
cmd,5.370000,185.209000,0.454114,-1.049990,1.050025,-1.050024,-0.800003,-0.000007
cmd,5.380000,185.219000,0.453513,-1.049990,1.050025,-1.050024,-0.800003,-0.000007
cmd,5.390000,185.229000,0.452957,-1.049990,1.050025,-1.050024,-0.800003,-0.000007
cmd,5.400000,185.239000,0.452449,-1.049990,1.050025,-1.050024,-0.800003,-0.000007
cmd,5.410000,185.249000,0.451987,-1.049990,1.050025,-1.050024,-0.800003,-0.000007
cmd,5.420000,185.259000,0.451572,-1.049990,1.050025,-1.050024,-0.800003,-0.000007
cmd,5.430000,185.269000,0.451206,-1.049990,1.050025,-1.050024,-0.800003,-0.000007
cmd,5.440000,185.279000,0.450887,-1.049990,1.050025,-1.050024,-0.800003,-0.000007
cmd,5.450000,185.289000,0.450617,-1.049990,1.050025,-1.050024,-0.800003,-0.000007
cmd,5.460000,185.299000,0.450396,-1.049990,1.050025,-1.050024,-0.800003,-0.000007
cmd,5.470000,185.309000,0.450223,-1.049990,1.050025,-1.050024,-0.800003,-0.000007
cmd,5.480000,185.319000,0.450100,-1.049990,1.050025,-1.050024,-0.800003,-0.000007
cmd,5.490000,185.329000,0.450026,-1.049990,1.050025,-1.050024,-0.800003,-0.000007
cmd,5.500000,185.339000,0.450001,-1.049990,1.050025,-1.050024,-0.800003,-0.000007
cmd,5.510000,185.349000,0.450026,-1.049990,1.050025,-1.050024,-0.800003,-0.000007
cmd,5.520000,185.359000,0.450100,-1.049990,1.050025,-1.050024,-0.800003,-0.000007
cmd,5.530000,185.369000,0.450223,-1.049990,1.050025,-1.050024,-0.800003,-0.000007
cmd,5.540000,185.379000,0.450396,-1.049990,1.050025,-1.050024,-0.800003,-0.000007
cmd,5.550000,185.389000,0.450617,-1.049990,1.050025,-1.050024,-0.800003,-0.000007
cmd,5.560000,185.399000,0.450887,-1.049990,1.050025,-1.050024,-0.800003,-0.000007
cmd,5.570000,185.409000,0.451206,-1.049990,1.050025,-1.050024,-0.800003,-0.000007
cmd,5.580000,185.419000,0.451572,-1.049990,1.050025,-1.050024,-0.800003,-0.000007
cmd,5.590000,185.429000,0.451987,-1.049990,1.050025,-1.050024,-0.800003,-0.000007
cmd,5.600000,185.439000,0.452449,-1.049990,1.050025,-1.050024,-0.800003,-0.000007
cmd,5.610000,185.449000,0.452957,-1.049990,1.050025,-1.050024,-0.800003,-0.000007
cmd,5.620000,185.459000,0.453513,-1.049990,1.050025,-1.050024,-0.800003,-0.000007
cmd,5.630000,185.469000,0.454114,-1.049990,1.050025,-1.050024,-0.800003,-0.000007
cmd,5.640000,185.479000,0.454760,-1.049990,1.050025,-1.050024,-0.800003,-0.000007
cmd,5.650000,185.489000,0.455451,-1.049990,1.050025,-1.050024,-0.800003,-0.000007
cmd,5.660000,185.499000,0.456186,-1.049990,1.050025,-1.050024,-0.800003,-0.000007
cmd,5.670000,185.509000,0.456964,-1.049990,1.050025,-1.050024,-0.800003,-0.000007
cmd,5.680000,185.519000,0.457785,-1.049990,1.050025,-1.050024,-0.800003,-0.000007
cmd,5.690000,185.529000,0.458647,-1.049990,1.050025,-1.050024,-0.800003,-0.000007
cmd,5.700000,185.539000,0.459551,-1.049990,1.050025,-1.050024,-0.800003,-0.000007
cmd,5.710000,185.549000,0.460494,-1.049990,1.050025,-1.050024,-0.800003,-0.000007
cmd,5.720000,185.559000,0.461476,-1.049990,1.050025,-1.050024,-0.800003,-0.000007
cmd,5.730000,185.569000,0.462496,-1.049990,1.050025,-1.050024,-0.800003,-0.000007
cmd,5.740000,185.579000,0.463553,-1.049990,1.050025,-1.050024,-0.800003,-0.000007
cmd,5.750000,185.589000,0.464646,-1.049990,1.050025,-1.050024,-0.800003,-0.000007
cmd,5.760000,185.599000,0.465774,-1.049990,1.050025,-1.050024,-0.800003,-0.000007
cmd,5.770000,185.609000,0.466936,-1.049990,1.050025,-1.050024,-0.800003,-0.000007
cmd,5.780000,185.619000,0.468130,-1.049990,1.050025,-1.050024,-0.800003,-0.000007
cmd,5.790000,185.629000,0.469356,-1.049990,1.050025,-1.050024,-0.800003,-0.000007
cmd,5.800000,185.639000,0.470612,-1.049990,1.050025,-1.050024,-0.800003,-0.000007
cmd,5.810000,185.649000,0.471897,-1.049990,1.050025,-1.050024,-0.800003,-0.000007
cmd,5.820000,185.659000,0.473210,-1.049990,1.050025,-1.050024,-0.800003,-0.000007
cmd,5.830000,185.669000,0.474549,-1.049990,1.050025,-1.050024,-0.800003,-0.000007
cmd,5.840000,185.679000,0.475914,-1.049990,1.050025,-1.050024,-0.800003,-0.000007
cmd,5.850000,185.689000,0.477302,-1.049990,1.050025,-1.050024,-0.800003,-0.000007
cmd,5.860000,185.699000,0.478713,-1.049990,1.050025,-1.050024,-0.800003,-0.000007
cmd,5.870000,185.709000,0.480144,-1.049990,1.050025,-1.050024,-0.800003,-0.000007
cmd,5.880000,185.719000,0.481595,-1.049990,1.050025,-1.050024,-0.800003,-0.000007
cmd,5.890000,185.729000,0.483065,-1.049990,1.050025,-1.050024,-0.800003,-0.000007
cmd,5.900000,185.739000,0.484551,-1.049990,1.050025,-1.050024,-0.800003,-0.000007
cmd,5.910000,185.749000,0.486052,-1.049990,1.050025,-1.050024,-0.800003,-0.000007
cmd,5.920000,185.759000,0.487567,-1.049990,1.050025,-1.050024,-0.800003,-0.000007
cmd,5.930000,185.769000,0.489094,-1.049990,1.050025,-1.050024,-0.800003,-0.000007
cmd,5.940000,185.779000,0.490632,-1.049990,1.050025,-1.050024,-0.800003,-0.000007
cmd,5.950000,185.789000,0.492180,-1.049990,1.050025,-1.050024,-0.800003,-0.000007
cmd,5.960000,185.799000,0.493735,-1.049990,1.050025,-1.050024,-0.800003,-0.000007
cmd,5.970000,185.809000,0.495296,-1.049990,1.050025,-1.050024,-0.800003,-0.000007
cmd,5.980000,185.819000,0.496862,-1.049990,1.050025,-1.050024,-0.800003,-0.000007
cmd,5.990000,185.829000,0.498431,-1.049990,1.050025,-1.050024,-0.800003,-0.000007
cmd,6.000000,185.839000,0.500001,-1.049990,1.050025,-1.050024,-0.800003,-0.000007
cmd,6.010000,185.849000,0.501572,-1.049990,1.050025,-1.050024,-0.800003,-0.000007
cmd,6.020000,185.859000,0.503141,-1.049990,1.050025,-1.050024,-0.800003,-0.000007
cmd,6.030000,185.869000,0.504707,-1.049990,1.050025,-1.050024,-0.800003,-0.000007
cmd,6.040000,185.879000,0.506268,-1.049990,1.050025,-1.050024,-0.800003,-0.000007
cmd,6.050000,185.889000,0.507823,-1.049990,1.050025,-1.050024,-0.800003,-0.000007
cmd,6.060000,185.899000,0.509371,-1.049990,1.050025,-1.050024,-0.800003,-0.000007
cmd,6.070000,185.909000,0.510909,-1.049990,1.050025,-1.050024,-0.800003,-0.000007
cmd,6.080000,185.919000,0.512436,-1.049990,1.050025,-1.050024,-0.800003,-0.000007
cmd,6.090000,185.929000,0.513951,-1.049990,1.050025,-1.050024,-0.800003,-0.000007
cmd,6.100000,185.939000,0.515452,-1.049990,1.050025,-1.050024,-0.800003,-0.000007
cmd,6.110000,185.949000,0.516938,-1.049990,1.050025,-1.050024,-0.800003,-0.000007
cmd,6.120000,185.959000,0.518408,-1.049990,1.050025,-1.050024,-0.800003,-0.000007
cmd,6.130000,185.969000,0.519859,-1.049990,1.050025,-1.050024,-0.800003,-0.000007
cmd,6.140000,185.979000,0.521290,-1.049990,1.050025,-1.050024,-0.800003,-0.000007
cmd,6.150000,185.989000,0.522701,-1.049990,1.050025,-1.050024,-0.800003,-0.000007
cmd,6.160000,185.999000,0.524089,-1.049990,1.050025,-1.050024,-0.800003,-0.000007
cmd,6.170000,186.009000,0.525454,-1.049990,1.050025,-1.050024,-0.800003,-0.000007
cmd,6.180000,186.019000,0.526793,-1.049990,1.050025,-1.050024,-0.800003,-0.000007
cmd,6.190000,186.029000,0.528106,-1.049990,1.050025,-1.050024,-0.800003,-0.000007
cmd,6.200000,186.039000,0.529391,-1.049990,1.050025,-1.050024,-0.800003,-0.000007
cmd,6.210000,186.049000,0.530647,-1.049990,1.050025,-1.050024,-0.800003,-0.000007
cmd,6.220000,186.059000,0.531873,-1.049990,1.050025,-1.050024,-0.800003,-0.000007
cmd,6.230000,186.069000,0.533067,-1.049990,1.050025,-1.050024,-0.800003,-0.000007
cmd,6.240000,186.079000,0.534229,-1.049990,1.050025,-1.050024,-0.800003,-0.000007
cmd,6.250000,186.089000,0.535357,-1.049990,1.050025,-1.050024,-0.800003,-0.000007
cmd,6.260000,186.099000,0.536450,-1.049990,1.050025,-1.050024,-0.800003,-0.000007
cmd,6.270000,186.109000,0.537507,-1.049990,1.050025,-1.050024,-0.800003,-0.000007
cmd,6.280000,186.119000,0.538527,-1.049990,1.050025,-1.050024,-0.800003,-0.000007
cmd,6.290000,186.129000,0.539509,-1.049990,1.050025,-1.050024,-0.800003,-0.000007
cmd,6.300000,186.139000,0.540452,-1.049990,1.050025,-1.050024,-0.800003,-0.000007
cmd,6.310000,186.149000,0.541356,-1.049990,1.050025,-1.050024,-0.800003,-0.000007
cmd,6.320000,186.159000,0.542218,-1.049990,1.050025,-1.050024,-0.800003,-0.000007
cmd,6.330000,186.169000,0.543039,-1.049990,1.050025,-1.050024,-0.800003,-0.000007
cmd,6.340000,186.179000,0.543817,-1.049990,1.050025,-1.050024,-0.800003,-0.000007
cmd,6.350000,186.189000,0.544552,-1.049990,1.050025,-1.050024,-0.800003,-0.000007
cmd,6.360000,186.199000,0.545243,-1.049990,1.050025,-1.050024,-0.800003,-0.000007
cmd,6.370000,186.209000,0.545889,-1.049990,1.050025,-1.050024,-0.800003,-0.000007
cmd,6.380000,186.219000,0.546490,-1.049990,1.050025,-1.050024,-0.800003,-0.000007
cmd,6.390000,186.229000,0.547046,-1.049990,1.050025,-1.050024,-0.800003,-0.000007
cmd,6.400000,186.239000,0.547554,-1.049990,1.050025,-1.050024,-0.800003,-0.000007
cmd,6.410000,186.249000,0.548016,-1.049990,1.050025,-1.050024,-0.800003,-0.000007
cmd,6.420000,186.259000,0.548431,-1.049990,1.050025,-1.050024,-0.800003,-0.000007
cmd,6.430000,186.269000,0.548797,-1.049990,1.050025,-1.050024,-0.800003,-0.000007
cmd,6.440000,186.279000,0.549116,-1.049990,1.050025,-1.050024,-0.800003,-0.000007
cmd,6.450000,186.289000,0.549386,-1.049990,1.050025,-1.050024,-0.800003,-0.000007
cmd,6.460000,186.299000,0.549607,-1.049990,1.050025,-1.050024,-0.800003,-0.000007
cmd,6.470000,186.309000,0.549780,-1.049990,1.050025,-1.050024,-0.800003,-0.000007
cmd,6.480000,186.319000,0.549903,-1.049990,1.050025,-1.050024,-0.800003,-0.000007
cmd,6.490000,186.329000,0.549977,-1.049990,1.050025,-1.050024,-0.800003,-0.000007
cmd,6.500000,186.339000,0.550001,-1.049990,1.050025,-1.050024,-0.800003,-0.000007
cmd,6.510000,186.349000,0.549977,-1.049990,1.050025,-1.050024,-0.800003,-0.000007
cmd,6.520000,186.359000,0.549903,-1.049990,1.050025,-1.050024,-0.800003,-0.000007
cmd,6.530000,186.369000,0.549780,-1.049990,1.050025,-1.050024,-0.800003,-0.000007
cmd,6.540000,186.379000,0.549607,-1.049990,1.050025,-1.050024,-0.800003,-0.000007
cmd,6.550000,186.389000,0.549386,-1.049990,1.050025,-1.050024,-0.800003,-0.000007
cmd,6.560000,186.399000,0.549116,-1.049990,1.050025,-1.050024,-0.800003,-0.000007
cmd,6.570000,186.409000,0.548797,-1.049990,1.050025,-1.050024,-0.800003,-0.000007
cmd,6.580000,186.419000,0.548431,-1.049990,1.050025,-1.050024,-0.800003,-0.000007
cmd,6.590000,186.429000,0.548016,-1.049990,1.050025,-1.050024,-0.800003,-0.000007
cmd,6.600000,186.439000,0.547554,-1.049990,1.050025,-1.050024,-0.800003,-0.000007
cmd,6.610000,186.449000,0.547046,-1.049990,1.050025,-1.050024,-0.800003,-0.000007
cmd,6.620000,186.459000,0.546490,-1.049990,1.050025,-1.050024,-0.800003,-0.000007
cmd,6.630000,186.469000,0.545889,-1.049990,1.050025,-1.050024,-0.800003,-0.000007
cmd,6.640000,186.479000,0.545243,-1.049990,1.050025,-1.050024,-0.800003,-0.000007
cmd,6.650000,186.489000,0.544552,-1.049990,1.050025,-1.050024,-0.800003,-0.000007
cmd,6.660000,186.499000,0.543817,-1.049990,1.050025,-1.050024,-0.800003,-0.000007
cmd,6.670000,186.509000,0.543039,-1.049990,1.050025,-1.050024,-0.800003,-0.000007
cmd,6.680000,186.519000,0.542218,-1.049990,1.050025,-1.050024,-0.800003,-0.000007
cmd,6.690000,186.529000,0.541356,-1.049990,1.050025,-1.050024,-0.800003,-0.000007
cmd,6.700000,186.539000,0.540452,-1.049990,1.050025,-1.050024,-0.800003,-0.000007
cmd,6.710000,186.549000,0.539509,-1.049990,1.050025,-1.050024,-0.800003,-0.000007
cmd,6.720000,186.559000,0.538527,-1.049990,1.050025,-1.050024,-0.800003,-0.000007
cmd,6.730000,186.569000,0.537507,-1.049990,1.050025,-1.050024,-0.800003,-0.000007
cmd,6.740000,186.579000,0.536450,-1.049990,1.050025,-1.050024,-0.800003,-0.000007
cmd,6.750000,186.589000,0.535357,-1.049990,1.050025,-1.050024,-0.800003,-0.000007
cmd,6.760000,186.599000,0.534229,-1.049990,1.050025,-1.050024,-0.800003,-0.000007
cmd,6.770000,186.609000,0.533067,-1.049990,1.050025,-1.050024,-0.800003,-0.000007
cmd,6.780000,186.619000,0.531873,-1.049990,1.050025,-1.050024,-0.800003,-0.000007
cmd,6.790000,186.629000,0.530647,-1.049990,1.050025,-1.050024,-0.800003,-0.000007
cmd,6.800000,186.639000,0.529391,-1.049990,1.050025,-1.050024,-0.800003,-0.000007
cmd,6.810000,186.649000,0.528106,-1.049990,1.050025,-1.050024,-0.800003,-0.000007
cmd,6.820000,186.659000,0.526793,-1.049990,1.050025,-1.050024,-0.800003,-0.000007
cmd,6.830000,186.669000,0.525454,-1.049990,1.050025,-1.050024,-0.800003,-0.000007
cmd,6.840000,186.679000,0.524089,-1.049990,1.050025,-1.050024,-0.800003,-0.000007
cmd,6.850000,186.689000,0.522701,-1.049990,1.050025,-1.050024,-0.800003,-0.000007
cmd,6.860000,186.699000,0.521290,-1.049990,1.050025,-1.050024,-0.800003,-0.000007
cmd,6.870000,186.709000,0.519859,-1.049990,1.050025,-1.050024,-0.800003,-0.000007
cmd,6.880000,186.719000,0.518408,-1.049990,1.050025,-1.050024,-0.800003,-0.000007
cmd,6.890000,186.729000,0.516938,-1.049990,1.050025,-1.050024,-0.800003,-0.000007
cmd,6.900000,186.739000,0.515452,-1.049990,1.050025,-1.050024,-0.800003,-0.000007
cmd,6.910000,186.749000,0.513951,-1.049990,1.050025,-1.050024,-0.800003,-0.000007
cmd,6.920000,186.759000,0.512436,-1.049990,1.050025,-1.050024,-0.800003,-0.000007
cmd,6.930000,186.769000,0.510909,-1.049990,1.050025,-1.050024,-0.800003,-0.000007
cmd,6.940000,186.779000,0.509371,-1.049990,1.050025,-1.050024,-0.800003,-0.000007
cmd,6.950000,186.789000,0.507823,-1.049990,1.050025,-1.050024,-0.800003,-0.000007
cmd,6.960000,186.799000,0.506268,-1.049990,1.050025,-1.050024,-0.800003,-0.000007
cmd,6.970000,186.809000,0.504707,-1.049990,1.050025,-1.050024,-0.800003,-0.000007
cmd,6.980000,186.819000,0.503141,-1.049990,1.050025,-1.050024,-0.800003,-0.000007
cmd,6.990000,186.829000,0.501572,-1.049990,1.050025,-1.050024,-0.800003,-0.000007
cmd,7.000000,186.839000,0.500001,-1.049990,1.050025,-1.050024,-0.800003,-0.000007
cmd,7.010000,186.849000,0.498431,-1.049990,1.050025,-1.050024,-0.800003,-0.000007
cmd,7.020000,186.859000,0.496862,-1.049990,1.050025,-1.050024,-0.800003,-0.000007
cmd,7.030000,186.869000,0.495296,-1.049990,1.050025,-1.050024,-0.800003,-0.000007
cmd,7.040000,186.879000,0.493735,-1.049990,1.050025,-1.050024,-0.800003,-0.000007
cmd,7.050000,186.889000,0.492180,-1.049990,1.050025,-1.050024,-0.800003,-0.000007
cmd,7.060000,186.899000,0.490632,-1.049990,1.050025,-1.050024,-0.800003,-0.000007
cmd,7.070000,186.909000,0.489094,-1.049990,1.050025,-1.050024,-0.800003,-0.000007
cmd,7.080000,186.919000,0.487567,-1.049990,1.050025,-1.050024,-0.800003,-0.000007
cmd,7.090000,186.929000,0.486052,-1.049990,1.050025,-1.050024,-0.800003,-0.000007
cmd,7.100000,186.939000,0.484551,-1.049990,1.050025,-1.050024,-0.800003,-0.000007
cmd,7.110000,186.949000,0.483065,-1.049990,1.050025,-1.050024,-0.800003,-0.000007
cmd,7.120000,186.959000,0.481595,-1.049990,1.050025,-1.050024,-0.800003,-0.000007
cmd,7.130000,186.969000,0.480144,-1.049990,1.050025,-1.050024,-0.800003,-0.000007
cmd,7.140000,186.979000,0.478713,-1.049990,1.050025,-1.050024,-0.800003,-0.000007
cmd,7.150000,186.989000,0.477302,-1.049990,1.050025,-1.050024,-0.800003,-0.000007
cmd,7.160000,186.999000,0.475914,-1.049990,1.050025,-1.050024,-0.800003,-0.000007
cmd,7.170000,187.009000,0.474549,-1.049990,1.050025,-1.050024,-0.800003,-0.000007
cmd,7.180000,187.019000,0.473210,-1.049990,1.050025,-1.050024,-0.800003,-0.000007
cmd,7.190000,187.029000,0.471897,-1.049990,1.050025,-1.050024,-0.800003,-0.000007
cmd,7.200000,187.039000,0.470612,-1.049990,1.050025,-1.050024,-0.800003,-0.000007
cmd,7.210000,187.049000,0.469356,-1.049990,1.050025,-1.050024,-0.800003,-0.000007
cmd,7.220000,187.059000,0.468130,-1.049990,1.050025,-1.050024,-0.800003,-0.000007
cmd,7.230000,187.069000,0.466936,-1.049990,1.050025,-1.050024,-0.800003,-0.000007
cmd,7.240000,187.079000,0.465774,-1.049990,1.050025,-1.050024,-0.800003,-0.000007
cmd,7.250000,187.089000,0.464646,-1.049990,1.050025,-1.050024,-0.800003,-0.000007
cmd,7.260000,187.099000,0.463553,-1.049990,1.050025,-1.050024,-0.800003,-0.000007
cmd,7.270000,187.109000,0.462496,-1.049990,1.050025,-1.050024,-0.800003,-0.000007
cmd,7.280000,187.119000,0.461476,-1.049990,1.050025,-1.050024,-0.800003,-0.000007
cmd,7.290000,187.129000,0.460494,-1.049990,1.050025,-1.050024,-0.800003,-0.000007
cmd,7.300000,187.139000,0.459551,-1.049990,1.050025,-1.050024,-0.800003,-0.000007
cmd,7.310000,187.149000,0.458647,-1.049990,1.050025,-1.050024,-0.800003,-0.000007
cmd,7.320000,187.159000,0.457785,-1.049990,1.050025,-1.050024,-0.800003,-0.000007
cmd,7.330000,187.169000,0.456964,-1.049990,1.050025,-1.050024,-0.800003,-0.000007
cmd,7.340000,187.179000,0.456186,-1.049990,1.050025,-1.050024,-0.800003,-0.000007
cmd,7.350000,187.189000,0.455451,-1.049990,1.050025,-1.050024,-0.800003,-0.000007
cmd,7.360000,187.199000,0.454760,-1.049990,1.050025,-1.050024,-0.800003,-0.000007
cmd,7.370000,187.209000,0.454114,-1.049990,1.050025,-1.050024,-0.800003,-0.000007
cmd,7.380000,187.219000,0.453513,-1.049990,1.050025,-1.050024,-0.800003,-0.000007
cmd,7.390000,187.229000,0.452957,-1.049990,1.050025,-1.050024,-0.800003,-0.000007
cmd,7.400000,187.239000,0.452449,-1.049990,1.050025,-1.050024,-0.800003,-0.000007
cmd,7.410000,187.249000,0.451987,-1.049990,1.050025,-1.050024,-0.800003,-0.000007
cmd,7.420000,187.259000,0.451572,-1.049990,1.050025,-1.050024,-0.800003,-0.000007
cmd,7.430000,187.269000,0.451206,-1.049990,1.050025,-1.050024,-0.800003,-0.000007
cmd,7.440000,187.279000,0.450887,-1.049990,1.050025,-1.050024,-0.800003,-0.000007
cmd,7.450000,187.289000,0.450617,-1.049990,1.050025,-1.050024,-0.800003,-0.000007
cmd,7.460000,187.299000,0.450396,-1.049990,1.050025,-1.050024,-0.800003,-0.000007
cmd,7.470000,187.309000,0.450223,-1.049990,1.050025,-1.050024,-0.800003,-0.000007
cmd,7.480000,187.319000,0.450100,-1.049990,1.050025,-1.050024,-0.800003,-0.000007
cmd,7.490000,187.329000,0.450026,-1.049990,1.050025,-1.050024,-0.800003,-0.000007
cmd,7.500000,187.339000,0.450001,-1.049990,1.050025,-1.050024,-0.800003,-0.000007
cmd,7.510000,187.349000,0.450026,-1.049990,1.050025,-1.050024,-0.800003,-0.000007
cmd,7.520000,187.359000,0.450100,-1.049990,1.050025,-1.050024,-0.800003,-0.000007
cmd,7.530000,187.369000,0.450223,-1.049990,1.050025,-1.050024,-0.800003,-0.000007
cmd,7.540000,187.379000,0.450396,-1.049990,1.050025,-1.050024,-0.800003,-0.000007
cmd,7.550000,187.389000,0.450617,-1.049990,1.050025,-1.050024,-0.800003,-0.000007
cmd,7.560000,187.399000,0.450887,-1.049990,1.050025,-1.050024,-0.800003,-0.000007
cmd,7.570000,187.409000,0.451206,-1.049990,1.050025,-1.050024,-0.800003,-0.000007
cmd,7.580000,187.419000,0.451572,-1.049990,1.050025,-1.050024,-0.800003,-0.000007
cmd,7.590000,187.429000,0.451987,-1.049990,1.050025,-1.050024,-0.800003,-0.000007
cmd,7.600000,187.439000,0.452449,-1.049990,1.050025,-1.050024,-0.800003,-0.000007
cmd,7.610000,187.449000,0.452957,-1.049990,1.050025,-1.050024,-0.800003,-0.000007
cmd,7.620000,187.459000,0.453513,-1.049990,1.050025,-1.050024,-0.800003,-0.000007
cmd,7.630000,187.469000,0.454114,-1.049990,1.050025,-1.050024,-0.800003,-0.000007
cmd,7.640000,187.479000,0.454760,-1.049990,1.050025,-1.050024,-0.800003,-0.000007
cmd,7.650000,187.489000,0.455451,-1.049990,1.050025,-1.050024,-0.800003,-0.000007
cmd,7.660000,187.499000,0.456186,-1.049990,1.050025,-1.050024,-0.800003,-0.000007
cmd,7.670000,187.509000,0.456964,-1.049990,1.050025,-1.050024,-0.800003,-0.000007
cmd,7.680000,187.519000,0.457785,-1.049990,1.050025,-1.050024,-0.800003,-0.000007
cmd,7.690000,187.529000,0.458647,-1.049990,1.050025,-1.050024,-0.800003,-0.000007
cmd,7.700000,187.539000,0.459551,-1.049990,1.050025,-1.050024,-0.800003,-0.000007
cmd,7.710000,187.549000,0.460494,-1.049990,1.050025,-1.050024,-0.800003,-0.000007
cmd,7.720000,187.559000,0.461476,-1.049990,1.050025,-1.050024,-0.800003,-0.000007
cmd,7.730000,187.569000,0.462496,-1.049990,1.050025,-1.050024,-0.800003,-0.000007
cmd,7.740000,187.579000,0.463553,-1.049990,1.050025,-1.050024,-0.800003,-0.000007
cmd,7.750000,187.589000,0.464646,-1.049990,1.050025,-1.050024,-0.800003,-0.000007
cmd,7.760000,187.599000,0.465774,-1.049990,1.050025,-1.050024,-0.800003,-0.000007
cmd,7.770000,187.609000,0.466936,-1.049990,1.050025,-1.050024,-0.800003,-0.000007
cmd,7.780000,187.619000,0.468130,-1.049990,1.050025,-1.050024,-0.800003,-0.000007
cmd,7.790000,187.629000,0.469356,-1.049990,1.050025,-1.050024,-0.800003,-0.000007
cmd,7.800000,187.639000,0.470612,-1.049990,1.050025,-1.050024,-0.800003,-0.000007
cmd,7.810000,187.649000,0.471897,-1.049990,1.050025,-1.050024,-0.800003,-0.000007
cmd,7.820000,187.659000,0.473210,-1.049990,1.050025,-1.050024,-0.800003,-0.000007
cmd,7.830000,187.669000,0.474549,-1.049990,1.050025,-1.050024,-0.800003,-0.000007
cmd,7.840000,187.679000,0.475914,-1.049990,1.050025,-1.050024,-0.800003,-0.000007
cmd,7.850000,187.689000,0.477302,-1.049990,1.050025,-1.050024,-0.800003,-0.000007
cmd,7.860000,187.699000,0.478713,-1.049990,1.050025,-1.050024,-0.800003,-0.000007
cmd,7.870000,187.709000,0.480144,-1.049990,1.050025,-1.050024,-0.800003,-0.000007
cmd,7.880000,187.719000,0.481595,-1.049990,1.050025,-1.050024,-0.800003,-0.000007
cmd,7.890000,187.729000,0.483065,-1.049990,1.050025,-1.050024,-0.800003,-0.000007
cmd,7.900000,187.739000,0.484551,-1.049990,1.050025,-1.050024,-0.800003,-0.000007
cmd,7.910000,187.749000,0.486052,-1.049990,1.050025,-1.050024,-0.800003,-0.000007
cmd,7.920000,187.759000,0.487567,-1.049990,1.050025,-1.050024,-0.800003,-0.000007
cmd,7.930000,187.769000,0.489094,-1.049990,1.050025,-1.050024,-0.800003,-0.000007
cmd,7.940000,187.779000,0.490632,-1.049990,1.050025,-1.050024,-0.800003,-0.000007
cmd,7.950000,187.789000,0.492180,-1.049990,1.050025,-1.050024,-0.800003,-0.000007
cmd,7.960000,187.799000,0.493735,-1.049990,1.050025,-1.050024,-0.800003,-0.000007
cmd,7.970000,187.809000,0.495296,-1.049990,1.050025,-1.050024,-0.800003,-0.000007
cmd,7.980000,187.819000,0.496862,-1.049990,1.050025,-1.050024,-0.800003,-0.000007
cmd,7.990000,187.829000,0.498431,-1.049990,1.050025,-1.050024,-0.800003,-0.000007
cmd,8.000000,187.839000,0.500001,-1.049990,1.050025,-1.050024,-0.800003,-0.000007
cmd,8.010000,187.849000,0.501572,-1.049990,1.050025,-1.050024,-0.800003,-0.000007
cmd,8.020000,187.859000,0.503141,-1.049990,1.050025,-1.050024,-0.800003,-0.000007
cmd,8.030000,187.869000,0.504707,-1.049990,1.050025,-1.050024,-0.800003,-0.000007
cmd,8.040000,187.879000,0.506268,-1.049990,1.050025,-1.050024,-0.800003,-0.000007
cmd,8.050000,187.889000,0.507823,-1.049990,1.050025,-1.050024,-0.800003,-0.000007
cmd,8.060000,187.899000,0.509371,-1.049990,1.050025,-1.050024,-0.800003,-0.000007
cmd,8.070000,187.909000,0.510909,-1.049990,1.050025,-1.050024,-0.800003,-0.000007
cmd,8.080000,187.919000,0.512436,-1.049990,1.050025,-1.050024,-0.800003,-0.000007
cmd,8.090000,187.929000,0.513951,-1.049990,1.050025,-1.050024,-0.800003,-0.000007
cmd,8.100000,187.939000,0.515452,-1.049990,1.050025,-1.050024,-0.800003,-0.000007
cmd,8.110000,187.949000,0.516938,-1.049990,1.050025,-1.050024,-0.800003,-0.000007
cmd,8.120000,187.959000,0.518408,-1.049990,1.050025,-1.050024,-0.800003,-0.000007
cmd,8.130000,187.969000,0.519859,-1.049990,1.050025,-1.050024,-0.800003,-0.000007
cmd,8.140000,187.979000,0.521290,-1.049990,1.050025,-1.050024,-0.800003,-0.000007
cmd,8.150000,187.989000,0.522701,-1.049990,1.050025,-1.050024,-0.800003,-0.000007
cmd,8.160000,187.999000,0.524089,-1.049990,1.050025,-1.050024,-0.800003,-0.000007
cmd,8.170000,188.009000,0.525454,-1.049990,1.050025,-1.050024,-0.800003,-0.000007
cmd,8.180000,188.019000,0.526793,-1.049990,1.050025,-1.050024,-0.800003,-0.000007
cmd,8.190000,188.029000,0.528106,-1.049990,1.050025,-1.050024,-0.800003,-0.000007
cmd,8.200000,188.039000,0.529391,-1.049990,1.050025,-1.050024,-0.800003,-0.000007
cmd,8.210000,188.049000,0.530647,-1.049990,1.050025,-1.050024,-0.800003,-0.000007
cmd,8.220000,188.059000,0.531873,-1.049990,1.050025,-1.050024,-0.800003,-0.000007
cmd,8.230000,188.069000,0.533067,-1.049990,1.050025,-1.050024,-0.800003,-0.000007
cmd,8.240000,188.079000,0.534229,-1.049990,1.050025,-1.050024,-0.800003,-0.000007
cmd,8.250000,188.089000,0.535357,-1.049990,1.050025,-1.050024,-0.800003,-0.000007
cmd,8.260000,188.099000,0.536450,-1.049990,1.050025,-1.050024,-0.800003,-0.000007
cmd,8.270000,188.109000,0.537507,-1.049990,1.050025,-1.050024,-0.800003,-0.000007
cmd,8.280000,188.119000,0.538527,-1.049990,1.050025,-1.050024,-0.800003,-0.000007
cmd,8.290000,188.129000,0.539509,-1.049990,1.050025,-1.050024,-0.800003,-0.000007
cmd,8.300000,188.139000,0.540452,-1.049990,1.050025,-1.050024,-0.800003,-0.000007
cmd,8.310000,188.149000,0.541356,-1.049990,1.050025,-1.050024,-0.800003,-0.000007
cmd,8.320000,188.159000,0.542218,-1.049990,1.050025,-1.050024,-0.800003,-0.000007
cmd,8.330000,188.169000,0.543039,-1.049990,1.050025,-1.050024,-0.800003,-0.000007
cmd,8.340000,188.179000,0.543817,-1.049990,1.050025,-1.050024,-0.800003,-0.000007
cmd,8.350000,188.189000,0.544552,-1.049990,1.050025,-1.050024,-0.800003,-0.000007
cmd,8.360000,188.199000,0.545243,-1.049990,1.050025,-1.050024,-0.800003,-0.000007
cmd,8.370000,188.209000,0.545889,-1.049990,1.050025,-1.050024,-0.800003,-0.000007
cmd,8.380000,188.219000,0.546490,-1.049990,1.050025,-1.050024,-0.800003,-0.000007
cmd,8.390000,188.229000,0.547046,-1.049990,1.050025,-1.050024,-0.800003,-0.000007
cmd,8.400000,188.239000,0.547554,-1.049990,1.050025,-1.050024,-0.800003,-0.000007
cmd,8.410000,188.249000,0.548016,-1.049990,1.050025,-1.050024,-0.800003,-0.000007
cmd,8.420000,188.259000,0.548431,-1.049990,1.050025,-1.050024,-0.800003,-0.000007
cmd,8.430000,188.269000,0.548797,-1.049990,1.050025,-1.050024,-0.800003,-0.000007
cmd,8.440000,188.279000,0.549116,-1.049990,1.050025,-1.050024,-0.800003,-0.000007
cmd,8.450000,188.289000,0.549386,-1.049990,1.050025,-1.050024,-0.800003,-0.000007
cmd,8.460000,188.299000,0.549607,-1.049990,1.050025,-1.050024,-0.800003,-0.000007
cmd,8.470000,188.309000,0.549780,-1.049990,1.050025,-1.050024,-0.800003,-0.000007
cmd,8.480000,188.319000,0.549903,-1.049990,1.050025,-1.050024,-0.800003,-0.000007
cmd,8.490000,188.329000,0.549977,-1.049990,1.050025,-1.050024,-0.800003,-0.000007
cmd,8.500000,188.339000,0.550001,-1.049990,1.050025,-1.050024,-0.800003,-0.000007
cmd,8.510000,188.349000,0.549977,-1.049990,1.050025,-1.050024,-0.800003,-0.000007
cmd,8.520000,188.359000,0.549903,-1.049990,1.050025,-1.050024,-0.800003,-0.000007
cmd,8.530000,188.369000,0.549780,-1.049990,1.050025,-1.050024,-0.800003,-0.000007
cmd,8.540000,188.379000,0.549607,-1.049990,1.050025,-1.050024,-0.800003,-0.000007
cmd,8.550000,188.389000,0.549386,-1.049990,1.050025,-1.050024,-0.800003,-0.000007
cmd,8.560000,188.399000,0.549116,-1.049990,1.050025,-1.050024,-0.800003,-0.000007
cmd,8.570000,188.409000,0.548797,-1.049990,1.050025,-1.050024,-0.800003,-0.000007
cmd,8.580000,188.419000,0.548431,-1.049990,1.050025,-1.050024,-0.800003,-0.000007
cmd,8.590000,188.429000,0.548016,-1.049990,1.050025,-1.050024,-0.800003,-0.000007
cmd,8.600000,188.439000,0.547554,-1.049990,1.050025,-1.050024,-0.800003,-0.000007
cmd,8.610000,188.449000,0.547046,-1.049990,1.050025,-1.050024,-0.800003,-0.000007
cmd,8.620000,188.459000,0.546490,-1.049990,1.050025,-1.050024,-0.800003,-0.000007
cmd,8.630000,188.469000,0.545889,-1.049990,1.050025,-1.050024,-0.800003,-0.000007
cmd,8.640000,188.479000,0.545243,-1.049990,1.050025,-1.050024,-0.800003,-0.000007
cmd,8.650000,188.489000,0.544552,-1.049990,1.050025,-1.050024,-0.800003,-0.000007
cmd,8.660000,188.499000,0.543817,-1.049990,1.050025,-1.050024,-0.800003,-0.000007
cmd,8.670000,188.509000,0.543039,-1.049990,1.050025,-1.050024,-0.800003,-0.000007
cmd,8.680000,188.519000,0.542218,-1.049990,1.050025,-1.050024,-0.800003,-0.000007
cmd,8.690000,188.529000,0.541356,-1.049990,1.050025,-1.050024,-0.800003,-0.000007
cmd,8.700000,188.539000,0.540452,-1.049990,1.050025,-1.050024,-0.800003,-0.000007
cmd,8.710000,188.549000,0.539509,-1.049990,1.050025,-1.050024,-0.800003,-0.000007
cmd,8.720000,188.559000,0.538527,-1.049990,1.050025,-1.050024,-0.800003,-0.000007
cmd,8.730000,188.569000,0.537507,-1.049990,1.050025,-1.050024,-0.800003,-0.000007
cmd,8.740000,188.579000,0.536450,-1.049990,1.050025,-1.050024,-0.800003,-0.000007
cmd,8.750000,188.589000,0.535357,-1.049990,1.050025,-1.050024,-0.800003,-0.000007
cmd,8.760000,188.599000,0.534229,-1.049990,1.050025,-1.050024,-0.800003,-0.000007
cmd,8.770000,188.609000,0.533067,-1.049990,1.050025,-1.050024,-0.800003,-0.000007
cmd,8.780000,188.619000,0.531873,-1.049990,1.050025,-1.050024,-0.800003,-0.000007
cmd,8.790000,188.629000,0.530647,-1.049990,1.050025,-1.050024,-0.800003,-0.000007
cmd,8.800000,188.639000,0.529391,-1.049990,1.050025,-1.050024,-0.800003,-0.000007
cmd,8.810000,188.649000,0.528106,-1.049990,1.050025,-1.050024,-0.800003,-0.000007
cmd,8.820000,188.659000,0.526793,-1.049990,1.050025,-1.050024,-0.800003,-0.000007
cmd,8.830000,188.669000,0.525454,-1.049990,1.050025,-1.050024,-0.800003,-0.000007
cmd,8.840000,188.679000,0.524089,-1.049990,1.050025,-1.050024,-0.800003,-0.000007
cmd,8.850000,188.689000,0.522701,-1.049990,1.050025,-1.050024,-0.800003,-0.000007
cmd,8.860000,188.699000,0.521290,-1.049990,1.050025,-1.050024,-0.800003,-0.000007
cmd,8.870000,188.709000,0.519859,-1.049990,1.050025,-1.050024,-0.800003,-0.000007
cmd,8.880000,188.719000,0.518408,-1.049990,1.050025,-1.050024,-0.800003,-0.000007
cmd,8.890000,188.729000,0.516938,-1.049990,1.050025,-1.050024,-0.800003,-0.000007
cmd,8.900000,188.739000,0.515452,-1.049990,1.050025,-1.050024,-0.800003,-0.000007
cmd,8.910000,188.749000,0.513951,-1.049990,1.050025,-1.050024,-0.800003,-0.000007
cmd,8.920000,188.759000,0.512436,-1.049990,1.050025,-1.050024,-0.800003,-0.000007
cmd,8.930000,188.769000,0.510909,-1.049990,1.050025,-1.050024,-0.800003,-0.000007
cmd,8.940000,188.779000,0.509371,-1.049990,1.050025,-1.050024,-0.800003,-0.000007
cmd,8.950000,188.789000,0.507823,-1.049990,1.050025,-1.050024,-0.800003,-0.000007
cmd,8.960000,188.799000,0.506268,-1.049990,1.050025,-1.050024,-0.800003,-0.000007
cmd,8.970000,188.809000,0.504707,-1.049990,1.050025,-1.050024,-0.800003,-0.000007
cmd,8.980000,188.819000,0.503141,-1.049990,1.050025,-1.050024,-0.800003,-0.000007
cmd,8.990000,188.829000,0.501572,-1.049990,1.050025,-1.050024,-0.800003,-0.000007
cmd,9.000000,188.839000,0.500001,-1.049990,1.050025,-1.050024,-0.800003,-0.000007
cmd,9.010000,188.849000,0.498431,-1.049990,1.050025,-1.050024,-0.800003,-0.000007
cmd,9.020000,188.859000,0.496862,-1.049990,1.050025,-1.050024,-0.800003,-0.000007
cmd,9.030000,188.869000,0.495296,-1.049990,1.050025,-1.050024,-0.800003,-0.000007
cmd,9.040000,188.879000,0.493735,-1.049990,1.050025,-1.050024,-0.800003,-0.000007
cmd,9.050000,188.889000,0.492180,-1.049990,1.050025,-1.050024,-0.800003,-0.000007
cmd,9.060000,188.899000,0.490632,-1.049990,1.050025,-1.050024,-0.800003,-0.000007
cmd,9.070000,188.909000,0.489094,-1.049990,1.050025,-1.050024,-0.800003,-0.000007
cmd,9.080000,188.919000,0.487567,-1.049990,1.050025,-1.050024,-0.800003,-0.000007
cmd,9.090000,188.929000,0.486052,-1.049990,1.050025,-1.050024,-0.800003,-0.000007
cmd,9.100000,188.939000,0.484551,-1.049990,1.050025,-1.050024,-0.800003,-0.000007
cmd,9.110000,188.949000,0.483065,-1.049990,1.050025,-1.050024,-0.800003,-0.000007
cmd,9.120000,188.959000,0.481595,-1.049990,1.050025,-1.050024,-0.800003,-0.000007
cmd,9.130000,188.969000,0.480144,-1.049990,1.050025,-1.050024,-0.800003,-0.000007
cmd,9.140000,188.979000,0.478713,-1.049990,1.050025,-1.050024,-0.800003,-0.000007
cmd,9.150000,188.989000,0.477302,-1.049990,1.050025,-1.050024,-0.800003,-0.000007
cmd,9.160000,188.999000,0.475914,-1.049990,1.050025,-1.050024,-0.800003,-0.000007
cmd,9.170000,189.009000,0.474549,-1.049990,1.050025,-1.050024,-0.800003,-0.000007
cmd,9.180000,189.019000,0.473210,-1.049990,1.050025,-1.050024,-0.800003,-0.000007
cmd,9.190000,189.029000,0.471897,-1.049990,1.050025,-1.050024,-0.800003,-0.000007
cmd,9.200000,189.039000,0.470612,-1.049990,1.050025,-1.050024,-0.800003,-0.000007
cmd,9.210000,189.049000,0.469356,-1.049990,1.050025,-1.050024,-0.800003,-0.000007
cmd,9.220000,189.059000,0.468130,-1.049990,1.050025,-1.050024,-0.800003,-0.000007
cmd,9.230000,189.069000,0.466936,-1.049990,1.050025,-1.050024,-0.800003,-0.000007
cmd,9.240000,189.079000,0.465774,-1.049990,1.050025,-1.050024,-0.800003,-0.000007
cmd,9.250000,189.089000,0.464646,-1.049990,1.050025,-1.050024,-0.800003,-0.000007
cmd,9.260000,189.099000,0.463553,-1.049990,1.050025,-1.050024,-0.800003,-0.000007
cmd,9.270000,189.109000,0.462496,-1.049990,1.050025,-1.050024,-0.800003,-0.000007
cmd,9.280000,189.119000,0.461476,-1.049990,1.050025,-1.050024,-0.800003,-0.000007
cmd,9.290000,189.129000,0.460494,-1.049990,1.050025,-1.050024,-0.800003,-0.000007
cmd,9.300000,189.139000,0.459551,-1.049990,1.050025,-1.050024,-0.800003,-0.000007
cmd,9.310000,189.149000,0.458647,-1.049990,1.050025,-1.050024,-0.800003,-0.000007
cmd,9.320000,189.159000,0.457785,-1.049990,1.050025,-1.050024,-0.800003,-0.000007
cmd,9.330000,189.169000,0.456964,-1.049990,1.050025,-1.050024,-0.800003,-0.000007
cmd,9.340000,189.179000,0.456186,-1.049990,1.050025,-1.050024,-0.800003,-0.000007
cmd,9.350000,189.189000,0.455451,-1.049990,1.050025,-1.050024,-0.800003,-0.000007
cmd,9.360000,189.199000,0.454760,-1.049990,1.050025,-1.050024,-0.800003,-0.000007
cmd,9.370000,189.209000,0.454114,-1.049990,1.050025,-1.050024,-0.800003,-0.000007
cmd,9.380000,189.219000,0.453513,-1.049990,1.050025,-1.050024,-0.800003,-0.000007
cmd,9.390000,189.229000,0.452957,-1.049990,1.050025,-1.050024,-0.800003,-0.000007
cmd,9.400000,189.239000,0.452449,-1.049990,1.050025,-1.050024,-0.800003,-0.000007
cmd,9.410000,189.249000,0.451987,-1.049990,1.050025,-1.050024,-0.800003,-0.000007
cmd,9.420000,189.259000,0.451572,-1.049990,1.050025,-1.050024,-0.800003,-0.000007
cmd,9.430000,189.269000,0.451206,-1.049990,1.050025,-1.050024,-0.800003,-0.000007
cmd,9.440000,189.279000,0.450887,-1.049990,1.050025,-1.050024,-0.800003,-0.000007
cmd,9.450000,189.289000,0.450617,-1.049990,1.050025,-1.050024,-0.800003,-0.000007
cmd,9.460000,189.299000,0.450396,-1.049990,1.050025,-1.050024,-0.800003,-0.000007
cmd,9.470000,189.309000,0.450223,-1.049990,1.050025,-1.050024,-0.800003,-0.000007
cmd,9.480000,189.319000,0.450100,-1.049990,1.050025,-1.050024,-0.800003,-0.000007
cmd,9.490000,189.329000,0.450026,-1.049990,1.050025,-1.050024,-0.800003,-0.000007
cmd,9.500000,189.339000,0.450001,-1.049990,1.050025,-1.050024,-0.800003,-0.000007
cmd,9.510000,189.349000,0.450026,-1.049990,1.050025,-1.050024,-0.800003,-0.000007
cmd,9.520000,189.359000,0.450100,-1.049990,1.050025,-1.050024,-0.800003,-0.000007
cmd,9.530000,189.369000,0.450223,-1.049990,1.050025,-1.050024,-0.800003,-0.000007
cmd,9.540000,189.379000,0.450396,-1.049990,1.050025,-1.050024,-0.800003,-0.000007
cmd,9.550000,189.389000,0.450617,-1.049990,1.050025,-1.050024,-0.800003,-0.000007
cmd,9.560000,189.399000,0.450887,-1.049990,1.050025,-1.050024,-0.800003,-0.000007
cmd,9.570000,189.409000,0.451206,-1.049990,1.050025,-1.050024,-0.800003,-0.000007
cmd,9.580000,189.419000,0.451572,-1.049990,1.050025,-1.050024,-0.800003,-0.000007
cmd,9.590000,189.429000,0.451987,-1.049990,1.050025,-1.050024,-0.800003,-0.000007
cmd,9.600000,189.439000,0.452449,-1.049990,1.050025,-1.050024,-0.800003,-0.000007
cmd,9.610000,189.449000,0.452957,-1.049990,1.050025,-1.050024,-0.800003,-0.000007
cmd,9.620000,189.459000,0.453513,-1.049990,1.050025,-1.050024,-0.800003,-0.000007
cmd,9.630000,189.469000,0.454114,-1.049990,1.050025,-1.050024,-0.800003,-0.000007
cmd,9.640000,189.479000,0.454760,-1.049990,1.050025,-1.050024,-0.800003,-0.000007
cmd,9.650000,189.489000,0.455451,-1.049990,1.050025,-1.050024,-0.800003,-0.000007
cmd,9.660000,189.499000,0.456186,-1.049990,1.050025,-1.050024,-0.800003,-0.000007
cmd,9.670000,189.509000,0.456964,-1.049990,1.050025,-1.050024,-0.800003,-0.000007
cmd,9.680000,189.519000,0.457785,-1.049990,1.050025,-1.050024,-0.800003,-0.000007
cmd,9.690000,189.529000,0.458647,-1.049990,1.050025,-1.050024,-0.800003,-0.000007
cmd,9.700000,189.539000,0.459551,-1.049990,1.050025,-1.050024,-0.800003,-0.000007
cmd,9.710000,189.549000,0.460494,-1.049990,1.050025,-1.050024,-0.800003,-0.000007
cmd,9.720000,189.559000,0.461476,-1.049990,1.050025,-1.050024,-0.800003,-0.000007
cmd,9.730000,189.569000,0.462496,-1.049990,1.050025,-1.050024,-0.800003,-0.000007
cmd,9.740000,189.579000,0.463553,-1.049990,1.050025,-1.050024,-0.800003,-0.000007
cmd,9.750000,189.589000,0.464646,-1.049990,1.050025,-1.050024,-0.800003,-0.000007
cmd,9.760000,189.599000,0.465774,-1.049990,1.050025,-1.050024,-0.800003,-0.000007
cmd,9.770000,189.609000,0.466936,-1.049990,1.050025,-1.050024,-0.800003,-0.000007
cmd,9.780000,189.619000,0.468130,-1.049990,1.050025,-1.050024,-0.800003,-0.000007
cmd,9.790000,189.629000,0.469356,-1.049990,1.050025,-1.050024,-0.800003,-0.000007
cmd,9.800000,189.639000,0.470612,-1.049990,1.050025,-1.050024,-0.800003,-0.000007
cmd,9.810000,189.649000,0.471897,-1.049990,1.050025,-1.050024,-0.800003,-0.000007
cmd,9.820000,189.659000,0.473210,-1.049990,1.050025,-1.050024,-0.800003,-0.000007
cmd,9.830000,189.669000,0.474549,-1.049990,1.050025,-1.050024,-0.800003,-0.000007
cmd,9.840000,189.679000,0.475914,-1.049990,1.050025,-1.050024,-0.800003,-0.000007
cmd,9.850000,189.689000,0.477302,-1.049990,1.050025,-1.050024,-0.800003,-0.000007
cmd,9.860000,189.699000,0.478713,-1.049990,1.050025,-1.050024,-0.800003,-0.000007
cmd,9.870000,189.709000,0.480144,-1.049990,1.050025,-1.050024,-0.800003,-0.000007
cmd,9.880000,189.719000,0.481595,-1.049990,1.050025,-1.050024,-0.800003,-0.000007
cmd,9.890000,189.729000,0.483065,-1.049990,1.050025,-1.050024,-0.800003,-0.000007
cmd,9.900000,189.739000,0.484551,-1.049990,1.050025,-1.050024,-0.800003,-0.000007
cmd,9.910000,189.749000,0.486052,-1.049990,1.050025,-1.050024,-0.800003,-0.000007
cmd,9.920000,189.759000,0.487567,-1.049990,1.050025,-1.050024,-0.800003,-0.000007
cmd,9.930000,189.769000,0.489094,-1.049990,1.050025,-1.050024,-0.800003,-0.000007
cmd,9.940000,189.779000,0.490632,-1.049990,1.050025,-1.050024,-0.800003,-0.000007
cmd,9.950000,189.789000,0.492180,-1.049990,1.050025,-1.050024,-0.800003,-0.000007
cmd,9.960000,189.799000,0.493735,-1.049990,1.050025,-1.050024,-0.800003,-0.000007
cmd,9.970000,189.809000,0.495296,-1.049990,1.050025,-1.050024,-0.800003,-0.000007
cmd,9.980000,189.819000,0.496862,-1.049990,1.050025,-1.050024,-0.800003,-0.000007
cmd,9.990000,189.829000,0.498431,-1.049990,1.050025,-1.050024,-0.800003,-0.000007
cmd,10.000000,189.839000,0.500001,-1.049990,1.050025,-1.050024,-0.800003,-0.000007
cmd,10.010000,189.849000,0.501572,-1.049990,1.050025,-1.050024,-0.800003,-0.000007
cmd,10.020000,189.859000,0.503141,-1.049990,1.050025,-1.050024,-0.800003,-0.000007
cmd,10.030000,189.869000,0.504707,-1.049990,1.050025,-1.050024,-0.800003,-0.000007
cmd,10.040000,189.879000,0.506268,-1.049990,1.050025,-1.050024,-0.800003,-0.000007
cmd,10.050000,189.889000,0.507823,-1.049990,1.050025,-1.050024,-0.800003,-0.000007
cmd,10.060000,189.899000,0.509371,-1.049990,1.050025,-1.050024,-0.800003,-0.000007
cmd,10.070000,189.909000,0.510909,-1.049990,1.050025,-1.050024,-0.800003,-0.000007
cmd,10.080000,189.919000,0.512436,-1.049990,1.050025,-1.050024,-0.800003,-0.000007
cmd,10.090000,189.929000,0.513951,-1.049990,1.050025,-1.050024,-0.800003,-0.000007
cmd,10.100000,189.939000,0.515452,-1.049990,1.050025,-1.050024,-0.800003,-0.000007
cmd,10.110000,189.949000,0.516938,-1.049990,1.050025,-1.050024,-0.800003,-0.000007
cmd,10.120000,189.959000,0.518408,-1.049990,1.050025,-1.050024,-0.800003,-0.000007
cmd,10.130000,189.969000,0.519859,-1.049990,1.050025,-1.050024,-0.800003,-0.000007
cmd,10.140000,189.979000,0.521290,-1.049990,1.050025,-1.050024,-0.800003,-0.000007
cmd,10.150000,189.989000,0.522701,-1.049990,1.050025,-1.050024,-0.800003,-0.000007
cmd,10.160000,189.999000,0.524089,-1.049990,1.050025,-1.050024,-0.800003,-0.000007
cmd,10.170000,190.009000,0.525454,-1.049990,1.050025,-1.050024,-0.800003,-0.000007
cmd,10.180000,190.019000,0.526793,-1.049990,1.050025,-1.050024,-0.800003,-0.000007
cmd,10.190000,190.029000,0.528106,-1.049990,1.050025,-1.050024,-0.800003,-0.000007
cmd,10.200000,190.039000,0.529391,-1.049990,1.050025,-1.050024,-0.800003,-0.000007
cmd,10.210000,190.049000,0.530647,-1.049990,1.050025,-1.050024,-0.800003,-0.000007
cmd,10.220000,190.059000,0.531873,-1.049990,1.050025,-1.050024,-0.800003,-0.000007
cmd,10.230000,190.069000,0.533067,-1.049990,1.050025,-1.050024,-0.800003,-0.000007
cmd,10.240000,190.079000,0.534229,-1.049990,1.050025,-1.050024,-0.800003,-0.000007
cmd,10.250000,190.089000,0.535357,-1.049990,1.050025,-1.050024,-0.800003,-0.000007
cmd,10.260000,190.099000,0.536450,-1.049990,1.050025,-1.050024,-0.800003,-0.000007
cmd,10.270000,190.109000,0.537507,-1.049990,1.050025,-1.050024,-0.800003,-0.000007
cmd,10.280000,190.119000,0.538527,-1.049990,1.050025,-1.050024,-0.800003,-0.000007
cmd,10.290000,190.129000,0.539509,-1.049990,1.050025,-1.050024,-0.800003,-0.000007
cmd,10.300000,190.139000,0.540452,-1.049990,1.050025,-1.050024,-0.800003,-0.000007
cmd,10.310000,190.149000,0.541356,-1.049990,1.050025,-1.050024,-0.800003,-0.000007
cmd,10.320000,190.159000,0.542218,-1.049990,1.050025,-1.050024,-0.800003,-0.000007
cmd,10.330000,190.169000,0.543039,-1.049990,1.050025,-1.050024,-0.800003,-0.000007
cmd,10.340000,190.179000,0.543817,-1.049990,1.050025,-1.050024,-0.800003,-0.000007
cmd,10.350000,190.189000,0.544552,-1.049990,1.050025,-1.050024,-0.800003,-0.000007
cmd,10.360000,190.199000,0.545243,-1.049990,1.050025,-1.050024,-0.800003,-0.000007
cmd,10.370000,190.209000,0.545889,-1.049990,1.050025,-1.050024,-0.800003,-0.000007
cmd,10.380000,190.219000,0.546490,-1.049990,1.050025,-1.050024,-0.800003,-0.000007
cmd,10.390000,190.229000,0.547046,-1.049990,1.050025,-1.050024,-0.800003,-0.000007
cmd,10.400000,190.239000,0.547554,-1.049990,1.050025,-1.050024,-0.800003,-0.000007
cmd,10.410000,190.249000,0.548016,-1.049990,1.050025,-1.050024,-0.800003,-0.000007
cmd,10.420000,190.259000,0.548431,-1.049990,1.050025,-1.050024,-0.800003,-0.000007
cmd,10.430000,190.269000,0.548797,-1.049990,1.050025,-1.050024,-0.800003,-0.000007
cmd,10.440000,190.279000,0.549116,-1.049990,1.050025,-1.050024,-0.800003,-0.000007
cmd,10.450000,190.289000,0.549386,-1.049990,1.050025,-1.050024,-0.800003,-0.000007
cmd,10.460000,190.299000,0.549607,-1.049990,1.050025,-1.050024,-0.800003,-0.000007
cmd,10.470000,190.309000,0.549780,-1.049990,1.050025,-1.050024,-0.800003,-0.000007
cmd,10.480000,190.319000,0.549903,-1.049990,1.050025,-1.050024,-0.800003,-0.000007
cmd,10.490000,190.329000,0.549977,-1.049990,1.050025,-1.050024,-0.800003,-0.000007
cmd,10.500000,190.339000,0.550001,-1.049990,1.050025,-1.050024,-0.800003,-0.000007
cmd,10.510000,190.349000,0.549977,-1.049990,1.050025,-1.050024,-0.800003,-0.000007
cmd,10.520000,190.359000,0.549903,-1.049990,1.050025,-1.050024,-0.800003,-0.000007
cmd,10.530000,190.369000,0.549780,-1.049990,1.050025,-1.050024,-0.800003,-0.000007
cmd,10.540000,190.379000,0.549607,-1.049990,1.050025,-1.050024,-0.800003,-0.000007
cmd,10.550000,190.389000,0.549386,-1.049990,1.050025,-1.050024,-0.800003,-0.000007
cmd,10.560000,190.399000,0.549116,-1.049990,1.050025,-1.050024,-0.800003,-0.000007
cmd,10.570000,190.409000,0.548797,-1.049990,1.050025,-1.050024,-0.800003,-0.000007
cmd,10.580000,190.419000,0.548431,-1.049990,1.050025,-1.050024,-0.800003,-0.000007
cmd,10.590000,190.429000,0.548016,-1.049990,1.050025,-1.050024,-0.800003,-0.000007
cmd,10.600000,190.439000,0.547554,-1.049990,1.050025,-1.050024,-0.800003,-0.000007
cmd,10.610000,190.449000,0.547046,-1.049990,1.050025,-1.050024,-0.800003,-0.000007
cmd,10.620000,190.459000,0.546490,-1.049990,1.050025,-1.050024,-0.800003,-0.000007
cmd,10.630000,190.469000,0.545889,-1.049990,1.050025,-1.050024,-0.800003,-0.000007
cmd,10.640000,190.479000,0.545243,-1.049990,1.050025,-1.050024,-0.800003,-0.000007
cmd,10.650000,190.489000,0.544552,-1.049990,1.050025,-1.050024,-0.800003,-0.000007
cmd,10.660000,190.499000,0.543817,-1.049990,1.050025,-1.050024,-0.800003,-0.000007
cmd,10.670000,190.509000,0.543039,-1.049990,1.050025,-1.050024,-0.800003,-0.000007
cmd,10.680000,190.519000,0.542218,-1.049990,1.050025,-1.050024,-0.800003,-0.000007
cmd,10.690000,190.529000,0.541356,-1.049990,1.050025,-1.050024,-0.800003,-0.000007
cmd,10.700000,190.539000,0.540452,-1.049990,1.050025,-1.050024,-0.800003,-0.000007
cmd,10.710000,190.549000,0.539509,-1.049990,1.050025,-1.050024,-0.800003,-0.000007
cmd,10.720000,190.559000,0.538527,-1.049990,1.050025,-1.050024,-0.800003,-0.000007
cmd,10.730000,190.569000,0.537507,-1.049990,1.050025,-1.050024,-0.800003,-0.000007
cmd,10.740000,190.579000,0.536450,-1.049990,1.050025,-1.050024,-0.800003,-0.000007
cmd,10.750000,190.589000,0.535357,-1.049990,1.050025,-1.050024,-0.800003,-0.000007
cmd,10.760000,190.599000,0.534229,-1.049990,1.050025,-1.050024,-0.800003,-0.000007
cmd,10.770000,190.609000,0.533067,-1.049990,1.050025,-1.050024,-0.800003,-0.000007
cmd,10.780000,190.619000,0.531873,-1.049990,1.050025,-1.050024,-0.800003,-0.000007
cmd,10.790000,190.629000,0.530647,-1.049990,1.050025,-1.050024,-0.800003,-0.000007
cmd,10.800000,190.639000,0.529391,-1.049990,1.050025,-1.050024,-0.800003,-0.000007
cmd,10.810000,190.649000,0.528106,-1.049990,1.050025,-1.050024,-0.800003,-0.000007
cmd,10.820000,190.659000,0.526793,-1.049990,1.050025,-1.050024,-0.800003,-0.000007
cmd,10.830000,190.669000,0.525454,-1.049990,1.050025,-1.050024,-0.800003,-0.000007
cmd,10.840000,190.679000,0.524089,-1.049990,1.050025,-1.050024,-0.800003,-0.000007
cmd,10.850000,190.689000,0.522701,-1.049990,1.050025,-1.050024,-0.800003,-0.000007
cmd,10.860000,190.699000,0.521290,-1.049990,1.050025,-1.050024,-0.800003,-0.000007
cmd,10.870000,190.709000,0.519859,-1.049990,1.050025,-1.050024,-0.800003,-0.000007
cmd,10.880000,190.719000,0.518408,-1.049990,1.050025,-1.050024,-0.800003,-0.000007
cmd,10.890000,190.729000,0.516938,-1.049990,1.050025,-1.050024,-0.800003,-0.000007
cmd,10.900000,190.739000,0.515452,-1.049990,1.050025,-1.050024,-0.800003,-0.000007
cmd,10.910000,190.749000,0.513951,-1.049990,1.050025,-1.050024,-0.800003,-0.000007
cmd,10.920000,190.759000,0.512436,-1.049990,1.050025,-1.050024,-0.800003,-0.000007
cmd,10.930000,190.769000,0.510909,-1.049990,1.050025,-1.050024,-0.800003,-0.000007
cmd,10.940000,190.779000,0.509371,-1.049990,1.050025,-1.050024,-0.800003,-0.000007
cmd,10.950000,190.789000,0.507823,-1.049990,1.050025,-1.050024,-0.800003,-0.000007
cmd,10.960000,190.799000,0.506268,-1.049990,1.050025,-1.050024,-0.800003,-0.000007
cmd,10.970000,190.809000,0.504707,-1.049990,1.050025,-1.050024,-0.800003,-0.000007
cmd,10.980000,190.819000,0.503141,-1.049990,1.050025,-1.050024,-0.800003,-0.000007
cmd,10.990000,190.829000,0.501572,-1.049990,1.050025,-1.050024,-0.800003,-0.000007
cmd,11.000000,190.839000,0.500001,-1.049990,1.050025,-1.050024,-0.800003,-0.000007
cmd,11.010000,190.849000,0.498431,-1.049990,1.050025,-1.050024,-0.800003,-0.000007
cmd,11.020000,190.859000,0.496862,-1.049990,1.050025,-1.050024,-0.800003,-0.000007
cmd,11.030000,190.869000,0.495296,-1.049990,1.050025,-1.050024,-0.800003,-0.000007
cmd,11.040000,190.879000,0.493735,-1.049990,1.050025,-1.050024,-0.800003,-0.000007
cmd,11.050000,190.889000,0.492180,-1.049990,1.050025,-1.050024,-0.800003,-0.000007
cmd,11.060000,190.899000,0.490632,-1.049990,1.050025,-1.050024,-0.800003,-0.000007
cmd,11.070000,190.909000,0.489094,-1.049990,1.050025,-1.050024,-0.800003,-0.000007
cmd,11.080000,190.919000,0.487567,-1.049990,1.050025,-1.050024,-0.800003,-0.000007
cmd,11.090000,190.929000,0.486052,-1.049990,1.050025,-1.050024,-0.800003,-0.000007
cmd,11.100000,190.939000,0.484551,-1.049990,1.050025,-1.050024,-0.800003,-0.000007
cmd,11.110000,190.949000,0.483065,-1.049990,1.050025,-1.050024,-0.800003,-0.000007
cmd,11.120000,190.959000,0.481595,-1.049990,1.050025,-1.050024,-0.800003,-0.000007
cmd,11.130000,190.969000,0.480144,-1.049990,1.050025,-1.050024,-0.800003,-0.000007
cmd,11.140000,190.979000,0.478713,-1.049990,1.050025,-1.050024,-0.800003,-0.000007
cmd,11.150000,190.989000,0.477302,-1.049990,1.050025,-1.050024,-0.800003,-0.000007
cmd,11.160000,190.999000,0.475914,-1.049990,1.050025,-1.050024,-0.800003,-0.000007
cmd,11.170000,191.009000,0.474549,-1.049990,1.050025,-1.050024,-0.800003,-0.000007
cmd,11.180000,191.019000,0.473210,-1.049990,1.050025,-1.050024,-0.800003,-0.000007
cmd,11.190000,191.029000,0.471897,-1.049990,1.050025,-1.050024,-0.800003,-0.000007
cmd,11.200000,191.039000,0.470612,-1.049990,1.050025,-1.050024,-0.800003,-0.000007
cmd,11.210000,191.049000,0.469356,-1.049990,1.050025,-1.050024,-0.800003,-0.000007
cmd,11.220000,191.059000,0.468130,-1.049990,1.050025,-1.050024,-0.800003,-0.000007
cmd,11.230000,191.069000,0.466936,-1.049990,1.050025,-1.050024,-0.800003,-0.000007
cmd,11.240000,191.079000,0.465774,-1.049990,1.050025,-1.050024,-0.800003,-0.000007
cmd,11.250000,191.089000,0.464646,-1.049990,1.050025,-1.050024,-0.800003,-0.000007
cmd,11.260000,191.099000,0.463553,-1.049990,1.050025,-1.050024,-0.800003,-0.000007
cmd,11.270000,191.109000,0.462496,-1.049990,1.050025,-1.050024,-0.800003,-0.000007
cmd,11.280000,191.119000,0.461476,-1.049990,1.050025,-1.050024,-0.800003,-0.000007
cmd,11.290000,191.129000,0.460494,-1.049990,1.050025,-1.050024,-0.800003,-0.000007
cmd,11.300000,191.139000,0.459551,-1.049990,1.050025,-1.050024,-0.800003,-0.000007
cmd,11.310000,191.149000,0.458647,-1.049990,1.050025,-1.050024,-0.800003,-0.000007
cmd,11.320000,191.159000,0.457785,-1.049990,1.050025,-1.050024,-0.800003,-0.000007
cmd,11.330000,191.169000,0.456964,-1.049990,1.050025,-1.050024,-0.800003,-0.000007
cmd,11.340000,191.179000,0.456186,-1.049990,1.050025,-1.050024,-0.800003,-0.000007
cmd,11.350000,191.189000,0.455451,-1.049990,1.050025,-1.050024,-0.800003,-0.000007
cmd,11.360000,191.199000,0.454760,-1.049990,1.050025,-1.050024,-0.800003,-0.000007
cmd,11.370000,191.209000,0.454114,-1.049990,1.050025,-1.050024,-0.800003,-0.000007
cmd,11.380000,191.219000,0.453513,-1.049990,1.050025,-1.050024,-0.800003,-0.000007
cmd,11.390000,191.229000,0.452957,-1.049990,1.050025,-1.050024,-0.800003,-0.000007
cmd,11.400000,191.239000,0.452449,-1.049990,1.050025,-1.050024,-0.800003,-0.000007
cmd,11.410000,191.249000,0.451987,-1.049990,1.050025,-1.050024,-0.800003,-0.000007
cmd,11.420000,191.259000,0.451572,-1.049990,1.050025,-1.050024,-0.800003,-0.000007
cmd,11.430000,191.269000,0.451206,-1.049990,1.050025,-1.050024,-0.800003,-0.000007
cmd,11.440000,191.279000,0.450887,-1.049990,1.050025,-1.050024,-0.800003,-0.000007
cmd,11.450000,191.289000,0.450617,-1.049990,1.050025,-1.050024,-0.800003,-0.000007
cmd,11.460000,191.299000,0.450396,-1.049990,1.050025,-1.050024,-0.800003,-0.000007
cmd,11.470000,191.309000,0.450223,-1.049990,1.050025,-1.050024,-0.800003,-0.000007
cmd,11.480000,191.319000,0.450100,-1.049990,1.050025,-1.050024,-0.800003,-0.000007
cmd,11.490000,191.329000,0.450026,-1.049990,1.050025,-1.050024,-0.800003,-0.000007
cmd,11.500000,191.339000,0.450001,-1.049990,1.050025,-1.050024,-0.800003,-0.000007
cmd,11.510000,191.349000,0.450026,-1.049990,1.050025,-1.050024,-0.800003,-0.000007
cmd,11.520000,191.359000,0.450100,-1.049990,1.050025,-1.050024,-0.800003,-0.000007
cmd,11.530000,191.369000,0.450223,-1.049990,1.050025,-1.050024,-0.800003,-0.000007
cmd,11.540000,191.379000,0.450396,-1.049990,1.050025,-1.050024,-0.800003,-0.000007
cmd,11.550000,191.389000,0.450617,-1.049990,1.050025,-1.050024,-0.800003,-0.000007
cmd,11.560000,191.399000,0.450887,-1.049990,1.050025,-1.050024,-0.800003,-0.000007
cmd,11.570000,191.409000,0.451206,-1.049990,1.050025,-1.050024,-0.800003,-0.000007
cmd,11.580000,191.419000,0.451572,-1.049990,1.050025,-1.050024,-0.800003,-0.000007
cmd,11.590000,191.429000,0.451987,-1.049990,1.050025,-1.050024,-0.800003,-0.000007
cmd,11.600000,191.439000,0.452449,-1.049990,1.050025,-1.050024,-0.800003,-0.000007
cmd,11.610000,191.449000,0.452957,-1.049990,1.050025,-1.050024,-0.800003,-0.000007
cmd,11.620000,191.459000,0.453513,-1.049990,1.050025,-1.050024,-0.800003,-0.000007
cmd,11.630000,191.469000,0.454114,-1.049990,1.050025,-1.050024,-0.800003,-0.000007
cmd,11.640000,191.479000,0.454760,-1.049990,1.050025,-1.050024,-0.800003,-0.000007
cmd,11.650000,191.489000,0.455451,-1.049990,1.050025,-1.050024,-0.800003,-0.000007
cmd,11.660000,191.499000,0.456186,-1.049990,1.050025,-1.050024,-0.800003,-0.000007
cmd,11.670000,191.509000,0.456964,-1.049990,1.050025,-1.050024,-0.800003,-0.000007
cmd,11.680000,191.519000,0.457785,-1.049990,1.050025,-1.050024,-0.800003,-0.000007
cmd,11.690000,191.529000,0.458647,-1.049990,1.050025,-1.050024,-0.800003,-0.000007
cmd,11.700000,191.539000,0.459551,-1.049990,1.050025,-1.050024,-0.800003,-0.000007
cmd,11.710000,191.549000,0.460494,-1.049990,1.050025,-1.050024,-0.800003,-0.000007
cmd,11.720000,191.559000,0.461476,-1.049990,1.050025,-1.050024,-0.800003,-0.000007
cmd,11.730000,191.569000,0.462496,-1.049990,1.050025,-1.050024,-0.800003,-0.000007
cmd,11.740000,191.579000,0.463553,-1.049990,1.050025,-1.050024,-0.800003,-0.000007
cmd,11.750000,191.589000,0.464646,-1.049990,1.050025,-1.050024,-0.800003,-0.000007
cmd,11.760000,191.599000,0.465774,-1.049990,1.050025,-1.050024,-0.800003,-0.000007
cmd,11.770000,191.609000,0.466936,-1.049990,1.050025,-1.050024,-0.800003,-0.000007
cmd,11.780000,191.619000,0.468130,-1.049990,1.050025,-1.050024,-0.800003,-0.000007
cmd,11.790000,191.629000,0.469356,-1.049990,1.050025,-1.050024,-0.800003,-0.000007
cmd,11.800000,191.639000,0.470612,-1.049990,1.050025,-1.050024,-0.800003,-0.000007
cmd,11.810000,191.649000,0.471897,-1.049990,1.050025,-1.050024,-0.800003,-0.000007
cmd,11.820000,191.659000,0.473210,-1.049990,1.050025,-1.050024,-0.800003,-0.000007
cmd,11.830000,191.669000,0.474549,-1.049990,1.050025,-1.050024,-0.800003,-0.000007
cmd,11.840000,191.679000,0.475914,-1.049990,1.050025,-1.050024,-0.800003,-0.000007
cmd,11.850000,191.689000,0.477302,-1.049990,1.050025,-1.050024,-0.800003,-0.000007
cmd,11.860000,191.699000,0.478713,-1.049990,1.050025,-1.050024,-0.800003,-0.000007
cmd,11.870000,191.709000,0.480144,-1.049990,1.050025,-1.050024,-0.800003,-0.000007
cmd,11.880000,191.719000,0.481595,-1.049990,1.050025,-1.050024,-0.800003,-0.000007
cmd,11.890000,191.729000,0.483065,-1.049990,1.050025,-1.050024,-0.800003,-0.000007
cmd,11.900000,191.739000,0.484551,-1.049990,1.050025,-1.050024,-0.800003,-0.000007
cmd,11.910000,191.749000,0.486052,-1.049990,1.050025,-1.050024,-0.800003,-0.000007
cmd,11.920000,191.759000,0.487567,-1.049990,1.050025,-1.050024,-0.800003,-0.000007
cmd,11.930000,191.769000,0.489094,-1.049990,1.050025,-1.050024,-0.800003,-0.000007
cmd,11.940000,191.779000,0.490632,-1.049990,1.050025,-1.050024,-0.800003,-0.000007
cmd,11.950000,191.789000,0.492180,-1.049990,1.050025,-1.050024,-0.800003,-0.000007
cmd,11.960000,191.799000,0.493735,-1.049990,1.050025,-1.050024,-0.800003,-0.000007
cmd,11.970000,191.809000,0.495296,-1.049990,1.050025,-1.050024,-0.800003,-0.000007
cmd,11.980000,191.819000,0.496862,-1.049990,1.050025,-1.050024,-0.800003,-0.000007
cmd,11.990000,191.829000,0.498431,-1.049990,1.050025,-1.050024,-0.800003,-0.000007
cmd,12.000000,191.839000,0.500001,-1.049990,1.050025,-1.050024,-0.800003,-0.000007
cmd,12.010000,191.849000,0.501572,-1.049990,1.050025,-1.050024,-0.800003,-0.000007
cmd,12.020000,191.859000,0.503141,-1.049990,1.050025,-1.050024,-0.800003,-0.000007
cmd,12.030000,191.869000,0.504707,-1.049990,1.050025,-1.050024,-0.800003,-0.000007
cmd,12.040000,191.879000,0.506268,-1.049990,1.050025,-1.050024,-0.800003,-0.000007
cmd,12.050000,191.889000,0.507823,-1.049990,1.050025,-1.050024,-0.800003,-0.000007
cmd,12.060000,191.899000,0.509371,-1.049990,1.050025,-1.050024,-0.800003,-0.000007
cmd,12.070000,191.909000,0.510909,-1.049990,1.050025,-1.050024,-0.800003,-0.000007
cmd,12.080000,191.919000,0.512436,-1.049990,1.050025,-1.050024,-0.800003,-0.000007
cmd,12.090000,191.929000,0.513951,-1.049990,1.050025,-1.050024,-0.800003,-0.000007
cmd,12.100000,191.939000,0.515452,-1.049990,1.050025,-1.050024,-0.800003,-0.000007
cmd,12.110000,191.949000,0.516938,-1.049990,1.050025,-1.050024,-0.800003,-0.000007
cmd,12.120000,191.959000,0.518408,-1.049990,1.050025,-1.050024,-0.800003,-0.000007
cmd,12.130000,191.969000,0.519859,-1.049990,1.050025,-1.050024,-0.800003,-0.000007
cmd,12.140000,191.979000,0.521290,-1.049990,1.050025,-1.050024,-0.800003,-0.000007
cmd,12.150000,191.989000,0.522701,-1.049990,1.050025,-1.050024,-0.800003,-0.000007
cmd,12.160000,191.999000,0.524089,-1.049990,1.050025,-1.050024,-0.800003,-0.000007
cmd,12.170000,192.009000,0.525454,-1.049990,1.050025,-1.050024,-0.800003,-0.000007
cmd,12.180000,192.019000,0.526793,-1.049990,1.050025,-1.050024,-0.800003,-0.000007
cmd,12.190000,192.029000,0.528106,-1.049990,1.050025,-1.050024,-0.800003,-0.000007
cmd,12.200000,192.039000,0.529391,-1.049990,1.050025,-1.050024,-0.800003,-0.000007
cmd,12.210000,192.049000,0.530647,-1.049990,1.050025,-1.050024,-0.800003,-0.000007
cmd,12.220000,192.059000,0.531873,-1.049990,1.050025,-1.050024,-0.800003,-0.000007
cmd,12.230000,192.069000,0.533067,-1.049990,1.050025,-1.050024,-0.800003,-0.000007
cmd,12.240000,192.079000,0.534229,-1.049990,1.050025,-1.050024,-0.800003,-0.000007
cmd,12.250000,192.089000,0.535357,-1.049990,1.050025,-1.050024,-0.800003,-0.000007
cmd,12.260000,192.099000,0.536450,-1.049990,1.050025,-1.050024,-0.800003,-0.000007
cmd,12.270000,192.109000,0.537507,-1.049990,1.050025,-1.050024,-0.800003,-0.000007
cmd,12.280000,192.119000,0.538527,-1.049990,1.050025,-1.050024,-0.800003,-0.000007
cmd,12.290000,192.129000,0.539509,-1.049990,1.050025,-1.050024,-0.800003,-0.000007
cmd,12.300000,192.139000,0.540452,-1.049990,1.050025,-1.050024,-0.800003,-0.000007
cmd,12.310000,192.149000,0.541356,-1.049990,1.050025,-1.050024,-0.800003,-0.000007
cmd,12.320000,192.159000,0.542218,-1.049990,1.050025,-1.050024,-0.800003,-0.000007
cmd,12.330000,192.169000,0.543039,-1.049990,1.050025,-1.050024,-0.800003,-0.000007
cmd,12.340000,192.179000,0.543817,-1.049990,1.050025,-1.050024,-0.800003,-0.000007
cmd,12.350000,192.189000,0.544552,-1.049990,1.050025,-1.050024,-0.800003,-0.000007
cmd,12.360000,192.199000,0.545243,-1.049990,1.050025,-1.050024,-0.800003,-0.000007
cmd,12.370000,192.209000,0.545889,-1.049990,1.050025,-1.050024,-0.800003,-0.000007
cmd,12.380000,192.219000,0.546490,-1.049990,1.050025,-1.050024,-0.800003,-0.000007
cmd,12.390000,192.229000,0.547046,-1.049990,1.050025,-1.050024,-0.800003,-0.000007
cmd,12.400000,192.239000,0.547554,-1.049990,1.050025,-1.050024,-0.800003,-0.000007
cmd,12.410000,192.249000,0.548016,-1.049990,1.050025,-1.050024,-0.800003,-0.000007
cmd,12.420000,192.259000,0.548431,-1.049990,1.050025,-1.050024,-0.800003,-0.000007
cmd,12.430000,192.269000,0.548797,-1.049990,1.050025,-1.050024,-0.800003,-0.000007
cmd,12.440000,192.279000,0.549116,-1.049990,1.050025,-1.050024,-0.800003,-0.000007
cmd,12.450000,192.289000,0.549386,-1.049990,1.050025,-1.050024,-0.800003,-0.000007
cmd,12.460000,192.299000,0.549607,-1.049990,1.050025,-1.050024,-0.800003,-0.000007
cmd,12.470000,192.309000,0.549780,-1.049990,1.050025,-1.050024,-0.800003,-0.000007
cmd,12.480000,192.319000,0.549903,-1.049990,1.050025,-1.050024,-0.800003,-0.000007
cmd,12.490000,192.329000,0.549977,-1.049990,1.050025,-1.050024,-0.800003,-0.000007
cmd,12.500000,192.339000,0.550001,-1.049990,1.050025,-1.050024,-0.800003,-0.000007
cmd,12.510000,192.349000,0.549977,-1.049990,1.050025,-1.050024,-0.800003,-0.000007
cmd,12.520000,192.359000,0.549903,-1.049990,1.050025,-1.050024,-0.800003,-0.000007
cmd,12.530000,192.369000,0.549780,-1.049990,1.050025,-1.050024,-0.800003,-0.000007
cmd,12.540000,192.379000,0.549607,-1.049990,1.050025,-1.050024,-0.800003,-0.000007
cmd,12.550000,192.389000,0.549386,-1.049990,1.050025,-1.050024,-0.800003,-0.000007
cmd,12.560000,192.399000,0.549116,-1.049990,1.050025,-1.050024,-0.800003,-0.000007
cmd,12.570000,192.409000,0.548797,-1.049990,1.050025,-1.050024,-0.800003,-0.000007
cmd,12.580000,192.419000,0.548431,-1.049990,1.050025,-1.050024,-0.800003,-0.000007
cmd,12.590000,192.429000,0.548016,-1.049990,1.050025,-1.050024,-0.800003,-0.000007
cmd,12.600000,192.439000,0.547554,-1.049990,1.050025,-1.050024,-0.800003,-0.000007
cmd,12.610000,192.449000,0.547046,-1.049990,1.050025,-1.050024,-0.800003,-0.000007
cmd,12.620000,192.459000,0.546490,-1.049990,1.050025,-1.050024,-0.800003,-0.000007
cmd,12.630000,192.469000,0.545889,-1.049990,1.050025,-1.050024,-0.800003,-0.000007
cmd,12.640000,192.479000,0.545243,-1.049990,1.050025,-1.050024,-0.800003,-0.000007
cmd,12.650000,192.489000,0.544552,-1.049990,1.050025,-1.050024,-0.800003,-0.000007
cmd,12.660000,192.499000,0.543817,-1.049990,1.050025,-1.050024,-0.800003,-0.000007
cmd,12.670000,192.509000,0.543039,-1.049990,1.050025,-1.050024,-0.800003,-0.000007
cmd,12.680000,192.519000,0.542218,-1.049990,1.050025,-1.050024,-0.800003,-0.000007
cmd,12.690000,192.529000,0.541356,-1.049990,1.050025,-1.050024,-0.800003,-0.000007
cmd,12.700000,192.539000,0.540452,-1.049990,1.050025,-1.050024,-0.800003,-0.000007
cmd,12.710000,192.549000,0.539509,-1.049990,1.050025,-1.050024,-0.800003,-0.000007
cmd,12.720000,192.559000,0.538527,-1.049990,1.050025,-1.050024,-0.800003,-0.000007
cmd,12.730000,192.569000,0.537507,-1.049990,1.050025,-1.050024,-0.800003,-0.000007
cmd,12.740000,192.579000,0.536450,-1.049990,1.050025,-1.050024,-0.800003,-0.000007
cmd,12.750000,192.589000,0.535357,-1.049990,1.050025,-1.050024,-0.800003,-0.000007
cmd,12.760000,192.599000,0.534229,-1.049990,1.050025,-1.050024,-0.800003,-0.000007
cmd,12.770000,192.609000,0.533067,-1.049990,1.050025,-1.050024,-0.800003,-0.000007
cmd,12.780000,192.619000,0.531873,-1.049990,1.050025,-1.050024,-0.800003,-0.000007
cmd,12.790000,192.629000,0.530647,-1.049990,1.050025,-1.050024,-0.800003,-0.000007
cmd,12.800000,192.639000,0.529391,-1.049990,1.050025,-1.050024,-0.800003,-0.000007
cmd,12.810000,192.649000,0.528106,-1.049990,1.050025,-1.050024,-0.800003,-0.000007
cmd,12.820000,192.659000,0.526793,-1.049990,1.050025,-1.050024,-0.800003,-0.000007
cmd,12.830000,192.669000,0.525454,-1.049990,1.050025,-1.050024,-0.800003,-0.000007
cmd,12.840000,192.679000,0.524089,-1.049990,1.050025,-1.050024,-0.800003,-0.000007
cmd,12.850000,192.689000,0.522701,-1.049990,1.050025,-1.050024,-0.800003,-0.000007
cmd,12.860000,192.699000,0.521290,-1.049990,1.050025,-1.050024,-0.800003,-0.000007
cmd,12.870000,192.709000,0.519859,-1.049990,1.050025,-1.050024,-0.800003,-0.000007
cmd,12.880000,192.719000,0.518408,-1.049990,1.050025,-1.050024,-0.800003,-0.000007
cmd,12.890000,192.729000,0.516938,-1.049990,1.050025,-1.050024,-0.800003,-0.000007
cmd,12.900000,192.739000,0.515452,-1.049990,1.050025,-1.050024,-0.800003,-0.000007
cmd,12.910000,192.749000,0.513951,-1.049990,1.050025,-1.050024,-0.800003,-0.000007
cmd,12.920000,192.759000,0.512436,-1.049990,1.050025,-1.050024,-0.800003,-0.000007
cmd,12.930000,192.769000,0.510909,-1.049990,1.050025,-1.050024,-0.800003,-0.000007
cmd,12.940000,192.779000,0.509371,-1.049990,1.050025,-1.050024,-0.800003,-0.000007
cmd,12.950000,192.789000,0.507823,-1.049990,1.050025,-1.050024,-0.800003,-0.000007
cmd,12.960000,192.799000,0.506268,-1.049990,1.050025,-1.050024,-0.800003,-0.000007
cmd,12.970000,192.809000,0.504707,-1.049990,1.050025,-1.050024,-0.800003,-0.000007
cmd,12.980000,192.819000,0.503141,-1.049990,1.050025,-1.050024,-0.800003,-0.000007
cmd,12.990000,192.829000,0.501572,-1.049990,1.050025,-1.050024,-0.800003,-0.000007
cmd,13.000000,192.839000,0.500001,-1.049990,1.050025,-1.050024,-0.800003,-0.000007
cmd,13.010000,192.849000,0.498431,-1.049990,1.050025,-1.050024,-0.800003,-0.000007
cmd,13.020000,192.859000,0.496862,-1.049990,1.050025,-1.050024,-0.800003,-0.000007
cmd,13.030000,192.869000,0.495296,-1.049990,1.050025,-1.050024,-0.800003,-0.000007
cmd,13.040000,192.879000,0.493735,-1.049990,1.050025,-1.050024,-0.800003,-0.000007
cmd,13.050000,192.889000,0.492180,-1.049990,1.050025,-1.050024,-0.800003,-0.000007
cmd,13.060000,192.899000,0.490632,-1.049990,1.050025,-1.050024,-0.800003,-0.000007
cmd,13.070000,192.909000,0.489094,-1.049990,1.050025,-1.050024,-0.800003,-0.000007
cmd,13.080000,192.919000,0.487567,-1.049990,1.050025,-1.050024,-0.800003,-0.000007
cmd,13.090000,192.929000,0.486052,-1.049990,1.050025,-1.050024,-0.800003,-0.000007
cmd,13.100000,192.939000,0.484551,-1.049990,1.050025,-1.050024,-0.800003,-0.000007
cmd,13.110000,192.949000,0.483065,-1.049990,1.050025,-1.050024,-0.800003,-0.000007
cmd,13.120000,192.959000,0.481595,-1.049990,1.050025,-1.050024,-0.800003,-0.000007
cmd,13.130000,192.969000,0.480144,-1.049990,1.050025,-1.050024,-0.800003,-0.000007
cmd,13.140000,192.979000,0.478713,-1.049990,1.050025,-1.050024,-0.800003,-0.000007
cmd,13.150000,192.989000,0.477302,-1.049990,1.050025,-1.050024,-0.800003,-0.000007
cmd,13.160000,192.999000,0.475914,-1.049990,1.050025,-1.050024,-0.800003,-0.000007
cmd,13.170000,193.009000,0.474549,-1.049990,1.050025,-1.050024,-0.800003,-0.000007
cmd,13.180000,193.019000,0.473210,-1.049990,1.050025,-1.050024,-0.800003,-0.000007
cmd,13.190000,193.029000,0.471897,-1.049990,1.050025,-1.050024,-0.800003,-0.000007
cmd,13.200000,193.039000,0.470612,-1.049990,1.050025,-1.050024,-0.800003,-0.000007
cmd,13.210000,193.049000,0.469356,-1.049990,1.050025,-1.050024,-0.800003,-0.000007
cmd,13.220000,193.059000,0.468130,-1.049990,1.050025,-1.050024,-0.800003,-0.000007
cmd,13.230000,193.069000,0.466936,-1.049990,1.050025,-1.050024,-0.800003,-0.000007
cmd,13.240000,193.079000,0.465774,-1.049990,1.050025,-1.050024,-0.800003,-0.000007
cmd,13.250000,193.089000,0.464646,-1.049990,1.050025,-1.050024,-0.800003,-0.000007
cmd,13.260000,193.099000,0.463553,-1.049990,1.050025,-1.050024,-0.800003,-0.000007
cmd,13.270000,193.109000,0.462496,-1.049990,1.050025,-1.050024,-0.800003,-0.000007
cmd,13.280000,193.119000,0.461476,-1.049990,1.050025,-1.050024,-0.800003,-0.000007
cmd,13.290000,193.129000,0.460494,-1.049990,1.050025,-1.050024,-0.800003,-0.000007
cmd,13.300000,193.139000,0.459551,-1.049990,1.050025,-1.050024,-0.800003,-0.000007
cmd,13.310000,193.149000,0.458647,-1.049990,1.050025,-1.050024,-0.800003,-0.000007
cmd,13.320000,193.159000,0.457785,-1.049990,1.050025,-1.050024,-0.800003,-0.000007
cmd,13.330000,193.169000,0.456964,-1.049990,1.050025,-1.050024,-0.800003,-0.000007
cmd,13.340000,193.179000,0.456186,-1.049990,1.050025,-1.050024,-0.800003,-0.000007
cmd,13.350000,193.189000,0.455451,-1.049990,1.050025,-1.050024,-0.800003,-0.000007
cmd,13.360000,193.199000,0.454760,-1.049990,1.050025,-1.050024,-0.800003,-0.000007
cmd,13.370000,193.209000,0.454114,-1.049990,1.050025,-1.050024,-0.800003,-0.000007
cmd,13.380000,193.219000,0.453513,-1.049990,1.050025,-1.050024,-0.800003,-0.000007
cmd,13.390000,193.229000,0.452957,-1.049990,1.050025,-1.050024,-0.800003,-0.000007
cmd,13.400000,193.239000,0.452449,-1.049990,1.050025,-1.050024,-0.800003,-0.000007
cmd,13.410000,193.249000,0.451987,-1.049990,1.050025,-1.050024,-0.800003,-0.000007
cmd,13.420000,193.259000,0.451572,-1.049990,1.050025,-1.050024,-0.800003,-0.000007
cmd,13.430000,193.269000,0.451206,-1.049990,1.050025,-1.050024,-0.800003,-0.000007
cmd,13.440000,193.279000,0.450887,-1.049990,1.050025,-1.050024,-0.800003,-0.000007
cmd,13.450000,193.289000,0.450617,-1.049990,1.050025,-1.050024,-0.800003,-0.000007
cmd,13.460000,193.299000,0.450396,-1.049990,1.050025,-1.050024,-0.800003,-0.000007
cmd,13.470000,193.309000,0.450223,-1.049990,1.050025,-1.050024,-0.800003,-0.000007
cmd,13.480000,193.319000,0.450100,-1.049990,1.050025,-1.050024,-0.800003,-0.000007
cmd,13.490000,193.329000,0.450026,-1.049990,1.050025,-1.050024,-0.800003,-0.000007
cmd,13.500000,193.339000,0.450001,-1.049990,1.050025,-1.050024,-0.800003,-0.000007
cmd,13.510000,193.349000,0.450026,-1.049990,1.050025,-1.050024,-0.800003,-0.000007
cmd,13.520000,193.359000,0.450100,-1.049990,1.050025,-1.050024,-0.800003,-0.000007
cmd,13.530000,193.369000,0.450223,-1.049990,1.050025,-1.050024,-0.800003,-0.000007
cmd,13.540000,193.379000,0.450396,-1.049990,1.050025,-1.050024,-0.800003,-0.000007
cmd,13.550000,193.389000,0.450617,-1.049990,1.050025,-1.050024,-0.800003,-0.000007
cmd,13.560000,193.399000,0.450887,-1.049990,1.050025,-1.050024,-0.800003,-0.000007
cmd,13.570000,193.409000,0.451206,-1.049990,1.050025,-1.050024,-0.800003,-0.000007
cmd,13.580000,193.419000,0.451572,-1.049990,1.050025,-1.050024,-0.800003,-0.000007
cmd,13.590000,193.429000,0.451987,-1.049990,1.050025,-1.050024,-0.800003,-0.000007
cmd,13.600000,193.439000,0.452449,-1.049990,1.050025,-1.050024,-0.800003,-0.000007
cmd,13.610000,193.449000,0.452957,-1.049990,1.050025,-1.050024,-0.800003,-0.000007
cmd,13.620000,193.459000,0.453513,-1.049990,1.050025,-1.050024,-0.800003,-0.000007
cmd,13.630000,193.469000,0.454114,-1.049990,1.050025,-1.050024,-0.800003,-0.000007
cmd,13.640000,193.479000,0.454760,-1.049990,1.050025,-1.050024,-0.800003,-0.000007
cmd,13.650000,193.489000,0.455451,-1.049990,1.050025,-1.050024,-0.800003,-0.000007
cmd,13.660000,193.499000,0.456186,-1.049990,1.050025,-1.050024,-0.800003,-0.000007
cmd,13.670000,193.509000,0.456964,-1.049990,1.050025,-1.050024,-0.800003,-0.000007
cmd,13.680000,193.519000,0.457785,-1.049990,1.050025,-1.050024,-0.800003,-0.000007
cmd,13.690000,193.529000,0.458647,-1.049990,1.050025,-1.050024,-0.800003,-0.000007
cmd,13.700000,193.539000,0.459551,-1.049990,1.050025,-1.050024,-0.800003,-0.000007
cmd,13.710000,193.549000,0.460494,-1.049990,1.050025,-1.050024,-0.800003,-0.000007
cmd,13.720000,193.559000,0.461476,-1.049990,1.050025,-1.050024,-0.800003,-0.000007
cmd,13.730000,193.569000,0.462496,-1.049990,1.050025,-1.050024,-0.800003,-0.000007
cmd,13.740000,193.579000,0.463553,-1.049990,1.050025,-1.050024,-0.800003,-0.000007
cmd,13.750000,193.589000,0.464646,-1.049990,1.050025,-1.050024,-0.800003,-0.000007
cmd,13.760000,193.599000,0.465774,-1.049990,1.050025,-1.050024,-0.800003,-0.000007
cmd,13.770000,193.609000,0.466936,-1.049990,1.050025,-1.050024,-0.800003,-0.000007
cmd,13.780000,193.619000,0.468130,-1.049990,1.050025,-1.050024,-0.800003,-0.000007
cmd,13.790000,193.629000,0.469356,-1.049990,1.050025,-1.050024,-0.800003,-0.000007
cmd,13.800000,193.639000,0.470612,-1.049990,1.050025,-1.050024,-0.800003,-0.000007
cmd,13.810000,193.649000,0.471897,-1.049990,1.050025,-1.050024,-0.800003,-0.000007
cmd,13.820000,193.659000,0.473210,-1.049990,1.050025,-1.050024,-0.800003,-0.000007
cmd,13.830000,193.669000,0.474549,-1.049990,1.050025,-1.050024,-0.800003,-0.000007
cmd,13.840000,193.679000,0.475914,-1.049990,1.050025,-1.050024,-0.800003,-0.000007
cmd,13.850000,193.689000,0.477302,-1.049990,1.050025,-1.050024,-0.800003,-0.000007
cmd,13.860000,193.699000,0.478713,-1.049990,1.050025,-1.050024,-0.800003,-0.000007
cmd,13.870000,193.709000,0.480144,-1.049990,1.050025,-1.050024,-0.800003,-0.000007
cmd,13.880000,193.719000,0.481595,-1.049990,1.050025,-1.050024,-0.800003,-0.000007
cmd,13.890000,193.729000,0.483065,-1.049990,1.050025,-1.050024,-0.800003,-0.000007
cmd,13.900000,193.739000,0.484551,-1.049990,1.050025,-1.050024,-0.800003,-0.000007
cmd,13.910000,193.749000,0.486052,-1.049990,1.050025,-1.050024,-0.800003,-0.000007
cmd,13.920000,193.759000,0.487567,-1.049990,1.050025,-1.050024,-0.800003,-0.000007
cmd,13.930000,193.769000,0.489094,-1.049990,1.050025,-1.050024,-0.800003,-0.000007
cmd,13.940000,193.779000,0.490632,-1.049990,1.050025,-1.050024,-0.800003,-0.000007
cmd,13.950000,193.789000,0.492180,-1.049990,1.050025,-1.050024,-0.800003,-0.000007
cmd,13.960000,193.799000,0.493735,-1.049990,1.050025,-1.050024,-0.800003,-0.000007
cmd,13.970000,193.809000,0.495296,-1.049990,1.050025,-1.050024,-0.800003,-0.000007
cmd,13.980000,193.819000,0.496862,-1.049990,1.050025,-1.050024,-0.800003,-0.000007
cmd,13.990000,193.829000,0.498431,-1.049990,1.050025,-1.050024,-0.800003,-0.000007
cmd,14.000000,193.839000,0.500001,-1.049990,1.050025,-1.050024,-0.800003,-0.000007
cmd,14.010000,193.849000,0.501572,-1.049990,1.050025,-1.050024,-0.800003,-0.000007
cmd,14.020000,193.859000,0.503141,-1.049990,1.050025,-1.050024,-0.800003,-0.000007
cmd,14.030000,193.869000,0.504707,-1.049990,1.050025,-1.050024,-0.800003,-0.000007
cmd,14.040000,193.879000,0.506268,-1.049990,1.050025,-1.050024,-0.800003,-0.000007
cmd,14.050000,193.889000,0.507823,-1.049990,1.050025,-1.050024,-0.800003,-0.000007
cmd,14.060000,193.899000,0.509371,-1.049990,1.050025,-1.050024,-0.800003,-0.000007
cmd,14.070000,193.909000,0.510909,-1.049990,1.050025,-1.050024,-0.800003,-0.000007
cmd,14.080000,193.919000,0.512436,-1.049990,1.050025,-1.050024,-0.800003,-0.000007
cmd,14.090000,193.929000,0.513951,-1.049990,1.050025,-1.050024,-0.800003,-0.000007
cmd,14.100000,193.939000,0.515452,-1.049990,1.050025,-1.050024,-0.800003,-0.000007
cmd,14.110000,193.949000,0.516938,-1.049990,1.050025,-1.050024,-0.800003,-0.000007
cmd,14.120000,193.959000,0.518408,-1.049990,1.050025,-1.050024,-0.800003,-0.000007
cmd,14.130000,193.969000,0.519859,-1.049990,1.050025,-1.050024,-0.800003,-0.000007
cmd,14.140000,193.979000,0.521290,-1.049990,1.050025,-1.050024,-0.800003,-0.000007
cmd,14.150000,193.989000,0.522701,-1.049990,1.050025,-1.050024,-0.800003,-0.000007
cmd,14.160000,193.999000,0.524089,-1.049990,1.050025,-1.050024,-0.800003,-0.000007
cmd,14.170000,194.009000,0.525454,-1.049990,1.050025,-1.050024,-0.800003,-0.000007
cmd,14.180000,194.019000,0.526793,-1.049990,1.050025,-1.050024,-0.800003,-0.000007
cmd,14.190000,194.029000,0.528106,-1.049990,1.050025,-1.050024,-0.800003,-0.000007
cmd,14.200000,194.039000,0.529391,-1.049990,1.050025,-1.050024,-0.800003,-0.000007
cmd,14.210000,194.049000,0.530647,-1.049990,1.050025,-1.050024,-0.800003,-0.000007
cmd,14.220000,194.059000,0.531873,-1.049990,1.050025,-1.050024,-0.800003,-0.000007
cmd,14.230000,194.069000,0.533067,-1.049990,1.050025,-1.050024,-0.800003,-0.000007
cmd,14.240000,194.079000,0.534229,-1.049990,1.050025,-1.050024,-0.800003,-0.000007
cmd,14.250000,194.089000,0.535357,-1.049990,1.050025,-1.050024,-0.800003,-0.000007
cmd,14.260000,194.099000,0.536450,-1.049990,1.050025,-1.050024,-0.800003,-0.000007
cmd,14.270000,194.109000,0.537507,-1.049990,1.050025,-1.050024,-0.800003,-0.000007
cmd,14.280000,194.119000,0.538527,-1.049990,1.050025,-1.050024,-0.800003,-0.000007
cmd,14.290000,194.129000,0.539509,-1.049990,1.050025,-1.050024,-0.800003,-0.000007
cmd,14.300000,194.139000,0.540452,-1.049990,1.050025,-1.050024,-0.800003,-0.000007
cmd,14.310000,194.149000,0.541356,-1.049990,1.050025,-1.050024,-0.800003,-0.000007
cmd,14.320000,194.159000,0.542218,-1.049990,1.050025,-1.050024,-0.800003,-0.000007
cmd,14.330000,194.169000,0.543039,-1.049990,1.050025,-1.050024,-0.800003,-0.000007
cmd,14.340000,194.179000,0.543817,-1.049990,1.050025,-1.050024,-0.800003,-0.000007
cmd,14.350000,194.189000,0.544552,-1.049990,1.050025,-1.050024,-0.800003,-0.000007
cmd,14.360000,194.199000,0.545243,-1.049990,1.050025,-1.050024,-0.800003,-0.000007
cmd,14.370000,194.209000,0.545889,-1.049990,1.050025,-1.050024,-0.800003,-0.000007
cmd,14.380000,194.219000,0.546490,-1.049990,1.050025,-1.050024,-0.800003,-0.000007
cmd,14.390000,194.229000,0.547046,-1.049990,1.050025,-1.050024,-0.800003,-0.000007
cmd,14.400000,194.239000,0.547554,-1.049990,1.050025,-1.050024,-0.800003,-0.000007
cmd,14.410000,194.249000,0.548016,-1.049990,1.050025,-1.050024,-0.800003,-0.000007
cmd,14.420000,194.259000,0.548431,-1.049990,1.050025,-1.050024,-0.800003,-0.000007
cmd,14.430000,194.269000,0.548797,-1.049990,1.050025,-1.050024,-0.800003,-0.000007
cmd,14.440000,194.279000,0.549116,-1.049990,1.050025,-1.050024,-0.800003,-0.000007
cmd,14.450000,194.289000,0.549386,-1.049990,1.050025,-1.050024,-0.800003,-0.000007
cmd,14.460000,194.299000,0.549607,-1.049990,1.050025,-1.050024,-0.800003,-0.000007
cmd,14.470000,194.309000,0.549780,-1.049990,1.050025,-1.050024,-0.800003,-0.000007
cmd,14.480000,194.319000,0.549903,-1.049990,1.050025,-1.050024,-0.800003,-0.000007
cmd,14.490000,194.329000,0.549977,-1.049990,1.050025,-1.050024,-0.800003,-0.000007
cmd,14.500000,194.339000,0.550001,-1.049990,1.050025,-1.050024,-0.800003,-0.000007
cmd,14.510000,194.349000,0.549977,-1.049990,1.050025,-1.050024,-0.800003,-0.000007
cmd,14.520000,194.359000,0.549903,-1.049990,1.050025,-1.050024,-0.800003,-0.000007
cmd,14.530000,194.369000,0.549780,-1.049990,1.050025,-1.050024,-0.800003,-0.000007
cmd,14.540000,194.379000,0.549607,-1.049990,1.050025,-1.050024,-0.800003,-0.000007
cmd,14.550000,194.389000,0.549386,-1.049990,1.050025,-1.050024,-0.800003,-0.000007
cmd,14.560000,194.399000,0.549116,-1.049990,1.050025,-1.050024,-0.800003,-0.000007
cmd,14.570000,194.409000,0.548797,-1.049990,1.050025,-1.050024,-0.800003,-0.000007
cmd,14.580000,194.419000,0.548431,-1.049990,1.050025,-1.050024,-0.800003,-0.000007
cmd,14.590000,194.429000,0.548016,-1.049990,1.050025,-1.050024,-0.800003,-0.000007
cmd,14.600000,194.439000,0.547554,-1.049990,1.050025,-1.050024,-0.800003,-0.000007
cmd,14.610000,194.449000,0.547046,-1.049990,1.050025,-1.050024,-0.800003,-0.000007
cmd,14.620000,194.459000,0.546490,-1.049990,1.050025,-1.050024,-0.800003,-0.000007
cmd,14.630000,194.469000,0.545889,-1.049990,1.050025,-1.050024,-0.800003,-0.000007
cmd,14.640000,194.479000,0.545243,-1.049990,1.050025,-1.050024,-0.800003,-0.000007
cmd,14.650000,194.489000,0.544552,-1.049990,1.050025,-1.050024,-0.800003,-0.000007
cmd,14.660000,194.499000,0.543817,-1.049990,1.050025,-1.050024,-0.800003,-0.000007
cmd,14.670000,194.509000,0.543039,-1.049990,1.050025,-1.050024,-0.800003,-0.000007
cmd,14.680000,194.519000,0.542218,-1.049990,1.050025,-1.050024,-0.800003,-0.000007
cmd,14.690000,194.529000,0.541356,-1.049990,1.050025,-1.050024,-0.800003,-0.000007
cmd,14.700000,194.539000,0.540452,-1.049990,1.050025,-1.050024,-0.800003,-0.000007
cmd,14.710000,194.549000,0.539509,-1.049990,1.050025,-1.050024,-0.800003,-0.000007
cmd,14.720000,194.559000,0.538527,-1.049990,1.050025,-1.050024,-0.800003,-0.000007
cmd,14.730000,194.569000,0.537507,-1.049990,1.050025,-1.050024,-0.800003,-0.000007
cmd,14.740000,194.579000,0.536450,-1.049990,1.050025,-1.050024,-0.800003,-0.000007
cmd,14.750000,194.589000,0.535357,-1.049990,1.050025,-1.050024,-0.800003,-0.000007
cmd,14.760000,194.599000,0.534229,-1.049990,1.050025,-1.050024,-0.800003,-0.000007
cmd,14.770000,194.609000,0.533067,-1.049990,1.050025,-1.050024,-0.800003,-0.000007
cmd,14.780000,194.619000,0.531873,-1.049990,1.050025,-1.050024,-0.800003,-0.000007
cmd,14.790000,194.629000,0.530647,-1.049990,1.050025,-1.050024,-0.800003,-0.000007
cmd,14.800000,194.639000,0.529391,-1.049990,1.050025,-1.050024,-0.800003,-0.000007
cmd,14.810000,194.649000,0.528106,-1.049990,1.050025,-1.050024,-0.800003,-0.000007
cmd,14.820000,194.659000,0.526793,-1.049990,1.050025,-1.050024,-0.800003,-0.000007
cmd,14.830000,194.669000,0.525454,-1.049990,1.050025,-1.050024,-0.800003,-0.000007
cmd,14.840000,194.679000,0.524089,-1.049990,1.050025,-1.050024,-0.800003,-0.000007
cmd,14.850000,194.689000,0.522701,-1.049990,1.050025,-1.050024,-0.800003,-0.000007
cmd,14.860000,194.699000,0.521290,-1.049990,1.050025,-1.050024,-0.800003,-0.000007
cmd,14.870000,194.709000,0.519859,-1.049990,1.050025,-1.050024,-0.800003,-0.000007
cmd,14.880000,194.719000,0.518408,-1.049990,1.050025,-1.050024,-0.800003,-0.000007
cmd,14.890000,194.729000,0.516938,-1.049990,1.050025,-1.050024,-0.800003,-0.000007
cmd,14.900000,194.739000,0.515452,-1.049990,1.050025,-1.050024,-0.800003,-0.000007
cmd,14.910000,194.749000,0.513951,-1.049990,1.050025,-1.050024,-0.800003,-0.000007
cmd,14.920000,194.759000,0.512436,-1.049990,1.050025,-1.050024,-0.800003,-0.000007
cmd,14.930000,194.769000,0.510909,-1.049990,1.050025,-1.050024,-0.800003,-0.000007
cmd,14.940000,194.779000,0.509371,-1.049990,1.050025,-1.050024,-0.800003,-0.000007
cmd,14.950000,194.789000,0.507823,-1.049990,1.050025,-1.050024,-0.800003,-0.000007
cmd,14.960000,194.799000,0.506268,-1.049990,1.050025,-1.050024,-0.800003,-0.000007
cmd,14.970000,194.809000,0.504707,-1.049990,1.050025,-1.050024,-0.800003,-0.000007
cmd,14.980000,194.819000,0.503141,-1.049990,1.050025,-1.050024,-0.800003,-0.000007
cmd,14.990000,194.829000,0.501572,-1.049990,1.050025,-1.050024,-0.800003,-0.000007
cmd,15.000000,194.839000,0.500001,-1.049990,1.050025,-1.050024,-0.800003,-0.000007
cmd,15.010000,194.849000,0.498431,-1.049990,1.050025,-1.050024,-0.800003,-0.000007
cmd,15.020000,194.859000,0.496862,-1.049990,1.050025,-1.050024,-0.800003,-0.000007
cmd,15.030000,194.869000,0.495296,-1.049990,1.050025,-1.050024,-0.800003,-0.000007
cmd,15.040000,194.879000,0.493735,-1.049990,1.050025,-1.050024,-0.800003,-0.000007
cmd,15.050000,194.889000,0.492180,-1.049990,1.050025,-1.050024,-0.800003,-0.000007
cmd,15.060000,194.899000,0.490632,-1.049990,1.050025,-1.050024,-0.800003,-0.000007
cmd,15.070000,194.909000,0.489094,-1.049990,1.050025,-1.050024,-0.800003,-0.000007
cmd,15.080000,194.919000,0.487567,-1.049990,1.050025,-1.050024,-0.800003,-0.000007
cmd,15.090000,194.929000,0.486052,-1.049990,1.050025,-1.050024,-0.800003,-0.000007
cmd,15.100000,194.939000,0.484551,-1.049990,1.050025,-1.050024,-0.800003,-0.000007
cmd,15.110000,194.949000,0.483065,-1.049990,1.050025,-1.050024,-0.800003,-0.000007
cmd,15.120000,194.959000,0.481595,-1.049990,1.050025,-1.050024,-0.800003,-0.000007
cmd,15.130000,194.969000,0.480144,-1.049990,1.050025,-1.050024,-0.800003,-0.000007
cmd,15.140000,194.979000,0.478713,-1.049990,1.050025,-1.050024,-0.800003,-0.000007
cmd,15.150000,194.989000,0.477302,-1.049990,1.050025,-1.050024,-0.800003,-0.000007
cmd,15.160000,194.999000,0.475914,-1.049990,1.050025,-1.050024,-0.800003,-0.000007
cmd,15.170000,195.009000,0.474549,-1.049990,1.050025,-1.050024,-0.800003,-0.000007
cmd,15.180000,195.019000,0.473210,-1.049990,1.050025,-1.050024,-0.800003,-0.000007
cmd,15.190000,195.029000,0.471897,-1.049990,1.050025,-1.050024,-0.800003,-0.000007
cmd,15.200000,195.039000,0.470612,-1.049990,1.050025,-1.050024,-0.800003,-0.000007
cmd,15.210000,195.049000,0.469356,-1.049990,1.050025,-1.050024,-0.800003,-0.000007
cmd,15.220000,195.059000,0.468130,-1.049990,1.050025,-1.050024,-0.800003,-0.000007
cmd,15.230000,195.069000,0.466936,-1.049990,1.050025,-1.050024,-0.800003,-0.000007
cmd,15.240000,195.079000,0.465774,-1.049990,1.050025,-1.050024,-0.800003,-0.000007
cmd,15.250000,195.089000,0.464646,-1.049990,1.050025,-1.050024,-0.800003,-0.000007
cmd,15.260000,195.099000,0.463553,-1.049990,1.050025,-1.050024,-0.800003,-0.000007
cmd,15.270000,195.109000,0.462496,-1.049990,1.050025,-1.050024,-0.800003,-0.000007
cmd,15.280000,195.119000,0.461476,-1.049990,1.050025,-1.050024,-0.800003,-0.000007
cmd,15.290000,195.129000,0.460494,-1.049990,1.050025,-1.050024,-0.800003,-0.000007
cmd,15.300000,195.139000,0.459551,-1.049990,1.050025,-1.050024,-0.800003,-0.000007
cmd,15.310000,195.149000,0.458647,-1.049990,1.050025,-1.050024,-0.800003,-0.000007
cmd,15.320000,195.159000,0.457785,-1.049990,1.050025,-1.050024,-0.800003,-0.000007
cmd,15.330000,195.169000,0.456964,-1.049990,1.050025,-1.050024,-0.800003,-0.000007
cmd,15.340000,195.179000,0.456186,-1.049990,1.050025,-1.050024,-0.800003,-0.000007
cmd,15.350000,195.189000,0.455451,-1.049990,1.050025,-1.050024,-0.800003,-0.000007
cmd,15.360000,195.199000,0.454760,-1.049990,1.050025,-1.050024,-0.800003,-0.000007
cmd,15.370000,195.209000,0.454114,-1.049990,1.050025,-1.050024,-0.800003,-0.000007
cmd,15.380000,195.219000,0.453513,-1.049990,1.050025,-1.050024,-0.800003,-0.000007
cmd,15.390000,195.229000,0.452957,-1.049990,1.050025,-1.050024,-0.800003,-0.000007
cmd,15.400000,195.239000,0.452449,-1.049990,1.050025,-1.050024,-0.800003,-0.000007
cmd,15.410000,195.249000,0.451987,-1.049990,1.050025,-1.050024,-0.800003,-0.000007
cmd,15.420000,195.259000,0.451572,-1.049990,1.050025,-1.050024,-0.800003,-0.000007
cmd,15.430000,195.269000,0.451206,-1.049990,1.050025,-1.050024,-0.800003,-0.000007
cmd,15.440000,195.279000,0.450887,-1.049990,1.050025,-1.050024,-0.800003,-0.000007
cmd,15.450000,195.289000,0.450617,-1.049990,1.050025,-1.050024,-0.800003,-0.000007
cmd,15.460000,195.299000,0.450396,-1.049990,1.050025,-1.050024,-0.800003,-0.000007
cmd,15.470000,195.309000,0.450223,-1.049990,1.050025,-1.050024,-0.800003,-0.000007
cmd,15.480000,195.319000,0.450100,-1.049990,1.050025,-1.050024,-0.800003,-0.000007
cmd,15.490000,195.329000,0.450026,-1.049990,1.050025,-1.050024,-0.800003,-0.000007
cmd,15.500000,195.339000,0.450001,-1.049990,1.050025,-1.050024,-0.800003,-0.000007
cmd,15.510000,195.349000,0.450026,-1.049990,1.050025,-1.050024,-0.800003,-0.000007
cmd,15.520000,195.359000,0.450100,-1.049990,1.050025,-1.050024,-0.800003,-0.000007
cmd,15.530000,195.369000,0.450223,-1.049990,1.050025,-1.050024,-0.800003,-0.000007
cmd,15.540000,195.379000,0.450396,-1.049990,1.050025,-1.050024,-0.800003,-0.000007
cmd,15.550000,195.389000,0.450617,-1.049990,1.050025,-1.050024,-0.800003,-0.000007
cmd,15.560000,195.399000,0.450887,-1.049990,1.050025,-1.050024,-0.800003,-0.000007
cmd,15.570000,195.409000,0.451206,-1.049990,1.050025,-1.050024,-0.800003,-0.000007
cmd,15.580000,195.419000,0.451572,-1.049990,1.050025,-1.050024,-0.800003,-0.000007
cmd,15.590000,195.429000,0.451987,-1.049990,1.050025,-1.050024,-0.800003,-0.000007
cmd,15.600000,195.439000,0.452449,-1.049990,1.050025,-1.050024,-0.800003,-0.000007
cmd,15.610000,195.449000,0.452957,-1.049990,1.050025,-1.050024,-0.800003,-0.000007
cmd,15.620000,195.459000,0.453513,-1.049990,1.050025,-1.050024,-0.800003,-0.000007
cmd,15.630000,195.469000,0.454114,-1.049990,1.050025,-1.050024,-0.800003,-0.000007
cmd,15.640000,195.479000,0.454760,-1.049990,1.050025,-1.050024,-0.800003,-0.000007
cmd,15.650000,195.489000,0.455451,-1.049990,1.050025,-1.050024,-0.800003,-0.000007
cmd,15.660000,195.499000,0.456186,-1.049990,1.050025,-1.050024,-0.800003,-0.000007
cmd,15.670000,195.509000,0.456964,-1.049990,1.050025,-1.050024,-0.800003,-0.000007
cmd,15.680000,195.519000,0.457785,-1.049990,1.050025,-1.050024,-0.800003,-0.000007
cmd,15.690000,195.529000,0.458647,-1.049990,1.050025,-1.050024,-0.800003,-0.000007
cmd,15.700000,195.539000,0.459551,-1.049990,1.050025,-1.050024,-0.800003,-0.000007
cmd,15.710000,195.549000,0.460494,-1.049990,1.050025,-1.050024,-0.800003,-0.000007
cmd,15.720000,195.559000,0.461476,-1.049990,1.050025,-1.050024,-0.800003,-0.000007
cmd,15.730000,195.569000,0.462496,-1.049990,1.050025,-1.050024,-0.800003,-0.000007
cmd,15.740000,195.579000,0.463553,-1.049990,1.050025,-1.050024,-0.800003,-0.000007
cmd,15.750000,195.589000,0.464646,-1.049990,1.050025,-1.050024,-0.800003,-0.000007
cmd,15.760000,195.599000,0.465774,-1.049990,1.050025,-1.050024,-0.800003,-0.000007
cmd,15.770000,195.609000,0.466936,-1.049990,1.050025,-1.050024,-0.800003,-0.000007
cmd,15.780000,195.619000,0.468130,-1.049990,1.050025,-1.050024,-0.800003,-0.000007
cmd,15.790000,195.629000,0.469356,-1.049990,1.050025,-1.050024,-0.800003,-0.000007
cmd,15.800000,195.639000,0.470612,-1.049990,1.050025,-1.050024,-0.800003,-0.000007
cmd,15.810000,195.649000,0.471897,-1.049990,1.050025,-1.050024,-0.800003,-0.000007
cmd,15.820000,195.659000,0.473210,-1.049990,1.050025,-1.050024,-0.800003,-0.000007
cmd,15.830000,195.669000,0.474549,-1.049990,1.050025,-1.050024,-0.800003,-0.000007
cmd,15.840000,195.679000,0.475914,-1.049990,1.050025,-1.050024,-0.800003,-0.000007
cmd,15.850000,195.689000,0.477302,-1.049990,1.050025,-1.050024,-0.800003,-0.000007
cmd,15.860000,195.699000,0.478713,-1.049990,1.050025,-1.050024,-0.800003,-0.000007
cmd,15.870000,195.709000,0.480144,-1.049990,1.050025,-1.050024,-0.800003,-0.000007
cmd,15.880000,195.719000,0.481595,-1.049990,1.050025,-1.050024,-0.800003,-0.000007
cmd,15.890000,195.729000,0.483065,-1.049990,1.050025,-1.050024,-0.800003,-0.000007
cmd,15.900000,195.739000,0.484551,-1.049990,1.050025,-1.050024,-0.800003,-0.000007
cmd,15.910000,195.749000,0.486052,-1.049990,1.050025,-1.050024,-0.800003,-0.000007
cmd,15.920000,195.759000,0.487567,-1.049990,1.050025,-1.050024,-0.800003,-0.000007
cmd,15.930000,195.769000,0.489094,-1.049990,1.050025,-1.050024,-0.800003,-0.000007
cmd,15.940000,195.779000,0.490632,-1.049990,1.050025,-1.050024,-0.800003,-0.000007
cmd,15.950000,195.789000,0.492180,-1.049990,1.050025,-1.050024,-0.800003,-0.000007
cmd,15.960000,195.799000,0.493735,-1.049990,1.050025,-1.050024,-0.800003,-0.000007
cmd,15.970000,195.809000,0.495296,-1.049990,1.050025,-1.050024,-0.800003,-0.000007
cmd,15.980000,195.819000,0.496862,-1.049990,1.050025,-1.050024,-0.800003,-0.000007
cmd,15.990000,195.829000,0.498431,-1.049990,1.050025,-1.050024,-0.800003,-0.000007
cmd,16.000000,195.839000,0.500001,-1.049990,1.050025,-1.050024,-0.800003,-0.000007
cmd,16.010000,195.849000,0.501572,-1.049990,1.050025,-1.050024,-0.800003,-0.000007
cmd,16.020000,195.859000,0.503141,-1.049990,1.050025,-1.050024,-0.800003,-0.000007
cmd,16.030000,195.869000,0.504707,-1.049990,1.050025,-1.050024,-0.800003,-0.000007
cmd,16.040000,195.879000,0.506268,-1.049990,1.050025,-1.050024,-0.800003,-0.000007
cmd,16.050000,195.889000,0.507823,-1.049990,1.050025,-1.050024,-0.800003,-0.000007
cmd,16.060000,195.899000,0.509371,-1.049990,1.050025,-1.050024,-0.800003,-0.000007
cmd,16.070000,195.909000,0.510909,-1.049990,1.050025,-1.050024,-0.800003,-0.000007
cmd,16.080000,195.919000,0.512436,-1.049990,1.050025,-1.050024,-0.800003,-0.000007
cmd,16.090000,195.929000,0.513951,-1.049990,1.050025,-1.050024,-0.800003,-0.000007
cmd,16.100000,195.939000,0.515452,-1.049990,1.050025,-1.050024,-0.800003,-0.000007
cmd,16.110000,195.949000,0.516938,-1.049990,1.050025,-1.050024,-0.800003,-0.000007
cmd,16.120000,195.959000,0.518408,-1.049990,1.050025,-1.050024,-0.800003,-0.000007
cmd,16.130000,195.969000,0.519859,-1.049990,1.050025,-1.050024,-0.800003,-0.000007
cmd,16.140000,195.979000,0.521290,-1.049990,1.050025,-1.050024,-0.800003,-0.000007
cmd,16.150000,195.989000,0.522701,-1.049990,1.050025,-1.050024,-0.800003,-0.000007
cmd,16.160000,195.999000,0.524089,-1.049990,1.050025,-1.050024,-0.800003,-0.000007
cmd,16.170000,196.009000,0.525454,-1.049990,1.050025,-1.050024,-0.800003,-0.000007
cmd,16.180000,196.019000,0.526793,-1.049990,1.050025,-1.050024,-0.800003,-0.000007
cmd,16.190000,196.029000,0.528106,-1.049990,1.050025,-1.050024,-0.800003,-0.000007
cmd,16.200000,196.039000,0.529391,-1.049990,1.050025,-1.050024,-0.800003,-0.000007
cmd,16.210000,196.049000,0.530647,-1.049990,1.050025,-1.050024,-0.800003,-0.000007
cmd,16.220000,196.059000,0.531873,-1.049990,1.050025,-1.050024,-0.800003,-0.000007
cmd,16.230000,196.069000,0.533067,-1.049990,1.050025,-1.050024,-0.800003,-0.000007
cmd,16.240000,196.079000,0.534229,-1.049990,1.050025,-1.050024,-0.800003,-0.000007
cmd,16.250000,196.089000,0.535357,-1.049990,1.050025,-1.050024,-0.800003,-0.000007
cmd,16.260000,196.099000,0.536450,-1.049990,1.050025,-1.050024,-0.800003,-0.000007
cmd,16.270000,196.109000,0.537507,-1.049990,1.050025,-1.050024,-0.800003,-0.000007
cmd,16.280000,196.119000,0.538527,-1.049990,1.050025,-1.050024,-0.800003,-0.000007
cmd,16.290000,196.129000,0.539509,-1.049990,1.050025,-1.050024,-0.800003,-0.000007
cmd,16.300000,196.139000,0.540452,-1.049990,1.050025,-1.050024,-0.800003,-0.000007
cmd,16.310000,196.149000,0.541356,-1.049990,1.050025,-1.050024,-0.800003,-0.000007
cmd,16.320000,196.159000,0.542218,-1.049990,1.050025,-1.050024,-0.800003,-0.000007
cmd,16.330000,196.169000,0.543039,-1.049990,1.050025,-1.050024,-0.800003,-0.000007
cmd,16.340000,196.179000,0.543817,-1.049990,1.050025,-1.050024,-0.800003,-0.000007
cmd,16.350000,196.189000,0.544552,-1.049990,1.050025,-1.050024,-0.800003,-0.000007
cmd,16.360000,196.199000,0.545243,-1.049990,1.050025,-1.050024,-0.800003,-0.000007
cmd,16.370000,196.209000,0.545889,-1.049990,1.050025,-1.050024,-0.800003,-0.000007
cmd,16.380000,196.219000,0.546490,-1.049990,1.050025,-1.050024,-0.800003,-0.000007
cmd,16.390000,196.229000,0.547046,-1.049990,1.050025,-1.050024,-0.800003,-0.000007
cmd,16.400000,196.239000,0.547554,-1.049990,1.050025,-1.050024,-0.800003,-0.000007
cmd,16.410000,196.249000,0.548016,-1.049990,1.050025,-1.050024,-0.800003,-0.000007
cmd,16.420000,196.259000,0.548431,-1.049990,1.050025,-1.050024,-0.800003,-0.000007
cmd,16.430000,196.269000,0.548797,-1.049990,1.050025,-1.050024,-0.800003,-0.000007
cmd,16.440000,196.279000,0.549116,-1.049990,1.050025,-1.050024,-0.800003,-0.000007
cmd,16.450000,196.289000,0.549386,-1.049990,1.050025,-1.050024,-0.800003,-0.000007
cmd,16.460000,196.299000,0.549607,-1.049990,1.050025,-1.050024,-0.800003,-0.000007
cmd,16.470000,196.309000,0.549780,-1.049990,1.050025,-1.050024,-0.800003,-0.000007
cmd,16.480000,196.319000,0.549903,-1.049990,1.050025,-1.050024,-0.800003,-0.000007
cmd,16.490000,196.329000,0.549977,-1.049990,1.050025,-1.050024,-0.800003,-0.000007
cmd,16.500000,196.339000,0.550001,-1.049990,1.050025,-1.050024,-0.800003,-0.000007
cmd,16.510000,196.349000,0.549977,-1.049990,1.050025,-1.050024,-0.800003,-0.000007
cmd,16.520000,196.359000,0.549903,-1.049990,1.050025,-1.050024,-0.800003,-0.000007
cmd,16.530000,196.369000,0.549780,-1.049990,1.050025,-1.050024,-0.800003,-0.000007
cmd,16.540000,196.379000,0.549607,-1.049990,1.050025,-1.050024,-0.800003,-0.000007
cmd,16.550000,196.389000,0.549386,-1.049990,1.050025,-1.050024,-0.800003,-0.000007
cmd,16.560000,196.399000,0.549116,-1.049990,1.050025,-1.050024,-0.800003,-0.000007
cmd,16.570000,196.409000,0.548797,-1.049990,1.050025,-1.050024,-0.800003,-0.000007
cmd,16.580000,196.419000,0.548431,-1.049990,1.050025,-1.050024,-0.800003,-0.000007
cmd,16.590000,196.429000,0.548016,-1.049990,1.050025,-1.050024,-0.800003,-0.000007
cmd,16.600000,196.439000,0.547554,-1.049990,1.050025,-1.050024,-0.800003,-0.000007
cmd,16.610000,196.449000,0.547046,-1.049990,1.050025,-1.050024,-0.800003,-0.000007
cmd,16.620000,196.459000,0.546490,-1.049990,1.050025,-1.050024,-0.800003,-0.000007
cmd,16.630000,196.469000,0.545889,-1.049990,1.050025,-1.050024,-0.800003,-0.000007
cmd,16.640000,196.479000,0.545243,-1.049990,1.050025,-1.050024,-0.800003,-0.000007
cmd,16.650000,196.489000,0.544552,-1.049990,1.050025,-1.050024,-0.800003,-0.000007
cmd,16.660000,196.499000,0.543817,-1.049990,1.050025,-1.050024,-0.800003,-0.000007
cmd,16.670000,196.509000,0.543039,-1.049990,1.050025,-1.050024,-0.800003,-0.000007
cmd,16.680000,196.519000,0.542218,-1.049990,1.050025,-1.050024,-0.800003,-0.000007
cmd,16.690000,196.529000,0.541356,-1.049990,1.050025,-1.050024,-0.800003,-0.000007
cmd,16.700000,196.539000,0.540452,-1.049990,1.050025,-1.050024,-0.800003,-0.000007
cmd,16.710000,196.549000,0.539509,-1.049990,1.050025,-1.050024,-0.800003,-0.000007
cmd,16.720000,196.559000,0.538527,-1.049990,1.050025,-1.050024,-0.800003,-0.000007
cmd,16.730000,196.569000,0.537507,-1.049990,1.050025,-1.050024,-0.800003,-0.000007
cmd,16.740000,196.579000,0.536450,-1.049990,1.050025,-1.050024,-0.800003,-0.000007
cmd,16.750000,196.589000,0.535357,-1.049990,1.050025,-1.050024,-0.800003,-0.000007
cmd,16.760000,196.599000,0.534229,-1.049990,1.050025,-1.050024,-0.800003,-0.000007
cmd,16.770000,196.609000,0.533067,-1.049990,1.050025,-1.050024,-0.800003,-0.000007
cmd,16.780000,196.619000,0.531873,-1.049990,1.050025,-1.050024,-0.800003,-0.000007
cmd,16.790000,196.629000,0.530647,-1.049990,1.050025,-1.050024,-0.800003,-0.000007
cmd,16.800000,196.639000,0.529391,-1.049990,1.050025,-1.050024,-0.800003,-0.000007
cmd,16.810000,196.649000,0.528106,-1.049990,1.050025,-1.050024,-0.800003,-0.000007
cmd,16.820000,196.659000,0.526793,-1.049990,1.050025,-1.050024,-0.800003,-0.000007
cmd,16.830000,196.669000,0.525454,-1.049990,1.050025,-1.050024,-0.800003,-0.000007
cmd,16.840000,196.679000,0.524089,-1.049990,1.050025,-1.050024,-0.800003,-0.000007
cmd,16.850000,196.689000,0.522701,-1.049990,1.050025,-1.050024,-0.800003,-0.000007
cmd,16.860000,196.699000,0.521290,-1.049990,1.050025,-1.050024,-0.800003,-0.000007
cmd,16.870000,196.709000,0.519859,-1.049990,1.050025,-1.050024,-0.800003,-0.000007
cmd,16.880000,196.719000,0.518408,-1.049990,1.050025,-1.050024,-0.800003,-0.000007
cmd,16.890000,196.729000,0.516938,-1.049990,1.050025,-1.050024,-0.800003,-0.000007
cmd,16.900000,196.739000,0.515452,-1.049990,1.050025,-1.050024,-0.800003,-0.000007
cmd,16.910000,196.749000,0.513951,-1.049990,1.050025,-1.050024,-0.800003,-0.000007
cmd,16.920000,196.759000,0.512436,-1.049990,1.050025,-1.050024,-0.800003,-0.000007
cmd,16.930000,196.769000,0.510909,-1.049990,1.050025,-1.050024,-0.800003,-0.000007
cmd,16.940000,196.779000,0.509371,-1.049990,1.050025,-1.050024,-0.800003,-0.000007
cmd,16.950000,196.789000,0.507823,-1.049990,1.050025,-1.050024,-0.800003,-0.000007
cmd,16.960000,196.799000,0.506268,-1.049990,1.050025,-1.050024,-0.800003,-0.000007
cmd,16.970000,196.809000,0.504707,-1.049990,1.050025,-1.050024,-0.800003,-0.000007
cmd,16.980000,196.819000,0.503141,-1.049990,1.050025,-1.050024,-0.800003,-0.000007
cmd,16.990000,196.829000,0.501572,-1.049990,1.050025,-1.050024,-0.800003,-0.000007
cmd,17.000000,196.839000,0.500001,-1.049990,1.050025,-1.050024,-0.800003,-0.000007
cmd,17.010000,196.849000,0.498431,-1.049990,1.050025,-1.050024,-0.800003,-0.000007
cmd,17.020000,196.859000,0.496862,-1.049990,1.050025,-1.050024,-0.800003,-0.000007
cmd,17.030000,196.869000,0.495296,-1.049990,1.050025,-1.050024,-0.800003,-0.000007
cmd,17.040000,196.879000,0.493735,-1.049990,1.050025,-1.050024,-0.800003,-0.000007
cmd,17.050000,196.889000,0.492180,-1.049990,1.050025,-1.050024,-0.800003,-0.000007
cmd,17.060000,196.899000,0.490632,-1.049990,1.050025,-1.050024,-0.800003,-0.000007
cmd,17.070000,196.909000,0.489094,-1.049990,1.050025,-1.050024,-0.800003,-0.000007
cmd,17.080000,196.919000,0.487567,-1.049990,1.050025,-1.050024,-0.800003,-0.000007
cmd,17.090000,196.929000,0.486052,-1.049990,1.050025,-1.050024,-0.800003,-0.000007
cmd,17.100000,196.939000,0.484551,-1.049990,1.050025,-1.050024,-0.800003,-0.000007
cmd,17.110000,196.949000,0.483065,-1.049990,1.050025,-1.050024,-0.800003,-0.000007
cmd,17.120000,196.959000,0.481595,-1.049990,1.050025,-1.050024,-0.800003,-0.000007
cmd,17.130000,196.969000,0.480144,-1.049990,1.050025,-1.050024,-0.800003,-0.000007
cmd,17.140000,196.979000,0.478713,-1.049990,1.050025,-1.050024,-0.800003,-0.000007
cmd,17.150000,196.989000,0.477302,-1.049990,1.050025,-1.050024,-0.800003,-0.000007
cmd,17.160000,196.999000,0.475914,-1.049990,1.050025,-1.050024,-0.800003,-0.000007
cmd,17.170000,197.009000,0.474549,-1.049990,1.050025,-1.050024,-0.800003,-0.000007
cmd,17.180000,197.019000,0.473210,-1.049990,1.050025,-1.050024,-0.800003,-0.000007
cmd,17.190000,197.029000,0.471897,-1.049990,1.050025,-1.050024,-0.800003,-0.000007
cmd,17.200000,197.039000,0.470612,-1.049990,1.050025,-1.050024,-0.800003,-0.000007
cmd,17.210000,197.049000,0.469356,-1.049990,1.050025,-1.050024,-0.800003,-0.000007
cmd,17.220000,197.059000,0.468130,-1.049990,1.050025,-1.050024,-0.800003,-0.000007
cmd,17.230000,197.069000,0.466936,-1.049990,1.050025,-1.050024,-0.800003,-0.000007
cmd,17.240000,197.079000,0.465774,-1.049990,1.050025,-1.050024,-0.800003,-0.000007
cmd,17.250000,197.089000,0.464646,-1.049990,1.050025,-1.050024,-0.800003,-0.000007
cmd,17.260000,197.099000,0.463553,-1.049990,1.050025,-1.050024,-0.800003,-0.000007
cmd,17.270000,197.109000,0.462496,-1.049990,1.050025,-1.050024,-0.800003,-0.000007
cmd,17.280000,197.119000,0.461476,-1.049990,1.050025,-1.050024,-0.800003,-0.000007
cmd,17.290000,197.129000,0.460494,-1.049990,1.050025,-1.050024,-0.800003,-0.000007
cmd,17.300000,197.139000,0.459551,-1.049990,1.050025,-1.050024,-0.800003,-0.000007
cmd,17.310000,197.149000,0.458647,-1.049990,1.050025,-1.050024,-0.800003,-0.000007
cmd,17.320000,197.159000,0.457785,-1.049990,1.050025,-1.050024,-0.800003,-0.000007
cmd,17.330000,197.169000,0.456964,-1.049990,1.050025,-1.050024,-0.800003,-0.000007
cmd,17.340000,197.179000,0.456186,-1.049990,1.050025,-1.050024,-0.800003,-0.000007
cmd,17.350000,197.189000,0.455451,-1.049990,1.050025,-1.050024,-0.800003,-0.000007
cmd,17.360000,197.199000,0.454760,-1.049990,1.050025,-1.050024,-0.800003,-0.000007
cmd,17.370000,197.209000,0.454114,-1.049990,1.050025,-1.050024,-0.800003,-0.000007
cmd,17.380000,197.219000,0.453513,-1.049990,1.050025,-1.050024,-0.800003,-0.000007
cmd,17.390000,197.229000,0.452957,-1.049990,1.050025,-1.050024,-0.800003,-0.000007
cmd,17.400000,197.239000,0.452449,-1.049990,1.050025,-1.050024,-0.800003,-0.000007
cmd,17.410000,197.249000,0.451987,-1.049990,1.050025,-1.050024,-0.800003,-0.000007
cmd,17.420000,197.259000,0.451572,-1.049990,1.050025,-1.050024,-0.800003,-0.000007
cmd,17.430000,197.269000,0.451206,-1.049990,1.050025,-1.050024,-0.800003,-0.000007
cmd,17.440000,197.279000,0.450887,-1.049990,1.050025,-1.050024,-0.800003,-0.000007
cmd,17.450000,197.289000,0.450617,-1.049990,1.050025,-1.050024,-0.800003,-0.000007
cmd,17.460000,197.299000,0.450396,-1.049990,1.050025,-1.050024,-0.800003,-0.000007
cmd,17.470000,197.309000,0.450223,-1.049990,1.050025,-1.050024,-0.800003,-0.000007
cmd,17.480000,197.319000,0.450100,-1.049990,1.050025,-1.050024,-0.800003,-0.000007
cmd,17.490000,197.329000,0.450026,-1.049990,1.050025,-1.050024,-0.800003,-0.000007
cmd,17.500000,197.339000,0.450001,-1.049990,1.050025,-1.050024,-0.800003,-0.000007
cmd,17.510000,197.349000,0.450026,-1.049990,1.050025,-1.050024,-0.800003,-0.000007
cmd,17.520000,197.359000,0.450100,-1.049990,1.050025,-1.050024,-0.800003,-0.000007
cmd,17.530000,197.369000,0.450223,-1.049990,1.050025,-1.050024,-0.800003,-0.000007
cmd,17.540000,197.379000,0.450396,-1.049990,1.050025,-1.050024,-0.800003,-0.000007
cmd,17.550000,197.389000,0.450617,-1.049990,1.050025,-1.050024,-0.800003,-0.000007
cmd,17.560000,197.399000,0.450887,-1.049990,1.050025,-1.050024,-0.800003,-0.000007
cmd,17.570000,197.409000,0.451206,-1.049990,1.050025,-1.050024,-0.800003,-0.000007
cmd,17.580000,197.419000,0.451572,-1.049990,1.050025,-1.050024,-0.800003,-0.000007
cmd,17.590000,197.429000,0.451987,-1.049990,1.050025,-1.050024,-0.800003,-0.000007
cmd,17.600000,197.439000,0.452449,-1.049990,1.050025,-1.050024,-0.800003,-0.000007
cmd,17.610000,197.449000,0.452957,-1.049990,1.050025,-1.050024,-0.800003,-0.000007
cmd,17.620000,197.459000,0.453513,-1.049990,1.050025,-1.050024,-0.800003,-0.000007
cmd,17.630000,197.469000,0.454114,-1.049990,1.050025,-1.050024,-0.800003,-0.000007
cmd,17.640000,197.479000,0.454760,-1.049990,1.050025,-1.050024,-0.800003,-0.000007
cmd,17.650000,197.489000,0.455451,-1.049990,1.050025,-1.050024,-0.800003,-0.000007
cmd,17.660000,197.499000,0.456186,-1.049990,1.050025,-1.050024,-0.800003,-0.000007
cmd,17.670000,197.509000,0.456964,-1.049990,1.050025,-1.050024,-0.800003,-0.000007
cmd,17.680000,197.519000,0.457785,-1.049990,1.050025,-1.050024,-0.800003,-0.000007
cmd,17.690000,197.529000,0.458647,-1.049990,1.050025,-1.050024,-0.800003,-0.000007
cmd,17.700000,197.539000,0.459551,-1.049990,1.050025,-1.050024,-0.800003,-0.000007
cmd,17.710000,197.549000,0.460494,-1.049990,1.050025,-1.050024,-0.800003,-0.000007
cmd,17.720000,197.559000,0.461476,-1.049990,1.050025,-1.050024,-0.800003,-0.000007
cmd,17.730000,197.569000,0.462496,-1.049990,1.050025,-1.050024,-0.800003,-0.000007
cmd,17.740000,197.579000,0.463553,-1.049990,1.050025,-1.050024,-0.800003,-0.000007
cmd,17.750000,197.589000,0.464646,-1.049990,1.050025,-1.050024,-0.800003,-0.000007
cmd,17.760000,197.599000,0.465774,-1.049990,1.050025,-1.050024,-0.800003,-0.000007
cmd,17.770000,197.609000,0.466936,-1.049990,1.050025,-1.050024,-0.800003,-0.000007
cmd,17.780000,197.619000,0.468130,-1.049990,1.050025,-1.050024,-0.800003,-0.000007
cmd,17.790000,197.629000,0.469356,-1.049990,1.050025,-1.050024,-0.800003,-0.000007
cmd,17.800000,197.639000,0.470612,-1.049990,1.050025,-1.050024,-0.800003,-0.000007
cmd,17.810000,197.649000,0.471897,-1.049990,1.050025,-1.050024,-0.800003,-0.000007
cmd,17.820000,197.659000,0.473210,-1.049990,1.050025,-1.050024,-0.800003,-0.000007
cmd,17.830000,197.669000,0.474549,-1.049990,1.050025,-1.050024,-0.800003,-0.000007
cmd,17.840000,197.679000,0.475914,-1.049990,1.050025,-1.050024,-0.800003,-0.000007
cmd,17.850000,197.689000,0.477302,-1.049990,1.050025,-1.050024,-0.800003,-0.000007
cmd,17.860000,197.699000,0.478713,-1.049990,1.050025,-1.050024,-0.800003,-0.000007
cmd,17.870000,197.709000,0.480144,-1.049990,1.050025,-1.050024,-0.800003,-0.000007
cmd,17.880000,197.719000,0.481595,-1.049990,1.050025,-1.050024,-0.800003,-0.000007
cmd,17.890000,197.729000,0.483065,-1.049990,1.050025,-1.050024,-0.800003,-0.000007
cmd,17.900000,197.739000,0.484551,-1.049990,1.050025,-1.050024,-0.800003,-0.000007
cmd,17.910000,197.749000,0.486052,-1.049990,1.050025,-1.050024,-0.800003,-0.000007
cmd,17.920000,197.759000,0.487567,-1.049990,1.050025,-1.050024,-0.800003,-0.000007
cmd,17.930000,197.769000,0.489094,-1.049990,1.050025,-1.050024,-0.800003,-0.000007
cmd,17.940000,197.779000,0.490632,-1.049990,1.050025,-1.050024,-0.800003,-0.000007
cmd,17.950000,197.789000,0.492180,-1.049990,1.050025,-1.050024,-0.800003,-0.000007
cmd,17.960000,197.799000,0.493735,-1.049990,1.050025,-1.050024,-0.800003,-0.000007
cmd,17.970000,197.809000,0.495296,-1.049990,1.050025,-1.050024,-0.800003,-0.000007
cmd,17.980000,197.819000,0.496862,-1.049990,1.050025,-1.050024,-0.800003,-0.000007
cmd,17.990000,197.829000,0.498431,-1.049990,1.050025,-1.050024,-0.800003,-0.000007
cmd,18.000000,197.839000,0.500001,-1.049990,1.050025,-1.050024,-0.800003,-0.000007
cmd,18.010000,197.849000,0.501572,-1.049990,1.050025,-1.050024,-0.800003,-0.000007
cmd,18.020000,197.859000,0.503141,-1.049990,1.050025,-1.050024,-0.800003,-0.000007
cmd,18.030000,197.869000,0.504707,-1.049990,1.050025,-1.050024,-0.800003,-0.000007
cmd,18.040000,197.879000,0.506268,-1.049990,1.050025,-1.050024,-0.800003,-0.000007
cmd,18.050000,197.889000,0.507823,-1.049990,1.050025,-1.050024,-0.800003,-0.000007
cmd,18.060000,197.899000,0.509371,-1.049990,1.050025,-1.050024,-0.800003,-0.000007
cmd,18.070000,197.909000,0.510909,-1.049990,1.050025,-1.050024,-0.800003,-0.000007
cmd,18.080000,197.919000,0.512436,-1.049990,1.050025,-1.050024,-0.800003,-0.000007
cmd,18.090000,197.929000,0.513951,-1.049990,1.050025,-1.050024,-0.800003,-0.000007
cmd,18.100000,197.939000,0.515452,-1.049990,1.050025,-1.050024,-0.800003,-0.000007
cmd,18.110000,197.949000,0.516938,-1.049990,1.050025,-1.050024,-0.800003,-0.000007
cmd,18.120000,197.959000,0.518408,-1.049990,1.050025,-1.050024,-0.800003,-0.000007
cmd,18.130000,197.969000,0.519859,-1.049990,1.050025,-1.050024,-0.800003,-0.000007
cmd,18.140000,197.979000,0.521290,-1.049990,1.050025,-1.050024,-0.800003,-0.000007
cmd,18.150000,197.989000,0.522701,-1.049990,1.050025,-1.050024,-0.800003,-0.000007
cmd,18.160000,197.999000,0.524089,-1.049990,1.050025,-1.050024,-0.800003,-0.000007
cmd,18.170000,198.009000,0.525454,-1.049990,1.050025,-1.050024,-0.800003,-0.000007
cmd,18.180000,198.019000,0.526793,-1.049990,1.050025,-1.050024,-0.800003,-0.000007
cmd,18.190000,198.029000,0.528106,-1.049990,1.050025,-1.050024,-0.800003,-0.000007
cmd,18.200000,198.039000,0.529391,-1.049990,1.050025,-1.050024,-0.800003,-0.000007
cmd,18.210000,198.049000,0.530647,-1.049990,1.050025,-1.050024,-0.800003,-0.000007
cmd,18.220000,198.059000,0.531873,-1.049990,1.050025,-1.050024,-0.800003,-0.000007
cmd,18.230000,198.069000,0.533067,-1.049990,1.050025,-1.050024,-0.800003,-0.000007
cmd,18.240000,198.079000,0.534229,-1.049990,1.050025,-1.050024,-0.800003,-0.000007
cmd,18.250000,198.089000,0.535357,-1.049990,1.050025,-1.050024,-0.800003,-0.000007
cmd,18.260000,198.099000,0.536450,-1.049990,1.050025,-1.050024,-0.800003,-0.000007
cmd,18.270000,198.109000,0.537507,-1.049990,1.050025,-1.050024,-0.800003,-0.000007
cmd,18.280000,198.119000,0.538527,-1.049990,1.050025,-1.050024,-0.800003,-0.000007
cmd,18.290000,198.129000,0.539509,-1.049990,1.050025,-1.050024,-0.800003,-0.000007
cmd,18.300000,198.139000,0.540452,-1.049990,1.050025,-1.050024,-0.800003,-0.000007
cmd,18.310000,198.149000,0.541356,-1.049990,1.050025,-1.050024,-0.800003,-0.000007
cmd,18.320000,198.159000,0.542218,-1.049990,1.050025,-1.050024,-0.800003,-0.000007
cmd,18.330000,198.169000,0.543039,-1.049990,1.050025,-1.050024,-0.800003,-0.000007
cmd,18.340000,198.179000,0.543817,-1.049990,1.050025,-1.050024,-0.800003,-0.000007
cmd,18.350000,198.189000,0.544552,-1.049990,1.050025,-1.050024,-0.800003,-0.000007
cmd,18.360000,198.199000,0.545243,-1.049990,1.050025,-1.050024,-0.800003,-0.000007
cmd,18.370000,198.209000,0.545889,-1.049990,1.050025,-1.050024,-0.800003,-0.000007
cmd,18.380000,198.219000,0.546490,-1.049990,1.050025,-1.050024,-0.800003,-0.000007
cmd,18.390000,198.229000,0.547046,-1.049990,1.050025,-1.050024,-0.800003,-0.000007
cmd,18.400000,198.239000,0.547554,-1.049990,1.050025,-1.050024,-0.800003,-0.000007
cmd,18.410000,198.249000,0.548016,-1.049990,1.050025,-1.050024,-0.800003,-0.000007
cmd,18.420000,198.259000,0.548431,-1.049990,1.050025,-1.050024,-0.800003,-0.000007
cmd,18.430000,198.269000,0.548797,-1.049990,1.050025,-1.050024,-0.800003,-0.000007
cmd,18.440000,198.279000,0.549116,-1.049990,1.050025,-1.050024,-0.800003,-0.000007
cmd,18.450000,198.289000,0.549386,-1.049990,1.050025,-1.050024,-0.800003,-0.000007
cmd,18.460000,198.299000,0.549607,-1.049990,1.050025,-1.050024,-0.800003,-0.000007
cmd,18.470000,198.309000,0.549780,-1.049990,1.050025,-1.050024,-0.800003,-0.000007
cmd,18.480000,198.319000,0.549903,-1.049990,1.050025,-1.050024,-0.800003,-0.000007
cmd,18.490000,198.329000,0.549977,-1.049990,1.050025,-1.050024,-0.800003,-0.000007
cmd,18.500000,198.339000,0.550001,-1.049990,1.050025,-1.050024,-0.800003,-0.000007
cmd,18.510000,198.349000,0.549977,-1.049990,1.050025,-1.050024,-0.800003,-0.000007
cmd,18.520000,198.359000,0.549903,-1.049990,1.050025,-1.050024,-0.800003,-0.000007
cmd,18.530000,198.369000,0.549780,-1.049990,1.050025,-1.050024,-0.800003,-0.000007
cmd,18.540000,198.379000,0.549607,-1.049990,1.050025,-1.050024,-0.800003,-0.000007
cmd,18.550000,198.389000,0.549386,-1.049990,1.050025,-1.050024,-0.800003,-0.000007
cmd,18.560000,198.399000,0.549116,-1.049990,1.050025,-1.050024,-0.800003,-0.000007
cmd,18.570000,198.409000,0.548797,-1.049990,1.050025,-1.050024,-0.800003,-0.000007
cmd,18.580000,198.419000,0.548431,-1.049990,1.050025,-1.050024,-0.800003,-0.000007
cmd,18.590000,198.429000,0.548016,-1.049990,1.050025,-1.050024,-0.800003,-0.000007
cmd,18.600000,198.439000,0.547554,-1.049990,1.050025,-1.050024,-0.800003,-0.000007
cmd,18.610000,198.449000,0.547046,-1.049990,1.050025,-1.050024,-0.800003,-0.000007
cmd,18.620000,198.459000,0.546490,-1.049990,1.050025,-1.050024,-0.800003,-0.000007
cmd,18.630000,198.469000,0.545889,-1.049990,1.050025,-1.050024,-0.800003,-0.000007
cmd,18.640000,198.479000,0.545243,-1.049990,1.050025,-1.050024,-0.800003,-0.000007
cmd,18.650000,198.489000,0.544552,-1.049990,1.050025,-1.050024,-0.800003,-0.000007
cmd,18.660000,198.499000,0.543817,-1.049990,1.050025,-1.050024,-0.800003,-0.000007
cmd,18.670000,198.509000,0.543039,-1.049990,1.050025,-1.050024,-0.800003,-0.000007
cmd,18.680000,198.519000,0.542218,-1.049990,1.050025,-1.050024,-0.800003,-0.000007
cmd,18.690000,198.529000,0.541356,-1.049990,1.050025,-1.050024,-0.800003,-0.000007
cmd,18.700000,198.539000,0.540452,-1.049990,1.050025,-1.050024,-0.800003,-0.000007
cmd,18.710000,198.549000,0.539509,-1.049990,1.050025,-1.050024,-0.800003,-0.000007
cmd,18.720000,198.559000,0.538527,-1.049990,1.050025,-1.050024,-0.800003,-0.000007
cmd,18.730000,198.569000,0.537507,-1.049990,1.050025,-1.050024,-0.800003,-0.000007
cmd,18.740000,198.579000,0.536450,-1.049990,1.050025,-1.050024,-0.800003,-0.000007
cmd,18.750000,198.589000,0.535357,-1.049990,1.050025,-1.050024,-0.800003,-0.000007
cmd,18.760000,198.599000,0.534229,-1.049990,1.050025,-1.050024,-0.800003,-0.000007
cmd,18.770000,198.609000,0.533067,-1.049990,1.050025,-1.050024,-0.800003,-0.000007
cmd,18.780000,198.619000,0.531873,-1.049990,1.050025,-1.050024,-0.800003,-0.000007
cmd,18.790000,198.629000,0.530647,-1.049990,1.050025,-1.050024,-0.800003,-0.000007
cmd,18.800000,198.639000,0.529391,-1.049990,1.050025,-1.050024,-0.800003,-0.000007
cmd,18.810000,198.649000,0.528106,-1.049990,1.050025,-1.050024,-0.800003,-0.000007
cmd,18.820000,198.659000,0.526793,-1.049990,1.050025,-1.050024,-0.800003,-0.000007
cmd,18.830000,198.669000,0.525454,-1.049990,1.050025,-1.050024,-0.800003,-0.000007
cmd,18.840000,198.679000,0.524089,-1.049990,1.050025,-1.050024,-0.800003,-0.000007
cmd,18.850000,198.689000,0.522701,-1.049990,1.050025,-1.050024,-0.800003,-0.000007
cmd,18.860000,198.699000,0.521290,-1.049990,1.050025,-1.050024,-0.800003,-0.000007
cmd,18.870000,198.709000,0.519859,-1.049990,1.050025,-1.050024,-0.800003,-0.000007
cmd,18.880000,198.719000,0.518408,-1.049990,1.050025,-1.050024,-0.800003,-0.000007
cmd,18.890000,198.729000,0.516938,-1.049990,1.050025,-1.050024,-0.800003,-0.000007
cmd,18.900000,198.739000,0.515452,-1.049990,1.050025,-1.050024,-0.800003,-0.000007
cmd,18.910000,198.749000,0.513951,-1.049990,1.050025,-1.050024,-0.800003,-0.000007
cmd,18.920000,198.759000,0.512436,-1.049990,1.050025,-1.050024,-0.800003,-0.000007
cmd,18.930000,198.769000,0.510909,-1.049990,1.050025,-1.050024,-0.800003,-0.000007
cmd,18.940000,198.779000,0.509371,-1.049990,1.050025,-1.050024,-0.800003,-0.000007
cmd,18.950000,198.789000,0.507823,-1.049990,1.050025,-1.050024,-0.800003,-0.000007
cmd,18.960000,198.799000,0.506268,-1.049990,1.050025,-1.050024,-0.800003,-0.000007
cmd,18.970000,198.809000,0.504707,-1.049990,1.050025,-1.050024,-0.800003,-0.000007
cmd,18.980000,198.819000,0.503141,-1.049990,1.050025,-1.050024,-0.800003,-0.000007
cmd,18.990000,198.829000,0.501572,-1.049990,1.050025,-1.050024,-0.800003,-0.000007
cmd,19.000000,198.839000,0.500001,-1.049990,1.050025,-1.050024,-0.800003,-0.000007
cmd,19.010000,198.849000,0.498431,-1.049990,1.050025,-1.050024,-0.800003,-0.000007
cmd,19.020000,198.859000,0.496862,-1.049990,1.050025,-1.050024,-0.800003,-0.000007
cmd,19.030000,198.869000,0.495296,-1.049990,1.050025,-1.050024,-0.800003,-0.000007
cmd,19.040000,198.879000,0.493735,-1.049990,1.050025,-1.050024,-0.800003,-0.000007
cmd,19.050000,198.889000,0.492180,-1.049990,1.050025,-1.050024,-0.800003,-0.000007
cmd,19.060000,198.899000,0.490632,-1.049990,1.050025,-1.050024,-0.800003,-0.000007
cmd,19.070000,198.909000,0.489094,-1.049990,1.050025,-1.050024,-0.800003,-0.000007
cmd,19.080000,198.919000,0.487567,-1.049990,1.050025,-1.050024,-0.800003,-0.000007
cmd,19.090000,198.929000,0.486052,-1.049990,1.050025,-1.050024,-0.800003,-0.000007
cmd,19.100000,198.939000,0.484551,-1.049990,1.050025,-1.050024,-0.800003,-0.000007
cmd,19.110000,198.949000,0.483065,-1.049990,1.050025,-1.050024,-0.800003,-0.000007
cmd,19.120000,198.959000,0.481595,-1.049990,1.050025,-1.050024,-0.800003,-0.000007
cmd,19.130000,198.969000,0.480144,-1.049990,1.050025,-1.050024,-0.800003,-0.000007
cmd,19.140000,198.979000,0.478713,-1.049990,1.050025,-1.050024,-0.800003,-0.000007
cmd,19.150000,198.989000,0.477302,-1.049990,1.050025,-1.050024,-0.800003,-0.000007
cmd,19.160000,198.999000,0.475914,-1.049990,1.050025,-1.050024,-0.800003,-0.000007
cmd,19.170000,199.009000,0.474549,-1.049990,1.050025,-1.050024,-0.800003,-0.000007
cmd,19.180000,199.019000,0.473210,-1.049990,1.050025,-1.050024,-0.800003,-0.000007
cmd,19.190000,199.029000,0.471897,-1.049990,1.050025,-1.050024,-0.800003,-0.000007
cmd,19.200000,199.039000,0.470612,-1.049990,1.050025,-1.050024,-0.800003,-0.000007
cmd,19.210000,199.049000,0.469356,-1.049990,1.050025,-1.050024,-0.800003,-0.000007
cmd,19.220000,199.059000,0.468130,-1.049990,1.050025,-1.050024,-0.800003,-0.000007
cmd,19.230000,199.069000,0.466936,-1.049990,1.050025,-1.050024,-0.800003,-0.000007
cmd,19.240000,199.079000,0.465774,-1.049990,1.050025,-1.050024,-0.800003,-0.000007
cmd,19.250000,199.089000,0.464646,-1.049990,1.050025,-1.050024,-0.800003,-0.000007
cmd,19.260000,199.099000,0.463553,-1.049990,1.050025,-1.050024,-0.800003,-0.000007
cmd,19.270000,199.109000,0.462496,-1.049990,1.050025,-1.050024,-0.800003,-0.000007
cmd,19.280000,199.119000,0.461476,-1.049990,1.050025,-1.050024,-0.800003,-0.000007
cmd,19.290000,199.129000,0.460494,-1.049990,1.050025,-1.050024,-0.800003,-0.000007
cmd,19.300000,199.139000,0.459551,-1.049990,1.050025,-1.050024,-0.800003,-0.000007
cmd,19.310000,199.149000,0.458647,-1.049990,1.050025,-1.050024,-0.800003,-0.000007
cmd,19.320000,199.159000,0.457785,-1.049990,1.050025,-1.050024,-0.800003,-0.000007
cmd,19.330000,199.169000,0.456964,-1.049990,1.050025,-1.050024,-0.800003,-0.000007
cmd,19.340000,199.179000,0.456186,-1.049990,1.050025,-1.050024,-0.800003,-0.000007
cmd,19.350000,199.189000,0.455451,-1.049990,1.050025,-1.050024,-0.800003,-0.000007
cmd,19.360000,199.199000,0.454760,-1.049990,1.050025,-1.050024,-0.800003,-0.000007
cmd,19.370000,199.209000,0.454114,-1.049990,1.050025,-1.050024,-0.800003,-0.000007
cmd,19.380000,199.219000,0.453513,-1.049990,1.050025,-1.050024,-0.800003,-0.000007
cmd,19.390000,199.229000,0.452957,-1.049990,1.050025,-1.050024,-0.800003,-0.000007
cmd,19.400000,199.239000,0.452449,-1.049990,1.050025,-1.050024,-0.800003,-0.000007
cmd,19.410000,199.249000,0.451987,-1.049990,1.050025,-1.050024,-0.800003,-0.000007
cmd,19.420000,199.259000,0.451572,-1.049990,1.050025,-1.050024,-0.800003,-0.000007
cmd,19.430000,199.269000,0.451206,-1.049990,1.050025,-1.050024,-0.800003,-0.000007
cmd,19.440000,199.279000,0.450887,-1.049990,1.050025,-1.050024,-0.800003,-0.000007
cmd,19.450000,199.289000,0.450617,-1.049990,1.050025,-1.050024,-0.800003,-0.000007
cmd,19.460000,199.299000,0.450396,-1.049990,1.050025,-1.050024,-0.800003,-0.000007
cmd,19.470000,199.309000,0.450223,-1.049990,1.050025,-1.050024,-0.800003,-0.000007
cmd,19.480000,199.319000,0.450100,-1.049990,1.050025,-1.050024,-0.800003,-0.000007
cmd,19.490000,199.329000,0.450026,-1.049990,1.050025,-1.050024,-0.800003,-0.000007
cmd,19.500000,199.339000,0.450001,-1.049990,1.050025,-1.050024,-0.800003,-0.000007
cmd,19.510000,199.349000,0.450026,-1.049990,1.050025,-1.050024,-0.800003,-0.000007
cmd,19.520000,199.359000,0.450100,-1.049990,1.050025,-1.050024,-0.800003,-0.000007
cmd,19.530000,199.369000,0.450223,-1.049990,1.050025,-1.050024,-0.800003,-0.000007
cmd,19.540000,199.379000,0.450396,-1.049990,1.050025,-1.050024,-0.800003,-0.000007
cmd,19.550000,199.389000,0.450617,-1.049990,1.050025,-1.050024,-0.800003,-0.000007
cmd,19.560000,199.399000,0.450887,-1.049990,1.050025,-1.050024,-0.800003,-0.000007
cmd,19.570000,199.409000,0.451206,-1.049990,1.050025,-1.050024,-0.800003,-0.000007
cmd,19.580000,199.419000,0.451572,-1.049990,1.050025,-1.050024,-0.800003,-0.000007
cmd,19.590000,199.429000,0.451987,-1.049990,1.050025,-1.050024,-0.800003,-0.000007
cmd,19.600000,199.439000,0.452449,-1.049990,1.050025,-1.050024,-0.800003,-0.000007
cmd,19.610000,199.449000,0.452957,-1.049990,1.050025,-1.050024,-0.800003,-0.000007
cmd,19.620000,199.459000,0.453513,-1.049990,1.050025,-1.050024,-0.800003,-0.000007
cmd,19.630000,199.469000,0.454114,-1.049990,1.050025,-1.050024,-0.800003,-0.000007
cmd,19.640000,199.479000,0.454760,-1.049990,1.050025,-1.050024,-0.800003,-0.000007
cmd,19.650000,199.489000,0.455451,-1.049990,1.050025,-1.050024,-0.800003,-0.000007
cmd,19.660000,199.499000,0.456186,-1.049990,1.050025,-1.050024,-0.800003,-0.000007
cmd,19.670000,199.509000,0.456964,-1.049990,1.050025,-1.050024,-0.800003,-0.000007
cmd,19.680000,199.519000,0.457785,-1.049990,1.050025,-1.050024,-0.800003,-0.000007
cmd,19.690000,199.529000,0.458647,-1.049990,1.050025,-1.050024,-0.800003,-0.000007
cmd,19.700000,199.539000,0.459551,-1.049990,1.050025,-1.050024,-0.800003,-0.000007
cmd,19.710000,199.549000,0.460494,-1.049990,1.050025,-1.050024,-0.800003,-0.000007
cmd,19.720000,199.559000,0.461476,-1.049990,1.050025,-1.050024,-0.800003,-0.000007
cmd,19.730000,199.569000,0.462496,-1.049990,1.050025,-1.050024,-0.800003,-0.000007
cmd,19.740000,199.579000,0.463553,-1.049990,1.050025,-1.050024,-0.800003,-0.000007
cmd,19.750000,199.589000,0.464646,-1.049990,1.050025,-1.050024,-0.800003,-0.000007
cmd,19.760000,199.599000,0.465774,-1.049990,1.050025,-1.050024,-0.800003,-0.000007
cmd,19.770000,199.609000,0.466936,-1.049990,1.050025,-1.050024,-0.800003,-0.000007
cmd,19.780000,199.619000,0.468130,-1.049990,1.050025,-1.050024,-0.800003,-0.000007
cmd,19.790000,199.629000,0.469356,-1.049990,1.050025,-1.050024,-0.800003,-0.000007
cmd,19.800000,199.639000,0.470612,-1.049990,1.050025,-1.050024,-0.800003,-0.000007
cmd,19.810000,199.649000,0.471897,-1.049990,1.050025,-1.050024,-0.800003,-0.000007
cmd,19.820000,199.659000,0.473210,-1.049990,1.050025,-1.050024,-0.800003,-0.000007
cmd,19.830000,199.669000,0.474549,-1.049990,1.050025,-1.050024,-0.800003,-0.000007
cmd,19.840000,199.679000,0.475914,-1.049990,1.050025,-1.050024,-0.800003,-0.000007
cmd,19.850000,199.689000,0.477302,-1.049990,1.050025,-1.050024,-0.800003,-0.000007
cmd,19.860000,199.699000,0.478713,-1.049990,1.050025,-1.050024,-0.800003,-0.000007
cmd,19.870000,199.709000,0.480144,-1.049990,1.050025,-1.050024,-0.800003,-0.000007
cmd,19.880000,199.719000,0.481595,-1.049990,1.050025,-1.050024,-0.800003,-0.000007
cmd,19.890000,199.729000,0.483065,-1.049990,1.050025,-1.050024,-0.800003,-0.000007
cmd,19.900000,199.739000,0.484551,-1.049990,1.050025,-1.050024,-0.800003,-0.000007
cmd,19.910000,199.749000,0.486052,-1.049990,1.050025,-1.050024,-0.800003,-0.000007
cmd,19.920000,199.759000,0.487567,-1.049990,1.050025,-1.050024,-0.800003,-0.000007
cmd,19.930000,199.769000,0.489094,-1.049990,1.050025,-1.050024,-0.800003,-0.000007
cmd,19.940000,199.779000,0.490632,-1.049990,1.050025,-1.050024,-0.800003,-0.000007
cmd,19.950000,199.789000,0.492180,-1.049990,1.050025,-1.050024,-0.800003,-0.000007
cmd,19.960000,199.799000,0.493735,-1.049990,1.050025,-1.050024,-0.800003,-0.000007
cmd,19.970000,199.809000,0.495296,-1.049990,1.050025,-1.050024,-0.800003,-0.000007
cmd,19.980000,199.819000,0.496862,-1.049990,1.050025,-1.050024,-0.800003,-0.000007
cmd,19.990000,199.829000,0.498431,-1.049990,1.050025,-1.050024,-0.800003,-0.000007
cmd,20.000000,199.839000,0.500001,-1.049990,1.050025,-1.050024,-0.800003,-0.000007
actual,-0.994000,178.845000,0.500001,-1.049990,1.050025,-1.050024,-0.800003,-0.000007
actual,-0.984000,178.855000,0.500001,-1.049990,1.050025,-1.050024,-0.800003,-0.000007
actual,-0.974000,178.865000,0.500001,-1.049990,1.050025,-1.050024,-0.800003,-0.000007
actual,-0.964000,178.875000,0.500001,-1.049990,1.050025,-1.050024,-0.800003,-0.000007
actual,-0.954000,178.885000,0.500001,-1.049990,1.050025,-1.050024,-0.800003,-0.000007
actual,-0.944000,178.895000,0.500001,-1.049990,1.050025,-1.050024,-0.800003,-0.000007
actual,-0.934000,178.905000,0.500001,-1.049990,1.050025,-1.050024,-0.800003,-0.000007
actual,-0.924000,178.915000,0.500001,-1.049990,1.050025,-1.050024,-0.800003,-0.000007
actual,-0.914000,178.925000,0.500001,-1.049990,1.050025,-1.050024,-0.800003,-0.000007
actual,-0.904000,178.935000,0.500001,-1.049990,1.050025,-1.050024,-0.800003,-0.000007
actual,-0.894000,178.945000,0.500001,-1.049990,1.050025,-1.050024,-0.800003,-0.000007
actual,-0.884000,178.955000,0.500001,-1.049990,1.050025,-1.050024,-0.800003,-0.000007
actual,-0.874000,178.965000,0.500001,-1.049990,1.050025,-1.050024,-0.800003,-0.000007
actual,-0.864000,178.975000,0.500001,-1.049990,1.050025,-1.050024,-0.800003,-0.000007
actual,-0.854000,178.985000,0.500001,-1.049990,1.050025,-1.050024,-0.800003,-0.000007
actual,-0.844000,178.995000,0.500001,-1.049990,1.050025,-1.050024,-0.800003,-0.000007
actual,-0.834000,179.005000,0.500001,-1.049990,1.050025,-1.050024,-0.800003,-0.000007
actual,-0.824000,179.015000,0.500001,-1.049990,1.050025,-1.050024,-0.800003,-0.000007
actual,-0.814000,179.025000,0.500001,-1.049990,1.050025,-1.050024,-0.800003,-0.000007
actual,-0.804000,179.035000,0.500001,-1.049990,1.050025,-1.050024,-0.800003,-0.000007
actual,-0.794000,179.045000,0.500001,-1.049990,1.050025,-1.050024,-0.800003,-0.000007
actual,-0.784000,179.055000,0.500001,-1.049990,1.050025,-1.050024,-0.800003,-0.000007
actual,-0.774000,179.065000,0.500001,-1.049990,1.050025,-1.050024,-0.800003,-0.000007
actual,-0.764000,179.075000,0.500001,-1.049990,1.050025,-1.050024,-0.800003,-0.000007
actual,-0.754000,179.085000,0.500001,-1.049990,1.050025,-1.050024,-0.800003,-0.000007
actual,-0.744000,179.095000,0.500001,-1.049990,1.050025,-1.050024,-0.800003,-0.000007
actual,-0.734000,179.105000,0.500001,-1.049990,1.050025,-1.050024,-0.800003,-0.000007
actual,-0.724000,179.115000,0.500001,-1.049990,1.050025,-1.050024,-0.800003,-0.000007
actual,-0.714000,179.125000,0.500001,-1.049990,1.050025,-1.050024,-0.800003,-0.000007
actual,-0.704000,179.135000,0.500001,-1.049990,1.050025,-1.050024,-0.800003,-0.000007
actual,-0.694000,179.145000,0.500001,-1.049990,1.050025,-1.050024,-0.800003,-0.000007
actual,-0.684000,179.155000,0.500001,-1.049990,1.050025,-1.050024,-0.800003,-0.000007
actual,-0.674000,179.165000,0.500001,-1.049990,1.050025,-1.050024,-0.800003,-0.000007
actual,-0.664000,179.175000,0.500001,-1.049990,1.050025,-1.050024,-0.800003,-0.000007
actual,-0.654000,179.185000,0.500001,-1.049990,1.050025,-1.050024,-0.800003,-0.000007
actual,-0.644000,179.195000,0.500001,-1.049990,1.050025,-1.050024,-0.800003,-0.000007
actual,-0.634000,179.205000,0.500001,-1.049990,1.050025,-1.050024,-0.800003,-0.000007
actual,-0.624000,179.215000,0.500001,-1.049990,1.050025,-1.050024,-0.800003,-0.000007
actual,-0.614000,179.225000,0.500001,-1.049990,1.050025,-1.050024,-0.800003,-0.000007
actual,-0.604000,179.235000,0.500001,-1.049990,1.050025,-1.050024,-0.800003,-0.000007
actual,-0.594000,179.245000,0.500001,-1.049990,1.050025,-1.050024,-0.800003,-0.000007
actual,-0.584000,179.255000,0.500001,-1.049990,1.050025,-1.050024,-0.800003,-0.000007
actual,-0.574000,179.265000,0.500001,-1.049990,1.050025,-1.050024,-0.800003,-0.000007
actual,-0.564000,179.275000,0.500001,-1.049990,1.050025,-1.050024,-0.800003,-0.000007
actual,-0.554000,179.285000,0.500001,-1.049990,1.050025,-1.050024,-0.800003,-0.000007
actual,-0.544000,179.295000,0.500001,-1.049990,1.050025,-1.050024,-0.800003,-0.000007
actual,-0.534000,179.305000,0.500001,-1.049990,1.050025,-1.050024,-0.800003,-0.000007
actual,-0.524000,179.315000,0.500001,-1.049990,1.050025,-1.050024,-0.800003,-0.000007
actual,-0.514000,179.325000,0.500001,-1.049990,1.050025,-1.050024,-0.800003,-0.000007
actual,-0.504000,179.335000,0.500001,-1.049990,1.050025,-1.050024,-0.800003,-0.000007
actual,-0.494000,179.345000,0.500001,-1.049990,1.050025,-1.050024,-0.800003,-0.000007
actual,-0.484000,179.355000,0.500001,-1.049990,1.050025,-1.050024,-0.800003,-0.000007
actual,-0.474000,179.365000,0.500001,-1.049990,1.050025,-1.050024,-0.800003,-0.000007
actual,-0.464000,179.375000,0.500001,-1.049990,1.050025,-1.050024,-0.800003,-0.000007
actual,-0.454000,179.385000,0.500001,-1.049990,1.050025,-1.050024,-0.800003,-0.000007
actual,-0.444000,179.395000,0.500001,-1.049990,1.050025,-1.050024,-0.800003,-0.000007
actual,-0.434000,179.405000,0.500001,-1.049990,1.050025,-1.050024,-0.800003,-0.000007
actual,-0.424000,179.415000,0.500001,-1.049990,1.050025,-1.050024,-0.800003,-0.000007
actual,-0.414000,179.425000,0.500001,-1.049990,1.050025,-1.050024,-0.800003,-0.000007
actual,-0.404000,179.435000,0.500001,-1.049990,1.050025,-1.050024,-0.800003,-0.000007
actual,-0.394000,179.445000,0.500001,-1.049990,1.050025,-1.050024,-0.800003,-0.000007
actual,-0.384000,179.455000,0.500001,-1.049990,1.050025,-1.050024,-0.800003,-0.000007
actual,-0.374000,179.465000,0.500001,-1.049990,1.050025,-1.050024,-0.800003,-0.000007
actual,-0.364000,179.475000,0.500001,-1.049990,1.050025,-1.050024,-0.800003,-0.000007
actual,-0.354000,179.485000,0.500001,-1.049990,1.050025,-1.050024,-0.800003,-0.000007
actual,-0.344000,179.495000,0.500001,-1.049990,1.050025,-1.050024,-0.800003,-0.000007
actual,-0.334000,179.505000,0.500001,-1.049990,1.050025,-1.050024,-0.800003,-0.000007
actual,-0.324000,179.515000,0.500001,-1.049990,1.050025,-1.050024,-0.800003,-0.000007
actual,-0.314000,179.525000,0.500001,-1.049990,1.050025,-1.050024,-0.800003,-0.000007
actual,-0.304000,179.535000,0.500001,-1.049990,1.050025,-1.050024,-0.800003,-0.000007
actual,-0.294000,179.545000,0.500001,-1.049990,1.050025,-1.050024,-0.800003,-0.000007
actual,-0.284000,179.555000,0.500001,-1.049990,1.050025,-1.050024,-0.800003,-0.000007
actual,-0.274000,179.565000,0.500001,-1.049990,1.050025,-1.050024,-0.800003,-0.000007
actual,-0.264000,179.575000,0.500001,-1.049990,1.050025,-1.050024,-0.800003,-0.000007
actual,-0.254000,179.585000,0.500001,-1.049990,1.050025,-1.050024,-0.800003,-0.000007
actual,-0.244000,179.595000,0.500001,-1.049990,1.050025,-1.050024,-0.800003,-0.000007
actual,-0.234000,179.605000,0.500001,-1.049990,1.050025,-1.050024,-0.800003,-0.000007
actual,-0.224000,179.615000,0.500001,-1.049990,1.050025,-1.050024,-0.800003,-0.000007
actual,-0.214000,179.625000,0.500001,-1.049990,1.050025,-1.050024,-0.800003,-0.000007
actual,-0.204000,179.635000,0.500001,-1.049990,1.050025,-1.050024,-0.800003,-0.000007
actual,-0.194000,179.645000,0.500001,-1.049990,1.050025,-1.050024,-0.800003,-0.000007
actual,-0.184000,179.655000,0.500001,-1.049990,1.050025,-1.050024,-0.800003,-0.000007
actual,-0.174000,179.665000,0.500001,-1.049990,1.050025,-1.050024,-0.800003,-0.000007
actual,-0.164000,179.675000,0.500001,-1.049990,1.050025,-1.050024,-0.800003,-0.000007
actual,-0.154000,179.685000,0.500001,-1.049990,1.050025,-1.050024,-0.800003,-0.000007
actual,-0.144000,179.695000,0.500001,-1.049990,1.050025,-1.050024,-0.800003,-0.000007
actual,-0.134000,179.705000,0.500001,-1.049990,1.050025,-1.050024,-0.800003,-0.000007
actual,-0.124000,179.715000,0.500001,-1.049990,1.050025,-1.050024,-0.800003,-0.000007
actual,-0.114000,179.725000,0.500001,-1.049990,1.050025,-1.050024,-0.800003,-0.000007
actual,-0.104000,179.735000,0.500001,-1.049990,1.050025,-1.050024,-0.800003,-0.000007
actual,-0.094000,179.745000,0.500001,-1.049990,1.050025,-1.050024,-0.800003,-0.000007
actual,-0.084000,179.755000,0.500001,-1.049990,1.050025,-1.050024,-0.800003,-0.000007
actual,-0.074000,179.765000,0.500001,-1.049990,1.050025,-1.050024,-0.800003,-0.000007
actual,-0.064000,179.775000,0.500001,-1.049990,1.050025,-1.050024,-0.800003,-0.000007
actual,-0.054000,179.785000,0.500001,-1.049990,1.050025,-1.050024,-0.800003,-0.000007
actual,-0.044000,179.795000,0.500001,-1.049990,1.050025,-1.050024,-0.800003,-0.000007
actual,-0.034000,179.805000,0.500001,-1.049990,1.050025,-1.050024,-0.800003,-0.000007
actual,-0.024000,179.815000,0.500001,-1.049990,1.050025,-1.050024,-0.800003,-0.000007
actual,-0.014000,179.825000,0.500001,-1.049990,1.050025,-1.050024,-0.800003,-0.000007
actual,-0.004000,179.835000,0.500001,-1.049990,1.050025,-1.050024,-0.800003,-0.000007
actual,0.006000,179.845000,0.500001,-1.049990,1.050025,-1.050024,-0.800003,-0.000007
actual,0.016000,179.855000,0.501943,-1.049990,1.050025,-1.050024,-0.800003,-0.000007
actual,0.026000,179.865000,0.503471,-1.049990,1.050025,-1.050024,-0.800003,-0.000007
actual,0.036000,179.875000,0.505081,-1.049990,1.050025,-1.050024,-0.800003,-0.000007
actual,0.046000,179.885000,0.506667,-1.049990,1.050025,-1.050024,-0.800003,-0.000007
actual,0.056000,179.895000,0.508248,-1.049990,1.050025,-1.050024,-0.800003,-0.000007
actual,0.066000,179.905000,0.509819,-1.049990,1.050025,-1.050024,-0.800003,-0.000007
actual,0.076000,179.915000,0.511379,-1.049990,1.050025,-1.050024,-0.800003,-0.000007
actual,0.086000,179.925000,0.512926,-1.049990,1.050025,-1.050024,-0.800003,-0.000007
actual,0.096000,179.935000,0.514460,-1.049990,1.050025,-1.050024,-0.800003,-0.000007
actual,0.106000,179.945000,0.515978,-1.049990,1.050025,-1.050024,-0.800003,-0.000007
actual,0.116000,179.955000,0.517480,-1.049990,1.050025,-1.050024,-0.800003,-0.000007
actual,0.126000,179.965000,0.518963,-1.049990,1.050025,-1.050024,-0.800003,-0.000007
actual,0.136000,179.975000,0.520427,-1.049990,1.050025,-1.050024,-0.800003,-0.000007
actual,0.146000,179.985000,0.521869,-1.049990,1.050025,-1.050024,-0.800003,-0.000007
actual,0.156000,179.995000,0.523289,-1.049990,1.050025,-1.050024,-0.800003,-0.000007
actual,0.166000,180.005000,0.524686,-1.049990,1.050025,-1.050024,-0.800003,-0.000007
actual,0.176000,180.015000,0.526057,-1.049990,1.050025,-1.050024,-0.800003,-0.000007
actual,0.186000,180.025000,0.527402,-1.049990,1.050025,-1.050024,-0.800003,-0.000007
actual,0.196000,180.035000,0.528719,-1.049990,1.050025,-1.050024,-0.800003,-0.000007
actual,0.206000,180.045000,0.530007,-1.049990,1.050025,-1.050024,-0.800003,-0.000007
actual,0.216000,180.055000,0.531265,-1.049990,1.050025,-1.050024,-0.800003,-0.000007
actual,0.226000,180.065000,0.532492,-1.049990,1.050025,-1.050024,-0.800003,-0.000007
actual,0.236000,180.075000,0.533686,-1.049990,1.050025,-1.050024,-0.800003,-0.000007
actual,0.246000,180.085000,0.534846,-1.049990,1.050025,-1.050024,-0.800003,-0.000007
actual,0.256000,180.095000,0.535971,-1.049990,1.050025,-1.050024,-0.800003,-0.000007
actual,0.266000,180.105000,0.537060,-1.049990,1.050025,-1.050024,-0.800003,-0.000007
actual,0.276000,180.115000,0.538112,-1.049990,1.050025,-1.050024,-0.800003,-0.000007
actual,0.286000,180.125000,0.539126,-1.049990,1.050025,-1.050024,-0.800003,-0.000007
actual,0.296000,180.135000,0.540101,-1.049990,1.050025,-1.050024,-0.800003,-0.000007
actual,0.306000,180.145000,0.541036,-1.049990,1.050025,-1.050024,-0.800003,-0.000007
actual,0.316000,180.155000,0.541931,-1.049990,1.050025,-1.050024,-0.800003,-0.000007
actual,0.326000,180.165000,0.542783,-1.049990,1.050025,-1.050024,-0.800003,-0.000007
actual,0.336000,180.175000,0.543593,-1.049990,1.050025,-1.050024,-0.800003,-0.000007
actual,0.346000,180.185000,0.544360,-1.049990,1.050025,-1.050024,-0.800003,-0.000007
actual,0.356000,180.195000,0.545082,-1.049990,1.050025,-1.050024,-0.800003,-0.000007
actual,0.366000,180.205000,0.545760,-1.049990,1.050025,-1.050024,-0.800003,-0.000007
actual,0.376000,180.215000,0.546392,-1.049990,1.050025,-1.050024,-0.800003,-0.000007
actual,0.386000,180.225000,0.546979,-1.049990,1.050025,-1.050024,-0.800003,-0.000007
actual,0.396000,180.235000,0.547518,-1.049990,1.050025,-1.050024,-0.800003,-0.000007
actual,0.406000,180.245000,0.548011,-1.049990,1.050025,-1.050024,-0.800003,-0.000007
actual,0.416000,180.255000,0.548456,-1.049990,1.050025,-1.050024,-0.800003,-0.000007
actual,0.426000,180.265000,0.548853,-1.049990,1.050025,-1.050024,-0.800003,-0.000007
actual,0.436000,180.275000,0.549201,-1.049990,1.050025,-1.050024,-0.800003,-0.000007
actual,0.446000,180.285000,0.549501,-1.049990,1.050025,-1.050024,-0.800003,-0.000007
actual,0.456000,180.295000,0.549752,-1.049990,1.050025,-1.050024,-0.800003,-0.000007
actual,0.466000,180.305000,0.549953,-1.049990,1.050025,-1.050024,-0.800003,-0.000007
actual,0.476000,180.315000,0.550105,-1.049990,1.050025,-1.050024,-0.800003,-0.000007
actual,0.486000,180.325000,0.550208,-1.049990,1.050025,-1.050024,-0.800003,-0.000007
actual,0.496000,180.335000,0.550260,-1.049990,1.050025,-1.050024,-0.800003,-0.000007
actual,0.506000,180.345000,0.550263,-1.049990,1.050025,-1.050024,-0.800003,-0.000007
actual,0.516000,180.355000,0.550217,-1.049990,1.050025,-1.050024,-0.800003,-0.000007
actual,0.526000,180.365000,0.550120,-1.049990,1.050025,-1.050024,-0.800003,-0.000007
actual,0.536000,180.375000,0.549974,-1.049990,1.050025,-1.050024,-0.800003,-0.000007
actual,0.546000,180.385000,0.549778,-1.049990,1.050025,-1.050024,-0.800003,-0.000007
actual,0.556000,180.395000,0.549534,-1.049990,1.050025,-1.050024,-0.800003,-0.000007
actual,0.566000,180.405000,0.549240,-1.049990,1.050025,-1.050024,-0.800003,-0.000007
actual,0.576000,180.415000,0.548898,-1.049990,1.050025,-1.050024,-0.800003,-0.000007
actual,0.586000,180.425000,0.548507,-1.049990,1.050025,-1.050024,-0.800003,-0.000007
actual,0.596000,180.435000,0.548068,-1.049990,1.050025,-1.050024,-0.800003,-0.000007
actual,0.606000,180.445000,0.547582,-1.049990,1.050025,-1.050024,-0.800003,-0.000007
actual,0.616000,180.455000,0.547049,-1.049990,1.050025,-1.050024,-0.800003,-0.000007
actual,0.626000,180.465000,0.546469,-1.049990,1.050025,-1.050024,-0.800003,-0.000007
actual,0.636000,180.475000,0.545843,-1.049990,1.050025,-1.050024,-0.800003,-0.000007
actual,0.646000,180.485000,0.545172,-1.049990,1.050025,-1.050024,-0.800003,-0.000007
actual,0.656000,180.495000,0.544456,-1.049990,1.050025,-1.050024,-0.800003,-0.000007
actual,0.666000,180.505000,0.543697,-1.049990,1.050025,-1.050024,-0.800003,-0.000007
actual,0.676000,180.515000,0.542894,-1.049990,1.050025,-1.050024,-0.800003,-0.000007
actual,0.686000,180.525000,0.542049,-1.049990,1.050025,-1.050024,-0.800003,-0.000007
actual,0.696000,180.535000,0.541162,-1.049990,1.050025,-1.050024,-0.800003,-0.000007
actual,0.706000,180.545000,0.540235,-1.049990,1.050025,-1.050024,-0.800003,-0.000007
actual,0.716000,180.555000,0.539268,-1.049990,1.050025,-1.050024,-0.800003,-0.000007
actual,0.726000,180.565000,0.538262,-1.049990,1.050025,-1.050024,-0.800003,-0.000007
actual,0.736000,180.575000,0.537218,-1.049990,1.050025,-1.050024,-0.800003,-0.000007
actual,0.746000,180.585000,0.536138,-1.049990,1.050025,-1.050024,-0.800003,-0.000007
actual,0.756000,180.595000,0.535021,-1.049990,1.050025,-1.050024,-0.800003,-0.000007
actual,0.766000,180.605000,0.533870,-1.049990,1.050025,-1.050024,-0.800003,-0.000007
actual,0.776000,180.615000,0.532686,-1.049990,1.050025,-1.050024,-0.800003,-0.000007
actual,0.786000,180.625000,0.531470,-1.049990,1.050025,-1.050024,-0.800003,-0.000007
actual,0.796000,180.635000,0.530222,-1.049990,1.050025,-1.050024,-0.800003,-0.000007
actual,0.806000,180.645000,0.528944,-1.049990,1.050025,-1.050024,-0.800003,-0.000007
actual,0.816000,180.655000,0.527638,-1.049990,1.050025,-1.050024,-0.800003,-0.000007
actual,0.826000,180.665000,0.526305,-1.049990,1.050025,-1.050024,-0.800003,-0.000007
actual,0.836000,180.675000,0.524946,-1.049990,1.050025,-1.050024,-0.800003,-0.000007
actual,0.846000,180.685000,0.523562,-1.049990,1.050025,-1.050024,-0.800003,-0.000007
actual,0.856000,180.695000,0.522154,-1.049990,1.050025,-1.050024,-0.800003,-0.000007
actual,0.866000,180.705000,0.520725,-1.049990,1.050025,-1.050024,-0.800003,-0.000007
actual,0.876000,180.715000,0.519275,-1.049990,1.050025,-1.050024,-0.800003,-0.000007
actual,0.886000,180.725000,0.517807,-1.049990,1.050025,-1.050024,-0.800003,-0.000007
actual,0.896000,180.735000,0.516320,-1.049990,1.050025,-1.050024,-0.800003,-0.000007
actual,0.906000,180.745000,0.514818,-1.049990,1.050025,-1.050024,-0.800003,-0.000007
actual,0.916000,180.755000,0.513301,-1.049990,1.050025,-1.050024,-0.800003,-0.000007
actual,0.926000,180.765000,0.511771,-1.049990,1.050025,-1.050024,-0.800003,-0.000007
actual,0.936000,180.775000,0.510229,-1.049990,1.050025,-1.050024,-0.800003,-0.000007
actual,0.946000,180.785000,0.508677,-1.049990,1.050025,-1.050024,-0.800003,-0.000007
actual,0.956000,180.795000,0.507116,-1.049990,1.050025,-1.050024,-0.800003,-0.000007
actual,0.966000,180.805000,0.505549,-1.049990,1.050025,-1.050024,-0.800003,-0.000007
actual,0.976000,180.815000,0.503976,-1.049990,1.050025,-1.050024,-0.800003,-0.000007
actual,0.986000,180.825000,0.502399,-1.049990,1.050025,-1.050024,-0.800003,-0.000007
actual,0.996000,180.835000,0.500820,-1.049990,1.050025,-1.050024,-0.800003,-0.000007
actual,1.006000,180.845000,0.499239,-1.049990,1.050025,-1.050024,-0.800003,-0.000007
actual,1.016000,180.855000,0.497660,-1.049990,1.050025,-1.050024,-0.800003,-0.000007
actual,1.026000,180.865000,0.496083,-1.049990,1.050025,-1.050024,-0.800003,-0.000007
actual,1.036000,180.875000,0.494510,-1.049990,1.050025,-1.050024,-0.800003,-0.000007
actual,1.046000,180.885000,0.492942,-1.049990,1.050025,-1.050024,-0.800003,-0.000007
actual,1.056000,180.895000,0.491381,-1.049990,1.050025,-1.050024,-0.800003,-0.000007
actual,1.066000,180.905000,0.489828,-1.049990,1.050025,-1.050024,-0.800003,-0.000007
actual,1.076000,180.915000,0.488286,-1.049990,1.050025,-1.050024,-0.800003,-0.000007
actual,1.086000,180.925000,0.486755,-1.049990,1.050025,-1.050024,-0.800003,-0.000007
actual,1.096000,180.935000,0.485238,-1.049990,1.050025,-1.050024,-0.800003,-0.000007
actual,1.106000,180.945000,0.483734,-1.049990,1.050025,-1.050024,-0.800003,-0.000007
actual,1.116000,180.955000,0.482247,-1.049990,1.050025,-1.050024,-0.800003,-0.000007
actual,1.126000,180.965000,0.480778,-1.049990,1.050025,-1.050024,-0.800003,-0.000007
actual,1.136000,180.975000,0.479327,-1.049990,1.050025,-1.050024,-0.800003,-0.000007
actual,1.146000,180.985000,0.477897,-1.049990,1.050025,-1.050024,-0.800003,-0.000007
actual,1.156000,180.995000,0.476488,-1.049990,1.050025,-1.050024,-0.800003,-0.000007
actual,1.166000,181.005000,0.475103,-1.049990,1.050025,-1.050024,-0.800003,-0.000007
actual,1.176000,181.015000,0.473742,-1.049990,1.050025,-1.050024,-0.800003,-0.000007
actual,1.186000,181.025000,0.472408,-1.049990,1.050025,-1.050024,-0.800003,-0.000007
actual,1.196000,181.035000,0.471100,-1.049990,1.050025,-1.050024,-0.800003,-0.000007
actual,1.206000,181.045000,0.469821,-1.049990,1.050025,-1.050024,-0.800003,-0.000007
actual,1.216000,181.055000,0.468572,-1.049990,1.050025,-1.050024,-0.800003,-0.000007
actual,1.226000,181.065000,0.467353,-1.049990,1.050025,-1.050024,-0.800003,-0.000007
actual,1.236000,181.075000,0.466167,-1.049990,1.050025,-1.050024,-0.800003,-0.000007
actual,1.246000,181.085000,0.465015,-1.049990,1.050025,-1.050024,-0.800003,-0.000007
actual,1.256000,181.095000,0.463897,-1.049990,1.050025,-1.050024,-0.800003,-0.000007
actual,1.266000,181.105000,0.462814,-1.049990,1.050025,-1.050024,-0.800003,-0.000007
actual,1.276000,181.115000,0.461768,-1.049990,1.050025,-1.050024,-0.800003,-0.000007
actual,1.286000,181.125000,0.460760,-1.049990,1.050025,-1.050024,-0.800003,-0.000007
actual,1.296000,181.135000,0.459791,-1.049990,1.050025,-1.050024,-0.800003,-0.000007
actual,1.306000,181.145000,0.458861,-1.049990,1.050025,-1.050024,-0.800003,-0.000007
actual,1.316000,181.155000,0.457972,-1.049990,1.050025,-1.050024,-0.800003,-0.000007
actual,1.326000,181.165000,0.457125,-1.049990,1.050025,-1.050024,-0.800003,-0.000007
actual,1.336000,181.175000,0.456320,-1.049990,1.050025,-1.050024,-0.800003,-0.000007
actual,1.346000,181.185000,0.455557,-1.049990,1.050025,-1.050024,-0.800003,-0.000007
actual,1.356000,181.195000,0.454839,-1.049990,1.050025,-1.050024,-0.800003,-0.000007
actual,1.366000,181.205000,0.454165,-1.049990,1.050025,-1.050024,-0.800003,-0.000007
actual,1.376000,181.215000,0.453537,-1.049990,1.050025,-1.050024,-0.800003,-0.000007
actual,1.386000,181.225000,0.452954,-1.049990,1.050025,-1.050024,-0.800003,-0.000007
actual,1.396000,181.235000,0.452418,-1.049990,1.050025,-1.050024,-0.800003,-0.000007
actual,1.406000,181.245000,0.451929,-1.049990,1.050025,-1.050024,-0.800003,-0.000007
actual,1.416000,181.255000,0.451487,-1.049990,1.050025,-1.050024,-0.800003,-0.000007
actual,1.426000,181.265000,0.451093,-1.049990,1.050025,-1.050024,-0.800003,-0.000007
actual,1.436000,181.275000,0.450747,-1.049990,1.050025,-1.050024,-0.800003,-0.000007
actual,1.446000,181.285000,0.450450,-1.049990,1.050025,-1.050024,-0.800003,-0.000007
actual,1.456000,181.295000,0.450202,-1.049990,1.050025,-1.050024,-0.800003,-0.000007
actual,1.466000,181.305000,0.450003,-1.049990,1.050025,-1.050024,-0.800003,-0.000007
actual,1.476000,181.315000,0.449853,-1.049990,1.050025,-1.050024,-0.800003,-0.000007
actual,1.486000,181.325000,0.449753,-1.049990,1.050025,-1.050024,-0.800003,-0.000007
actual,1.496000,181.335000,0.449703,-1.049990,1.050025,-1.050024,-0.800003,-0.000007
actual,1.506000,181.345000,0.449702,-1.049990,1.050025,-1.050024,-0.800003,-0.000007
actual,1.516000,181.355000,0.449750,-1.049990,1.050025,-1.050024,-0.800003,-0.000007
actual,1.526000,181.365000,0.449849,-1.049990,1.050025,-1.050024,-0.800003,-0.000007
actual,1.536000,181.375000,0.449996,-1.049990,1.050025,-1.050024,-0.800003,-0.000007
actual,1.546000,181.385000,0.450194,-1.049990,1.050025,-1.050024,-0.800003,-0.000007
actual,1.556000,181.395000,0.450440,-1.049990,1.050025,-1.050024,-0.800003,-0.000007
actual,1.566000,181.405000,0.450735,-1.049990,1.050025,-1.050024,-0.800003,-0.000007
actual,1.576000,181.415000,0.451079,-1.049990,1.050025,-1.050024,-0.800003,-0.000007
actual,1.586000,181.425000,0.451471,-1.049990,1.050025,-1.050024,-0.800003,-0.000007
actual,1.596000,181.435000,0.451911,-1.049990,1.050025,-1.050024,-0.800003,-0.000007
actual,1.606000,181.445000,0.452398,-1.049990,1.050025,-1.050024,-0.800003,-0.000007
actual,1.616000,181.455000,0.452933,-1.049990,1.050025,-1.050024,-0.800003,-0.000007
actual,1.626000,181.465000,0.453513,-1.049990,1.050025,-1.050024,-0.800003,-0.000007
actual,1.636000,181.475000,0.454140,-1.049990,1.050025,-1.050024,-0.800003,-0.000007
actual,1.646000,181.485000,0.454812,-1.049990,1.050025,-1.050024,-0.800003,-0.000007
actual,1.656000,181.495000,0.455529,-1.049990,1.050025,-1.050024,-0.800003,-0.000007
actual,1.666000,181.505000,0.456289,-1.049990,1.050025,-1.050024,-0.800003,-0.000007
actual,1.676000,181.515000,0.457093,-1.049990,1.050025,-1.050024,-0.800003,-0.000007
actual,1.686000,181.525000,0.457939,-1.049990,1.050025,-1.050024,-0.800003,-0.000007
actual,1.696000,181.535000,0.458826,-1.049990,1.050025,-1.050024,-0.800003,-0.000007
actual,1.706000,181.545000,0.459754,-1.049990,1.050025,-1.050024,-0.800003,-0.000007
actual,1.716000,181.555000,0.460722,-1.049990,1.050025,-1.050024,-0.800003,-0.000007
actual,1.726000,181.565000,0.461729,-1.049990,1.050025,-1.050024,-0.800003,-0.000007
actual,1.736000,181.575000,0.462773,-1.049990,1.050025,-1.050024,-0.800003,-0.000007
actual,1.746000,181.585000,0.463854,-1.049990,1.050025,-1.050024,-0.800003,-0.000007
actual,1.756000,181.595000,0.464971,-1.049990,1.050025,-1.050024,-0.800003,-0.000007
actual,1.766000,181.605000,0.466122,-1.049990,1.050025,-1.050024,-0.800003,-0.000007
actual,1.776000,181.615000,0.467307,-1.049990,1.050025,-1.050024,-0.800003,-0.000007
actual,1.786000,181.625000,0.468524,-1.049990,1.050025,-1.050024,-0.800003,-0.000007
actual,1.796000,181.635000,0.469772,-1.049990,1.050025,-1.050024,-0.800003,-0.000007
actual,1.806000,181.645000,0.471050,-1.049990,1.050025,-1.050024,-0.800003,-0.000007
actual,1.816000,181.655000,0.472357,-1.049990,1.050025,-1.050024,-0.800003,-0.000007
actual,1.826000,181.665000,0.473691,-1.049990,1.050025,-1.050024,-0.800003,-0.000007
actual,1.836000,181.675000,0.475050,-1.049990,1.050025,-1.050024,-0.800003,-0.000007
actual,1.846000,181.685000,0.476435,-1.049990,1.050025,-1.050024,-0.800003,-0.000007
actual,1.856000,181.695000,0.477842,-1.049990,1.050025,-1.050024,-0.800003,-0.000007
actual,1.866000,181.705000,0.479272,-1.049990,1.050025,-1.050024,-0.800003,-0.000007
actual,1.876000,181.715000,0.480722,-1.049990,1.050025,-1.050024,-0.800003,-0.000007
actual,1.886000,181.725000,0.482191,-1.049990,1.050025,-1.050024,-0.800003,-0.000007
actual,1.896000,181.735000,0.483677,-1.049990,1.050025,-1.050024,-0.800003,-0.000007
actual,1.906000,181.745000,0.485180,-1.049990,1.050025,-1.050024,-0.800003,-0.000007
actual,1.916000,181.755000,0.486697,-1.049990,1.050025,-1.050024,-0.800003,-0.000007
actual,1.926000,181.765000,0.488228,-1.049990,1.050025,-1.050024,-0.800003,-0.000007
actual,1.936000,181.775000,0.489770,-1.049990,1.050025,-1.050024,-0.800003,-0.000007
actual,1.946000,181.785000,0.491322,-1.049990,1.050025,-1.050024,-0.800003,-0.000007
actual,1.956000,181.795000,0.492883,-1.049990,1.050025,-1.050024,-0.800003,-0.000007
actual,1.966000,181.805000,0.494450,-1.049990,1.050025,-1.050024,-0.800003,-0.000007
actual,1.976000,181.815000,0.496024,-1.049990,1.050025,-1.050024,-0.800003,-0.000007
actual,1.986000,181.825000,0.497601,-1.049990,1.050025,-1.050024,-0.800003,-0.000007
actual,1.996000,181.835000,0.499180,-1.049990,1.050025,-1.050024,-0.800003,-0.000007
actual,2.006000,181.845000,0.500761,-1.049990,1.050025,-1.050024,-0.800003,-0.000007
actual,2.016000,181.855000,0.502340,-1.049990,1.050025,-1.050024,-0.800003,-0.000007
actual,2.026000,181.865000,0.503917,-1.049990,1.050025,-1.050024,-0.800003,-0.000007
actual,2.036000,181.875000,0.505491,-1.049990,1.050025,-1.050024,-0.800003,-0.000007
actual,2.046000,181.885000,0.507059,-1.049990,1.050025,-1.050024,-0.800003,-0.000007
actual,2.056000,181.895000,0.508620,-1.049990,1.050025,-1.050024,-0.800003,-0.000007
actual,2.066000,181.905000,0.510172,-1.049990,1.050025,-1.050024,-0.800003,-0.000007
actual,2.076000,181.915000,0.511715,-1.049990,1.050025,-1.050024,-0.800003,-0.000007
actual,2.086000,181.925000,0.513246,-1.049990,1.050025,-1.050024,-0.800003,-0.000007
actual,2.096000,181.935000,0.514764,-1.049990,1.050025,-1.050024,-0.800003,-0.000007
actual,2.106000,181.945000,0.516267,-1.049990,1.050025,-1.050024,-0.800003,-0.000007
actual,2.116000,181.955000,0.517754,-1.049990,1.050025,-1.050024,-0.800003,-0.000007
actual,2.126000,181.965000,0.519224,-1.049990,1.050025,-1.050024,-0.800003,-0.000007
actual,2.136000,181.975000,0.520675,-1.049990,1.050025,-1.050024,-0.800003,-0.000007
actual,2.146000,181.985000,0.522105,-1.049990,1.050025,-1.050024,-0.800003,-0.000007
actual,2.156000,181.995000,0.523513,-1.049990,1.050025,-1.050024,-0.800003,-0.000007
actual,2.166000,182.005000,0.524899,-1.049990,1.050025,-1.050024,-0.800003,-0.000007
actual,2.176000,182.015000,0.526259,-1.049990,1.050025,-1.050024,-0.800003,-0.000007
actual,2.186000,182.025000,0.527594,-1.049990,1.050025,-1.050024,-0.800003,-0.000007
actual,2.196000,182.035000,0.528902,-1.049990,1.050025,-1.050024,-0.800003,-0.000007
actual,2.206000,182.045000,0.530181,-1.049990,1.050025,-1.050024,-0.800003,-0.000007
actual,2.216000,182.055000,0.531430,-1.049990,1.050025,-1.050024,-0.800003,-0.000007
actual,2.226000,182.065000,0.532649,-1.049990,1.050025,-1.050024,-0.800003,-0.000007
actual,2.236000,182.075000,0.533835,-1.049990,1.050025,-1.050024,-0.800003,-0.000007
actual,2.246000,182.085000,0.534987,-1.049990,1.050025,-1.050024,-0.800003,-0.000007
actual,2.256000,182.095000,0.536105,-1.049990,1.050025,-1.050024,-0.800003,-0.000007
actual,2.266000,182.105000,0.537188,-1.049990,1.050025,-1.050024,-0.800003,-0.000007
actual,2.276000,182.115000,0.538234,-1.049990,1.050025,-1.050024,-0.800003,-0.000007
actual,2.286000,182.125000,0.539242,-1.049990,1.050025,-1.050024,-0.800003,-0.000007
actual,2.296000,182.135000,0.540211,-1.049990,1.050025,-1.050024,-0.800003,-0.000007
actual,2.306000,182.145000,0.541141,-1.049990,1.050025,-1.050024,-0.800003,-0.000007
actual,2.316000,182.155000,0.542030,-1.049990,1.050025,-1.050024,-0.800003,-0.000007
actual,2.326000,182.165000,0.542878,-1.049990,1.050025,-1.050024,-0.800003,-0.000007
actual,2.336000,182.175000,0.543683,-1.049990,1.050025,-1.050024,-0.800003,-0.000007
actual,2.346000,182.185000,0.544445,-1.049990,1.050025,-1.050024,-0.800003,-0.000007
actual,2.356000,182.195000,0.545163,-1.049990,1.050025,-1.050024,-0.800003,-0.000007
actual,2.366000,182.205000,0.545837,-1.049990,1.050025,-1.050024,-0.800003,-0.000007
actual,2.376000,182.215000,0.546466,-1.049990,1.050025,-1.050024,-0.800003,-0.000007
actual,2.386000,182.225000,0.547048,-1.049990,1.050025,-1.050024,-0.800003,-0.000007
actual,2.396000,182.235000,0.547585,-1.049990,1.050025,-1.050024,-0.800003,-0.000007
actual,2.406000,182.245000,0.548074,-1.049990,1.050025,-1.050024,-0.800003,-0.000007
actual,2.416000,182.255000,0.548516,-1.049990,1.050025,-1.050024,-0.800003,-0.000007
actual,2.426000,182.265000,0.548910,-1.049990,1.050025,-1.050024,-0.800003,-0.000007
actual,2.436000,182.275000,0.549255,-1.049990,1.050025,-1.050024,-0.800003,-0.000007
actual,2.446000,182.285000,0.549552,-1.049990,1.050025,-1.050024,-0.800003,-0.000007
actual,2.456000,182.295000,0.549801,-1.049990,1.050025,-1.050024,-0.800003,-0.000007
actual,2.466000,182.305000,0.550000,-1.049990,1.050025,-1.050024,-0.800003,-0.000007
actual,2.476000,182.315000,0.550149,-1.049990,1.050025,-1.050024,-0.800003,-0.000007
actual,2.486000,182.325000,0.550249,-1.049990,1.050025,-1.050024,-0.800003,-0.000007
actual,2.496000,182.335000,0.550300,-1.049990,1.050025,-1.050024,-0.800003,-0.000007
actual,2.506000,182.345000,0.550301,-1.049990,1.050025,-1.050024,-0.800003,-0.000007
actual,2.516000,182.355000,0.550252,-1.049990,1.050025,-1.050024,-0.800003,-0.000007
actual,2.526000,182.365000,0.550154,-1.049990,1.050025,-1.050024,-0.800003,-0.000007
actual,2.536000,182.375000,0.550006,-1.049990,1.050025,-1.050024,-0.800003,-0.000007
actual,2.546000,182.385000,0.549809,-1.049990,1.050025,-1.050024,-0.800003,-0.000007
actual,2.556000,182.395000,0.549563,-1.049990,1.050025,-1.050024,-0.800003,-0.000007
actual,2.566000,182.405000,0.549268,-1.049990,1.050025,-1.050024,-0.800003,-0.000007
actual,2.576000,182.415000,0.548924,-1.049990,1.050025,-1.050024,-0.800003,-0.000007
actual,2.586000,182.425000,0.548532,-1.049990,1.050025,-1.050024,-0.800003,-0.000007
actual,2.596000,182.435000,0.548092,-1.049990,1.050025,-1.050024,-0.800003,-0.000007
actual,2.606000,182.445000,0.547605,-1.049990,1.050025,-1.050024,-0.800003,-0.000007
actual,2.616000,182.455000,0.547070,-1.049990,1.050025,-1.050024,-0.800003,-0.000007
actual,2.626000,182.465000,0.546489,-1.049990,1.050025,-1.050024,-0.800003,-0.000007
actual,2.636000,182.475000,0.545863,-1.049990,1.050025,-1.050024,-0.800003,-0.000007
actual,2.646000,182.485000,0.545191,-1.049990,1.050025,-1.050024,-0.800003,-0.000007
actual,2.656000,182.495000,0.544474,-1.049990,1.050025,-1.050024,-0.800003,-0.000007
actual,2.666000,182.505000,0.543714,-1.049990,1.050025,-1.050024,-0.800003,-0.000007
actual,2.676000,182.515000,0.542910,-1.049990,1.050025,-1.050024,-0.800003,-0.000007
actual,2.686000,182.525000,0.542064,-1.049990,1.050025,-1.050024,-0.800003,-0.000007
actual,2.696000,182.535000,0.541177,-1.049990,1.050025,-1.050024,-0.800003,-0.000007
actual,2.706000,182.545000,0.540249,-1.049990,1.050025,-1.050024,-0.800003,-0.000007
actual,2.716000,182.555000,0.539281,-1.049990,1.050025,-1.050024,-0.800003,-0.000007
actual,2.726000,182.565000,0.538274,-1.049990,1.050025,-1.050024,-0.800003,-0.000007
actual,2.736000,182.575000,0.537230,-1.049990,1.050025,-1.050024,-0.800003,-0.000007
actual,2.746000,182.585000,0.536149,-1.049990,1.050025,-1.050024,-0.800003,-0.000007
actual,2.756000,182.595000,0.535032,-1.049990,1.050025,-1.050024,-0.800003,-0.000007
actual,2.766000,182.605000,0.533881,-1.049990,1.050025,-1.050024,-0.800003,-0.000007
actual,2.776000,182.615000,0.532696,-1.049990,1.050025,-1.050024,-0.800003,-0.000007
actual,2.786000,182.625000,0.531479,-1.049990,1.050025,-1.050024,-0.800003,-0.000007
actual,2.796000,182.635000,0.530231,-1.049990,1.050025,-1.050024,-0.800003,-0.000007
actual,2.806000,182.645000,0.528953,-1.049990,1.050025,-1.050024,-0.800003,-0.000007
actual,2.816000,182.655000,0.527646,-1.049990,1.050025,-1.050024,-0.800003,-0.000007
actual,2.826000,182.665000,0.526312,-1.049990,1.050025,-1.050024,-0.800003,-0.000007
actual,2.836000,182.675000,0.524953,-1.049990,1.050025,-1.050024,-0.800003,-0.000007
actual,2.846000,182.685000,0.523568,-1.049990,1.050025,-1.050024,-0.800003,-0.000007
actual,2.856000,182.695000,0.522161,-1.049990,1.050025,-1.050024,-0.800003,-0.000007
actual,2.866000,182.705000,0.520731,-1.049990,1.050025,-1.050024,-0.800003,-0.000007
actual,2.876000,182.715000,0.519281,-1.049990,1.050025,-1.050024,-0.800003,-0.000007
actual,2.886000,182.725000,0.517812,-1.049990,1.050025,-1.050024,-0.800003,-0.000007
actual,2.896000,182.735000,0.516326,-1.049990,1.050025,-1.050024,-0.800003,-0.000007
actual,2.906000,182.745000,0.514823,-1.049990,1.050025,-1.050024,-0.800003,-0.000007
actual,2.916000,182.755000,0.513306,-1.049990,1.050025,-1.050024,-0.800003,-0.000007
actual,2.926000,182.765000,0.511775,-1.049990,1.050025,-1.050024,-0.800003,-0.000007
actual,2.936000,182.775000,0.510233,-1.049990,1.050025,-1.050024,-0.800003,-0.000007
actual,2.946000,182.785000,0.508681,-1.049990,1.050025,-1.050024,-0.800003,-0.000007
actual,2.956000,182.795000,0.507120,-1.049990,1.050025,-1.050024,-0.800003,-0.000007
actual,2.966000,182.805000,0.505553,-1.049990,1.050025,-1.050024,-0.800003,-0.000007
actual,2.976000,182.815000,0.503979,-1.049990,1.050025,-1.050024,-0.800003,-0.000007
actual,2.986000,182.825000,0.502402,-1.049990,1.050025,-1.050024,-0.800003,-0.000007
actual,2.996000,182.835000,0.500823,-1.049990,1.050025,-1.050024,-0.800003,-0.000007
actual,3.006000,182.845000,0.499242,-1.049990,1.050025,-1.050024,-0.800003,-0.000007
actual,3.016000,182.855000,0.497663,-1.049990,1.050025,-1.050024,-0.800003,-0.000007
actual,3.026000,182.865000,0.496086,-1.049990,1.050025,-1.050024,-0.800003,-0.000007
actual,3.036000,182.875000,0.494512,-1.049990,1.050025,-1.050024,-0.800003,-0.000007
actual,3.046000,182.885000,0.492944,-1.049990,1.050025,-1.050024,-0.800003,-0.000007
actual,3.056000,182.895000,0.491383,-1.049990,1.050025,-1.050024,-0.800003,-0.000007
actual,3.066000,182.905000,0.489831,-1.049990,1.050025,-1.050024,-0.800003,-0.000007
actual,3.076000,182.915000,0.488288,-1.049990,1.050025,-1.050024,-0.800003,-0.000007
actual,3.086000,182.925000,0.486757,-1.049990,1.050025,-1.050024,-0.800003,-0.000007
actual,3.096000,182.935000,0.485239,-1.049990,1.050025,-1.050024,-0.800003,-0.000007
actual,3.106000,182.945000,0.483736,-1.049990,1.050025,-1.050024,-0.800003,-0.000007
actual,3.116000,182.955000,0.482249,-1.049990,1.050025,-1.050024,-0.800003,-0.000007
actual,3.126000,182.965000,0.480779,-1.049990,1.050025,-1.050024,-0.800003,-0.000007
actual,3.136000,182.975000,0.479328,-1.049990,1.050025,-1.050024,-0.800003,-0.000007
actual,3.146000,182.985000,0.477898,-1.049990,1.050025,-1.050024,-0.800003,-0.000007
actual,3.156000,182.995000,0.476490,-1.049990,1.050025,-1.050024,-0.800003,-0.000007
actual,3.166000,183.005000,0.475104,-1.049990,1.050025,-1.050024,-0.800003,-0.000007
actual,3.176000,183.015000,0.473744,-1.049990,1.050025,-1.050024,-0.800003,-0.000007
actual,3.186000,183.025000,0.472409,-1.049990,1.050025,-1.050024,-0.800003,-0.000007
actual,3.196000,183.035000,0.471101,-1.049990,1.050025,-1.050024,-0.800003,-0.000007
actual,3.206000,183.045000,0.469822,-1.049990,1.050025,-1.050024,-0.800003,-0.000007
actual,3.216000,183.055000,0.468573,-1.049990,1.050025,-1.050024,-0.800003,-0.000007
actual,3.226000,183.065000,0.467354,-1.049990,1.050025,-1.050024,-0.800003,-0.000007
actual,3.236000,183.075000,0.466168,-1.049990,1.050025,-1.050024,-0.800003,-0.000007
actual,3.246000,183.085000,0.465016,-1.049990,1.050025,-1.050024,-0.800003,-0.000007
actual,3.256000,183.095000,0.463898,-1.049990,1.050025,-1.050024,-0.800003,-0.000007
actual,3.266000,183.105000,0.462815,-1.049990,1.050025,-1.050024,-0.800003,-0.000007
actual,3.276000,183.115000,0.461769,-1.049990,1.050025,-1.050024,-0.800003,-0.000007
actual,3.286000,183.125000,0.460761,-1.049990,1.050025,-1.050024,-0.800003,-0.000007
actual,3.296000,183.135000,0.459792,-1.049990,1.050025,-1.050024,-0.800003,-0.000007
actual,3.306000,183.145000,0.458862,-1.049990,1.050025,-1.050024,-0.800003,-0.000007
actual,3.316000,183.155000,0.457973,-1.049990,1.050025,-1.050024,-0.800003,-0.000007
actual,3.326000,183.165000,0.457125,-1.049990,1.050025,-1.050024,-0.800003,-0.000007
actual,3.336000,183.175000,0.456320,-1.049990,1.050025,-1.050024,-0.800003,-0.000007
actual,3.346000,183.185000,0.455558,-1.049990,1.050025,-1.050024,-0.800003,-0.000007
actual,3.356000,183.195000,0.454840,-1.049990,1.050025,-1.050024,-0.800003,-0.000007
actual,3.366000,183.205000,0.454166,-1.049990,1.050025,-1.050024,-0.800003,-0.000007
actual,3.376000,183.215000,0.453537,-1.049990,1.050025,-1.050024,-0.800003,-0.000007
actual,3.386000,183.225000,0.452955,-1.049990,1.050025,-1.050024,-0.800003,-0.000007
actual,3.396000,183.235000,0.452418,-1.049990,1.050025,-1.050024,-0.800003,-0.000007
actual,3.406000,183.245000,0.451929,-1.049990,1.050025,-1.050024,-0.800003,-0.000007
actual,3.416000,183.255000,0.451487,-1.049990,1.050025,-1.050024,-0.800003,-0.000007
actual,3.426000,183.265000,0.451093,-1.049990,1.050025,-1.050024,-0.800003,-0.000007
actual,3.436000,183.275000,0.450748,-1.049990,1.050025,-1.050024,-0.800003,-0.000007
actual,3.446000,183.285000,0.450451,-1.049990,1.050025,-1.050024,-0.800003,-0.000007
actual,3.456000,183.295000,0.450202,-1.049990,1.050025,-1.050024,-0.800003,-0.000007
actual,3.466000,183.305000,0.450003,-1.049990,1.050025,-1.050024,-0.800003,-0.000007
actual,3.476000,183.315000,0.449854,-1.049990,1.050025,-1.050024,-0.800003,-0.000007
actual,3.486000,183.325000,0.449754,-1.049990,1.050025,-1.050024,-0.800003,-0.000007
actual,3.496000,183.335000,0.449703,-1.049990,1.050025,-1.050024,-0.800003,-0.000007
actual,3.506000,183.345000,0.449702,-1.049990,1.050025,-1.050024,-0.800003,-0.000007
actual,3.516000,183.355000,0.449751,-1.049990,1.050025,-1.050024,-0.800003,-0.000007
actual,3.526000,183.365000,0.449849,-1.049990,1.050025,-1.050024,-0.800003,-0.000007
actual,3.536000,183.375000,0.449997,-1.049990,1.050025,-1.050024,-0.800003,-0.000007
actual,3.546000,183.385000,0.450194,-1.049990,1.050025,-1.050024,-0.800003,-0.000007
actual,3.556000,183.395000,0.450440,-1.049990,1.050025,-1.050024,-0.800003,-0.000007
actual,3.566000,183.405000,0.450735,-1.049990,1.050025,-1.050024,-0.800003,-0.000007
actual,3.576000,183.415000,0.451079,-1.049990,1.050025,-1.050024,-0.800003,-0.000007
actual,3.586000,183.425000,0.451471,-1.049990,1.050025,-1.050024,-0.800003,-0.000007
actual,3.596000,183.435000,0.451911,-1.049990,1.050025,-1.050024,-0.800003,-0.000007
actual,3.606000,183.445000,0.452398,-1.049990,1.050025,-1.050024,-0.800003,-0.000007
actual,3.616000,183.455000,0.452933,-1.049990,1.050025,-1.050024,-0.800003,-0.000007
actual,3.626000,183.465000,0.453514,-1.049990,1.050025,-1.050024,-0.800003,-0.000007
actual,3.636000,183.475000,0.454140,-1.049990,1.050025,-1.050024,-0.800003,-0.000007
actual,3.646000,183.485000,0.454812,-1.049990,1.050025,-1.050024,-0.800003,-0.000007
actual,3.656000,183.495000,0.455529,-1.049990,1.050025,-1.050024,-0.800003,-0.000007
actual,3.666000,183.505000,0.456289,-1.049990,1.050025,-1.050024,-0.800003,-0.000007
actual,3.676000,183.515000,0.457093,-1.049990,1.050025,-1.050024,-0.800003,-0.000007
actual,3.686000,183.525000,0.457939,-1.049990,1.050025,-1.050024,-0.800003,-0.000007
actual,3.696000,183.535000,0.458826,-1.049990,1.050025,-1.050024,-0.800003,-0.000007
actual,3.706000,183.545000,0.459754,-1.049990,1.050025,-1.050024,-0.800003,-0.000007
actual,3.716000,183.555000,0.460722,-1.049990,1.050025,-1.050024,-0.800003,-0.000007
actual,3.726000,183.565000,0.461729,-1.049990,1.050025,-1.050024,-0.800003,-0.000007
actual,3.736000,183.575000,0.462773,-1.049990,1.050025,-1.050024,-0.800003,-0.000007
actual,3.746000,183.585000,0.463854,-1.049990,1.050025,-1.050024,-0.800003,-0.000007
actual,3.756000,183.595000,0.464971,-1.049990,1.050025,-1.050024,-0.800003,-0.000007
actual,3.766000,183.605000,0.466122,-1.049990,1.050025,-1.050024,-0.800003,-0.000007
actual,3.776000,183.615000,0.467307,-1.049990,1.050025,-1.050024,-0.800003,-0.000007
actual,3.786000,183.625000,0.468524,-1.049990,1.050025,-1.050024,-0.800003,-0.000007
actual,3.796000,183.635000,0.469772,-1.049990,1.050025,-1.050024,-0.800003,-0.000007
actual,3.806000,183.645000,0.471050,-1.049990,1.050025,-1.050024,-0.800003,-0.000007
actual,3.816000,183.655000,0.472357,-1.049990,1.050025,-1.050024,-0.800003,-0.000007
actual,3.826000,183.665000,0.473691,-1.049990,1.050025,-1.050024,-0.800003,-0.000007
actual,3.836000,183.675000,0.475050,-1.049990,1.050025,-1.050024,-0.800003,-0.000007
actual,3.846000,183.685000,0.476435,-1.049990,1.050025,-1.050024,-0.800003,-0.000007
actual,3.856000,183.695000,0.477842,-1.049990,1.050025,-1.050024,-0.800003,-0.000007
actual,3.866000,183.705000,0.479272,-1.049990,1.050025,-1.050024,-0.800003,-0.000007
actual,3.876000,183.715000,0.480722,-1.049990,1.050025,-1.050024,-0.800003,-0.000007
actual,3.886000,183.725000,0.482191,-1.049990,1.050025,-1.050024,-0.800003,-0.000007
actual,3.896000,183.735000,0.483677,-1.049990,1.050025,-1.050024,-0.800003,-0.000007
actual,3.906000,183.745000,0.485180,-1.049990,1.050025,-1.050024,-0.800003,-0.000007
actual,3.916000,183.755000,0.486697,-1.049990,1.050025,-1.050024,-0.800003,-0.000007
actual,3.926000,183.765000,0.488228,-1.049990,1.050025,-1.050024,-0.800003,-0.000007
actual,3.936000,183.775000,0.489770,-1.049990,1.050025,-1.050024,-0.800003,-0.000007
actual,3.946000,183.785000,0.491322,-1.049990,1.050025,-1.050024,-0.800003,-0.000007
actual,3.956000,183.795000,0.492883,-1.049990,1.050025,-1.050024,-0.800003,-0.000007
actual,3.966000,183.805000,0.494450,-1.049990,1.050025,-1.050024,-0.800003,-0.000007
actual,3.976000,183.815000,0.496024,-1.049990,1.050025,-1.050024,-0.800003,-0.000007
actual,3.986000,183.825000,0.497601,-1.049990,1.050025,-1.050024,-0.800003,-0.000007
actual,3.996000,183.835000,0.499180,-1.049990,1.050025,-1.050024,-0.800003,-0.000007
actual,4.006000,183.845000,0.500761,-1.049990,1.050025,-1.050024,-0.800003,-0.000007
actual,4.016000,183.855000,0.502340,-1.049990,1.050025,-1.050024,-0.800003,-0.000007
actual,4.026000,183.865000,0.503917,-1.049990,1.050025,-1.050024,-0.800003,-0.000007
actual,4.036000,183.875000,0.505491,-1.049990,1.050025,-1.050024,-0.800003,-0.000007
actual,4.046000,183.885000,0.507059,-1.049990,1.050025,-1.050024,-0.800003,-0.000007
actual,4.056000,183.895000,0.508620,-1.049990,1.050025,-1.050024,-0.800003,-0.000007
actual,4.066000,183.905000,0.510172,-1.049990,1.050025,-1.050024,-0.800003,-0.000007
actual,4.076000,183.915000,0.511715,-1.049990,1.050025,-1.050024,-0.800003,-0.000007
actual,4.086000,183.925000,0.513246,-1.049990,1.050025,-1.050024,-0.800003,-0.000007
actual,4.096000,183.935000,0.514764,-1.049990,1.050025,-1.050024,-0.800003,-0.000007
actual,4.106000,183.945000,0.516267,-1.049990,1.050025,-1.050024,-0.800003,-0.000007
actual,4.116000,183.955000,0.517754,-1.049990,1.050025,-1.050024,-0.800003,-0.000007
actual,4.126000,183.965000,0.519224,-1.049990,1.050025,-1.050024,-0.800003,-0.000007
actual,4.136000,183.975000,0.520675,-1.049990,1.050025,-1.050024,-0.800003,-0.000007
actual,4.146000,183.985000,0.522105,-1.049990,1.050025,-1.050024,-0.800003,-0.000007
actual,4.156000,183.995000,0.523513,-1.049990,1.050025,-1.050024,-0.800003,-0.000007
actual,4.166000,184.005000,0.524899,-1.049990,1.050025,-1.050024,-0.800003,-0.000007
actual,4.176000,184.015000,0.526259,-1.049990,1.050025,-1.050024,-0.800003,-0.000007
actual,4.186000,184.025000,0.527594,-1.049990,1.050025,-1.050024,-0.800003,-0.000007
actual,4.196000,184.035000,0.528902,-1.049990,1.050025,-1.050024,-0.800003,-0.000007
actual,4.206000,184.045000,0.530181,-1.049990,1.050025,-1.050024,-0.800003,-0.000007
actual,4.216000,184.055000,0.531430,-1.049990,1.050025,-1.050024,-0.800003,-0.000007
actual,4.226000,184.065000,0.532649,-1.049990,1.050025,-1.050024,-0.800003,-0.000007
actual,4.236000,184.075000,0.533835,-1.049990,1.050025,-1.050024,-0.800003,-0.000007
actual,4.246000,184.085000,0.534987,-1.049990,1.050025,-1.050024,-0.800003,-0.000007
actual,4.256000,184.095000,0.536105,-1.049990,1.050025,-1.050024,-0.800003,-0.000007
actual,4.266000,184.105000,0.537188,-1.049990,1.050025,-1.050024,-0.800003,-0.000007
actual,4.276000,184.115000,0.538234,-1.049990,1.050025,-1.050024,-0.800003,-0.000007
actual,4.286000,184.125000,0.539242,-1.049990,1.050025,-1.050024,-0.800003,-0.000007
actual,4.296000,184.135000,0.540211,-1.049990,1.050025,-1.050024,-0.800003,-0.000007
actual,4.306000,184.145000,0.541141,-1.049990,1.050025,-1.050024,-0.800003,-0.000007
actual,4.316000,184.155000,0.542030,-1.049990,1.050025,-1.050024,-0.800003,-0.000007
actual,4.326000,184.165000,0.542878,-1.049990,1.050025,-1.050024,-0.800003,-0.000007
actual,4.336000,184.175000,0.543683,-1.049990,1.050025,-1.050024,-0.800003,-0.000007
actual,4.346000,184.185000,0.544445,-1.049990,1.050025,-1.050024,-0.800003,-0.000007
actual,4.356000,184.195000,0.545163,-1.049990,1.050025,-1.050024,-0.800003,-0.000007
actual,4.366000,184.205000,0.545837,-1.049990,1.050025,-1.050024,-0.800003,-0.000007
actual,4.376000,184.215000,0.546466,-1.049990,1.050025,-1.050024,-0.800003,-0.000007
actual,4.386000,184.225000,0.547048,-1.049990,1.050025,-1.050024,-0.800003,-0.000007
actual,4.396000,184.235000,0.547585,-1.049990,1.050025,-1.050024,-0.800003,-0.000007
actual,4.406000,184.245000,0.548074,-1.049990,1.050025,-1.050024,-0.800003,-0.000007
actual,4.416000,184.255000,0.548516,-1.049990,1.050025,-1.050024,-0.800003,-0.000007
actual,4.426000,184.265000,0.548910,-1.049990,1.050025,-1.050024,-0.800003,-0.000007
actual,4.436000,184.275000,0.549255,-1.049990,1.050025,-1.050024,-0.800003,-0.000007
actual,4.446000,184.285000,0.549552,-1.049990,1.050025,-1.050024,-0.800003,-0.000007
actual,4.456000,184.295000,0.549801,-1.049990,1.050025,-1.050024,-0.800003,-0.000007
actual,4.466000,184.305000,0.550000,-1.049990,1.050025,-1.050024,-0.800003,-0.000007
actual,4.476000,184.315000,0.550149,-1.049990,1.050025,-1.050024,-0.800003,-0.000007
actual,4.486000,184.325000,0.550249,-1.049990,1.050025,-1.050024,-0.800003,-0.000007
actual,4.496000,184.335000,0.550300,-1.049990,1.050025,-1.050024,-0.800003,-0.000007
actual,4.506000,184.345000,0.550301,-1.049990,1.050025,-1.050024,-0.800003,-0.000007
actual,4.516000,184.355000,0.550252,-1.049990,1.050025,-1.050024,-0.800003,-0.000007
actual,4.526000,184.365000,0.550154,-1.049990,1.050025,-1.050024,-0.800003,-0.000007
actual,4.536000,184.375000,0.550006,-1.049990,1.050025,-1.050024,-0.800003,-0.000007
actual,4.546000,184.385000,0.549809,-1.049990,1.050025,-1.050024,-0.800003,-0.000007
actual,4.556000,184.395000,0.549563,-1.049990,1.050025,-1.050024,-0.800003,-0.000007
actual,4.566000,184.405000,0.549268,-1.049990,1.050025,-1.050024,-0.800003,-0.000007
actual,4.576000,184.415000,0.548924,-1.049990,1.050025,-1.050024,-0.800003,-0.000007
actual,4.586000,184.425000,0.548532,-1.049990,1.050025,-1.050024,-0.800003,-0.000007
actual,4.596000,184.435000,0.548092,-1.049990,1.050025,-1.050024,-0.800003,-0.000007
actual,4.606000,184.445000,0.547605,-1.049990,1.050025,-1.050024,-0.800003,-0.000007
actual,4.616000,184.455000,0.547070,-1.049990,1.050025,-1.050024,-0.800003,-0.000007
actual,4.626000,184.465000,0.546489,-1.049990,1.050025,-1.050024,-0.800003,-0.000007
actual,4.636000,184.475000,0.545863,-1.049990,1.050025,-1.050024,-0.800003,-0.000007
actual,4.646000,184.485000,0.545191,-1.049990,1.050025,-1.050024,-0.800003,-0.000007
actual,4.656000,184.495000,0.544474,-1.049990,1.050025,-1.050024,-0.800003,-0.000007
actual,4.666000,184.505000,0.543714,-1.049990,1.050025,-1.050024,-0.800003,-0.000007
actual,4.676000,184.515000,0.542910,-1.049990,1.050025,-1.050024,-0.800003,-0.000007
actual,4.686000,184.525000,0.542064,-1.049990,1.050025,-1.050024,-0.800003,-0.000007
actual,4.696000,184.535000,0.541177,-1.049990,1.050025,-1.050024,-0.800003,-0.000007
actual,4.706000,184.545000,0.540249,-1.049990,1.050025,-1.050024,-0.800003,-0.000007
actual,4.716000,184.555000,0.539281,-1.049990,1.050025,-1.050024,-0.800003,-0.000007
actual,4.726000,184.565000,0.538274,-1.049990,1.050025,-1.050024,-0.800003,-0.000007
actual,4.736000,184.575000,0.537230,-1.049990,1.050025,-1.050024,-0.800003,-0.000007
actual,4.746000,184.585000,0.536149,-1.049990,1.050025,-1.050024,-0.800003,-0.000007
actual,4.756000,184.595000,0.535032,-1.049990,1.050025,-1.050024,-0.800003,-0.000007
actual,4.766000,184.605000,0.533881,-1.049990,1.050025,-1.050024,-0.800003,-0.000007
actual,4.776000,184.615000,0.532696,-1.049990,1.050025,-1.050024,-0.800003,-0.000007
actual,4.786000,184.625000,0.531479,-1.049990,1.050025,-1.050024,-0.800003,-0.000007
actual,4.796000,184.635000,0.530231,-1.049990,1.050025,-1.050024,-0.800003,-0.000007
actual,4.806000,184.645000,0.528953,-1.049990,1.050025,-1.050024,-0.800003,-0.000007
actual,4.816000,184.655000,0.527646,-1.049990,1.050025,-1.050024,-0.800003,-0.000007
actual,4.826000,184.665000,0.526312,-1.049990,1.050025,-1.050024,-0.800003,-0.000007
actual,4.836000,184.675000,0.524953,-1.049990,1.050025,-1.050024,-0.800003,-0.000007
actual,4.846000,184.685000,0.523568,-1.049990,1.050025,-1.050024,-0.800003,-0.000007
actual,4.856000,184.695000,0.522161,-1.049990,1.050025,-1.050024,-0.800003,-0.000007
actual,4.866000,184.705000,0.520731,-1.049990,1.050025,-1.050024,-0.800003,-0.000007
actual,4.876000,184.715000,0.519281,-1.049990,1.050025,-1.050024,-0.800003,-0.000007
actual,4.886000,184.725000,0.517812,-1.049990,1.050025,-1.050024,-0.800003,-0.000007
actual,4.896000,184.735000,0.516326,-1.049990,1.050025,-1.050024,-0.800003,-0.000007
actual,4.906000,184.745000,0.514823,-1.049990,1.050025,-1.050024,-0.800003,-0.000007
actual,4.916000,184.755000,0.513306,-1.049990,1.050025,-1.050024,-0.800003,-0.000007
actual,4.926000,184.765000,0.511775,-1.049990,1.050025,-1.050024,-0.800003,-0.000007
actual,4.936000,184.775000,0.510233,-1.049990,1.050025,-1.050024,-0.800003,-0.000007
actual,4.946000,184.785000,0.508681,-1.049990,1.050025,-1.050024,-0.800003,-0.000007
actual,4.956000,184.795000,0.507120,-1.049990,1.050025,-1.050024,-0.800003,-0.000007
actual,4.966000,184.805000,0.505553,-1.049990,1.050025,-1.050024,-0.800003,-0.000007
actual,4.976000,184.815000,0.503979,-1.049990,1.050025,-1.050024,-0.800003,-0.000007
actual,4.986000,184.825000,0.502402,-1.049990,1.050025,-1.050024,-0.800003,-0.000007
actual,4.996000,184.835000,0.500823,-1.049990,1.050025,-1.050024,-0.800003,-0.000007
actual,5.006000,184.845000,0.499242,-1.049990,1.050025,-1.050024,-0.800003,-0.000007
actual,5.016000,184.855000,0.497663,-1.049990,1.050025,-1.050024,-0.800003,-0.000007
actual,5.026000,184.865000,0.496086,-1.049990,1.050025,-1.050024,-0.800003,-0.000007
actual,5.036000,184.875000,0.494512,-1.049990,1.050025,-1.050024,-0.800003,-0.000007
actual,5.046000,184.885000,0.492944,-1.049990,1.050025,-1.050024,-0.800003,-0.000007
actual,5.056000,184.895000,0.491383,-1.049990,1.050025,-1.050024,-0.800003,-0.000007
actual,5.066000,184.905000,0.489831,-1.049990,1.050025,-1.050024,-0.800003,-0.000007
actual,5.076000,184.915000,0.488288,-1.049990,1.050025,-1.050024,-0.800003,-0.000007
actual,5.086000,184.925000,0.486757,-1.049990,1.050025,-1.050024,-0.800003,-0.000007
actual,5.096000,184.935000,0.485239,-1.049990,1.050025,-1.050024,-0.800003,-0.000007
actual,5.106000,184.945000,0.483736,-1.049990,1.050025,-1.050024,-0.800003,-0.000007
actual,5.116000,184.955000,0.482249,-1.049990,1.050025,-1.050024,-0.800003,-0.000007
actual,5.126000,184.965000,0.480779,-1.049990,1.050025,-1.050024,-0.800003,-0.000007
actual,5.136000,184.975000,0.479328,-1.049990,1.050025,-1.050024,-0.800003,-0.000007
actual,5.146000,184.985000,0.477898,-1.049990,1.050025,-1.050024,-0.800003,-0.000007
actual,5.156000,184.995000,0.476490,-1.049990,1.050025,-1.050024,-0.800003,-0.000007
actual,5.166000,185.005000,0.475104,-1.049990,1.050025,-1.050024,-0.800003,-0.000007
actual,5.176000,185.015000,0.473744,-1.049990,1.050025,-1.050024,-0.800003,-0.000007
actual,5.186000,185.025000,0.472409,-1.049990,1.050025,-1.050024,-0.800003,-0.000007
actual,5.196000,185.035000,0.471101,-1.049990,1.050025,-1.050024,-0.800003,-0.000007
actual,5.206000,185.045000,0.469822,-1.049990,1.050025,-1.050024,-0.800003,-0.000007
actual,5.216000,185.055000,0.468573,-1.049990,1.050025,-1.050024,-0.800003,-0.000007
actual,5.226000,185.065000,0.467354,-1.049990,1.050025,-1.050024,-0.800003,-0.000007
actual,5.236000,185.075000,0.466168,-1.049990,1.050025,-1.050024,-0.800003,-0.000007
actual,5.246000,185.085000,0.465016,-1.049990,1.050025,-1.050024,-0.800003,-0.000007
actual,5.256000,185.095000,0.463898,-1.049990,1.050025,-1.050024,-0.800003,-0.000007
actual,5.266000,185.105000,0.462815,-1.049990,1.050025,-1.050024,-0.800003,-0.000007
actual,5.276000,185.115000,0.461769,-1.049990,1.050025,-1.050024,-0.800003,-0.000007
actual,5.286000,185.125000,0.460761,-1.049990,1.050025,-1.050024,-0.800003,-0.000007
actual,5.296000,185.135000,0.459792,-1.049990,1.050025,-1.050024,-0.800003,-0.000007
actual,5.306000,185.145000,0.458862,-1.049990,1.050025,-1.050024,-0.800003,-0.000007
actual,5.316000,185.155000,0.457973,-1.049990,1.050025,-1.050024,-0.800003,-0.000007
actual,5.326000,185.165000,0.457125,-1.049990,1.050025,-1.050024,-0.800003,-0.000007
actual,5.336000,185.175000,0.456320,-1.049990,1.050025,-1.050024,-0.800003,-0.000007
actual,5.346000,185.185000,0.455558,-1.049990,1.050025,-1.050024,-0.800003,-0.000007
actual,5.356000,185.195000,0.454840,-1.049990,1.050025,-1.050024,-0.800003,-0.000007
actual,5.366000,185.205000,0.454166,-1.049990,1.050025,-1.050024,-0.800003,-0.000007
actual,5.376000,185.215000,0.453537,-1.049990,1.050025,-1.050024,-0.800003,-0.000007
actual,5.386000,185.225000,0.452955,-1.049990,1.050025,-1.050024,-0.800003,-0.000007
actual,5.396000,185.235000,0.452418,-1.049990,1.050025,-1.050024,-0.800003,-0.000007
actual,5.406000,185.245000,0.451929,-1.049990,1.050025,-1.050024,-0.800003,-0.000007
actual,5.416000,185.255000,0.451487,-1.049990,1.050025,-1.050024,-0.800003,-0.000007
actual,5.426000,185.265000,0.451093,-1.049990,1.050025,-1.050024,-0.800003,-0.000007
actual,5.436000,185.275000,0.450748,-1.049990,1.050025,-1.050024,-0.800003,-0.000007
actual,5.446000,185.285000,0.450451,-1.049990,1.050025,-1.050024,-0.800003,-0.000007
actual,5.456000,185.295000,0.450202,-1.049990,1.050025,-1.050024,-0.800003,-0.000007
actual,5.466000,185.305000,0.450003,-1.049990,1.050025,-1.050024,-0.800003,-0.000007
actual,5.476000,185.315000,0.449854,-1.049990,1.050025,-1.050024,-0.800003,-0.000007
actual,5.486000,185.325000,0.449754,-1.049990,1.050025,-1.050024,-0.800003,-0.000007
actual,5.496000,185.335000,0.449703,-1.049990,1.050025,-1.050024,-0.800003,-0.000007
actual,5.506000,185.345000,0.449702,-1.049990,1.050025,-1.050024,-0.800003,-0.000007
actual,5.516000,185.355000,0.449751,-1.049990,1.050025,-1.050024,-0.800003,-0.000007
actual,5.526000,185.365000,0.449849,-1.049990,1.050025,-1.050024,-0.800003,-0.000007
actual,5.536000,185.375000,0.449997,-1.049990,1.050025,-1.050024,-0.800003,-0.000007
actual,5.546000,185.385000,0.450194,-1.049990,1.050025,-1.050024,-0.800003,-0.000007
actual,5.556000,185.395000,0.450440,-1.049990,1.050025,-1.050024,-0.800003,-0.000007
actual,5.566000,185.405000,0.450735,-1.049990,1.050025,-1.050024,-0.800003,-0.000007
actual,5.576000,185.415000,0.451079,-1.049990,1.050025,-1.050024,-0.800003,-0.000007
actual,5.586000,185.425000,0.451471,-1.049990,1.050025,-1.050024,-0.800003,-0.000007
actual,5.596000,185.435000,0.451911,-1.049990,1.050025,-1.050024,-0.800003,-0.000007
actual,5.606000,185.445000,0.452398,-1.049990,1.050025,-1.050024,-0.800003,-0.000007
actual,5.616000,185.455000,0.452933,-1.049990,1.050025,-1.050024,-0.800003,-0.000007
actual,5.626000,185.465000,0.453514,-1.049990,1.050025,-1.050024,-0.800003,-0.000007
actual,5.636000,185.475000,0.454140,-1.049990,1.050025,-1.050024,-0.800003,-0.000007
actual,5.646000,185.485000,0.454812,-1.049990,1.050025,-1.050024,-0.800003,-0.000007
actual,5.656000,185.495000,0.455529,-1.049990,1.050025,-1.050024,-0.800003,-0.000007
actual,5.666000,185.505000,0.456289,-1.049990,1.050025,-1.050024,-0.800003,-0.000007
actual,5.676000,185.515000,0.457093,-1.049990,1.050025,-1.050024,-0.800003,-0.000007
actual,5.686000,185.525000,0.457939,-1.049990,1.050025,-1.050024,-0.800003,-0.000007
actual,5.696000,185.535000,0.458826,-1.049990,1.050025,-1.050024,-0.800003,-0.000007
actual,5.706000,185.545000,0.459754,-1.049990,1.050025,-1.050024,-0.800003,-0.000007
actual,5.716000,185.555000,0.460722,-1.049990,1.050025,-1.050024,-0.800003,-0.000007
actual,5.726000,185.565000,0.461729,-1.049990,1.050025,-1.050024,-0.800003,-0.000007
actual,5.736000,185.575000,0.462773,-1.049990,1.050025,-1.050024,-0.800003,-0.000007
actual,5.746000,185.585000,0.463854,-1.049990,1.050025,-1.050024,-0.800003,-0.000007
actual,5.756000,185.595000,0.464971,-1.049990,1.050025,-1.050024,-0.800003,-0.000007
actual,5.766000,185.605000,0.466122,-1.049990,1.050025,-1.050024,-0.800003,-0.000007
actual,5.776000,185.615000,0.467307,-1.049990,1.050025,-1.050024,-0.800003,-0.000007
actual,5.786000,185.625000,0.468524,-1.049990,1.050025,-1.050024,-0.800003,-0.000007
actual,5.796000,185.635000,0.469772,-1.049990,1.050025,-1.050024,-0.800003,-0.000007
actual,5.806000,185.645000,0.471050,-1.049990,1.050025,-1.050024,-0.800003,-0.000007
actual,5.816000,185.655000,0.472357,-1.049990,1.050025,-1.050024,-0.800003,-0.000007
actual,5.826000,185.665000,0.473691,-1.049990,1.050025,-1.050024,-0.800003,-0.000007
actual,5.836000,185.675000,0.475050,-1.049990,1.050025,-1.050024,-0.800003,-0.000007
actual,5.846000,185.685000,0.476435,-1.049990,1.050025,-1.050024,-0.800003,-0.000007
actual,5.856000,185.695000,0.477842,-1.049990,1.050025,-1.050024,-0.800003,-0.000007
actual,5.866000,185.705000,0.479272,-1.049990,1.050025,-1.050024,-0.800003,-0.000007
actual,5.876000,185.715000,0.480722,-1.049990,1.050025,-1.050024,-0.800003,-0.000007
actual,5.886000,185.725000,0.482191,-1.049990,1.050025,-1.050024,-0.800003,-0.000007
actual,5.896000,185.735000,0.483677,-1.049990,1.050025,-1.050024,-0.800003,-0.000007
actual,5.906000,185.745000,0.485180,-1.049990,1.050025,-1.050024,-0.800003,-0.000007
actual,5.916000,185.755000,0.486697,-1.049990,1.050025,-1.050024,-0.800003,-0.000007
actual,5.926000,185.765000,0.488228,-1.049990,1.050025,-1.050024,-0.800003,-0.000007
actual,5.936000,185.775000,0.489770,-1.049990,1.050025,-1.050024,-0.800003,-0.000007
actual,5.946000,185.785000,0.491322,-1.049990,1.050025,-1.050024,-0.800003,-0.000007
actual,5.956000,185.795000,0.492883,-1.049990,1.050025,-1.050024,-0.800003,-0.000007
actual,5.966000,185.805000,0.494450,-1.049990,1.050025,-1.050024,-0.800003,-0.000007
actual,5.976000,185.815000,0.496024,-1.049990,1.050025,-1.050024,-0.800003,-0.000007
actual,5.986000,185.825000,0.497601,-1.049990,1.050025,-1.050024,-0.800003,-0.000007
actual,5.996000,185.835000,0.499180,-1.049990,1.050025,-1.050024,-0.800003,-0.000007
actual,6.006000,185.845000,0.500761,-1.049990,1.050025,-1.050024,-0.800003,-0.000007
actual,6.016000,185.855000,0.502340,-1.049990,1.050025,-1.050024,-0.800003,-0.000007
actual,6.026000,185.865000,0.503917,-1.049990,1.050025,-1.050024,-0.800003,-0.000007
actual,6.036000,185.875000,0.505491,-1.049990,1.050025,-1.050024,-0.800003,-0.000007
actual,6.046000,185.885000,0.507059,-1.049990,1.050025,-1.050024,-0.800003,-0.000007
actual,6.056000,185.895000,0.508620,-1.049990,1.050025,-1.050024,-0.800003,-0.000007
actual,6.066000,185.905000,0.510172,-1.049990,1.050025,-1.050024,-0.800003,-0.000007
actual,6.076000,185.915000,0.511715,-1.049990,1.050025,-1.050024,-0.800003,-0.000007
actual,6.086000,185.925000,0.513246,-1.049990,1.050025,-1.050024,-0.800003,-0.000007
actual,6.096000,185.935000,0.514764,-1.049990,1.050025,-1.050024,-0.800003,-0.000007
actual,6.106000,185.945000,0.516267,-1.049990,1.050025,-1.050024,-0.800003,-0.000007
actual,6.116000,185.955000,0.517754,-1.049990,1.050025,-1.050024,-0.800003,-0.000007
actual,6.126000,185.965000,0.519224,-1.049990,1.050025,-1.050024,-0.800003,-0.000007
actual,6.136000,185.975000,0.520675,-1.049990,1.050025,-1.050024,-0.800003,-0.000007
actual,6.146000,185.985000,0.522105,-1.049990,1.050025,-1.050024,-0.800003,-0.000007
actual,6.156000,185.995000,0.523513,-1.049990,1.050025,-1.050024,-0.800003,-0.000007
actual,6.166000,186.005000,0.524899,-1.049990,1.050025,-1.050024,-0.800003,-0.000007
actual,6.176000,186.015000,0.526259,-1.049990,1.050025,-1.050024,-0.800003,-0.000007
actual,6.186000,186.025000,0.527594,-1.049990,1.050025,-1.050024,-0.800003,-0.000007
actual,6.196000,186.035000,0.528902,-1.049990,1.050025,-1.050024,-0.800003,-0.000007
actual,6.206000,186.045000,0.530181,-1.049990,1.050025,-1.050024,-0.800003,-0.000007
actual,6.216000,186.055000,0.531430,-1.049990,1.050025,-1.050024,-0.800003,-0.000007
actual,6.226000,186.065000,0.532649,-1.049990,1.050025,-1.050024,-0.800003,-0.000007
actual,6.236000,186.075000,0.533835,-1.049990,1.050025,-1.050024,-0.800003,-0.000007
actual,6.246000,186.085000,0.534987,-1.049990,1.050025,-1.050024,-0.800003,-0.000007
actual,6.256000,186.095000,0.536105,-1.049990,1.050025,-1.050024,-0.800003,-0.000007
actual,6.266000,186.105000,0.537188,-1.049990,1.050025,-1.050024,-0.800003,-0.000007
actual,6.276000,186.115000,0.538234,-1.049990,1.050025,-1.050024,-0.800003,-0.000007
actual,6.286000,186.125000,0.539242,-1.049990,1.050025,-1.050024,-0.800003,-0.000007
actual,6.296000,186.135000,0.540211,-1.049990,1.050025,-1.050024,-0.800003,-0.000007
actual,6.306000,186.145000,0.541141,-1.049990,1.050025,-1.050024,-0.800003,-0.000007
actual,6.316000,186.155000,0.542030,-1.049990,1.050025,-1.050024,-0.800003,-0.000007
actual,6.326000,186.165000,0.542878,-1.049990,1.050025,-1.050024,-0.800003,-0.000007
actual,6.336000,186.175000,0.543683,-1.049990,1.050025,-1.050024,-0.800003,-0.000007
actual,6.346000,186.185000,0.544445,-1.049990,1.050025,-1.050024,-0.800003,-0.000007
actual,6.356000,186.195000,0.545163,-1.049990,1.050025,-1.050024,-0.800003,-0.000007
actual,6.366000,186.205000,0.545837,-1.049990,1.050025,-1.050024,-0.800003,-0.000007
actual,6.376000,186.215000,0.546466,-1.049990,1.050025,-1.050024,-0.800003,-0.000007
actual,6.386000,186.225000,0.547048,-1.049990,1.050025,-1.050024,-0.800003,-0.000007
actual,6.396000,186.235000,0.547585,-1.049990,1.050025,-1.050024,-0.800003,-0.000007
actual,6.406000,186.245000,0.548074,-1.049990,1.050025,-1.050024,-0.800003,-0.000007
actual,6.416000,186.255000,0.548516,-1.049990,1.050025,-1.050024,-0.800003,-0.000007
actual,6.426000,186.265000,0.548910,-1.049990,1.050025,-1.050024,-0.800003,-0.000007
actual,6.436000,186.275000,0.549255,-1.049990,1.050025,-1.050024,-0.800003,-0.000007
actual,6.446000,186.285000,0.549552,-1.049990,1.050025,-1.050024,-0.800003,-0.000007
actual,6.456000,186.295000,0.549801,-1.049990,1.050025,-1.050024,-0.800003,-0.000007
actual,6.466000,186.305000,0.550000,-1.049990,1.050025,-1.050024,-0.800003,-0.000007
actual,6.476000,186.315000,0.550149,-1.049990,1.050025,-1.050024,-0.800003,-0.000007
actual,6.486000,186.325000,0.550249,-1.049990,1.050025,-1.050024,-0.800003,-0.000007
actual,6.496000,186.335000,0.550300,-1.049990,1.050025,-1.050024,-0.800003,-0.000007
actual,6.506000,186.345000,0.550301,-1.049990,1.050025,-1.050024,-0.800003,-0.000007
actual,6.516000,186.355000,0.550252,-1.049990,1.050025,-1.050024,-0.800003,-0.000007
actual,6.526000,186.365000,0.550154,-1.049990,1.050025,-1.050024,-0.800003,-0.000007
actual,6.536000,186.375000,0.550006,-1.049990,1.050025,-1.050024,-0.800003,-0.000007
actual,6.546000,186.385000,0.549809,-1.049990,1.050025,-1.050024,-0.800003,-0.000007
actual,6.556000,186.395000,0.549563,-1.049990,1.050025,-1.050024,-0.800003,-0.000007
actual,6.566000,186.405000,0.549268,-1.049990,1.050025,-1.050024,-0.800003,-0.000007
actual,6.576000,186.415000,0.548924,-1.049990,1.050025,-1.050024,-0.800003,-0.000007
actual,6.586000,186.425000,0.548532,-1.049990,1.050025,-1.050024,-0.800003,-0.000007
actual,6.596000,186.435000,0.548092,-1.049990,1.050025,-1.050024,-0.800003,-0.000007
actual,6.606000,186.445000,0.547605,-1.049990,1.050025,-1.050024,-0.800003,-0.000007
actual,6.616000,186.455000,0.547070,-1.049990,1.050025,-1.050024,-0.800003,-0.000007
actual,6.626000,186.465000,0.546489,-1.049990,1.050025,-1.050024,-0.800003,-0.000007
actual,6.636000,186.475000,0.545863,-1.049990,1.050025,-1.050024,-0.800003,-0.000007
actual,6.646000,186.485000,0.545191,-1.049990,1.050025,-1.050024,-0.800003,-0.000007
actual,6.656000,186.495000,0.544474,-1.049990,1.050025,-1.050024,-0.800003,-0.000007
actual,6.666000,186.505000,0.543714,-1.049990,1.050025,-1.050024,-0.800003,-0.000007
actual,6.676000,186.515000,0.542910,-1.049990,1.050025,-1.050024,-0.800003,-0.000007
actual,6.686000,186.525000,0.542064,-1.049990,1.050025,-1.050024,-0.800003,-0.000007
actual,6.696000,186.535000,0.541177,-1.049990,1.050025,-1.050024,-0.800003,-0.000007
actual,6.706000,186.545000,0.540249,-1.049990,1.050025,-1.050024,-0.800003,-0.000007
actual,6.716000,186.555000,0.539281,-1.049990,1.050025,-1.050024,-0.800003,-0.000007
actual,6.726000,186.565000,0.538274,-1.049990,1.050025,-1.050024,-0.800003,-0.000007
actual,6.736000,186.575000,0.537230,-1.049990,1.050025,-1.050024,-0.800003,-0.000007
actual,6.746000,186.585000,0.536149,-1.049990,1.050025,-1.050024,-0.800003,-0.000007
actual,6.756000,186.595000,0.535032,-1.049990,1.050025,-1.050024,-0.800003,-0.000007
actual,6.766000,186.605000,0.533881,-1.049990,1.050025,-1.050024,-0.800003,-0.000007
actual,6.776000,186.615000,0.532696,-1.049990,1.050025,-1.050024,-0.800003,-0.000007
actual,6.786000,186.625000,0.531479,-1.049990,1.050025,-1.050024,-0.800003,-0.000007
actual,6.796000,186.635000,0.530231,-1.049990,1.050025,-1.050024,-0.800003,-0.000007
actual,6.806000,186.645000,0.528953,-1.049990,1.050025,-1.050024,-0.800003,-0.000007
actual,6.816000,186.655000,0.527646,-1.049990,1.050025,-1.050024,-0.800003,-0.000007
actual,6.826000,186.665000,0.526312,-1.049990,1.050025,-1.050024,-0.800003,-0.000007
actual,6.836000,186.675000,0.524953,-1.049990,1.050025,-1.050024,-0.800003,-0.000007
actual,6.846000,186.685000,0.523568,-1.049990,1.050025,-1.050024,-0.800003,-0.000007
actual,6.856000,186.695000,0.522161,-1.049990,1.050025,-1.050024,-0.800003,-0.000007
actual,6.866000,186.705000,0.520731,-1.049990,1.050025,-1.050024,-0.800003,-0.000007
actual,6.876000,186.715000,0.519281,-1.049990,1.050025,-1.050024,-0.800003,-0.000007
actual,6.886000,186.725000,0.517812,-1.049990,1.050025,-1.050024,-0.800003,-0.000007
actual,6.896000,186.735000,0.516326,-1.049990,1.050025,-1.050024,-0.800003,-0.000007
actual,6.906000,186.745000,0.514823,-1.049990,1.050025,-1.050024,-0.800003,-0.000007
actual,6.916000,186.755000,0.513306,-1.049990,1.050025,-1.050024,-0.800003,-0.000007
actual,6.926000,186.765000,0.511775,-1.049990,1.050025,-1.050024,-0.800003,-0.000007
actual,6.936000,186.775000,0.510233,-1.049990,1.050025,-1.050024,-0.800003,-0.000007
actual,6.946000,186.785000,0.508681,-1.049990,1.050025,-1.050024,-0.800003,-0.000007
actual,6.956000,186.795000,0.507120,-1.049990,1.050025,-1.050024,-0.800003,-0.000007
actual,6.966000,186.805000,0.505553,-1.049990,1.050025,-1.050024,-0.800003,-0.000007
actual,6.976000,186.815000,0.503979,-1.049990,1.050025,-1.050024,-0.800003,-0.000007
actual,6.986000,186.825000,0.502402,-1.049990,1.050025,-1.050024,-0.800003,-0.000007
actual,6.996000,186.835000,0.500823,-1.049990,1.050025,-1.050024,-0.800003,-0.000007
actual,7.006000,186.845000,0.499242,-1.049990,1.050025,-1.050024,-0.800003,-0.000007
actual,7.016000,186.855000,0.497663,-1.049990,1.050025,-1.050024,-0.800003,-0.000007
actual,7.026000,186.865000,0.496086,-1.049990,1.050025,-1.050024,-0.800003,-0.000007
actual,7.036000,186.875000,0.494512,-1.049990,1.050025,-1.050024,-0.800003,-0.000007
actual,7.046000,186.885000,0.492944,-1.049990,1.050025,-1.050024,-0.800003,-0.000007
actual,7.056000,186.895000,0.491383,-1.049990,1.050025,-1.050024,-0.800003,-0.000007
actual,7.066000,186.905000,0.489831,-1.049990,1.050025,-1.050024,-0.800003,-0.000007
actual,7.076000,186.915000,0.488288,-1.049990,1.050025,-1.050024,-0.800003,-0.000007
actual,7.086000,186.925000,0.486757,-1.049990,1.050025,-1.050024,-0.800003,-0.000007
actual,7.096000,186.935000,0.485239,-1.049990,1.050025,-1.050024,-0.800003,-0.000007
actual,7.106000,186.945000,0.483736,-1.049990,1.050025,-1.050024,-0.800003,-0.000007
actual,7.116000,186.955000,0.482249,-1.049990,1.050025,-1.050024,-0.800003,-0.000007
actual,7.126000,186.965000,0.480779,-1.049990,1.050025,-1.050024,-0.800003,-0.000007
actual,7.136000,186.975000,0.479328,-1.049990,1.050025,-1.050024,-0.800003,-0.000007
actual,7.146000,186.985000,0.477898,-1.049990,1.050025,-1.050024,-0.800003,-0.000007
actual,7.156000,186.995000,0.476490,-1.049990,1.050025,-1.050024,-0.800003,-0.000007
actual,7.166000,187.005000,0.475104,-1.049990,1.050025,-1.050024,-0.800003,-0.000007
actual,7.176000,187.015000,0.473744,-1.049990,1.050025,-1.050024,-0.800003,-0.000007
actual,7.186000,187.025000,0.472409,-1.049990,1.050025,-1.050024,-0.800003,-0.000007
actual,7.196000,187.035000,0.471101,-1.049990,1.050025,-1.050024,-0.800003,-0.000007
actual,7.206000,187.045000,0.469822,-1.049990,1.050025,-1.050024,-0.800003,-0.000007
actual,7.216000,187.055000,0.468573,-1.049990,1.050025,-1.050024,-0.800003,-0.000007
actual,7.226000,187.065000,0.467354,-1.049990,1.050025,-1.050024,-0.800003,-0.000007
actual,7.236000,187.075000,0.466168,-1.049990,1.050025,-1.050024,-0.800003,-0.000007
actual,7.246000,187.085000,0.465016,-1.049990,1.050025,-1.050024,-0.800003,-0.000007
actual,7.256000,187.095000,0.463898,-1.049990,1.050025,-1.050024,-0.800003,-0.000007
actual,7.266000,187.105000,0.462815,-1.049990,1.050025,-1.050024,-0.800003,-0.000007
actual,7.276000,187.115000,0.461769,-1.049990,1.050025,-1.050024,-0.800003,-0.000007
actual,7.286000,187.125000,0.460761,-1.049990,1.050025,-1.050024,-0.800003,-0.000007
actual,7.296000,187.135000,0.459792,-1.049990,1.050025,-1.050024,-0.800003,-0.000007
actual,7.306000,187.145000,0.458862,-1.049990,1.050025,-1.050024,-0.800003,-0.000007
actual,7.316000,187.155000,0.457973,-1.049990,1.050025,-1.050024,-0.800003,-0.000007
actual,7.326000,187.165000,0.457125,-1.049990,1.050025,-1.050024,-0.800003,-0.000007
actual,7.336000,187.175000,0.456320,-1.049990,1.050025,-1.050024,-0.800003,-0.000007
actual,7.346000,187.185000,0.455558,-1.049990,1.050025,-1.050024,-0.800003,-0.000007
actual,7.356000,187.195000,0.454840,-1.049990,1.050025,-1.050024,-0.800003,-0.000007
actual,7.366000,187.205000,0.454166,-1.049990,1.050025,-1.050024,-0.800003,-0.000007
actual,7.376000,187.215000,0.453537,-1.049990,1.050025,-1.050024,-0.800003,-0.000007
actual,7.386000,187.225000,0.452955,-1.049990,1.050025,-1.050024,-0.800003,-0.000007
actual,7.396000,187.235000,0.452418,-1.049990,1.050025,-1.050024,-0.800003,-0.000007
actual,7.406000,187.245000,0.451929,-1.049990,1.050025,-1.050024,-0.800003,-0.000007
actual,7.416000,187.255000,0.451487,-1.049990,1.050025,-1.050024,-0.800003,-0.000007
actual,7.426000,187.265000,0.451093,-1.049990,1.050025,-1.050024,-0.800003,-0.000007
actual,7.436000,187.275000,0.450748,-1.049990,1.050025,-1.050024,-0.800003,-0.000007
actual,7.446000,187.285000,0.450451,-1.049990,1.050025,-1.050024,-0.800003,-0.000007
actual,7.456000,187.295000,0.450202,-1.049990,1.050025,-1.050024,-0.800003,-0.000007
actual,7.466000,187.305000,0.450003,-1.049990,1.050025,-1.050024,-0.800003,-0.000007
actual,7.476000,187.315000,0.449854,-1.049990,1.050025,-1.050024,-0.800003,-0.000007
actual,7.486000,187.325000,0.449754,-1.049990,1.050025,-1.050024,-0.800003,-0.000007
actual,7.496000,187.335000,0.449703,-1.049990,1.050025,-1.050024,-0.800003,-0.000007
actual,7.506000,187.345000,0.449702,-1.049990,1.050025,-1.050024,-0.800003,-0.000007
actual,7.516000,187.355000,0.449751,-1.049990,1.050025,-1.050024,-0.800003,-0.000007
actual,7.526000,187.365000,0.449849,-1.049990,1.050025,-1.050024,-0.800003,-0.000007
actual,7.536000,187.375000,0.449997,-1.049990,1.050025,-1.050024,-0.800003,-0.000007
actual,7.546000,187.385000,0.450194,-1.049990,1.050025,-1.050024,-0.800003,-0.000007
actual,7.556000,187.395000,0.450440,-1.049990,1.050025,-1.050024,-0.800003,-0.000007
actual,7.566000,187.405000,0.450735,-1.049990,1.050025,-1.050024,-0.800003,-0.000007
actual,7.576000,187.415000,0.451079,-1.049990,1.050025,-1.050024,-0.800003,-0.000007
actual,7.586000,187.425000,0.451471,-1.049990,1.050025,-1.050024,-0.800003,-0.000007
actual,7.596000,187.435000,0.451911,-1.049990,1.050025,-1.050024,-0.800003,-0.000007
actual,7.606000,187.445000,0.452398,-1.049990,1.050025,-1.050024,-0.800003,-0.000007
actual,7.616000,187.455000,0.452933,-1.049990,1.050025,-1.050024,-0.800003,-0.000007
actual,7.626000,187.465000,0.453514,-1.049990,1.050025,-1.050024,-0.800003,-0.000007
actual,7.636000,187.475000,0.454140,-1.049990,1.050025,-1.050024,-0.800003,-0.000007
actual,7.646000,187.485000,0.454812,-1.049990,1.050025,-1.050024,-0.800003,-0.000007
actual,7.656000,187.495000,0.455529,-1.049990,1.050025,-1.050024,-0.800003,-0.000007
actual,7.666000,187.505000,0.456289,-1.049990,1.050025,-1.050024,-0.800003,-0.000007
actual,7.676000,187.515000,0.457093,-1.049990,1.050025,-1.050024,-0.800003,-0.000007
actual,7.686000,187.525000,0.457939,-1.049990,1.050025,-1.050024,-0.800003,-0.000007
actual,7.696000,187.535000,0.458826,-1.049990,1.050025,-1.050024,-0.800003,-0.000007
actual,7.706000,187.545000,0.459754,-1.049990,1.050025,-1.050024,-0.800003,-0.000007
actual,7.716000,187.555000,0.460722,-1.049990,1.050025,-1.050024,-0.800003,-0.000007
actual,7.726000,187.565000,0.461729,-1.049990,1.050025,-1.050024,-0.800003,-0.000007
actual,7.736000,187.575000,0.462773,-1.049990,1.050025,-1.050024,-0.800003,-0.000007
actual,7.746000,187.585000,0.463854,-1.049990,1.050025,-1.050024,-0.800003,-0.000007
actual,7.756000,187.595000,0.464971,-1.049990,1.050025,-1.050024,-0.800003,-0.000007
actual,7.766000,187.605000,0.466122,-1.049990,1.050025,-1.050024,-0.800003,-0.000007
actual,7.776000,187.615000,0.467307,-1.049990,1.050025,-1.050024,-0.800003,-0.000007
actual,7.786000,187.625000,0.468524,-1.049990,1.050025,-1.050024,-0.800003,-0.000007
actual,7.796000,187.635000,0.469772,-1.049990,1.050025,-1.050024,-0.800003,-0.000007
actual,7.806000,187.645000,0.471050,-1.049990,1.050025,-1.050024,-0.800003,-0.000007
actual,7.816000,187.655000,0.472357,-1.049990,1.050025,-1.050024,-0.800003,-0.000007
actual,7.826000,187.665000,0.473691,-1.049990,1.050025,-1.050024,-0.800003,-0.000007
actual,7.836000,187.675000,0.475050,-1.049990,1.050025,-1.050024,-0.800003,-0.000007
actual,7.846000,187.685000,0.476435,-1.049990,1.050025,-1.050024,-0.800003,-0.000007
actual,7.856000,187.695000,0.477842,-1.049990,1.050025,-1.050024,-0.800003,-0.000007
actual,7.866000,187.705000,0.479272,-1.049990,1.050025,-1.050024,-0.800003,-0.000007
actual,7.876000,187.715000,0.480722,-1.049990,1.050025,-1.050024,-0.800003,-0.000007
actual,7.886000,187.725000,0.482191,-1.049990,1.050025,-1.050024,-0.800003,-0.000007
actual,7.896000,187.735000,0.483677,-1.049990,1.050025,-1.050024,-0.800003,-0.000007
actual,7.906000,187.745000,0.485180,-1.049990,1.050025,-1.050024,-0.800003,-0.000007
actual,7.916000,187.755000,0.486697,-1.049990,1.050025,-1.050024,-0.800003,-0.000007
actual,7.926000,187.765000,0.488228,-1.049990,1.050025,-1.050024,-0.800003,-0.000007
actual,7.936000,187.775000,0.489770,-1.049990,1.050025,-1.050024,-0.800003,-0.000007
actual,7.946000,187.785000,0.491322,-1.049990,1.050025,-1.050024,-0.800003,-0.000007
actual,7.956000,187.795000,0.492883,-1.049990,1.050025,-1.050024,-0.800003,-0.000007
actual,7.966000,187.805000,0.494450,-1.049990,1.050025,-1.050024,-0.800003,-0.000007
actual,7.976000,187.815000,0.496024,-1.049990,1.050025,-1.050024,-0.800003,-0.000007
actual,7.986000,187.825000,0.497601,-1.049990,1.050025,-1.050024,-0.800003,-0.000007
actual,7.996000,187.835000,0.499180,-1.049990,1.050025,-1.050024,-0.800003,-0.000007
actual,8.006000,187.845000,0.500761,-1.049990,1.050025,-1.050024,-0.800003,-0.000007
actual,8.016000,187.855000,0.502340,-1.049990,1.050025,-1.050024,-0.800003,-0.000007
actual,8.026000,187.865000,0.503917,-1.049990,1.050025,-1.050024,-0.800003,-0.000007
actual,8.036000,187.875000,0.505491,-1.049990,1.050025,-1.050024,-0.800003,-0.000007
actual,8.046000,187.885000,0.507059,-1.049990,1.050025,-1.050024,-0.800003,-0.000007
actual,8.056000,187.895000,0.508620,-1.049990,1.050025,-1.050024,-0.800003,-0.000007
actual,8.066000,187.905000,0.510172,-1.049990,1.050025,-1.050024,-0.800003,-0.000007
actual,8.076000,187.915000,0.511715,-1.049990,1.050025,-1.050024,-0.800003,-0.000007
actual,8.086000,187.925000,0.513246,-1.049990,1.050025,-1.050024,-0.800003,-0.000007
actual,8.096000,187.935000,0.514764,-1.049990,1.050025,-1.050024,-0.800003,-0.000007
actual,8.106000,187.945000,0.516267,-1.049990,1.050025,-1.050024,-0.800003,-0.000007
actual,8.116000,187.955000,0.517754,-1.049990,1.050025,-1.050024,-0.800003,-0.000007
actual,8.126000,187.965000,0.519224,-1.049990,1.050025,-1.050024,-0.800003,-0.000007
actual,8.136000,187.975000,0.520675,-1.049990,1.050025,-1.050024,-0.800003,-0.000007
actual,8.146000,187.985000,0.522105,-1.049990,1.050025,-1.050024,-0.800003,-0.000007
actual,8.156000,187.995000,0.523513,-1.049990,1.050025,-1.050024,-0.800003,-0.000007
actual,8.166000,188.005000,0.524899,-1.049990,1.050025,-1.050024,-0.800003,-0.000007
actual,8.176000,188.015000,0.526259,-1.049990,1.050025,-1.050024,-0.800003,-0.000007
actual,8.186000,188.025000,0.527594,-1.049990,1.050025,-1.050024,-0.800003,-0.000007
actual,8.196000,188.035000,0.528902,-1.049990,1.050025,-1.050024,-0.800003,-0.000007
actual,8.206000,188.045000,0.530181,-1.049990,1.050025,-1.050024,-0.800003,-0.000007
actual,8.216000,188.055000,0.531430,-1.049990,1.050025,-1.050024,-0.800003,-0.000007
actual,8.226000,188.065000,0.532649,-1.049990,1.050025,-1.050024,-0.800003,-0.000007
actual,8.236000,188.075000,0.533835,-1.049990,1.050025,-1.050024,-0.800003,-0.000007
actual,8.246000,188.085000,0.534987,-1.049990,1.050025,-1.050024,-0.800003,-0.000007
actual,8.256000,188.095000,0.536105,-1.049990,1.050025,-1.050024,-0.800003,-0.000007
actual,8.266000,188.105000,0.537188,-1.049990,1.050025,-1.050024,-0.800003,-0.000007
actual,8.276000,188.115000,0.538234,-1.049990,1.050025,-1.050024,-0.800003,-0.000007
actual,8.286000,188.125000,0.539242,-1.049990,1.050025,-1.050024,-0.800003,-0.000007
actual,8.296000,188.135000,0.540211,-1.049990,1.050025,-1.050024,-0.800003,-0.000007
actual,8.306000,188.145000,0.541141,-1.049990,1.050025,-1.050024,-0.800003,-0.000007
actual,8.316000,188.155000,0.542030,-1.049990,1.050025,-1.050024,-0.800003,-0.000007
actual,8.326000,188.165000,0.542878,-1.049990,1.050025,-1.050024,-0.800003,-0.000007
actual,8.336000,188.175000,0.543683,-1.049990,1.050025,-1.050024,-0.800003,-0.000007
actual,8.346000,188.185000,0.544445,-1.049990,1.050025,-1.050024,-0.800003,-0.000007
actual,8.356000,188.195000,0.545163,-1.049990,1.050025,-1.050024,-0.800003,-0.000007
actual,8.366000,188.205000,0.545837,-1.049990,1.050025,-1.050024,-0.800003,-0.000007
actual,8.376000,188.215000,0.546466,-1.049990,1.050025,-1.050024,-0.800003,-0.000007
actual,8.386000,188.225000,0.547048,-1.049990,1.050025,-1.050024,-0.800003,-0.000007
actual,8.396000,188.235000,0.547585,-1.049990,1.050025,-1.050024,-0.800003,-0.000007
actual,8.406000,188.245000,0.548074,-1.049990,1.050025,-1.050024,-0.800003,-0.000007
actual,8.416000,188.255000,0.548516,-1.049990,1.050025,-1.050024,-0.800003,-0.000007
actual,8.426000,188.265000,0.548910,-1.049990,1.050025,-1.050024,-0.800003,-0.000007
actual,8.436000,188.275000,0.549255,-1.049990,1.050025,-1.050024,-0.800003,-0.000007
actual,8.446000,188.285000,0.549552,-1.049990,1.050025,-1.050024,-0.800003,-0.000007
actual,8.456000,188.295000,0.549801,-1.049990,1.050025,-1.050024,-0.800003,-0.000007
actual,8.466000,188.305000,0.550000,-1.049990,1.050025,-1.050024,-0.800003,-0.000007
actual,8.476000,188.315000,0.550149,-1.049990,1.050025,-1.050024,-0.800003,-0.000007
actual,8.486000,188.325000,0.550249,-1.049990,1.050025,-1.050024,-0.800003,-0.000007
actual,8.496000,188.335000,0.550300,-1.049990,1.050025,-1.050024,-0.800003,-0.000007
actual,8.506000,188.345000,0.550301,-1.049990,1.050025,-1.050024,-0.800003,-0.000007
actual,8.516000,188.355000,0.550252,-1.049990,1.050025,-1.050024,-0.800003,-0.000007
actual,8.526000,188.365000,0.550154,-1.049990,1.050025,-1.050024,-0.800003,-0.000007
actual,8.536000,188.375000,0.550006,-1.049990,1.050025,-1.050024,-0.800003,-0.000007
actual,8.546000,188.385000,0.549809,-1.049990,1.050025,-1.050024,-0.800003,-0.000007
actual,8.556000,188.395000,0.549563,-1.049990,1.050025,-1.050024,-0.800003,-0.000007
actual,8.566000,188.405000,0.549268,-1.049990,1.050025,-1.050024,-0.800003,-0.000007
actual,8.576000,188.415000,0.548924,-1.049990,1.050025,-1.050024,-0.800003,-0.000007
actual,8.586000,188.425000,0.548532,-1.049990,1.050025,-1.050024,-0.800003,-0.000007
actual,8.596000,188.435000,0.548092,-1.049990,1.050025,-1.050024,-0.800003,-0.000007
actual,8.606000,188.445000,0.547605,-1.049990,1.050025,-1.050024,-0.800003,-0.000007
actual,8.616000,188.455000,0.547070,-1.049990,1.050025,-1.050024,-0.800003,-0.000007
actual,8.626000,188.465000,0.546489,-1.049990,1.050025,-1.050024,-0.800003,-0.000007
actual,8.636000,188.475000,0.545863,-1.049990,1.050025,-1.050024,-0.800003,-0.000007
actual,8.646000,188.485000,0.545191,-1.049990,1.050025,-1.050024,-0.800003,-0.000007
actual,8.656000,188.495000,0.544474,-1.049990,1.050025,-1.050024,-0.800003,-0.000007
actual,8.666000,188.505000,0.543714,-1.049990,1.050025,-1.050024,-0.800003,-0.000007
actual,8.676000,188.515000,0.542910,-1.049990,1.050025,-1.050024,-0.800003,-0.000007
actual,8.686000,188.525000,0.542064,-1.049990,1.050025,-1.050024,-0.800003,-0.000007
actual,8.696000,188.535000,0.541177,-1.049990,1.050025,-1.050024,-0.800003,-0.000007
actual,8.706000,188.545000,0.540249,-1.049990,1.050025,-1.050024,-0.800003,-0.000007
actual,8.716000,188.555000,0.539281,-1.049990,1.050025,-1.050024,-0.800003,-0.000007
actual,8.726000,188.565000,0.538274,-1.049990,1.050025,-1.050024,-0.800003,-0.000007
actual,8.736000,188.575000,0.537230,-1.049990,1.050025,-1.050024,-0.800003,-0.000007
actual,8.746000,188.585000,0.536149,-1.049990,1.050025,-1.050024,-0.800003,-0.000007
actual,8.756000,188.595000,0.535032,-1.049990,1.050025,-1.050024,-0.800003,-0.000007
actual,8.766000,188.605000,0.533881,-1.049990,1.050025,-1.050024,-0.800003,-0.000007
actual,8.776000,188.615000,0.532696,-1.049990,1.050025,-1.050024,-0.800003,-0.000007
actual,8.786000,188.625000,0.531479,-1.049990,1.050025,-1.050024,-0.800003,-0.000007
actual,8.796000,188.635000,0.530231,-1.049990,1.050025,-1.050024,-0.800003,-0.000007
actual,8.806000,188.645000,0.528953,-1.049990,1.050025,-1.050024,-0.800003,-0.000007
actual,8.816000,188.655000,0.527646,-1.049990,1.050025,-1.050024,-0.800003,-0.000007
actual,8.826000,188.665000,0.526312,-1.049990,1.050025,-1.050024,-0.800003,-0.000007
actual,8.836000,188.675000,0.524953,-1.049990,1.050025,-1.050024,-0.800003,-0.000007
actual,8.846000,188.685000,0.523568,-1.049990,1.050025,-1.050024,-0.800003,-0.000007
actual,8.856000,188.695000,0.522161,-1.049990,1.050025,-1.050024,-0.800003,-0.000007
actual,8.866000,188.705000,0.520731,-1.049990,1.050025,-1.050024,-0.800003,-0.000007
actual,8.876000,188.715000,0.519281,-1.049990,1.050025,-1.050024,-0.800003,-0.000007
actual,8.886000,188.725000,0.517812,-1.049990,1.050025,-1.050024,-0.800003,-0.000007
actual,8.896000,188.735000,0.516326,-1.049990,1.050025,-1.050024,-0.800003,-0.000007
actual,8.906000,188.745000,0.514823,-1.049990,1.050025,-1.050024,-0.800003,-0.000007
actual,8.916000,188.755000,0.513306,-1.049990,1.050025,-1.050024,-0.800003,-0.000007
actual,8.926000,188.765000,0.511775,-1.049990,1.050025,-1.050024,-0.800003,-0.000007
actual,8.936000,188.775000,0.510233,-1.049990,1.050025,-1.050024,-0.800003,-0.000007
actual,8.946000,188.785000,0.508681,-1.049990,1.050025,-1.050024,-0.800003,-0.000007
actual,8.956000,188.795000,0.507120,-1.049990,1.050025,-1.050024,-0.800003,-0.000007
actual,8.966000,188.805000,0.505553,-1.049990,1.050025,-1.050024,-0.800003,-0.000007
actual,8.976000,188.815000,0.503979,-1.049990,1.050025,-1.050024,-0.800003,-0.000007
actual,8.986000,188.825000,0.502402,-1.049990,1.050025,-1.050024,-0.800003,-0.000007
actual,8.996000,188.835000,0.500823,-1.049990,1.050025,-1.050024,-0.800003,-0.000007
actual,9.006000,188.845000,0.499242,-1.049990,1.050025,-1.050024,-0.800003,-0.000007
actual,9.016000,188.855000,0.497663,-1.049990,1.050025,-1.050024,-0.800003,-0.000007
actual,9.026000,188.865000,0.496086,-1.049990,1.050025,-1.050024,-0.800003,-0.000007
actual,9.036000,188.875000,0.494512,-1.049990,1.050025,-1.050024,-0.800003,-0.000007
actual,9.046000,188.885000,0.492944,-1.049990,1.050025,-1.050024,-0.800003,-0.000007
actual,9.056000,188.895000,0.491383,-1.049990,1.050025,-1.050024,-0.800003,-0.000007
actual,9.066000,188.905000,0.489831,-1.049990,1.050025,-1.050024,-0.800003,-0.000007
actual,9.076000,188.915000,0.488288,-1.049990,1.050025,-1.050024,-0.800003,-0.000007
actual,9.086000,188.925000,0.486757,-1.049990,1.050025,-1.050024,-0.800003,-0.000007
actual,9.096000,188.935000,0.485239,-1.049990,1.050025,-1.050024,-0.800003,-0.000007
actual,9.106000,188.945000,0.483736,-1.049990,1.050025,-1.050024,-0.800003,-0.000007
actual,9.116000,188.955000,0.482249,-1.049990,1.050025,-1.050024,-0.800003,-0.000007
actual,9.126000,188.965000,0.480779,-1.049990,1.050025,-1.050024,-0.800003,-0.000007
actual,9.136000,188.975000,0.479328,-1.049990,1.050025,-1.050024,-0.800003,-0.000007
actual,9.146000,188.985000,0.477898,-1.049990,1.050025,-1.050024,-0.800003,-0.000007
actual,9.156000,188.995000,0.476490,-1.049990,1.050025,-1.050024,-0.800003,-0.000007
actual,9.166000,189.005000,0.475104,-1.049990,1.050025,-1.050024,-0.800003,-0.000007
actual,9.176000,189.015000,0.473744,-1.049990,1.050025,-1.050024,-0.800003,-0.000007
actual,9.186000,189.025000,0.472409,-1.049990,1.050025,-1.050024,-0.800003,-0.000007
actual,9.196000,189.035000,0.471101,-1.049990,1.050025,-1.050024,-0.800003,-0.000007
actual,9.206000,189.045000,0.469822,-1.049990,1.050025,-1.050024,-0.800003,-0.000007
actual,9.216000,189.055000,0.468573,-1.049990,1.050025,-1.050024,-0.800003,-0.000007
actual,9.226000,189.065000,0.467354,-1.049990,1.050025,-1.050024,-0.800003,-0.000007
actual,9.236000,189.075000,0.466168,-1.049990,1.050025,-1.050024,-0.800003,-0.000007
actual,9.246000,189.085000,0.465016,-1.049990,1.050025,-1.050024,-0.800003,-0.000007
actual,9.256000,189.095000,0.463898,-1.049990,1.050025,-1.050024,-0.800003,-0.000007
actual,9.266000,189.105000,0.462815,-1.049990,1.050025,-1.050024,-0.800003,-0.000007
actual,9.276000,189.115000,0.461769,-1.049990,1.050025,-1.050024,-0.800003,-0.000007
actual,9.286000,189.125000,0.460761,-1.049990,1.050025,-1.050024,-0.800003,-0.000007
actual,9.296000,189.135000,0.459792,-1.049990,1.050025,-1.050024,-0.800003,-0.000007
actual,9.306000,189.145000,0.458862,-1.049990,1.050025,-1.050024,-0.800003,-0.000007
actual,9.316000,189.155000,0.457973,-1.049990,1.050025,-1.050024,-0.800003,-0.000007
actual,9.326000,189.165000,0.457125,-1.049990,1.050025,-1.050024,-0.800003,-0.000007
actual,9.336000,189.175000,0.456320,-1.049990,1.050025,-1.050024,-0.800003,-0.000007
actual,9.346000,189.185000,0.455558,-1.049990,1.050025,-1.050024,-0.800003,-0.000007
actual,9.356000,189.195000,0.454840,-1.049990,1.050025,-1.050024,-0.800003,-0.000007
actual,9.366000,189.205000,0.454166,-1.049990,1.050025,-1.050024,-0.800003,-0.000007
actual,9.376000,189.215000,0.453537,-1.049990,1.050025,-1.050024,-0.800003,-0.000007
actual,9.386000,189.225000,0.452955,-1.049990,1.050025,-1.050024,-0.800003,-0.000007
actual,9.396000,189.235000,0.452418,-1.049990,1.050025,-1.050024,-0.800003,-0.000007
actual,9.406000,189.245000,0.451929,-1.049990,1.050025,-1.050024,-0.800003,-0.000007
actual,9.416000,189.255000,0.451487,-1.049990,1.050025,-1.050024,-0.800003,-0.000007
actual,9.426000,189.265000,0.451093,-1.049990,1.050025,-1.050024,-0.800003,-0.000007
actual,9.436000,189.275000,0.450748,-1.049990,1.050025,-1.050024,-0.800003,-0.000007
actual,9.446000,189.285000,0.450451,-1.049990,1.050025,-1.050024,-0.800003,-0.000007
actual,9.456000,189.295000,0.450202,-1.049990,1.050025,-1.050024,-0.800003,-0.000007
actual,9.466000,189.305000,0.450003,-1.049990,1.050025,-1.050024,-0.800003,-0.000007
actual,9.476000,189.315000,0.449854,-1.049990,1.050025,-1.050024,-0.800003,-0.000007
actual,9.486000,189.325000,0.449754,-1.049990,1.050025,-1.050024,-0.800003,-0.000007
actual,9.496000,189.335000,0.449703,-1.049990,1.050025,-1.050024,-0.800003,-0.000007
actual,9.506000,189.345000,0.449702,-1.049990,1.050025,-1.050024,-0.800003,-0.000007
actual,9.516000,189.355000,0.449751,-1.049990,1.050025,-1.050024,-0.800003,-0.000007
actual,9.526000,189.365000,0.449849,-1.049990,1.050025,-1.050024,-0.800003,-0.000007
actual,9.536000,189.375000,0.449997,-1.049990,1.050025,-1.050024,-0.800003,-0.000007
actual,9.546000,189.385000,0.450194,-1.049990,1.050025,-1.050024,-0.800003,-0.000007
actual,9.556000,189.395000,0.450440,-1.049990,1.050025,-1.050024,-0.800003,-0.000007
actual,9.566000,189.405000,0.450735,-1.049990,1.050025,-1.050024,-0.800003,-0.000007
actual,9.576000,189.415000,0.451079,-1.049990,1.050025,-1.050024,-0.800003,-0.000007
actual,9.586000,189.425000,0.451471,-1.049990,1.050025,-1.050024,-0.800003,-0.000007
actual,9.596000,189.435000,0.451911,-1.049990,1.050025,-1.050024,-0.800003,-0.000007
actual,9.606000,189.445000,0.452398,-1.049990,1.050025,-1.050024,-0.800003,-0.000007
actual,9.616000,189.455000,0.452933,-1.049990,1.050025,-1.050024,-0.800003,-0.000007
actual,9.626000,189.465000,0.453514,-1.049990,1.050025,-1.050024,-0.800003,-0.000007
actual,9.636000,189.475000,0.454140,-1.049990,1.050025,-1.050024,-0.800003,-0.000007
actual,9.646000,189.485000,0.454812,-1.049990,1.050025,-1.050024,-0.800003,-0.000007
actual,9.656000,189.495000,0.455529,-1.049990,1.050025,-1.050024,-0.800003,-0.000007
actual,9.666000,189.505000,0.456289,-1.049990,1.050025,-1.050024,-0.800003,-0.000007
actual,9.676000,189.515000,0.457093,-1.049990,1.050025,-1.050024,-0.800003,-0.000007
actual,9.686000,189.525000,0.457939,-1.049990,1.050025,-1.050024,-0.800003,-0.000007
actual,9.696000,189.535000,0.458826,-1.049990,1.050025,-1.050024,-0.800003,-0.000007
actual,9.706000,189.545000,0.459754,-1.049990,1.050025,-1.050024,-0.800003,-0.000007
actual,9.716000,189.555000,0.460722,-1.049990,1.050025,-1.050024,-0.800003,-0.000007
actual,9.726000,189.565000,0.461729,-1.049990,1.050025,-1.050024,-0.800003,-0.000007
actual,9.736000,189.575000,0.462773,-1.049990,1.050025,-1.050024,-0.800003,-0.000007
actual,9.746000,189.585000,0.463854,-1.049990,1.050025,-1.050024,-0.800003,-0.000007
actual,9.756000,189.595000,0.464971,-1.049990,1.050025,-1.050024,-0.800003,-0.000007
actual,9.766000,189.605000,0.466122,-1.049990,1.050025,-1.050024,-0.800003,-0.000007
actual,9.776000,189.615000,0.467307,-1.049990,1.050025,-1.050024,-0.800003,-0.000007
actual,9.786000,189.625000,0.468524,-1.049990,1.050025,-1.050024,-0.800003,-0.000007
actual,9.796000,189.635000,0.469772,-1.049990,1.050025,-1.050024,-0.800003,-0.000007
actual,9.806000,189.645000,0.471050,-1.049990,1.050025,-1.050024,-0.800003,-0.000007
actual,9.816000,189.655000,0.472357,-1.049990,1.050025,-1.050024,-0.800003,-0.000007
actual,9.826000,189.665000,0.473691,-1.049990,1.050025,-1.050024,-0.800003,-0.000007
actual,9.836000,189.675000,0.475050,-1.049990,1.050025,-1.050024,-0.800003,-0.000007
actual,9.846000,189.685000,0.476435,-1.049990,1.050025,-1.050024,-0.800003,-0.000007
actual,9.856000,189.695000,0.477842,-1.049990,1.050025,-1.050024,-0.800003,-0.000007
actual,9.866000,189.705000,0.479272,-1.049990,1.050025,-1.050024,-0.800003,-0.000007
actual,9.876000,189.715000,0.480722,-1.049990,1.050025,-1.050024,-0.800003,-0.000007
actual,9.886000,189.725000,0.482191,-1.049990,1.050025,-1.050024,-0.800003,-0.000007
actual,9.896000,189.735000,0.483677,-1.049990,1.050025,-1.050024,-0.800003,-0.000007
actual,9.906000,189.745000,0.485180,-1.049990,1.050025,-1.050024,-0.800003,-0.000007
actual,9.916000,189.755000,0.486697,-1.049990,1.050025,-1.050024,-0.800003,-0.000007
actual,9.926000,189.765000,0.488228,-1.049990,1.050025,-1.050024,-0.800003,-0.000007
actual,9.936000,189.775000,0.489770,-1.049990,1.050025,-1.050024,-0.800003,-0.000007
actual,9.946000,189.785000,0.491322,-1.049990,1.050025,-1.050024,-0.800003,-0.000007
actual,9.956000,189.795000,0.492883,-1.049990,1.050025,-1.050024,-0.800003,-0.000007
actual,9.966000,189.805000,0.494450,-1.049990,1.050025,-1.050024,-0.800003,-0.000007
actual,9.976000,189.815000,0.496024,-1.049990,1.050025,-1.050024,-0.800003,-0.000007
actual,9.986000,189.825000,0.497601,-1.049990,1.050025,-1.050024,-0.800003,-0.000007
actual,9.996000,189.835000,0.499180,-1.049990,1.050025,-1.050024,-0.800003,-0.000007
actual,10.006000,189.845000,0.500761,-1.049990,1.050025,-1.050024,-0.800003,-0.000007
actual,10.016000,189.855000,0.502340,-1.049990,1.050025,-1.050024,-0.800003,-0.000007
actual,10.026000,189.865000,0.503917,-1.049990,1.050025,-1.050024,-0.800003,-0.000007
actual,10.036000,189.875000,0.505491,-1.049990,1.050025,-1.050024,-0.800003,-0.000007
actual,10.046000,189.885000,0.507059,-1.049990,1.050025,-1.050024,-0.800003,-0.000007
actual,10.056000,189.895000,0.508620,-1.049990,1.050025,-1.050024,-0.800003,-0.000007
actual,10.066000,189.905000,0.510172,-1.049990,1.050025,-1.050024,-0.800003,-0.000007
actual,10.076000,189.915000,0.511715,-1.049990,1.050025,-1.050024,-0.800003,-0.000007
actual,10.086000,189.925000,0.513246,-1.049990,1.050025,-1.050024,-0.800003,-0.000007
actual,10.096000,189.935000,0.514764,-1.049990,1.050025,-1.050024,-0.800003,-0.000007
actual,10.106000,189.945000,0.516267,-1.049990,1.050025,-1.050024,-0.800003,-0.000007
actual,10.116000,189.955000,0.517754,-1.049990,1.050025,-1.050024,-0.800003,-0.000007
actual,10.126000,189.965000,0.519224,-1.049990,1.050025,-1.050024,-0.800003,-0.000007
actual,10.136000,189.975000,0.520675,-1.049990,1.050025,-1.050024,-0.800003,-0.000007
actual,10.146000,189.985000,0.522105,-1.049990,1.050025,-1.050024,-0.800003,-0.000007
actual,10.156000,189.995000,0.523513,-1.049990,1.050025,-1.050024,-0.800003,-0.000007
actual,10.166000,190.005000,0.524899,-1.049990,1.050025,-1.050024,-0.800003,-0.000007
actual,10.176000,190.015000,0.526259,-1.049990,1.050025,-1.050024,-0.800003,-0.000007
actual,10.186000,190.025000,0.527594,-1.049990,1.050025,-1.050024,-0.800003,-0.000007
actual,10.196000,190.035000,0.528902,-1.049990,1.050025,-1.050024,-0.800003,-0.000007
actual,10.206000,190.045000,0.530181,-1.049990,1.050025,-1.050024,-0.800003,-0.000007
actual,10.216000,190.055000,0.531430,-1.049990,1.050025,-1.050024,-0.800003,-0.000007
actual,10.226000,190.065000,0.532649,-1.049990,1.050025,-1.050024,-0.800003,-0.000007
actual,10.236000,190.075000,0.533835,-1.049990,1.050025,-1.050024,-0.800003,-0.000007
actual,10.246000,190.085000,0.534987,-1.049990,1.050025,-1.050024,-0.800003,-0.000007
actual,10.256000,190.095000,0.536105,-1.049990,1.050025,-1.050024,-0.800003,-0.000007
actual,10.266000,190.105000,0.537188,-1.049990,1.050025,-1.050024,-0.800003,-0.000007
actual,10.276000,190.115000,0.538234,-1.049990,1.050025,-1.050024,-0.800003,-0.000007
actual,10.286000,190.125000,0.539242,-1.049990,1.050025,-1.050024,-0.800003,-0.000007
actual,10.296000,190.135000,0.540211,-1.049990,1.050025,-1.050024,-0.800003,-0.000007
actual,10.306000,190.145000,0.541141,-1.049990,1.050025,-1.050024,-0.800003,-0.000007
actual,10.316000,190.155000,0.542030,-1.049990,1.050025,-1.050024,-0.800003,-0.000007
actual,10.326000,190.165000,0.542878,-1.049990,1.050025,-1.050024,-0.800003,-0.000007
actual,10.336000,190.175000,0.543683,-1.049990,1.050025,-1.050024,-0.800003,-0.000007
actual,10.346000,190.185000,0.544445,-1.049990,1.050025,-1.050024,-0.800003,-0.000007
actual,10.356000,190.195000,0.545163,-1.049990,1.050025,-1.050024,-0.800003,-0.000007
actual,10.366000,190.205000,0.545837,-1.049990,1.050025,-1.050024,-0.800003,-0.000007
actual,10.376000,190.215000,0.546466,-1.049990,1.050025,-1.050024,-0.800003,-0.000007
actual,10.386000,190.225000,0.547048,-1.049990,1.050025,-1.050024,-0.800003,-0.000007
actual,10.396000,190.235000,0.547585,-1.049990,1.050025,-1.050024,-0.800003,-0.000007
actual,10.406000,190.245000,0.548074,-1.049990,1.050025,-1.050024,-0.800003,-0.000007
actual,10.416000,190.255000,0.548516,-1.049990,1.050025,-1.050024,-0.800003,-0.000007
actual,10.426000,190.265000,0.548910,-1.049990,1.050025,-1.050024,-0.800003,-0.000007
actual,10.436000,190.275000,0.549255,-1.049990,1.050025,-1.050024,-0.800003,-0.000007
actual,10.446000,190.285000,0.549552,-1.049990,1.050025,-1.050024,-0.800003,-0.000007
actual,10.456000,190.295000,0.549801,-1.049990,1.050025,-1.050024,-0.800003,-0.000007
actual,10.466000,190.305000,0.550000,-1.049990,1.050025,-1.050024,-0.800003,-0.000007
actual,10.476000,190.315000,0.550149,-1.049990,1.050025,-1.050024,-0.800003,-0.000007
actual,10.486000,190.325000,0.550249,-1.049990,1.050025,-1.050024,-0.800003,-0.000007
actual,10.496000,190.335000,0.550300,-1.049990,1.050025,-1.050024,-0.800003,-0.000007
actual,10.506000,190.345000,0.550301,-1.049990,1.050025,-1.050024,-0.800003,-0.000007
actual,10.516000,190.355000,0.550252,-1.049990,1.050025,-1.050024,-0.800003,-0.000007
actual,10.526000,190.365000,0.550154,-1.049990,1.050025,-1.050024,-0.800003,-0.000007
actual,10.536000,190.375000,0.550006,-1.049990,1.050025,-1.050024,-0.800003,-0.000007
actual,10.546000,190.385000,0.549809,-1.049990,1.050025,-1.050024,-0.800003,-0.000007
actual,10.556000,190.395000,0.549563,-1.049990,1.050025,-1.050024,-0.800003,-0.000007
actual,10.566000,190.405000,0.549268,-1.049990,1.050025,-1.050024,-0.800003,-0.000007
actual,10.576000,190.415000,0.548924,-1.049990,1.050025,-1.050024,-0.800003,-0.000007
actual,10.586000,190.425000,0.548532,-1.049990,1.050025,-1.050024,-0.800003,-0.000007
actual,10.596000,190.435000,0.548092,-1.049990,1.050025,-1.050024,-0.800003,-0.000007
actual,10.606000,190.445000,0.547605,-1.049990,1.050025,-1.050024,-0.800003,-0.000007
actual,10.616000,190.455000,0.547070,-1.049990,1.050025,-1.050024,-0.800003,-0.000007
actual,10.626000,190.465000,0.546489,-1.049990,1.050025,-1.050024,-0.800003,-0.000007
actual,10.636000,190.475000,0.545863,-1.049990,1.050025,-1.050024,-0.800003,-0.000007
actual,10.646000,190.485000,0.545191,-1.049990,1.050025,-1.050024,-0.800003,-0.000007
actual,10.656000,190.495000,0.544474,-1.049990,1.050025,-1.050024,-0.800003,-0.000007
actual,10.666000,190.505000,0.543714,-1.049990,1.050025,-1.050024,-0.800003,-0.000007
actual,10.676000,190.515000,0.542910,-1.049990,1.050025,-1.050024,-0.800003,-0.000007
actual,10.686000,190.525000,0.542064,-1.049990,1.050025,-1.050024,-0.800003,-0.000007
actual,10.696000,190.535000,0.541177,-1.049990,1.050025,-1.050024,-0.800003,-0.000007
actual,10.706000,190.545000,0.540249,-1.049990,1.050025,-1.050024,-0.800003,-0.000007
actual,10.716000,190.555000,0.539281,-1.049990,1.050025,-1.050024,-0.800003,-0.000007
actual,10.726000,190.565000,0.538274,-1.049990,1.050025,-1.050024,-0.800003,-0.000007
actual,10.736000,190.575000,0.537230,-1.049990,1.050025,-1.050024,-0.800003,-0.000007
actual,10.746000,190.585000,0.536149,-1.049990,1.050025,-1.050024,-0.800003,-0.000007
actual,10.756000,190.595000,0.535032,-1.049990,1.050025,-1.050024,-0.800003,-0.000007
actual,10.766000,190.605000,0.533881,-1.049990,1.050025,-1.050024,-0.800003,-0.000007
actual,10.776000,190.615000,0.532696,-1.049990,1.050025,-1.050024,-0.800003,-0.000007
actual,10.786000,190.625000,0.531479,-1.049990,1.050025,-1.050024,-0.800003,-0.000007
actual,10.796000,190.635000,0.530231,-1.049990,1.050025,-1.050024,-0.800003,-0.000007
actual,10.806000,190.645000,0.528953,-1.049990,1.050025,-1.050024,-0.800003,-0.000007
actual,10.816000,190.655000,0.527646,-1.049990,1.050025,-1.050024,-0.800003,-0.000007
actual,10.826000,190.665000,0.526312,-1.049990,1.050025,-1.050024,-0.800003,-0.000007
actual,10.836000,190.675000,0.524953,-1.049990,1.050025,-1.050024,-0.800003,-0.000007
actual,10.846000,190.685000,0.523568,-1.049990,1.050025,-1.050024,-0.800003,-0.000007
actual,10.856000,190.695000,0.522161,-1.049990,1.050025,-1.050024,-0.800003,-0.000007
actual,10.866000,190.705000,0.520731,-1.049990,1.050025,-1.050024,-0.800003,-0.000007
actual,10.876000,190.715000,0.519281,-1.049990,1.050025,-1.050024,-0.800003,-0.000007
actual,10.886000,190.725000,0.517812,-1.049990,1.050025,-1.050024,-0.800003,-0.000007
actual,10.896000,190.735000,0.516326,-1.049990,1.050025,-1.050024,-0.800003,-0.000007
actual,10.906000,190.745000,0.514823,-1.049990,1.050025,-1.050024,-0.800003,-0.000007
actual,10.916000,190.755000,0.513306,-1.049990,1.050025,-1.050024,-0.800003,-0.000007
actual,10.926000,190.765000,0.511775,-1.049990,1.050025,-1.050024,-0.800003,-0.000007
actual,10.936000,190.775000,0.510233,-1.049990,1.050025,-1.050024,-0.800003,-0.000007
actual,10.946000,190.785000,0.508681,-1.049990,1.050025,-1.050024,-0.800003,-0.000007
actual,10.956000,190.795000,0.507120,-1.049990,1.050025,-1.050024,-0.800003,-0.000007
actual,10.966000,190.805000,0.505553,-1.049990,1.050025,-1.050024,-0.800003,-0.000007
actual,10.976000,190.815000,0.503979,-1.049990,1.050025,-1.050024,-0.800003,-0.000007
actual,10.986000,190.825000,0.502402,-1.049990,1.050025,-1.050024,-0.800003,-0.000007
actual,10.996000,190.835000,0.500823,-1.049990,1.050025,-1.050024,-0.800003,-0.000007
actual,11.006000,190.845000,0.499242,-1.049990,1.050025,-1.050024,-0.800003,-0.000007
actual,11.016000,190.855000,0.497663,-1.049990,1.050025,-1.050024,-0.800003,-0.000007
actual,11.026000,190.865000,0.496086,-1.049990,1.050025,-1.050024,-0.800003,-0.000007
actual,11.036000,190.875000,0.494512,-1.049990,1.050025,-1.050024,-0.800003,-0.000007
actual,11.046000,190.885000,0.492944,-1.049990,1.050025,-1.050024,-0.800003,-0.000007
actual,11.056000,190.895000,0.491383,-1.049990,1.050025,-1.050024,-0.800003,-0.000007
actual,11.066000,190.905000,0.489831,-1.049990,1.050025,-1.050024,-0.800003,-0.000007
actual,11.076000,190.915000,0.488288,-1.049990,1.050025,-1.050024,-0.800003,-0.000007
actual,11.086000,190.925000,0.486757,-1.049990,1.050025,-1.050024,-0.800003,-0.000007
actual,11.096000,190.935000,0.485239,-1.049990,1.050025,-1.050024,-0.800003,-0.000007
actual,11.106000,190.945000,0.483736,-1.049990,1.050025,-1.050024,-0.800003,-0.000007
actual,11.116000,190.955000,0.482249,-1.049990,1.050025,-1.050024,-0.800003,-0.000007
actual,11.126000,190.965000,0.480779,-1.049990,1.050025,-1.050024,-0.800003,-0.000007
actual,11.136000,190.975000,0.479328,-1.049990,1.050025,-1.050024,-0.800003,-0.000007
actual,11.146000,190.985000,0.477898,-1.049990,1.050025,-1.050024,-0.800003,-0.000007
actual,11.156000,190.995000,0.476490,-1.049990,1.050025,-1.050024,-0.800003,-0.000007
actual,11.166000,191.005000,0.475104,-1.049990,1.050025,-1.050024,-0.800003,-0.000007
actual,11.176000,191.015000,0.473744,-1.049990,1.050025,-1.050024,-0.800003,-0.000007
actual,11.186000,191.025000,0.472409,-1.049990,1.050025,-1.050024,-0.800003,-0.000007
actual,11.196000,191.035000,0.471101,-1.049990,1.050025,-1.050024,-0.800003,-0.000007
actual,11.206000,191.045000,0.469822,-1.049990,1.050025,-1.050024,-0.800003,-0.000007
actual,11.216000,191.055000,0.468573,-1.049990,1.050025,-1.050024,-0.800003,-0.000007
actual,11.226000,191.065000,0.467354,-1.049990,1.050025,-1.050024,-0.800003,-0.000007
actual,11.236000,191.075000,0.466168,-1.049990,1.050025,-1.050024,-0.800003,-0.000007
actual,11.246000,191.085000,0.465016,-1.049990,1.050025,-1.050024,-0.800003,-0.000007
actual,11.256000,191.095000,0.463898,-1.049990,1.050025,-1.050024,-0.800003,-0.000007
actual,11.266000,191.105000,0.462815,-1.049990,1.050025,-1.050024,-0.800003,-0.000007
actual,11.276000,191.115000,0.461769,-1.049990,1.050025,-1.050024,-0.800003,-0.000007
actual,11.286000,191.125000,0.460761,-1.049990,1.050025,-1.050024,-0.800003,-0.000007
actual,11.296000,191.135000,0.459792,-1.049990,1.050025,-1.050024,-0.800003,-0.000007
actual,11.306000,191.145000,0.458862,-1.049990,1.050025,-1.050024,-0.800003,-0.000007
actual,11.316000,191.155000,0.457973,-1.049990,1.050025,-1.050024,-0.800003,-0.000007
actual,11.326000,191.165000,0.457125,-1.049990,1.050025,-1.050024,-0.800003,-0.000007
actual,11.336000,191.175000,0.456320,-1.049990,1.050025,-1.050024,-0.800003,-0.000007
actual,11.346000,191.185000,0.455558,-1.049990,1.050025,-1.050024,-0.800003,-0.000007
actual,11.356000,191.195000,0.454840,-1.049990,1.050025,-1.050024,-0.800003,-0.000007
actual,11.366000,191.205000,0.454166,-1.049990,1.050025,-1.050024,-0.800003,-0.000007
actual,11.376000,191.215000,0.453537,-1.049990,1.050025,-1.050024,-0.800003,-0.000007
actual,11.386000,191.225000,0.452955,-1.049990,1.050025,-1.050024,-0.800003,-0.000007
actual,11.396000,191.235000,0.452418,-1.049990,1.050025,-1.050024,-0.800003,-0.000007
actual,11.406000,191.245000,0.451929,-1.049990,1.050025,-1.050024,-0.800003,-0.000007
actual,11.416000,191.255000,0.451487,-1.049990,1.050025,-1.050024,-0.800003,-0.000007
actual,11.426000,191.265000,0.451093,-1.049990,1.050025,-1.050024,-0.800003,-0.000007
actual,11.436000,191.275000,0.450748,-1.049990,1.050025,-1.050024,-0.800003,-0.000007
actual,11.446000,191.285000,0.450451,-1.049990,1.050025,-1.050024,-0.800003,-0.000007
actual,11.456000,191.295000,0.450202,-1.049990,1.050025,-1.050024,-0.800003,-0.000007
actual,11.466000,191.305000,0.450003,-1.049990,1.050025,-1.050024,-0.800003,-0.000007
actual,11.476000,191.315000,0.449854,-1.049990,1.050025,-1.050024,-0.800003,-0.000007
actual,11.486000,191.325000,0.449754,-1.049990,1.050025,-1.050024,-0.800003,-0.000007
actual,11.496000,191.335000,0.449703,-1.049990,1.050025,-1.050024,-0.800003,-0.000007
actual,11.506000,191.345000,0.449702,-1.049990,1.050025,-1.050024,-0.800003,-0.000007
actual,11.516000,191.355000,0.449751,-1.049990,1.050025,-1.050024,-0.800003,-0.000007
actual,11.526000,191.365000,0.449849,-1.049990,1.050025,-1.050024,-0.800003,-0.000007
actual,11.536000,191.375000,0.449997,-1.049990,1.050025,-1.050024,-0.800003,-0.000007
actual,11.546000,191.385000,0.450194,-1.049990,1.050025,-1.050024,-0.800003,-0.000007
actual,11.556000,191.395000,0.450440,-1.049990,1.050025,-1.050024,-0.800003,-0.000007
actual,11.566000,191.405000,0.450735,-1.049990,1.050025,-1.050024,-0.800003,-0.000007
actual,11.576000,191.415000,0.451079,-1.049990,1.050025,-1.050024,-0.800003,-0.000007
actual,11.586000,191.425000,0.451471,-1.049990,1.050025,-1.050024,-0.800003,-0.000007
actual,11.596000,191.435000,0.451911,-1.049990,1.050025,-1.050024,-0.800003,-0.000007
actual,11.606000,191.445000,0.452398,-1.049990,1.050025,-1.050024,-0.800003,-0.000007
actual,11.616000,191.455000,0.452933,-1.049990,1.050025,-1.050024,-0.800003,-0.000007
actual,11.626000,191.465000,0.453514,-1.049990,1.050025,-1.050024,-0.800003,-0.000007
actual,11.636000,191.475000,0.454140,-1.049990,1.050025,-1.050024,-0.800003,-0.000007
actual,11.646000,191.485000,0.454812,-1.049990,1.050025,-1.050024,-0.800003,-0.000007
actual,11.656000,191.495000,0.455529,-1.049990,1.050025,-1.050024,-0.800003,-0.000007
actual,11.666000,191.505000,0.456289,-1.049990,1.050025,-1.050024,-0.800003,-0.000007
actual,11.676000,191.515000,0.457093,-1.049990,1.050025,-1.050024,-0.800003,-0.000007
actual,11.686000,191.525000,0.457939,-1.049990,1.050025,-1.050024,-0.800003,-0.000007
actual,11.696000,191.535000,0.458826,-1.049990,1.050025,-1.050024,-0.800003,-0.000007
actual,11.706000,191.545000,0.459754,-1.049990,1.050025,-1.050024,-0.800003,-0.000007
actual,11.716000,191.555000,0.460722,-1.049990,1.050025,-1.050024,-0.800003,-0.000007
actual,11.726000,191.565000,0.461729,-1.049990,1.050025,-1.050024,-0.800003,-0.000007
actual,11.736000,191.575000,0.462773,-1.049990,1.050025,-1.050024,-0.800003,-0.000007
actual,11.746000,191.585000,0.463854,-1.049990,1.050025,-1.050024,-0.800003,-0.000007
actual,11.756000,191.595000,0.464971,-1.049990,1.050025,-1.050024,-0.800003,-0.000007
actual,11.766000,191.605000,0.466122,-1.049990,1.050025,-1.050024,-0.800003,-0.000007
actual,11.776000,191.615000,0.467307,-1.049990,1.050025,-1.050024,-0.800003,-0.000007
actual,11.786000,191.625000,0.468524,-1.049990,1.050025,-1.050024,-0.800003,-0.000007
actual,11.796000,191.635000,0.469772,-1.049990,1.050025,-1.050024,-0.800003,-0.000007
actual,11.806000,191.645000,0.471050,-1.049990,1.050025,-1.050024,-0.800003,-0.000007
actual,11.816000,191.655000,0.472357,-1.049990,1.050025,-1.050024,-0.800003,-0.000007
actual,11.826000,191.665000,0.473691,-1.049990,1.050025,-1.050024,-0.800003,-0.000007
actual,11.836000,191.675000,0.475050,-1.049990,1.050025,-1.050024,-0.800003,-0.000007
actual,11.846000,191.685000,0.476435,-1.049990,1.050025,-1.050024,-0.800003,-0.000007
actual,11.856000,191.695000,0.477842,-1.049990,1.050025,-1.050024,-0.800003,-0.000007
actual,11.866000,191.705000,0.479272,-1.049990,1.050025,-1.050024,-0.800003,-0.000007
actual,11.876000,191.715000,0.480722,-1.049990,1.050025,-1.050024,-0.800003,-0.000007
actual,11.886000,191.725000,0.482191,-1.049990,1.050025,-1.050024,-0.800003,-0.000007
actual,11.896000,191.735000,0.483677,-1.049990,1.050025,-1.050024,-0.800003,-0.000007
actual,11.906000,191.745000,0.485180,-1.049990,1.050025,-1.050024,-0.800003,-0.000007
actual,11.916000,191.755000,0.486697,-1.049990,1.050025,-1.050024,-0.800003,-0.000007
actual,11.926000,191.765000,0.488228,-1.049990,1.050025,-1.050024,-0.800003,-0.000007
actual,11.936000,191.775000,0.489770,-1.049990,1.050025,-1.050024,-0.800003,-0.000007
actual,11.946000,191.785000,0.491322,-1.049990,1.050025,-1.050024,-0.800003,-0.000007
actual,11.956000,191.795000,0.492883,-1.049990,1.050025,-1.050024,-0.800003,-0.000007
actual,11.966000,191.805000,0.494450,-1.049990,1.050025,-1.050024,-0.800003,-0.000007
actual,11.976000,191.815000,0.496024,-1.049990,1.050025,-1.050024,-0.800003,-0.000007
actual,11.986000,191.825000,0.497601,-1.049990,1.050025,-1.050024,-0.800003,-0.000007
actual,11.996000,191.835000,0.499180,-1.049990,1.050025,-1.050024,-0.800003,-0.000007
actual,12.006000,191.845000,0.500761,-1.049990,1.050025,-1.050024,-0.800003,-0.000007
actual,12.016000,191.855000,0.502340,-1.049990,1.050025,-1.050024,-0.800003,-0.000007
actual,12.026000,191.865000,0.503917,-1.049990,1.050025,-1.050024,-0.800003,-0.000007
actual,12.036000,191.875000,0.505491,-1.049990,1.050025,-1.050024,-0.800003,-0.000007
actual,12.046000,191.885000,0.507059,-1.049990,1.050025,-1.050024,-0.800003,-0.000007
actual,12.056000,191.895000,0.508620,-1.049990,1.050025,-1.050024,-0.800003,-0.000007
actual,12.066000,191.905000,0.510172,-1.049990,1.050025,-1.050024,-0.800003,-0.000007
actual,12.076000,191.915000,0.511715,-1.049990,1.050025,-1.050024,-0.800003,-0.000007
actual,12.086000,191.925000,0.513246,-1.049990,1.050025,-1.050024,-0.800003,-0.000007
actual,12.096000,191.935000,0.514764,-1.049990,1.050025,-1.050024,-0.800003,-0.000007
actual,12.106000,191.945000,0.516267,-1.049990,1.050025,-1.050024,-0.800003,-0.000007
actual,12.116000,191.955000,0.517754,-1.049990,1.050025,-1.050024,-0.800003,-0.000007
actual,12.126000,191.965000,0.519224,-1.049990,1.050025,-1.050024,-0.800003,-0.000007
actual,12.136000,191.975000,0.520675,-1.049990,1.050025,-1.050024,-0.800003,-0.000007
actual,12.146000,191.985000,0.522105,-1.049990,1.050025,-1.050024,-0.800003,-0.000007
actual,12.156000,191.995000,0.523513,-1.049990,1.050025,-1.050024,-0.800003,-0.000007
actual,12.166000,192.005000,0.524899,-1.049990,1.050025,-1.050024,-0.800003,-0.000007
actual,12.176000,192.015000,0.526259,-1.049990,1.050025,-1.050024,-0.800003,-0.000007
actual,12.186000,192.025000,0.527594,-1.049990,1.050025,-1.050024,-0.800003,-0.000007
actual,12.196000,192.035000,0.528902,-1.049990,1.050025,-1.050024,-0.800003,-0.000007
actual,12.206000,192.045000,0.530181,-1.049990,1.050025,-1.050024,-0.800003,-0.000007
actual,12.216000,192.055000,0.531430,-1.049990,1.050025,-1.050024,-0.800003,-0.000007
actual,12.226000,192.065000,0.532649,-1.049990,1.050025,-1.050024,-0.800003,-0.000007
actual,12.236000,192.075000,0.533835,-1.049990,1.050025,-1.050024,-0.800003,-0.000007
actual,12.246000,192.085000,0.534987,-1.049990,1.050025,-1.050024,-0.800003,-0.000007
actual,12.256000,192.095000,0.536105,-1.049990,1.050025,-1.050024,-0.800003,-0.000007
actual,12.266000,192.105000,0.537188,-1.049990,1.050025,-1.050024,-0.800003,-0.000007
actual,12.276000,192.115000,0.538234,-1.049990,1.050025,-1.050024,-0.800003,-0.000007
actual,12.286000,192.125000,0.539242,-1.049990,1.050025,-1.050024,-0.800003,-0.000007
actual,12.296000,192.135000,0.540211,-1.049990,1.050025,-1.050024,-0.800003,-0.000007
actual,12.306000,192.145000,0.541141,-1.049990,1.050025,-1.050024,-0.800003,-0.000007
actual,12.316000,192.155000,0.542030,-1.049990,1.050025,-1.050024,-0.800003,-0.000007
actual,12.326000,192.165000,0.542878,-1.049990,1.050025,-1.050024,-0.800003,-0.000007
actual,12.336000,192.175000,0.543683,-1.049990,1.050025,-1.050024,-0.800003,-0.000007
actual,12.346000,192.185000,0.544445,-1.049990,1.050025,-1.050024,-0.800003,-0.000007
actual,12.356000,192.195000,0.545163,-1.049990,1.050025,-1.050024,-0.800003,-0.000007
actual,12.366000,192.205000,0.545837,-1.049990,1.050025,-1.050024,-0.800003,-0.000007
actual,12.376000,192.215000,0.546466,-1.049990,1.050025,-1.050024,-0.800003,-0.000007
actual,12.386000,192.225000,0.547048,-1.049990,1.050025,-1.050024,-0.800003,-0.000007
actual,12.396000,192.235000,0.547585,-1.049990,1.050025,-1.050024,-0.800003,-0.000007
actual,12.406000,192.245000,0.548074,-1.049990,1.050025,-1.050024,-0.800003,-0.000007
actual,12.416000,192.255000,0.548516,-1.049990,1.050025,-1.050024,-0.800003,-0.000007
actual,12.426000,192.265000,0.548910,-1.049990,1.050025,-1.050024,-0.800003,-0.000007
actual,12.436000,192.275000,0.549255,-1.049990,1.050025,-1.050024,-0.800003,-0.000007
actual,12.446000,192.285000,0.549552,-1.049990,1.050025,-1.050024,-0.800003,-0.000007
actual,12.456000,192.295000,0.549801,-1.049990,1.050025,-1.050024,-0.800003,-0.000007
actual,12.466000,192.305000,0.550000,-1.049990,1.050025,-1.050024,-0.800003,-0.000007
actual,12.476000,192.315000,0.550149,-1.049990,1.050025,-1.050024,-0.800003,-0.000007
actual,12.486000,192.325000,0.550249,-1.049990,1.050025,-1.050024,-0.800003,-0.000007
actual,12.496000,192.335000,0.550300,-1.049990,1.050025,-1.050024,-0.800003,-0.000007
actual,12.506000,192.345000,0.550301,-1.049990,1.050025,-1.050024,-0.800003,-0.000007
actual,12.516000,192.355000,0.550252,-1.049990,1.050025,-1.050024,-0.800003,-0.000007
actual,12.526000,192.365000,0.550154,-1.049990,1.050025,-1.050024,-0.800003,-0.000007
actual,12.536000,192.375000,0.550006,-1.049990,1.050025,-1.050024,-0.800003,-0.000007
actual,12.546000,192.385000,0.549809,-1.049990,1.050025,-1.050024,-0.800003,-0.000007
actual,12.556000,192.395000,0.549563,-1.049990,1.050025,-1.050024,-0.800003,-0.000007
actual,12.566000,192.405000,0.549268,-1.049990,1.050025,-1.050024,-0.800003,-0.000007
actual,12.576000,192.415000,0.548924,-1.049990,1.050025,-1.050024,-0.800003,-0.000007
actual,12.586000,192.425000,0.548532,-1.049990,1.050025,-1.050024,-0.800003,-0.000007
actual,12.596000,192.435000,0.548092,-1.049990,1.050025,-1.050024,-0.800003,-0.000007
actual,12.606000,192.445000,0.547605,-1.049990,1.050025,-1.050024,-0.800003,-0.000007
actual,12.616000,192.455000,0.547070,-1.049990,1.050025,-1.050024,-0.800003,-0.000007
actual,12.626000,192.465000,0.546489,-1.049990,1.050025,-1.050024,-0.800003,-0.000007
actual,12.636000,192.475000,0.545863,-1.049990,1.050025,-1.050024,-0.800003,-0.000007
actual,12.646000,192.485000,0.545191,-1.049990,1.050025,-1.050024,-0.800003,-0.000007
actual,12.656000,192.495000,0.544474,-1.049990,1.050025,-1.050024,-0.800003,-0.000007
actual,12.666000,192.505000,0.543714,-1.049990,1.050025,-1.050024,-0.800003,-0.000007
actual,12.676000,192.515000,0.542910,-1.049990,1.050025,-1.050024,-0.800003,-0.000007
actual,12.686000,192.525000,0.542064,-1.049990,1.050025,-1.050024,-0.800003,-0.000007
actual,12.696000,192.535000,0.541177,-1.049990,1.050025,-1.050024,-0.800003,-0.000007
actual,12.706000,192.545000,0.540249,-1.049990,1.050025,-1.050024,-0.800003,-0.000007
actual,12.716000,192.555000,0.539281,-1.049990,1.050025,-1.050024,-0.800003,-0.000007
actual,12.726000,192.565000,0.538274,-1.049990,1.050025,-1.050024,-0.800003,-0.000007
actual,12.736000,192.575000,0.537230,-1.049990,1.050025,-1.050024,-0.800003,-0.000007
actual,12.746000,192.585000,0.536149,-1.049990,1.050025,-1.050024,-0.800003,-0.000007
actual,12.756000,192.595000,0.535032,-1.049990,1.050025,-1.050024,-0.800003,-0.000007
actual,12.766000,192.605000,0.533881,-1.049990,1.050025,-1.050024,-0.800003,-0.000007
actual,12.776000,192.615000,0.532696,-1.049990,1.050025,-1.050024,-0.800003,-0.000007
actual,12.786000,192.625000,0.531479,-1.049990,1.050025,-1.050024,-0.800003,-0.000007
actual,12.796000,192.635000,0.530231,-1.049990,1.050025,-1.050024,-0.800003,-0.000007
actual,12.806000,192.645000,0.528953,-1.049990,1.050025,-1.050024,-0.800003,-0.000007
actual,12.816000,192.655000,0.527646,-1.049990,1.050025,-1.050024,-0.800003,-0.000007
actual,12.826000,192.665000,0.526312,-1.049990,1.050025,-1.050024,-0.800003,-0.000007
actual,12.836000,192.675000,0.524953,-1.049990,1.050025,-1.050024,-0.800003,-0.000007
actual,12.846000,192.685000,0.523568,-1.049990,1.050025,-1.050024,-0.800003,-0.000007
actual,12.856000,192.695000,0.522161,-1.049990,1.050025,-1.050024,-0.800003,-0.000007
actual,12.866000,192.705000,0.520731,-1.049990,1.050025,-1.050024,-0.800003,-0.000007
actual,12.876000,192.715000,0.519281,-1.049990,1.050025,-1.050024,-0.800003,-0.000007
actual,12.886000,192.725000,0.517812,-1.049990,1.050025,-1.050024,-0.800003,-0.000007
actual,12.896000,192.735000,0.516326,-1.049990,1.050025,-1.050024,-0.800003,-0.000007
actual,12.906000,192.745000,0.514823,-1.049990,1.050025,-1.050024,-0.800003,-0.000007
actual,12.916000,192.755000,0.513306,-1.049990,1.050025,-1.050024,-0.800003,-0.000007
actual,12.926000,192.765000,0.511775,-1.049990,1.050025,-1.050024,-0.800003,-0.000007
actual,12.936000,192.775000,0.510233,-1.049990,1.050025,-1.050024,-0.800003,-0.000007
actual,12.946000,192.785000,0.508681,-1.049990,1.050025,-1.050024,-0.800003,-0.000007
actual,12.956000,192.795000,0.507120,-1.049990,1.050025,-1.050024,-0.800003,-0.000007
actual,12.966000,192.805000,0.505553,-1.049990,1.050025,-1.050024,-0.800003,-0.000007
actual,12.976000,192.815000,0.503979,-1.049990,1.050025,-1.050024,-0.800003,-0.000007
actual,12.986000,192.825000,0.502402,-1.049990,1.050025,-1.050024,-0.800003,-0.000007
actual,12.996000,192.835000,0.500823,-1.049990,1.050025,-1.050024,-0.800003,-0.000007
actual,13.006000,192.845000,0.499242,-1.049990,1.050025,-1.050024,-0.800003,-0.000007
actual,13.016000,192.855000,0.497663,-1.049990,1.050025,-1.050024,-0.800003,-0.000007
actual,13.026000,192.865000,0.496086,-1.049990,1.050025,-1.050024,-0.800003,-0.000007
actual,13.036000,192.875000,0.494512,-1.049990,1.050025,-1.050024,-0.800003,-0.000007
actual,13.046000,192.885000,0.492944,-1.049990,1.050025,-1.050024,-0.800003,-0.000007
actual,13.056000,192.895000,0.491383,-1.049990,1.050025,-1.050024,-0.800003,-0.000007
actual,13.066000,192.905000,0.489831,-1.049990,1.050025,-1.050024,-0.800003,-0.000007
actual,13.076000,192.915000,0.488288,-1.049990,1.050025,-1.050024,-0.800003,-0.000007
actual,13.086000,192.925000,0.486757,-1.049990,1.050025,-1.050024,-0.800003,-0.000007
actual,13.096000,192.935000,0.485239,-1.049990,1.050025,-1.050024,-0.800003,-0.000007
actual,13.106000,192.945000,0.483736,-1.049990,1.050025,-1.050024,-0.800003,-0.000007
actual,13.116000,192.955000,0.482249,-1.049990,1.050025,-1.050024,-0.800003,-0.000007
actual,13.126000,192.965000,0.480779,-1.049990,1.050025,-1.050024,-0.800003,-0.000007
actual,13.136000,192.975000,0.479328,-1.049990,1.050025,-1.050024,-0.800003,-0.000007
actual,13.146000,192.985000,0.477898,-1.049990,1.050025,-1.050024,-0.800003,-0.000007
actual,13.156000,192.995000,0.476490,-1.049990,1.050025,-1.050024,-0.800003,-0.000007
actual,13.166000,193.005000,0.475104,-1.049990,1.050025,-1.050024,-0.800003,-0.000007
actual,13.176000,193.015000,0.473744,-1.049990,1.050025,-1.050024,-0.800003,-0.000007
actual,13.186000,193.025000,0.472409,-1.049990,1.050025,-1.050024,-0.800003,-0.000007
actual,13.196000,193.035000,0.471101,-1.049990,1.050025,-1.050024,-0.800003,-0.000007
actual,13.206000,193.045000,0.469822,-1.049990,1.050025,-1.050024,-0.800003,-0.000007
actual,13.216000,193.055000,0.468573,-1.049990,1.050025,-1.050024,-0.800003,-0.000007
actual,13.226000,193.065000,0.467354,-1.049990,1.050025,-1.050024,-0.800003,-0.000007
actual,13.236000,193.075000,0.466168,-1.049990,1.050025,-1.050024,-0.800003,-0.000007
actual,13.246000,193.085000,0.465016,-1.049990,1.050025,-1.050024,-0.800003,-0.000007
actual,13.256000,193.095000,0.463898,-1.049990,1.050025,-1.050024,-0.800003,-0.000007
actual,13.266000,193.105000,0.462815,-1.049990,1.050025,-1.050024,-0.800003,-0.000007
actual,13.276000,193.115000,0.461769,-1.049990,1.050025,-1.050024,-0.800003,-0.000007
actual,13.286000,193.125000,0.460761,-1.049990,1.050025,-1.050024,-0.800003,-0.000007
actual,13.296000,193.135000,0.459792,-1.049990,1.050025,-1.050024,-0.800003,-0.000007
actual,13.306000,193.145000,0.458862,-1.049990,1.050025,-1.050024,-0.800003,-0.000007
actual,13.316000,193.155000,0.457973,-1.049990,1.050025,-1.050024,-0.800003,-0.000007
actual,13.326000,193.165000,0.457125,-1.049990,1.050025,-1.050024,-0.800003,-0.000007
actual,13.336000,193.175000,0.456320,-1.049990,1.050025,-1.050024,-0.800003,-0.000007
actual,13.346000,193.185000,0.455558,-1.049990,1.050025,-1.050024,-0.800003,-0.000007
actual,13.356000,193.195000,0.454840,-1.049990,1.050025,-1.050024,-0.800003,-0.000007
actual,13.366000,193.205000,0.454166,-1.049990,1.050025,-1.050024,-0.800003,-0.000007
actual,13.376000,193.215000,0.453537,-1.049990,1.050025,-1.050024,-0.800003,-0.000007
actual,13.386000,193.225000,0.452955,-1.049990,1.050025,-1.050024,-0.800003,-0.000007
actual,13.396000,193.235000,0.452418,-1.049990,1.050025,-1.050024,-0.800003,-0.000007
actual,13.406000,193.245000,0.451929,-1.049990,1.050025,-1.050024,-0.800003,-0.000007
actual,13.416000,193.255000,0.451487,-1.049990,1.050025,-1.050024,-0.800003,-0.000007
actual,13.426000,193.265000,0.451093,-1.049990,1.050025,-1.050024,-0.800003,-0.000007
actual,13.436000,193.275000,0.450748,-1.049990,1.050025,-1.050024,-0.800003,-0.000007
actual,13.446000,193.285000,0.450451,-1.049990,1.050025,-1.050024,-0.800003,-0.000007
actual,13.456000,193.295000,0.450202,-1.049990,1.050025,-1.050024,-0.800003,-0.000007
actual,13.466000,193.305000,0.450003,-1.049990,1.050025,-1.050024,-0.800003,-0.000007
actual,13.476000,193.315000,0.449854,-1.049990,1.050025,-1.050024,-0.800003,-0.000007
actual,13.486000,193.325000,0.449754,-1.049990,1.050025,-1.050024,-0.800003,-0.000007
actual,13.496000,193.335000,0.449703,-1.049990,1.050025,-1.050024,-0.800003,-0.000007
actual,13.506000,193.345000,0.449702,-1.049990,1.050025,-1.050024,-0.800003,-0.000007
actual,13.516000,193.355000,0.449751,-1.049990,1.050025,-1.050024,-0.800003,-0.000007
actual,13.526000,193.365000,0.449849,-1.049990,1.050025,-1.050024,-0.800003,-0.000007
actual,13.536000,193.375000,0.449997,-1.049990,1.050025,-1.050024,-0.800003,-0.000007
actual,13.546000,193.385000,0.450194,-1.049990,1.050025,-1.050024,-0.800003,-0.000007
actual,13.556000,193.395000,0.450440,-1.049990,1.050025,-1.050024,-0.800003,-0.000007
actual,13.566000,193.405000,0.450735,-1.049990,1.050025,-1.050024,-0.800003,-0.000007
actual,13.576000,193.415000,0.451079,-1.049990,1.050025,-1.050024,-0.800003,-0.000007
actual,13.586000,193.425000,0.451471,-1.049990,1.050025,-1.050024,-0.800003,-0.000007
actual,13.596000,193.435000,0.451911,-1.049990,1.050025,-1.050024,-0.800003,-0.000007
actual,13.606000,193.445000,0.452398,-1.049990,1.050025,-1.050024,-0.800003,-0.000007
actual,13.616000,193.455000,0.452933,-1.049990,1.050025,-1.050024,-0.800003,-0.000007
actual,13.626000,193.465000,0.453514,-1.049990,1.050025,-1.050024,-0.800003,-0.000007
actual,13.636000,193.475000,0.454140,-1.049990,1.050025,-1.050024,-0.800003,-0.000007
actual,13.646000,193.485000,0.454812,-1.049990,1.050025,-1.050024,-0.800003,-0.000007
actual,13.656000,193.495000,0.455529,-1.049990,1.050025,-1.050024,-0.800003,-0.000007
actual,13.666000,193.505000,0.456289,-1.049990,1.050025,-1.050024,-0.800003,-0.000007
actual,13.676000,193.515000,0.457093,-1.049990,1.050025,-1.050024,-0.800003,-0.000007
actual,13.686000,193.525000,0.457939,-1.049990,1.050025,-1.050024,-0.800003,-0.000007
actual,13.696000,193.535000,0.458826,-1.049990,1.050025,-1.050024,-0.800003,-0.000007
actual,13.706000,193.545000,0.459754,-1.049990,1.050025,-1.050024,-0.800003,-0.000007
actual,13.716000,193.555000,0.460722,-1.049990,1.050025,-1.050024,-0.800003,-0.000007
actual,13.726000,193.565000,0.461729,-1.049990,1.050025,-1.050024,-0.800003,-0.000007
actual,13.736000,193.575000,0.462773,-1.049990,1.050025,-1.050024,-0.800003,-0.000007
actual,13.746000,193.585000,0.463854,-1.049990,1.050025,-1.050024,-0.800003,-0.000007
actual,13.756000,193.595000,0.464971,-1.049990,1.050025,-1.050024,-0.800003,-0.000007
actual,13.766000,193.605000,0.466122,-1.049990,1.050025,-1.050024,-0.800003,-0.000007
actual,13.776000,193.615000,0.467307,-1.049990,1.050025,-1.050024,-0.800003,-0.000007
actual,13.786000,193.625000,0.468524,-1.049990,1.050025,-1.050024,-0.800003,-0.000007
actual,13.796000,193.635000,0.469772,-1.049990,1.050025,-1.050024,-0.800003,-0.000007
actual,13.806000,193.645000,0.471050,-1.049990,1.050025,-1.050024,-0.800003,-0.000007
actual,13.816000,193.655000,0.472357,-1.049990,1.050025,-1.050024,-0.800003,-0.000007
actual,13.826000,193.665000,0.473691,-1.049990,1.050025,-1.050024,-0.800003,-0.000007
actual,13.836000,193.675000,0.475050,-1.049990,1.050025,-1.050024,-0.800003,-0.000007
actual,13.846000,193.685000,0.476435,-1.049990,1.050025,-1.050024,-0.800003,-0.000007
actual,13.856000,193.695000,0.477842,-1.049990,1.050025,-1.050024,-0.800003,-0.000007
actual,13.866000,193.705000,0.479272,-1.049990,1.050025,-1.050024,-0.800003,-0.000007
actual,13.876000,193.715000,0.480722,-1.049990,1.050025,-1.050024,-0.800003,-0.000007
actual,13.886000,193.725000,0.482191,-1.049990,1.050025,-1.050024,-0.800003,-0.000007
actual,13.896000,193.735000,0.483677,-1.049990,1.050025,-1.050024,-0.800003,-0.000007
actual,13.906000,193.745000,0.485180,-1.049990,1.050025,-1.050024,-0.800003,-0.000007
actual,13.916000,193.755000,0.486697,-1.049990,1.050025,-1.050024,-0.800003,-0.000007
actual,13.926000,193.765000,0.488228,-1.049990,1.050025,-1.050024,-0.800003,-0.000007
actual,13.936000,193.775000,0.489770,-1.049990,1.050025,-1.050024,-0.800003,-0.000007
actual,13.946000,193.785000,0.491322,-1.049990,1.050025,-1.050024,-0.800003,-0.000007
actual,13.956000,193.795000,0.492883,-1.049990,1.050025,-1.050024,-0.800003,-0.000007
actual,13.966000,193.805000,0.494450,-1.049990,1.050025,-1.050024,-0.800003,-0.000007
actual,13.976000,193.815000,0.496024,-1.049990,1.050025,-1.050024,-0.800003,-0.000007
actual,13.986000,193.825000,0.497601,-1.049990,1.050025,-1.050024,-0.800003,-0.000007
actual,13.996000,193.835000,0.499180,-1.049990,1.050025,-1.050024,-0.800003,-0.000007
actual,14.006000,193.845000,0.500761,-1.049990,1.050025,-1.050024,-0.800003,-0.000007
actual,14.016000,193.855000,0.502340,-1.049990,1.050025,-1.050024,-0.800003,-0.000007
actual,14.026000,193.865000,0.503917,-1.049990,1.050025,-1.050024,-0.800003,-0.000007
actual,14.036000,193.875000,0.505491,-1.049990,1.050025,-1.050024,-0.800003,-0.000007
actual,14.046000,193.885000,0.507059,-1.049990,1.050025,-1.050024,-0.800003,-0.000007
actual,14.056000,193.895000,0.508620,-1.049990,1.050025,-1.050024,-0.800003,-0.000007
actual,14.066000,193.905000,0.510172,-1.049990,1.050025,-1.050024,-0.800003,-0.000007
actual,14.076000,193.915000,0.511715,-1.049990,1.050025,-1.050024,-0.800003,-0.000007
actual,14.086000,193.925000,0.513246,-1.049990,1.050025,-1.050024,-0.800003,-0.000007
actual,14.096000,193.935000,0.514764,-1.049990,1.050025,-1.050024,-0.800003,-0.000007
actual,14.106000,193.945000,0.516267,-1.049990,1.050025,-1.050024,-0.800003,-0.000007
actual,14.116000,193.955000,0.517754,-1.049990,1.050025,-1.050024,-0.800003,-0.000007
actual,14.126000,193.965000,0.519224,-1.049990,1.050025,-1.050024,-0.800003,-0.000007
actual,14.136000,193.975000,0.520675,-1.049990,1.050025,-1.050024,-0.800003,-0.000007
actual,14.146000,193.985000,0.522105,-1.049990,1.050025,-1.050024,-0.800003,-0.000007
actual,14.156000,193.995000,0.523513,-1.049990,1.050025,-1.050024,-0.800003,-0.000007
actual,14.166000,194.005000,0.524899,-1.049990,1.050025,-1.050024,-0.800003,-0.000007
actual,14.176000,194.015000,0.526259,-1.049990,1.050025,-1.050024,-0.800003,-0.000007
actual,14.186000,194.025000,0.527594,-1.049990,1.050025,-1.050024,-0.800003,-0.000007
actual,14.196000,194.035000,0.528902,-1.049990,1.050025,-1.050024,-0.800003,-0.000007
actual,14.206000,194.045000,0.530181,-1.049990,1.050025,-1.050024,-0.800003,-0.000007
actual,14.216000,194.055000,0.531430,-1.049990,1.050025,-1.050024,-0.800003,-0.000007
actual,14.226000,194.065000,0.532649,-1.049990,1.050025,-1.050024,-0.800003,-0.000007
actual,14.236000,194.075000,0.533835,-1.049990,1.050025,-1.050024,-0.800003,-0.000007
actual,14.246000,194.085000,0.534987,-1.049990,1.050025,-1.050024,-0.800003,-0.000007
actual,14.256000,194.095000,0.536105,-1.049990,1.050025,-1.050024,-0.800003,-0.000007
actual,14.266000,194.105000,0.537188,-1.049990,1.050025,-1.050024,-0.800003,-0.000007
actual,14.276000,194.115000,0.538234,-1.049990,1.050025,-1.050024,-0.800003,-0.000007
actual,14.286000,194.125000,0.539242,-1.049990,1.050025,-1.050024,-0.800003,-0.000007
actual,14.296000,194.135000,0.540211,-1.049990,1.050025,-1.050024,-0.800003,-0.000007
actual,14.306000,194.145000,0.541141,-1.049990,1.050025,-1.050024,-0.800003,-0.000007
actual,14.316000,194.155000,0.542030,-1.049990,1.050025,-1.050024,-0.800003,-0.000007
actual,14.326000,194.165000,0.542878,-1.049990,1.050025,-1.050024,-0.800003,-0.000007
actual,14.336000,194.175000,0.543683,-1.049990,1.050025,-1.050024,-0.800003,-0.000007
actual,14.346000,194.185000,0.544445,-1.049990,1.050025,-1.050024,-0.800003,-0.000007
actual,14.356000,194.195000,0.545163,-1.049990,1.050025,-1.050024,-0.800003,-0.000007
actual,14.366000,194.205000,0.545837,-1.049990,1.050025,-1.050024,-0.800003,-0.000007
actual,14.376000,194.215000,0.546466,-1.049990,1.050025,-1.050024,-0.800003,-0.000007
actual,14.386000,194.225000,0.547048,-1.049990,1.050025,-1.050024,-0.800003,-0.000007
actual,14.396000,194.235000,0.547585,-1.049990,1.050025,-1.050024,-0.800003,-0.000007
actual,14.406000,194.245000,0.548074,-1.049990,1.050025,-1.050024,-0.800003,-0.000007
actual,14.416000,194.255000,0.548516,-1.049990,1.050025,-1.050024,-0.800003,-0.000007
actual,14.426000,194.265000,0.548910,-1.049990,1.050025,-1.050024,-0.800003,-0.000007
actual,14.436000,194.275000,0.549255,-1.049990,1.050025,-1.050024,-0.800003,-0.000007
actual,14.446000,194.285000,0.549552,-1.049990,1.050025,-1.050024,-0.800003,-0.000007
actual,14.456000,194.295000,0.549801,-1.049990,1.050025,-1.050024,-0.800003,-0.000007
actual,14.466000,194.305000,0.550000,-1.049990,1.050025,-1.050024,-0.800003,-0.000007
actual,14.476000,194.315000,0.550149,-1.049990,1.050025,-1.050024,-0.800003,-0.000007
actual,14.486000,194.325000,0.550249,-1.049990,1.050025,-1.050024,-0.800003,-0.000007
actual,14.496000,194.335000,0.550300,-1.049990,1.050025,-1.050024,-0.800003,-0.000007
actual,14.506000,194.345000,0.550301,-1.049990,1.050025,-1.050024,-0.800003,-0.000007
actual,14.516000,194.355000,0.550252,-1.049990,1.050025,-1.050024,-0.800003,-0.000007
actual,14.526000,194.365000,0.550154,-1.049990,1.050025,-1.050024,-0.800003,-0.000007
actual,14.536000,194.375000,0.550006,-1.049990,1.050025,-1.050024,-0.800003,-0.000007
actual,14.546000,194.385000,0.549809,-1.049990,1.050025,-1.050024,-0.800003,-0.000007
actual,14.556000,194.395000,0.549563,-1.049990,1.050025,-1.050024,-0.800003,-0.000007
actual,14.566000,194.405000,0.549268,-1.049990,1.050025,-1.050024,-0.800003,-0.000007
actual,14.576000,194.415000,0.548924,-1.049990,1.050025,-1.050024,-0.800003,-0.000007
actual,14.586000,194.425000,0.548532,-1.049990,1.050025,-1.050024,-0.800003,-0.000007
actual,14.596000,194.435000,0.548092,-1.049990,1.050025,-1.050024,-0.800003,-0.000007
actual,14.606000,194.445000,0.547605,-1.049990,1.050025,-1.050024,-0.800003,-0.000007
actual,14.616000,194.455000,0.547070,-1.049990,1.050025,-1.050024,-0.800003,-0.000007
actual,14.626000,194.465000,0.546489,-1.049990,1.050025,-1.050024,-0.800003,-0.000007
actual,14.636000,194.475000,0.545863,-1.049990,1.050025,-1.050024,-0.800003,-0.000007
actual,14.646000,194.485000,0.545191,-1.049990,1.050025,-1.050024,-0.800003,-0.000007
actual,14.656000,194.495000,0.544474,-1.049990,1.050025,-1.050024,-0.800003,-0.000007
actual,14.666000,194.505000,0.543714,-1.049990,1.050025,-1.050024,-0.800003,-0.000007
actual,14.676000,194.515000,0.542910,-1.049990,1.050025,-1.050024,-0.800003,-0.000007
actual,14.686000,194.525000,0.542064,-1.049990,1.050025,-1.050024,-0.800003,-0.000007
actual,14.696000,194.535000,0.541177,-1.049990,1.050025,-1.050024,-0.800003,-0.000007
actual,14.706000,194.545000,0.540249,-1.049990,1.050025,-1.050024,-0.800003,-0.000007
actual,14.716000,194.555000,0.539281,-1.049990,1.050025,-1.050024,-0.800003,-0.000007
actual,14.726000,194.565000,0.538274,-1.049990,1.050025,-1.050024,-0.800003,-0.000007
actual,14.736000,194.575000,0.537230,-1.049990,1.050025,-1.050024,-0.800003,-0.000007
actual,14.746000,194.585000,0.536149,-1.049990,1.050025,-1.050024,-0.800003,-0.000007
actual,14.756000,194.595000,0.535032,-1.049990,1.050025,-1.050024,-0.800003,-0.000007
actual,14.766000,194.605000,0.533881,-1.049990,1.050025,-1.050024,-0.800003,-0.000007
actual,14.776000,194.615000,0.532696,-1.049990,1.050025,-1.050024,-0.800003,-0.000007
actual,14.786000,194.625000,0.531479,-1.049990,1.050025,-1.050024,-0.800003,-0.000007
actual,14.796000,194.635000,0.530231,-1.049990,1.050025,-1.050024,-0.800003,-0.000007
actual,14.806000,194.645000,0.528953,-1.049990,1.050025,-1.050024,-0.800003,-0.000007
actual,14.816000,194.655000,0.527646,-1.049990,1.050025,-1.050024,-0.800003,-0.000007
actual,14.826000,194.665000,0.526312,-1.049990,1.050025,-1.050024,-0.800003,-0.000007
actual,14.836000,194.675000,0.524953,-1.049990,1.050025,-1.050024,-0.800003,-0.000007
actual,14.846000,194.685000,0.523568,-1.049990,1.050025,-1.050024,-0.800003,-0.000007
actual,14.856000,194.695000,0.522161,-1.049990,1.050025,-1.050024,-0.800003,-0.000007
actual,14.866000,194.705000,0.520731,-1.049990,1.050025,-1.050024,-0.800003,-0.000007
actual,14.876000,194.715000,0.519281,-1.049990,1.050025,-1.050024,-0.800003,-0.000007
actual,14.886000,194.725000,0.517812,-1.049990,1.050025,-1.050024,-0.800003,-0.000007
actual,14.896000,194.735000,0.516326,-1.049990,1.050025,-1.050024,-0.800003,-0.000007
actual,14.906000,194.745000,0.514823,-1.049990,1.050025,-1.050024,-0.800003,-0.000007
actual,14.916000,194.755000,0.513306,-1.049990,1.050025,-1.050024,-0.800003,-0.000007
actual,14.926000,194.765000,0.511775,-1.049990,1.050025,-1.050024,-0.800003,-0.000007
actual,14.936000,194.775000,0.510233,-1.049990,1.050025,-1.050024,-0.800003,-0.000007
actual,14.946000,194.785000,0.508681,-1.049990,1.050025,-1.050024,-0.800003,-0.000007
actual,14.956000,194.795000,0.507120,-1.049990,1.050025,-1.050024,-0.800003,-0.000007
actual,14.966000,194.805000,0.505553,-1.049990,1.050025,-1.050024,-0.800003,-0.000007
actual,14.976000,194.815000,0.503979,-1.049990,1.050025,-1.050024,-0.800003,-0.000007
actual,14.986000,194.825000,0.502402,-1.049990,1.050025,-1.050024,-0.800003,-0.000007
actual,14.996000,194.835000,0.500823,-1.049990,1.050025,-1.050024,-0.800003,-0.000007
actual,15.006000,194.845000,0.499242,-1.049990,1.050025,-1.050024,-0.800003,-0.000007
actual,15.016000,194.855000,0.497663,-1.049990,1.050025,-1.050024,-0.800003,-0.000007
actual,15.026000,194.865000,0.496086,-1.049990,1.050025,-1.050024,-0.800003,-0.000007
actual,15.036000,194.875000,0.494512,-1.049990,1.050025,-1.050024,-0.800003,-0.000007
actual,15.046000,194.885000,0.492944,-1.049990,1.050025,-1.050024,-0.800003,-0.000007
actual,15.056000,194.895000,0.491383,-1.049990,1.050025,-1.050024,-0.800003,-0.000007
actual,15.066000,194.905000,0.489831,-1.049990,1.050025,-1.050024,-0.800003,-0.000007
actual,15.076000,194.915000,0.488288,-1.049990,1.050025,-1.050024,-0.800003,-0.000007
actual,15.086000,194.925000,0.486757,-1.049990,1.050025,-1.050024,-0.800003,-0.000007
actual,15.096000,194.935000,0.485239,-1.049990,1.050025,-1.050024,-0.800003,-0.000007
actual,15.106000,194.945000,0.483736,-1.049990,1.050025,-1.050024,-0.800003,-0.000007
actual,15.116000,194.955000,0.482249,-1.049990,1.050025,-1.050024,-0.800003,-0.000007
actual,15.126000,194.965000,0.480779,-1.049990,1.050025,-1.050024,-0.800003,-0.000007
actual,15.136000,194.975000,0.479328,-1.049990,1.050025,-1.050024,-0.800003,-0.000007
actual,15.146000,194.985000,0.477898,-1.049990,1.050025,-1.050024,-0.800003,-0.000007
actual,15.156000,194.995000,0.476490,-1.049990,1.050025,-1.050024,-0.800003,-0.000007
actual,15.166000,195.005000,0.475104,-1.049990,1.050025,-1.050024,-0.800003,-0.000007
actual,15.176000,195.015000,0.473744,-1.049990,1.050025,-1.050024,-0.800003,-0.000007
actual,15.186000,195.025000,0.472409,-1.049990,1.050025,-1.050024,-0.800003,-0.000007
actual,15.196000,195.035000,0.471101,-1.049990,1.050025,-1.050024,-0.800003,-0.000007
actual,15.206000,195.045000,0.469822,-1.049990,1.050025,-1.050024,-0.800003,-0.000007
actual,15.216000,195.055000,0.468573,-1.049990,1.050025,-1.050024,-0.800003,-0.000007
actual,15.226000,195.065000,0.467354,-1.049990,1.050025,-1.050024,-0.800003,-0.000007
actual,15.236000,195.075000,0.466168,-1.049990,1.050025,-1.050024,-0.800003,-0.000007
actual,15.246000,195.085000,0.465016,-1.049990,1.050025,-1.050024,-0.800003,-0.000007
actual,15.256000,195.095000,0.463898,-1.049990,1.050025,-1.050024,-0.800003,-0.000007
actual,15.266000,195.105000,0.462815,-1.049990,1.050025,-1.050024,-0.800003,-0.000007
actual,15.276000,195.115000,0.461769,-1.049990,1.050025,-1.050024,-0.800003,-0.000007
actual,15.286000,195.125000,0.460761,-1.049990,1.050025,-1.050024,-0.800003,-0.000007
actual,15.296000,195.135000,0.459792,-1.049990,1.050025,-1.050024,-0.800003,-0.000007
actual,15.306000,195.145000,0.458862,-1.049990,1.050025,-1.050024,-0.800003,-0.000007
actual,15.316000,195.155000,0.457973,-1.049990,1.050025,-1.050024,-0.800003,-0.000007
actual,15.326000,195.165000,0.457125,-1.049990,1.050025,-1.050024,-0.800003,-0.000007
actual,15.336000,195.175000,0.456320,-1.049990,1.050025,-1.050024,-0.800003,-0.000007
actual,15.346000,195.185000,0.455558,-1.049990,1.050025,-1.050024,-0.800003,-0.000007
actual,15.356000,195.195000,0.454840,-1.049990,1.050025,-1.050024,-0.800003,-0.000007
actual,15.366000,195.205000,0.454166,-1.049990,1.050025,-1.050024,-0.800003,-0.000007
actual,15.376000,195.215000,0.453537,-1.049990,1.050025,-1.050024,-0.800003,-0.000007
actual,15.386000,195.225000,0.452955,-1.049990,1.050025,-1.050024,-0.800003,-0.000007
actual,15.396000,195.235000,0.452418,-1.049990,1.050025,-1.050024,-0.800003,-0.000007
actual,15.406000,195.245000,0.451929,-1.049990,1.050025,-1.050024,-0.800003,-0.000007
actual,15.416000,195.255000,0.451487,-1.049990,1.050025,-1.050024,-0.800003,-0.000007
actual,15.426000,195.265000,0.451093,-1.049990,1.050025,-1.050024,-0.800003,-0.000007
actual,15.436000,195.275000,0.450748,-1.049990,1.050025,-1.050024,-0.800003,-0.000007
actual,15.446000,195.285000,0.450451,-1.049990,1.050025,-1.050024,-0.800003,-0.000007
actual,15.456000,195.295000,0.450202,-1.049990,1.050025,-1.050024,-0.800003,-0.000007
actual,15.466000,195.305000,0.450003,-1.049990,1.050025,-1.050024,-0.800003,-0.000007
actual,15.476000,195.315000,0.449854,-1.049990,1.050025,-1.050024,-0.800003,-0.000007
actual,15.486000,195.325000,0.449754,-1.049990,1.050025,-1.050024,-0.800003,-0.000007
actual,15.496000,195.335000,0.449703,-1.049990,1.050025,-1.050024,-0.800003,-0.000007
actual,15.506000,195.345000,0.449702,-1.049990,1.050025,-1.050024,-0.800003,-0.000007
actual,15.516000,195.355000,0.449751,-1.049990,1.050025,-1.050024,-0.800003,-0.000007
actual,15.526000,195.365000,0.449849,-1.049990,1.050025,-1.050024,-0.800003,-0.000007
actual,15.536000,195.375000,0.449997,-1.049990,1.050025,-1.050024,-0.800003,-0.000007
actual,15.546000,195.385000,0.450194,-1.049990,1.050025,-1.050024,-0.800003,-0.000007
actual,15.556000,195.395000,0.450440,-1.049990,1.050025,-1.050024,-0.800003,-0.000007
actual,15.566000,195.405000,0.450735,-1.049990,1.050025,-1.050024,-0.800003,-0.000007
actual,15.576000,195.415000,0.451079,-1.049990,1.050025,-1.050024,-0.800003,-0.000007
actual,15.586000,195.425000,0.451471,-1.049990,1.050025,-1.050024,-0.800003,-0.000007
actual,15.596000,195.435000,0.451911,-1.049990,1.050025,-1.050024,-0.800003,-0.000007
actual,15.606000,195.445000,0.452398,-1.049990,1.050025,-1.050024,-0.800003,-0.000007
actual,15.616000,195.455000,0.452933,-1.049990,1.050025,-1.050024,-0.800003,-0.000007
actual,15.626000,195.465000,0.453514,-1.049990,1.050025,-1.050024,-0.800003,-0.000007
actual,15.636000,195.475000,0.454140,-1.049990,1.050025,-1.050024,-0.800003,-0.000007
actual,15.646000,195.485000,0.454812,-1.049990,1.050025,-1.050024,-0.800003,-0.000007
actual,15.656000,195.495000,0.455529,-1.049990,1.050025,-1.050024,-0.800003,-0.000007
actual,15.666000,195.505000,0.456289,-1.049990,1.050025,-1.050024,-0.800003,-0.000007
actual,15.676000,195.515000,0.457093,-1.049990,1.050025,-1.050024,-0.800003,-0.000007
actual,15.686000,195.525000,0.457939,-1.049990,1.050025,-1.050024,-0.800003,-0.000007
actual,15.696000,195.535000,0.458826,-1.049990,1.050025,-1.050024,-0.800003,-0.000007
actual,15.706000,195.545000,0.459754,-1.049990,1.050025,-1.050024,-0.800003,-0.000007
actual,15.716000,195.555000,0.460722,-1.049990,1.050025,-1.050024,-0.800003,-0.000007
actual,15.726000,195.565000,0.461729,-1.049990,1.050025,-1.050024,-0.800003,-0.000007
actual,15.736000,195.575000,0.462773,-1.049990,1.050025,-1.050024,-0.800003,-0.000007
actual,15.746000,195.585000,0.463854,-1.049990,1.050025,-1.050024,-0.800003,-0.000007
actual,15.756000,195.595000,0.464971,-1.049990,1.050025,-1.050024,-0.800003,-0.000007
actual,15.766000,195.605000,0.466122,-1.049990,1.050025,-1.050024,-0.800003,-0.000007
actual,15.776000,195.615000,0.467307,-1.049990,1.050025,-1.050024,-0.800003,-0.000007
actual,15.786000,195.625000,0.468524,-1.049990,1.050025,-1.050024,-0.800003,-0.000007
actual,15.796000,195.635000,0.469772,-1.049990,1.050025,-1.050024,-0.800003,-0.000007
actual,15.806000,195.645000,0.471050,-1.049990,1.050025,-1.050024,-0.800003,-0.000007
actual,15.816000,195.655000,0.472357,-1.049990,1.050025,-1.050024,-0.800003,-0.000007
actual,15.826000,195.665000,0.473691,-1.049990,1.050025,-1.050024,-0.800003,-0.000007
actual,15.836000,195.675000,0.475050,-1.049990,1.050025,-1.050024,-0.800003,-0.000007
actual,15.846000,195.685000,0.476435,-1.049990,1.050025,-1.050024,-0.800003,-0.000007
actual,15.856000,195.695000,0.477842,-1.049990,1.050025,-1.050024,-0.800003,-0.000007
actual,15.866000,195.705000,0.479272,-1.049990,1.050025,-1.050024,-0.800003,-0.000007
actual,15.876000,195.715000,0.480722,-1.049990,1.050025,-1.050024,-0.800003,-0.000007
actual,15.886000,195.725000,0.482191,-1.049990,1.050025,-1.050024,-0.800003,-0.000007
actual,15.896000,195.735000,0.483677,-1.049990,1.050025,-1.050024,-0.800003,-0.000007
actual,15.906000,195.745000,0.485180,-1.049990,1.050025,-1.050024,-0.800003,-0.000007
actual,15.916000,195.755000,0.486697,-1.049990,1.050025,-1.050024,-0.800003,-0.000007
actual,15.926000,195.765000,0.488228,-1.049990,1.050025,-1.050024,-0.800003,-0.000007
actual,15.936000,195.775000,0.489770,-1.049990,1.050025,-1.050024,-0.800003,-0.000007
actual,15.946000,195.785000,0.491322,-1.049990,1.050025,-1.050024,-0.800003,-0.000007
actual,15.956000,195.795000,0.492883,-1.049990,1.050025,-1.050024,-0.800003,-0.000007
actual,15.966000,195.805000,0.494450,-1.049990,1.050025,-1.050024,-0.800003,-0.000007
actual,15.976000,195.815000,0.496024,-1.049990,1.050025,-1.050024,-0.800003,-0.000007
actual,15.986000,195.825000,0.497601,-1.049990,1.050025,-1.050024,-0.800003,-0.000007
actual,15.996000,195.835000,0.499180,-1.049990,1.050025,-1.050024,-0.800003,-0.000007
actual,16.006000,195.845000,0.500761,-1.049990,1.050025,-1.050024,-0.800003,-0.000007
actual,16.016000,195.855000,0.502340,-1.049990,1.050025,-1.050024,-0.800003,-0.000007
actual,16.026000,195.865000,0.503917,-1.049990,1.050025,-1.050024,-0.800003,-0.000007
actual,16.036000,195.875000,0.505491,-1.049990,1.050025,-1.050024,-0.800003,-0.000007
actual,16.046000,195.885000,0.507059,-1.049990,1.050025,-1.050024,-0.800003,-0.000007
actual,16.056000,195.895000,0.508620,-1.049990,1.050025,-1.050024,-0.800003,-0.000007
actual,16.066000,195.905000,0.510172,-1.049990,1.050025,-1.050024,-0.800003,-0.000007
actual,16.076000,195.915000,0.511715,-1.049990,1.050025,-1.050024,-0.800003,-0.000007
actual,16.086000,195.925000,0.513246,-1.049990,1.050025,-1.050024,-0.800003,-0.000007
actual,16.096000,195.935000,0.514764,-1.049990,1.050025,-1.050024,-0.800003,-0.000007
actual,16.106000,195.945000,0.516267,-1.049990,1.050025,-1.050024,-0.800003,-0.000007
actual,16.116000,195.955000,0.517754,-1.049990,1.050025,-1.050024,-0.800003,-0.000007
actual,16.126000,195.965000,0.519224,-1.049990,1.050025,-1.050024,-0.800003,-0.000007
actual,16.136000,195.975000,0.520675,-1.049990,1.050025,-1.050024,-0.800003,-0.000007
actual,16.146000,195.985000,0.522105,-1.049990,1.050025,-1.050024,-0.800003,-0.000007
actual,16.156000,195.995000,0.523513,-1.049990,1.050025,-1.050024,-0.800003,-0.000007
actual,16.166000,196.005000,0.524899,-1.049990,1.050025,-1.050024,-0.800003,-0.000007
actual,16.176000,196.015000,0.526259,-1.049990,1.050025,-1.050024,-0.800003,-0.000007
actual,16.186000,196.025000,0.527594,-1.049990,1.050025,-1.050024,-0.800003,-0.000007
actual,16.196000,196.035000,0.528902,-1.049990,1.050025,-1.050024,-0.800003,-0.000007
actual,16.206000,196.045000,0.530181,-1.049990,1.050025,-1.050024,-0.800003,-0.000007
actual,16.216000,196.055000,0.531430,-1.049990,1.050025,-1.050024,-0.800003,-0.000007
actual,16.226000,196.065000,0.532649,-1.049990,1.050025,-1.050024,-0.800003,-0.000007
actual,16.236000,196.075000,0.533835,-1.049990,1.050025,-1.050024,-0.800003,-0.000007
actual,16.246000,196.085000,0.534987,-1.049990,1.050025,-1.050024,-0.800003,-0.000007
actual,16.256000,196.095000,0.536105,-1.049990,1.050025,-1.050024,-0.800003,-0.000007
actual,16.266000,196.105000,0.537188,-1.049990,1.050025,-1.050024,-0.800003,-0.000007
actual,16.276000,196.115000,0.538234,-1.049990,1.050025,-1.050024,-0.800003,-0.000007
actual,16.286000,196.125000,0.539242,-1.049990,1.050025,-1.050024,-0.800003,-0.000007
actual,16.296000,196.135000,0.540211,-1.049990,1.050025,-1.050024,-0.800003,-0.000007
actual,16.306000,196.145000,0.541141,-1.049990,1.050025,-1.050024,-0.800003,-0.000007
actual,16.316000,196.155000,0.542030,-1.049990,1.050025,-1.050024,-0.800003,-0.000007
actual,16.326000,196.165000,0.542878,-1.049990,1.050025,-1.050024,-0.800003,-0.000007
actual,16.336000,196.175000,0.543683,-1.049990,1.050025,-1.050024,-0.800003,-0.000007
actual,16.346000,196.185000,0.544445,-1.049990,1.050025,-1.050024,-0.800003,-0.000007
actual,16.356000,196.195000,0.545163,-1.049990,1.050025,-1.050024,-0.800003,-0.000007
actual,16.366000,196.205000,0.545837,-1.049990,1.050025,-1.050024,-0.800003,-0.000007
actual,16.376000,196.215000,0.546466,-1.049990,1.050025,-1.050024,-0.800003,-0.000007
actual,16.386000,196.225000,0.547048,-1.049990,1.050025,-1.050024,-0.800003,-0.000007
actual,16.396000,196.235000,0.547585,-1.049990,1.050025,-1.050024,-0.800003,-0.000007
actual,16.406000,196.245000,0.548074,-1.049990,1.050025,-1.050024,-0.800003,-0.000007
actual,16.416000,196.255000,0.548516,-1.049990,1.050025,-1.050024,-0.800003,-0.000007
actual,16.426000,196.265000,0.548910,-1.049990,1.050025,-1.050024,-0.800003,-0.000007
actual,16.436000,196.275000,0.549255,-1.049990,1.050025,-1.050024,-0.800003,-0.000007
actual,16.446000,196.285000,0.549552,-1.049990,1.050025,-1.050024,-0.800003,-0.000007
actual,16.456000,196.295000,0.549801,-1.049990,1.050025,-1.050024,-0.800003,-0.000007
actual,16.466000,196.305000,0.550000,-1.049990,1.050025,-1.050024,-0.800003,-0.000007
actual,16.476000,196.315000,0.550149,-1.049990,1.050025,-1.050024,-0.800003,-0.000007
actual,16.486000,196.325000,0.550249,-1.049990,1.050025,-1.050024,-0.800003,-0.000007
actual,16.496000,196.335000,0.550300,-1.049990,1.050025,-1.050024,-0.800003,-0.000007
actual,16.506000,196.345000,0.550301,-1.049990,1.050025,-1.050024,-0.800003,-0.000007
actual,16.516000,196.355000,0.550252,-1.049990,1.050025,-1.050024,-0.800003,-0.000007
actual,16.526000,196.365000,0.550154,-1.049990,1.050025,-1.050024,-0.800003,-0.000007
actual,16.536000,196.375000,0.550006,-1.049990,1.050025,-1.050024,-0.800003,-0.000007
actual,16.546000,196.385000,0.549809,-1.049990,1.050025,-1.050024,-0.800003,-0.000007
actual,16.556000,196.395000,0.549563,-1.049990,1.050025,-1.050024,-0.800003,-0.000007
actual,16.566000,196.405000,0.549268,-1.049990,1.050025,-1.050024,-0.800003,-0.000007
actual,16.576000,196.415000,0.548924,-1.049990,1.050025,-1.050024,-0.800003,-0.000007
actual,16.586000,196.425000,0.548532,-1.049990,1.050025,-1.050024,-0.800003,-0.000007
actual,16.596000,196.435000,0.548092,-1.049990,1.050025,-1.050024,-0.800003,-0.000007
actual,16.606000,196.445000,0.547605,-1.049990,1.050025,-1.050024,-0.800003,-0.000007
actual,16.616000,196.455000,0.547070,-1.049990,1.050025,-1.050024,-0.800003,-0.000007
actual,16.626000,196.465000,0.546489,-1.049990,1.050025,-1.050024,-0.800003,-0.000007
actual,16.636000,196.475000,0.545863,-1.049990,1.050025,-1.050024,-0.800003,-0.000007
actual,16.646000,196.485000,0.545191,-1.049990,1.050025,-1.050024,-0.800003,-0.000007
actual,16.656000,196.495000,0.544474,-1.049990,1.050025,-1.050024,-0.800003,-0.000007
actual,16.666000,196.505000,0.543714,-1.049990,1.050025,-1.050024,-0.800003,-0.000007
actual,16.676000,196.515000,0.542910,-1.049990,1.050025,-1.050024,-0.800003,-0.000007
actual,16.686000,196.525000,0.542064,-1.049990,1.050025,-1.050024,-0.800003,-0.000007
actual,16.696000,196.535000,0.541177,-1.049990,1.050025,-1.050024,-0.800003,-0.000007
actual,16.706000,196.545000,0.540249,-1.049990,1.050025,-1.050024,-0.800003,-0.000007
actual,16.716000,196.555000,0.539281,-1.049990,1.050025,-1.050024,-0.800003,-0.000007
actual,16.726000,196.565000,0.538274,-1.049990,1.050025,-1.050024,-0.800003,-0.000007
actual,16.736000,196.575000,0.537230,-1.049990,1.050025,-1.050024,-0.800003,-0.000007
actual,16.746000,196.585000,0.536149,-1.049990,1.050025,-1.050024,-0.800003,-0.000007
actual,16.756000,196.595000,0.535032,-1.049990,1.050025,-1.050024,-0.800003,-0.000007
actual,16.766000,196.605000,0.533881,-1.049990,1.050025,-1.050024,-0.800003,-0.000007
actual,16.776000,196.615000,0.532696,-1.049990,1.050025,-1.050024,-0.800003,-0.000007
actual,16.786000,196.625000,0.531479,-1.049990,1.050025,-1.050024,-0.800003,-0.000007
actual,16.796000,196.635000,0.530231,-1.049990,1.050025,-1.050024,-0.800003,-0.000007
actual,16.806000,196.645000,0.528953,-1.049990,1.050025,-1.050024,-0.800003,-0.000007
actual,16.816000,196.655000,0.527646,-1.049990,1.050025,-1.050024,-0.800003,-0.000007
actual,16.826000,196.665000,0.526312,-1.049990,1.050025,-1.050024,-0.800003,-0.000007
actual,16.836000,196.675000,0.524953,-1.049990,1.050025,-1.050024,-0.800003,-0.000007
actual,16.846000,196.685000,0.523568,-1.049990,1.050025,-1.050024,-0.800003,-0.000007
actual,16.856000,196.695000,0.522161,-1.049990,1.050025,-1.050024,-0.800003,-0.000007
actual,16.866000,196.705000,0.520731,-1.049990,1.050025,-1.050024,-0.800003,-0.000007
actual,16.876000,196.715000,0.519281,-1.049990,1.050025,-1.050024,-0.800003,-0.000007
actual,16.886000,196.725000,0.517812,-1.049990,1.050025,-1.050024,-0.800003,-0.000007
actual,16.896000,196.735000,0.516326,-1.049990,1.050025,-1.050024,-0.800003,-0.000007
actual,16.906000,196.745000,0.514823,-1.049990,1.050025,-1.050024,-0.800003,-0.000007
actual,16.916000,196.755000,0.513306,-1.049990,1.050025,-1.050024,-0.800003,-0.000007
actual,16.926000,196.765000,0.511775,-1.049990,1.050025,-1.050024,-0.800003,-0.000007
actual,16.936000,196.775000,0.510233,-1.049990,1.050025,-1.050024,-0.800003,-0.000007
actual,16.946000,196.785000,0.508681,-1.049990,1.050025,-1.050024,-0.800003,-0.000007
actual,16.956000,196.795000,0.507120,-1.049990,1.050025,-1.050024,-0.800003,-0.000007
actual,16.966000,196.805000,0.505553,-1.049990,1.050025,-1.050024,-0.800003,-0.000007
actual,16.976000,196.815000,0.503979,-1.049990,1.050025,-1.050024,-0.800003,-0.000007
actual,16.986000,196.825000,0.502402,-1.049990,1.050025,-1.050024,-0.800003,-0.000007
actual,16.996000,196.835000,0.500823,-1.049990,1.050025,-1.050024,-0.800003,-0.000007
actual,17.006000,196.845000,0.499242,-1.049990,1.050025,-1.050024,-0.800003,-0.000007
actual,17.016000,196.855000,0.497663,-1.049990,1.050025,-1.050024,-0.800003,-0.000007
actual,17.026000,196.865000,0.496086,-1.049990,1.050025,-1.050024,-0.800003,-0.000007
actual,17.036000,196.875000,0.494512,-1.049990,1.050025,-1.050024,-0.800003,-0.000007
actual,17.046000,196.885000,0.492944,-1.049990,1.050025,-1.050024,-0.800003,-0.000007
actual,17.056000,196.895000,0.491383,-1.049990,1.050025,-1.050024,-0.800003,-0.000007
actual,17.066000,196.905000,0.489831,-1.049990,1.050025,-1.050024,-0.800003,-0.000007
actual,17.076000,196.915000,0.488288,-1.049990,1.050025,-1.050024,-0.800003,-0.000007
actual,17.086000,196.925000,0.486757,-1.049990,1.050025,-1.050024,-0.800003,-0.000007
actual,17.096000,196.935000,0.485239,-1.049990,1.050025,-1.050024,-0.800003,-0.000007
actual,17.106000,196.945000,0.483736,-1.049990,1.050025,-1.050024,-0.800003,-0.000007
actual,17.116000,196.955000,0.482249,-1.049990,1.050025,-1.050024,-0.800003,-0.000007
actual,17.126000,196.965000,0.480779,-1.049990,1.050025,-1.050024,-0.800003,-0.000007
actual,17.136000,196.975000,0.479328,-1.049990,1.050025,-1.050024,-0.800003,-0.000007
actual,17.146000,196.985000,0.477898,-1.049990,1.050025,-1.050024,-0.800003,-0.000007
actual,17.156000,196.995000,0.476490,-1.049990,1.050025,-1.050024,-0.800003,-0.000007
actual,17.166000,197.005000,0.475104,-1.049990,1.050025,-1.050024,-0.800003,-0.000007
actual,17.176000,197.015000,0.473744,-1.049990,1.050025,-1.050024,-0.800003,-0.000007
actual,17.186000,197.025000,0.472409,-1.049990,1.050025,-1.050024,-0.800003,-0.000007
actual,17.196000,197.035000,0.471101,-1.049990,1.050025,-1.050024,-0.800003,-0.000007
actual,17.206000,197.045000,0.469822,-1.049990,1.050025,-1.050024,-0.800003,-0.000007
actual,17.216000,197.055000,0.468573,-1.049990,1.050025,-1.050024,-0.800003,-0.000007
actual,17.226000,197.065000,0.467354,-1.049990,1.050025,-1.050024,-0.800003,-0.000007
actual,17.236000,197.075000,0.466168,-1.049990,1.050025,-1.050024,-0.800003,-0.000007
actual,17.246000,197.085000,0.465016,-1.049990,1.050025,-1.050024,-0.800003,-0.000007
actual,17.256000,197.095000,0.463898,-1.049990,1.050025,-1.050024,-0.800003,-0.000007
actual,17.266000,197.105000,0.462815,-1.049990,1.050025,-1.050024,-0.800003,-0.000007
actual,17.276000,197.115000,0.461769,-1.049990,1.050025,-1.050024,-0.800003,-0.000007
actual,17.286000,197.125000,0.460761,-1.049990,1.050025,-1.050024,-0.800003,-0.000007
actual,17.296000,197.135000,0.459792,-1.049990,1.050025,-1.050024,-0.800003,-0.000007
actual,17.306000,197.145000,0.458862,-1.049990,1.050025,-1.050024,-0.800003,-0.000007
actual,17.316000,197.155000,0.457973,-1.049990,1.050025,-1.050024,-0.800003,-0.000007
actual,17.326000,197.165000,0.457125,-1.049990,1.050025,-1.050024,-0.800003,-0.000007
actual,17.336000,197.175000,0.456320,-1.049990,1.050025,-1.050024,-0.800003,-0.000007
actual,17.346000,197.185000,0.455558,-1.049990,1.050025,-1.050024,-0.800003,-0.000007
actual,17.356000,197.195000,0.454840,-1.049990,1.050025,-1.050024,-0.800003,-0.000007
actual,17.366000,197.205000,0.454166,-1.049990,1.050025,-1.050024,-0.800003,-0.000007
actual,17.376000,197.215000,0.453537,-1.049990,1.050025,-1.050024,-0.800003,-0.000007
actual,17.386000,197.225000,0.452955,-1.049990,1.050025,-1.050024,-0.800003,-0.000007
actual,17.396000,197.235000,0.452418,-1.049990,1.050025,-1.050024,-0.800003,-0.000007
actual,17.406000,197.245000,0.451929,-1.049990,1.050025,-1.050024,-0.800003,-0.000007
actual,17.416000,197.255000,0.451487,-1.049990,1.050025,-1.050024,-0.800003,-0.000007
actual,17.426000,197.265000,0.451093,-1.049990,1.050025,-1.050024,-0.800003,-0.000007
actual,17.436000,197.275000,0.450748,-1.049990,1.050025,-1.050024,-0.800003,-0.000007
actual,17.446000,197.285000,0.450451,-1.049990,1.050025,-1.050024,-0.800003,-0.000007
actual,17.456000,197.295000,0.450202,-1.049990,1.050025,-1.050024,-0.800003,-0.000007
actual,17.466000,197.305000,0.450003,-1.049990,1.050025,-1.050024,-0.800003,-0.000007
actual,17.476000,197.315000,0.449854,-1.049990,1.050025,-1.050024,-0.800003,-0.000007
actual,17.486000,197.325000,0.449754,-1.049990,1.050025,-1.050024,-0.800003,-0.000007
actual,17.496000,197.335000,0.449703,-1.049990,1.050025,-1.050024,-0.800003,-0.000007
actual,17.506000,197.345000,0.449702,-1.049990,1.050025,-1.050024,-0.800003,-0.000007
actual,17.516000,197.355000,0.449751,-1.049990,1.050025,-1.050024,-0.800003,-0.000007
actual,17.526000,197.365000,0.449849,-1.049990,1.050025,-1.050024,-0.800003,-0.000007
actual,17.536000,197.375000,0.449997,-1.049990,1.050025,-1.050024,-0.800003,-0.000007
actual,17.546000,197.385000,0.450194,-1.049990,1.050025,-1.050024,-0.800003,-0.000007
actual,17.556000,197.395000,0.450440,-1.049990,1.050025,-1.050024,-0.800003,-0.000007
actual,17.566000,197.405000,0.450735,-1.049990,1.050025,-1.050024,-0.800003,-0.000007
actual,17.576000,197.415000,0.451079,-1.049990,1.050025,-1.050024,-0.800003,-0.000007
actual,17.586000,197.425000,0.451471,-1.049990,1.050025,-1.050024,-0.800003,-0.000007
actual,17.596000,197.435000,0.451911,-1.049990,1.050025,-1.050024,-0.800003,-0.000007
actual,17.606000,197.445000,0.452398,-1.049990,1.050025,-1.050024,-0.800003,-0.000007
actual,17.616000,197.455000,0.452933,-1.049990,1.050025,-1.050024,-0.800003,-0.000007
actual,17.626000,197.465000,0.453514,-1.049990,1.050025,-1.050024,-0.800003,-0.000007
actual,17.636000,197.475000,0.454140,-1.049990,1.050025,-1.050024,-0.800003,-0.000007
actual,17.646000,197.485000,0.454812,-1.049990,1.050025,-1.050024,-0.800003,-0.000007
actual,17.656000,197.495000,0.455529,-1.049990,1.050025,-1.050024,-0.800003,-0.000007
actual,17.666000,197.505000,0.456289,-1.049990,1.050025,-1.050024,-0.800003,-0.000007
actual,17.676000,197.515000,0.457093,-1.049990,1.050025,-1.050024,-0.800003,-0.000007
actual,17.686000,197.525000,0.457939,-1.049990,1.050025,-1.050024,-0.800003,-0.000007
actual,17.696000,197.535000,0.458826,-1.049990,1.050025,-1.050024,-0.800003,-0.000007
actual,17.706000,197.545000,0.459754,-1.049990,1.050025,-1.050024,-0.800003,-0.000007
actual,17.716000,197.555000,0.460722,-1.049990,1.050025,-1.050024,-0.800003,-0.000007
actual,17.726000,197.565000,0.461729,-1.049990,1.050025,-1.050024,-0.800003,-0.000007
actual,17.736000,197.575000,0.462773,-1.049990,1.050025,-1.050024,-0.800003,-0.000007
actual,17.746000,197.585000,0.463854,-1.049990,1.050025,-1.050024,-0.800003,-0.000007
actual,17.756000,197.595000,0.464971,-1.049990,1.050025,-1.050024,-0.800003,-0.000007
actual,17.766000,197.605000,0.466122,-1.049990,1.050025,-1.050024,-0.800003,-0.000007
actual,17.776000,197.615000,0.467307,-1.049990,1.050025,-1.050024,-0.800003,-0.000007
actual,17.786000,197.625000,0.468524,-1.049990,1.050025,-1.050024,-0.800003,-0.000007
actual,17.796000,197.635000,0.469772,-1.049990,1.050025,-1.050024,-0.800003,-0.000007
actual,17.806000,197.645000,0.471050,-1.049990,1.050025,-1.050024,-0.800003,-0.000007
actual,17.816000,197.655000,0.472357,-1.049990,1.050025,-1.050024,-0.800003,-0.000007
actual,17.826000,197.665000,0.473691,-1.049990,1.050025,-1.050024,-0.800003,-0.000007
actual,17.836000,197.675000,0.475050,-1.049990,1.050025,-1.050024,-0.800003,-0.000007
actual,17.846000,197.685000,0.476435,-1.049990,1.050025,-1.050024,-0.800003,-0.000007
actual,17.856000,197.695000,0.477842,-1.049990,1.050025,-1.050024,-0.800003,-0.000007
actual,17.866000,197.705000,0.479272,-1.049990,1.050025,-1.050024,-0.800003,-0.000007
actual,17.876000,197.715000,0.480722,-1.049990,1.050025,-1.050024,-0.800003,-0.000007
actual,17.886000,197.725000,0.482191,-1.049990,1.050025,-1.050024,-0.800003,-0.000007
actual,17.896000,197.735000,0.483677,-1.049990,1.050025,-1.050024,-0.800003,-0.000007
actual,17.906000,197.745000,0.485180,-1.049990,1.050025,-1.050024,-0.800003,-0.000007
actual,17.916000,197.755000,0.486697,-1.049990,1.050025,-1.050024,-0.800003,-0.000007
actual,17.926000,197.765000,0.488228,-1.049990,1.050025,-1.050024,-0.800003,-0.000007
actual,17.936000,197.775000,0.489770,-1.049990,1.050025,-1.050024,-0.800003,-0.000007
actual,17.946000,197.785000,0.491322,-1.049990,1.050025,-1.050024,-0.800003,-0.000007
actual,17.956000,197.795000,0.492883,-1.049990,1.050025,-1.050024,-0.800003,-0.000007
actual,17.966000,197.805000,0.494450,-1.049990,1.050025,-1.050024,-0.800003,-0.000007
actual,17.976000,197.815000,0.496024,-1.049990,1.050025,-1.050024,-0.800003,-0.000007
actual,17.986000,197.825000,0.497601,-1.049990,1.050025,-1.050024,-0.800003,-0.000007
actual,17.996000,197.835000,0.499180,-1.049990,1.050025,-1.050024,-0.800003,-0.000007
actual,18.006000,197.845000,0.500761,-1.049990,1.050025,-1.050024,-0.800003,-0.000007
actual,18.016000,197.855000,0.502340,-1.049990,1.050025,-1.050024,-0.800003,-0.000007
actual,18.026000,197.865000,0.503917,-1.049990,1.050025,-1.050024,-0.800003,-0.000007
actual,18.036000,197.875000,0.505491,-1.049990,1.050025,-1.050024,-0.800003,-0.000007
actual,18.046000,197.885000,0.507059,-1.049990,1.050025,-1.050024,-0.800003,-0.000007
actual,18.056000,197.895000,0.508620,-1.049990,1.050025,-1.050024,-0.800003,-0.000007
actual,18.066000,197.905000,0.510172,-1.049990,1.050025,-1.050024,-0.800003,-0.000007
actual,18.076000,197.915000,0.511715,-1.049990,1.050025,-1.050024,-0.800003,-0.000007
actual,18.086000,197.925000,0.513246,-1.049990,1.050025,-1.050024,-0.800003,-0.000007
actual,18.096000,197.935000,0.514764,-1.049990,1.050025,-1.050024,-0.800003,-0.000007
actual,18.106000,197.945000,0.516267,-1.049990,1.050025,-1.050024,-0.800003,-0.000007
actual,18.116000,197.955000,0.517754,-1.049990,1.050025,-1.050024,-0.800003,-0.000007
actual,18.126000,197.965000,0.519224,-1.049990,1.050025,-1.050024,-0.800003,-0.000007
actual,18.136000,197.975000,0.520675,-1.049990,1.050025,-1.050024,-0.800003,-0.000007
actual,18.146000,197.985000,0.522105,-1.049990,1.050025,-1.050024,-0.800003,-0.000007
actual,18.156000,197.995000,0.523513,-1.049990,1.050025,-1.050024,-0.800003,-0.000007
actual,18.166000,198.005000,0.524899,-1.049990,1.050025,-1.050024,-0.800003,-0.000007
actual,18.176000,198.015000,0.526259,-1.049990,1.050025,-1.050024,-0.800003,-0.000007
actual,18.186000,198.025000,0.527594,-1.049990,1.050025,-1.050024,-0.800003,-0.000007
actual,18.196000,198.035000,0.528902,-1.049990,1.050025,-1.050024,-0.800003,-0.000007
actual,18.206000,198.045000,0.530181,-1.049990,1.050025,-1.050024,-0.800003,-0.000007
actual,18.216000,198.055000,0.531430,-1.049990,1.050025,-1.050024,-0.800003,-0.000007
actual,18.226000,198.065000,0.532649,-1.049990,1.050025,-1.050024,-0.800003,-0.000007
actual,18.236000,198.075000,0.533835,-1.049990,1.050025,-1.050024,-0.800003,-0.000007
actual,18.246000,198.085000,0.534987,-1.049990,1.050025,-1.050024,-0.800003,-0.000007
actual,18.256000,198.095000,0.536105,-1.049990,1.050025,-1.050024,-0.800003,-0.000007
actual,18.266000,198.105000,0.537188,-1.049990,1.050025,-1.050024,-0.800003,-0.000007
actual,18.276000,198.115000,0.538234,-1.049990,1.050025,-1.050024,-0.800003,-0.000007
actual,18.286000,198.125000,0.539242,-1.049990,1.050025,-1.050024,-0.800003,-0.000007
actual,18.296000,198.135000,0.540211,-1.049990,1.050025,-1.050024,-0.800003,-0.000007
actual,18.306000,198.145000,0.541141,-1.049990,1.050025,-1.050024,-0.800003,-0.000007
actual,18.316000,198.155000,0.542030,-1.049990,1.050025,-1.050024,-0.800003,-0.000007
actual,18.326000,198.165000,0.542878,-1.049990,1.050025,-1.050024,-0.800003,-0.000007
actual,18.336000,198.175000,0.543683,-1.049990,1.050025,-1.050024,-0.800003,-0.000007
actual,18.346000,198.185000,0.544445,-1.049990,1.050025,-1.050024,-0.800003,-0.000007
actual,18.356000,198.195000,0.545163,-1.049990,1.050025,-1.050024,-0.800003,-0.000007
actual,18.366000,198.205000,0.545837,-1.049990,1.050025,-1.050024,-0.800003,-0.000007
actual,18.376000,198.215000,0.546466,-1.049990,1.050025,-1.050024,-0.800003,-0.000007
actual,18.386000,198.225000,0.547048,-1.049990,1.050025,-1.050024,-0.800003,-0.000007
actual,18.396000,198.235000,0.547585,-1.049990,1.050025,-1.050024,-0.800003,-0.000007
actual,18.406000,198.245000,0.548074,-1.049990,1.050025,-1.050024,-0.800003,-0.000007
actual,18.416000,198.255000,0.548516,-1.049990,1.050025,-1.050024,-0.800003,-0.000007
actual,18.426000,198.265000,0.548910,-1.049990,1.050025,-1.050024,-0.800003,-0.000007
actual,18.436000,198.275000,0.549255,-1.049990,1.050025,-1.050024,-0.800003,-0.000007
actual,18.446000,198.285000,0.549552,-1.049990,1.050025,-1.050024,-0.800003,-0.000007
actual,18.456000,198.295000,0.549801,-1.049990,1.050025,-1.050024,-0.800003,-0.000007
actual,18.466000,198.305000,0.550000,-1.049990,1.050025,-1.050024,-0.800003,-0.000007
actual,18.476000,198.315000,0.550149,-1.049990,1.050025,-1.050024,-0.800003,-0.000007
actual,18.486000,198.325000,0.550249,-1.049990,1.050025,-1.050024,-0.800003,-0.000007
actual,18.496000,198.335000,0.550300,-1.049990,1.050025,-1.050024,-0.800003,-0.000007
actual,18.506000,198.345000,0.550301,-1.049990,1.050025,-1.050024,-0.800003,-0.000007
actual,18.516000,198.355000,0.550252,-1.049990,1.050025,-1.050024,-0.800003,-0.000007
actual,18.526000,198.365000,0.550154,-1.049990,1.050025,-1.050024,-0.800003,-0.000007
actual,18.536000,198.375000,0.550006,-1.049990,1.050025,-1.050024,-0.800003,-0.000007
actual,18.546000,198.385000,0.549809,-1.049990,1.050025,-1.050024,-0.800003,-0.000007
actual,18.556000,198.395000,0.549563,-1.049990,1.050025,-1.050024,-0.800003,-0.000007
actual,18.566000,198.405000,0.549268,-1.049990,1.050025,-1.050024,-0.800003,-0.000007
actual,18.576000,198.415000,0.548924,-1.049990,1.050025,-1.050024,-0.800003,-0.000007
actual,18.586000,198.425000,0.548532,-1.049990,1.050025,-1.050024,-0.800003,-0.000007
actual,18.596000,198.435000,0.548092,-1.049990,1.050025,-1.050024,-0.800003,-0.000007
actual,18.606000,198.445000,0.547605,-1.049990,1.050025,-1.050024,-0.800003,-0.000007
actual,18.616000,198.455000,0.547070,-1.049990,1.050025,-1.050024,-0.800003,-0.000007
actual,18.626000,198.465000,0.546489,-1.049990,1.050025,-1.050024,-0.800003,-0.000007
actual,18.636000,198.475000,0.545863,-1.049990,1.050025,-1.050024,-0.800003,-0.000007
actual,18.646000,198.485000,0.545191,-1.049990,1.050025,-1.050024,-0.800003,-0.000007
actual,18.656000,198.495000,0.544474,-1.049990,1.050025,-1.050024,-0.800003,-0.000007
actual,18.666000,198.505000,0.543714,-1.049990,1.050025,-1.050024,-0.800003,-0.000007
actual,18.676000,198.515000,0.542910,-1.049990,1.050025,-1.050024,-0.800003,-0.000007
actual,18.686000,198.525000,0.542064,-1.049990,1.050025,-1.050024,-0.800003,-0.000007
actual,18.696000,198.535000,0.541177,-1.049990,1.050025,-1.050024,-0.800003,-0.000007
actual,18.706000,198.545000,0.540249,-1.049990,1.050025,-1.050024,-0.800003,-0.000007
actual,18.716000,198.555000,0.539281,-1.049990,1.050025,-1.050024,-0.800003,-0.000007
actual,18.726000,198.565000,0.538274,-1.049990,1.050025,-1.050024,-0.800003,-0.000007
actual,18.736000,198.575000,0.537230,-1.049990,1.050025,-1.050024,-0.800003,-0.000007
actual,18.746000,198.585000,0.536149,-1.049990,1.050025,-1.050024,-0.800003,-0.000007
actual,18.756000,198.595000,0.535032,-1.049990,1.050025,-1.050024,-0.800003,-0.000007
actual,18.766000,198.605000,0.533881,-1.049990,1.050025,-1.050024,-0.800003,-0.000007
actual,18.776000,198.615000,0.532696,-1.049990,1.050025,-1.050024,-0.800003,-0.000007
actual,18.786000,198.625000,0.531479,-1.049990,1.050025,-1.050024,-0.800003,-0.000007
actual,18.796000,198.635000,0.530231,-1.049990,1.050025,-1.050024,-0.800003,-0.000007
actual,18.806000,198.645000,0.528953,-1.049990,1.050025,-1.050024,-0.800003,-0.000007
actual,18.816000,198.655000,0.527646,-1.049990,1.050025,-1.050024,-0.800003,-0.000007
actual,18.826000,198.665000,0.526312,-1.049990,1.050025,-1.050024,-0.800003,-0.000007
actual,18.836000,198.675000,0.524953,-1.049990,1.050025,-1.050024,-0.800003,-0.000007
actual,18.846000,198.685000,0.523568,-1.049990,1.050025,-1.050024,-0.800003,-0.000007
actual,18.856000,198.695000,0.522161,-1.049990,1.050025,-1.050024,-0.800003,-0.000007
actual,18.866000,198.705000,0.520731,-1.049990,1.050025,-1.050024,-0.800003,-0.000007
actual,18.876000,198.715000,0.519281,-1.049990,1.050025,-1.050024,-0.800003,-0.000007
actual,18.886000,198.725000,0.517812,-1.049990,1.050025,-1.050024,-0.800003,-0.000007
actual,18.896000,198.735000,0.516326,-1.049990,1.050025,-1.050024,-0.800003,-0.000007
actual,18.906000,198.745000,0.514823,-1.049990,1.050025,-1.050024,-0.800003,-0.000007
actual,18.916000,198.755000,0.513306,-1.049990,1.050025,-1.050024,-0.800003,-0.000007
actual,18.926000,198.765000,0.511775,-1.049990,1.050025,-1.050024,-0.800003,-0.000007
actual,18.936000,198.775000,0.510233,-1.049990,1.050025,-1.050024,-0.800003,-0.000007
actual,18.946000,198.785000,0.508681,-1.049990,1.050025,-1.050024,-0.800003,-0.000007
actual,18.956000,198.795000,0.507120,-1.049990,1.050025,-1.050024,-0.800003,-0.000007
actual,18.966000,198.805000,0.505553,-1.049990,1.050025,-1.050024,-0.800003,-0.000007
actual,18.976000,198.815000,0.503979,-1.049990,1.050025,-1.050024,-0.800003,-0.000007
actual,18.986000,198.825000,0.502402,-1.049990,1.050025,-1.050024,-0.800003,-0.000007
actual,18.996000,198.835000,0.500823,-1.049990,1.050025,-1.050024,-0.800003,-0.000007
actual,19.006000,198.845000,0.499242,-1.049990,1.050025,-1.050024,-0.800003,-0.000007
actual,19.016000,198.855000,0.497663,-1.049990,1.050025,-1.050024,-0.800003,-0.000007
actual,19.026000,198.865000,0.496086,-1.049990,1.050025,-1.050024,-0.800003,-0.000007
actual,19.036000,198.875000,0.494512,-1.049990,1.050025,-1.050024,-0.800003,-0.000007
actual,19.046000,198.885000,0.492944,-1.049990,1.050025,-1.050024,-0.800003,-0.000007
actual,19.056000,198.895000,0.491383,-1.049990,1.050025,-1.050024,-0.800003,-0.000007
actual,19.066000,198.905000,0.489831,-1.049990,1.050025,-1.050024,-0.800003,-0.000007
actual,19.076000,198.915000,0.488288,-1.049990,1.050025,-1.050024,-0.800003,-0.000007
actual,19.086000,198.925000,0.486757,-1.049990,1.050025,-1.050024,-0.800003,-0.000007
actual,19.096000,198.935000,0.485239,-1.049990,1.050025,-1.050024,-0.800003,-0.000007
actual,19.106000,198.945000,0.483736,-1.049990,1.050025,-1.050024,-0.800003,-0.000007
actual,19.116000,198.955000,0.482249,-1.049990,1.050025,-1.050024,-0.800003,-0.000007
actual,19.126000,198.965000,0.480779,-1.049990,1.050025,-1.050024,-0.800003,-0.000007
actual,19.136000,198.975000,0.479328,-1.049990,1.050025,-1.050024,-0.800003,-0.000007
actual,19.146000,198.985000,0.477898,-1.049990,1.050025,-1.050024,-0.800003,-0.000007
actual,19.156000,198.995000,0.476490,-1.049990,1.050025,-1.050024,-0.800003,-0.000007
actual,19.166000,199.005000,0.475104,-1.049990,1.050025,-1.050024,-0.800003,-0.000007
actual,19.176000,199.015000,0.473744,-1.049990,1.050025,-1.050024,-0.800003,-0.000007
actual,19.186000,199.025000,0.472409,-1.049990,1.050025,-1.050024,-0.800003,-0.000007
actual,19.196000,199.035000,0.471101,-1.049990,1.050025,-1.050024,-0.800003,-0.000007
actual,19.206000,199.045000,0.469822,-1.049990,1.050025,-1.050024,-0.800003,-0.000007
actual,19.216000,199.055000,0.468573,-1.049990,1.050025,-1.050024,-0.800003,-0.000007
actual,19.226000,199.065000,0.467354,-1.049990,1.050025,-1.050024,-0.800003,-0.000007
actual,19.236000,199.075000,0.466168,-1.049990,1.050025,-1.050024,-0.800003,-0.000007
actual,19.246000,199.085000,0.465016,-1.049990,1.050025,-1.050024,-0.800003,-0.000007
actual,19.256000,199.095000,0.463898,-1.049990,1.050025,-1.050024,-0.800003,-0.000007
actual,19.266000,199.105000,0.462815,-1.049990,1.050025,-1.050024,-0.800003,-0.000007
actual,19.276000,199.115000,0.461769,-1.049990,1.050025,-1.050024,-0.800003,-0.000007
actual,19.286000,199.125000,0.460761,-1.049990,1.050025,-1.050024,-0.800003,-0.000007
actual,19.296000,199.135000,0.459792,-1.049990,1.050025,-1.050024,-0.800003,-0.000007
actual,19.306000,199.145000,0.458862,-1.049990,1.050025,-1.050024,-0.800003,-0.000007
actual,19.316000,199.155000,0.457973,-1.049990,1.050025,-1.050024,-0.800003,-0.000007
actual,19.326000,199.165000,0.457125,-1.049990,1.050025,-1.050024,-0.800003,-0.000007
actual,19.336000,199.175000,0.456320,-1.049990,1.050025,-1.050024,-0.800003,-0.000007
actual,19.346000,199.185000,0.455558,-1.049990,1.050025,-1.050024,-0.800003,-0.000007
actual,19.356000,199.195000,0.454840,-1.049990,1.050025,-1.050024,-0.800003,-0.000007
actual,19.366000,199.205000,0.454166,-1.049990,1.050025,-1.050024,-0.800003,-0.000007
actual,19.376000,199.215000,0.453537,-1.049990,1.050025,-1.050024,-0.800003,-0.000007
actual,19.386000,199.225000,0.452955,-1.049990,1.050025,-1.050024,-0.800003,-0.000007
actual,19.396000,199.235000,0.452418,-1.049990,1.050025,-1.050024,-0.800003,-0.000007
actual,19.406000,199.245000,0.451929,-1.049990,1.050025,-1.050024,-0.800003,-0.000007
actual,19.416000,199.255000,0.451487,-1.049990,1.050025,-1.050024,-0.800003,-0.000007
actual,19.426000,199.265000,0.451093,-1.049990,1.050025,-1.050024,-0.800003,-0.000007
actual,19.436000,199.275000,0.450748,-1.049990,1.050025,-1.050024,-0.800003,-0.000007
actual,19.446000,199.285000,0.450451,-1.049990,1.050025,-1.050024,-0.800003,-0.000007
actual,19.456000,199.295000,0.450202,-1.049990,1.050025,-1.050024,-0.800003,-0.000007
actual,19.466000,199.305000,0.450003,-1.049990,1.050025,-1.050024,-0.800003,-0.000007
actual,19.476000,199.315000,0.449854,-1.049990,1.050025,-1.050024,-0.800003,-0.000007
actual,19.486000,199.325000,0.449754,-1.049990,1.050025,-1.050024,-0.800003,-0.000007
actual,19.496000,199.335000,0.449703,-1.049990,1.050025,-1.050024,-0.800003,-0.000007
actual,19.506000,199.345000,0.449702,-1.049990,1.050025,-1.050024,-0.800003,-0.000007
actual,19.516000,199.355000,0.449751,-1.049990,1.050025,-1.050024,-0.800003,-0.000007
actual,19.526000,199.365000,0.449849,-1.049990,1.050025,-1.050024,-0.800003,-0.000007
actual,19.536000,199.375000,0.449997,-1.049990,1.050025,-1.050024,-0.800003,-0.000007
actual,19.546000,199.385000,0.450194,-1.049990,1.050025,-1.050024,-0.800003,-0.000007
actual,19.556000,199.395000,0.450440,-1.049990,1.050025,-1.050024,-0.800003,-0.000007
actual,19.566000,199.405000,0.450735,-1.049990,1.050025,-1.050024,-0.800003,-0.000007
actual,19.576000,199.415000,0.451079,-1.049990,1.050025,-1.050024,-0.800003,-0.000007
actual,19.586000,199.425000,0.451471,-1.049990,1.050025,-1.050024,-0.800003,-0.000007
actual,19.596000,199.435000,0.451911,-1.049990,1.050025,-1.050024,-0.800003,-0.000007
actual,19.606000,199.445000,0.452398,-1.049990,1.050025,-1.050024,-0.800003,-0.000007
actual,19.616000,199.455000,0.452933,-1.049990,1.050025,-1.050024,-0.800003,-0.000007
actual,19.626000,199.465000,0.453514,-1.049990,1.050025,-1.050024,-0.800003,-0.000007
actual,19.636000,199.475000,0.454140,-1.049990,1.050025,-1.050024,-0.800003,-0.000007
actual,19.646000,199.485000,0.454812,-1.049990,1.050025,-1.050024,-0.800003,-0.000007
actual,19.656000,199.495000,0.455529,-1.049990,1.050025,-1.050024,-0.800003,-0.000007
actual,19.666000,199.505000,0.456289,-1.049990,1.050025,-1.050024,-0.800003,-0.000007
actual,19.676000,199.515000,0.457093,-1.049990,1.050025,-1.050024,-0.800003,-0.000007
actual,19.686000,199.525000,0.457939,-1.049990,1.050025,-1.050024,-0.800003,-0.000007
actual,19.696000,199.535000,0.458826,-1.049990,1.050025,-1.050024,-0.800003,-0.000007
actual,19.706000,199.545000,0.459754,-1.049990,1.050025,-1.050024,-0.800003,-0.000007
actual,19.716000,199.555000,0.460722,-1.049990,1.050025,-1.050024,-0.800003,-0.000007
actual,19.726000,199.565000,0.461729,-1.049990,1.050025,-1.050024,-0.800003,-0.000007
actual,19.736000,199.575000,0.462773,-1.049990,1.050025,-1.050024,-0.800003,-0.000007
actual,19.746000,199.585000,0.463854,-1.049990,1.050025,-1.050024,-0.800003,-0.000007
actual,19.756000,199.595000,0.464971,-1.049990,1.050025,-1.050024,-0.800003,-0.000007
actual,19.766000,199.605000,0.466122,-1.049990,1.050025,-1.050024,-0.800003,-0.000007
actual,19.776000,199.615000,0.467307,-1.049990,1.050025,-1.050024,-0.800003,-0.000007
actual,19.786000,199.625000,0.468524,-1.049990,1.050025,-1.050024,-0.800003,-0.000007
actual,19.796000,199.635000,0.469772,-1.049990,1.050025,-1.050024,-0.800003,-0.000007
actual,19.806000,199.645000,0.471050,-1.049990,1.050025,-1.050024,-0.800003,-0.000007
actual,19.816000,199.655000,0.472357,-1.049990,1.050025,-1.050024,-0.800003,-0.000007
actual,19.826000,199.665000,0.473691,-1.049990,1.050025,-1.050024,-0.800003,-0.000007
actual,19.836000,199.675000,0.475050,-1.049990,1.050025,-1.050024,-0.800003,-0.000007
actual,19.846000,199.685000,0.476435,-1.049990,1.050025,-1.050024,-0.800003,-0.000007
actual,19.856000,199.695000,0.477842,-1.049990,1.050025,-1.050024,-0.800003,-0.000007
actual,19.866000,199.705000,0.479272,-1.049990,1.050025,-1.050024,-0.800003,-0.000007
actual,19.876000,199.715000,0.480722,-1.049990,1.050025,-1.050024,-0.800003,-0.000007
actual,19.886000,199.725000,0.482191,-1.049990,1.050025,-1.050024,-0.800003,-0.000007
actual,19.896000,199.735000,0.483677,-1.049990,1.050025,-1.050024,-0.800003,-0.000007
actual,19.906000,199.745000,0.485180,-1.049990,1.050025,-1.050024,-0.800003,-0.000007
actual,19.916000,199.755000,0.486697,-1.049990,1.050025,-1.050024,-0.800003,-0.000007
actual,19.926000,199.765000,0.488228,-1.049990,1.050025,-1.050024,-0.800003,-0.000007
actual,19.936000,199.775000,0.489770,-1.049990,1.050025,-1.050024,-0.800003,-0.000007
actual,19.946000,199.785000,0.491322,-1.049990,1.050025,-1.050024,-0.800003,-0.000007
actual,19.956000,199.795000,0.492883,-1.049990,1.050025,-1.050024,-0.800003,-0.000007
actual,19.966000,199.805000,0.494450,-1.049990,1.050025,-1.050024,-0.800003,-0.000007
actual,19.976000,199.815000,0.496024,-1.049990,1.050025,-1.050024,-0.800003,-0.000007
actual,19.986000,199.825000,0.497601,-1.049990,1.050025,-1.050024,-0.800003,-0.000007
actual,19.996000,199.835000,0.499180,-1.049990,1.050025,-1.050024,-0.800003,-0.000007
actual,20.006000,199.845000,0.500761,-1.049990,1.050025,-1.050024,-0.800003,-0.000007
actual,20.016000,199.855000,0.500399,-1.049990,1.050025,-1.050024,-0.800003,-0.000007
