type,t_rel,t_abs,j1,j2,j3,j4,j5,j6
cmd,0.000000,11.500000,0.500037,-1.049740,1.050626,-1.050592,-0.800066,-0.000180
cmd,0.005000,11.505000,0.501608,-1.049740,1.050626,-1.050592,-0.800066,-0.000180
cmd,0.010000,11.510000,0.503177,-1.049740,1.050626,-1.050592,-0.800066,-0.000180
cmd,0.015000,11.515000,0.504743,-1.049740,1.050626,-1.050592,-0.800066,-0.000180
cmd,0.020000,11.520000,0.506304,-1.049740,1.050626,-1.050592,-0.800066,-0.000180
cmd,0.025000,11.525000,0.507859,-1.049740,1.050626,-1.050592,-0.800066,-0.000180
cmd,0.030000,11.530000,0.509407,-1.049740,1.050626,-1.050592,-0.800066,-0.000180
cmd,0.035000,11.535000,0.510945,-1.049740,1.050626,-1.050592,-0.800066,-0.000180
cmd,0.040000,11.540000,0.512472,-1.049740,1.050626,-1.050592,-0.800066,-0.000180
cmd,0.045000,11.545000,0.513987,-1.049740,1.050626,-1.050592,-0.800066,-0.000180
cmd,0.050000,11.550000,0.515488,-1.049740,1.050626,-1.050592,-0.800066,-0.000180
cmd,0.055000,11.555000,0.516974,-1.049740,1.050626,-1.050592,-0.800066,-0.000180
cmd,0.060000,11.560000,0.518444,-1.049740,1.050626,-1.050592,-0.800066,-0.000180
cmd,0.065000,11.565000,0.519895,-1.049740,1.050626,-1.050592,-0.800066,-0.000180
cmd,0.070000,11.570000,0.521326,-1.049740,1.050626,-1.050592,-0.800066,-0.000180
cmd,0.075000,11.575000,0.522737,-1.049740,1.050626,-1.050592,-0.800066,-0.000180
cmd,0.080000,11.580000,0.524125,-1.049740,1.050626,-1.050592,-0.800066,-0.000180
cmd,0.085000,11.585000,0.525490,-1.049740,1.050626,-1.050592,-0.800066,-0.000180
cmd,0.090000,11.590000,0.526829,-1.049740,1.050626,-1.050592,-0.800066,-0.000180
cmd,0.095000,11.595000,0.528142,-1.049740,1.050626,-1.050592,-0.800066,-0.000180
cmd,0.100000,11.600000,0.529427,-1.049740,1.050626,-1.050592,-0.800066,-0.000180
cmd,0.105000,11.605000,0.530683,-1.049740,1.050626,-1.050592,-0.800066,-0.000180
cmd,0.110000,11.610000,0.531909,-1.049740,1.050626,-1.050592,-0.800066,-0.000180
cmd,0.115000,11.615000,0.533103,-1.049740,1.050626,-1.050592,-0.800066,-0.000180
cmd,0.120000,11.620000,0.534265,-1.049740,1.050626,-1.050592,-0.800066,-0.000180
cmd,0.125000,11.625000,0.535393,-1.049740,1.050626,-1.050592,-0.800066,-0.000180
cmd,0.130000,11.630000,0.536486,-1.049740,1.050626,-1.050592,-0.800066,-0.000180
cmd,0.135000,11.635000,0.537543,-1.049740,1.050626,-1.050592,-0.800066,-0.000180
cmd,0.140000,11.640000,0.538563,-1.049740,1.050626,-1.050592,-0.800066,-0.000180
cmd,0.145000,11.645000,0.539545,-1.049740,1.050626,-1.050592,-0.800066,-0.000180
cmd,0.150000,11.650000,0.540488,-1.049740,1.050626,-1.050592,-0.800066,-0.000180
cmd,0.155000,11.655000,0.541391,-1.049740,1.050626,-1.050592,-0.800066,-0.000180
cmd,0.160000,11.660000,0.542254,-1.049740,1.050626,-1.050592,-0.800066,-0.000180
cmd,0.165000,11.665000,0.543075,-1.049740,1.050626,-1.050592,-0.800066,-0.000180
cmd,0.170000,11.670000,0.543853,-1.049740,1.050626,-1.050592,-0.800066,-0.000180
cmd,0.175000,11.675000,0.544588,-1.049740,1.050626,-1.050592,-0.800066,-0.000180
cmd,0.180000,11.680000,0.545279,-1.049740,1.050626,-1.050592,-0.800066,-0.000180
cmd,0.185000,11.685000,0.545925,-1.049740,1.050626,-1.050592,-0.800066,-0.000180
cmd,0.190000,11.690000,0.546526,-1.049740,1.050626,-1.050592,-0.800066,-0.000180
cmd,0.195000,11.695000,0.547081,-1.049740,1.050626,-1.050592,-0.800066,-0.000180
cmd,0.200000,11.700000,0.547590,-1.049740,1.050626,-1.050592,-0.800066,-0.000180
cmd,0.205000,11.705000,0.548052,-1.049740,1.050626,-1.050592,-0.800066,-0.000180
cmd,0.210000,11.710000,0.548467,-1.049740,1.050626,-1.050592,-0.800066,-0.000180
cmd,0.215000,11.715000,0.548833,-1.049740,1.050626,-1.050592,-0.800066,-0.000180
cmd,0.220000,11.720000,0.549152,-1.049740,1.050626,-1.050592,-0.800066,-0.000180
cmd,0.225000,11.725000,0.549422,-1.049740,1.050626,-1.050592,-0.800066,-0.000180
cmd,0.230000,11.730000,0.549643,-1.049740,1.050626,-1.050592,-0.800066,-0.000180
cmd,0.235000,11.735000,0.549816,-1.049740,1.050626,-1.050592,-0.800066,-0.000180
cmd,0.240000,11.740000,0.549939,-1.049740,1.050626,-1.050592,-0.800066,-0.000180
cmd,0.245000,11.745000,0.550013,-1.049740,1.050626,-1.050592,-0.800066,-0.000180
cmd,0.250000,11.750000,0.550037,-1.049740,1.050626,-1.050592,-0.800066,-0.000180
cmd,0.255000,11.755000,0.550013,-1.049740,1.050626,-1.050592,-0.800066,-0.000180
cmd,0.260000,11.760000,0.549939,-1.049740,1.050626,-1.050592,-0.800066,-0.000180
cmd,0.265000,11.765000,0.549816,-1.049740,1.050626,-1.050592,-0.800066,-0.000180
cmd,0.270000,11.770000,0.549643,-1.049740,1.050626,-1.050592,-0.800066,-0.000180
cmd,0.275000,11.775000,0.549422,-1.049740,1.050626,-1.050592,-0.800066,-0.000180
cmd,0.280000,11.780000,0.549152,-1.049740,1.050626,-1.050592,-0.800066,-0.000180
cmd,0.285000,11.785000,0.548833,-1.049740,1.050626,-1.050592,-0.800066,-0.000180
cmd,0.290000,11.790000,0.548467,-1.049740,1.050626,-1.050592,-0.800066,-0.000180
cmd,0.295000,11.795000,0.548052,-1.049740,1.050626,-1.050592,-0.800066,-0.000180
cmd,0.300000,11.800000,0.547590,-1.049740,1.050626,-1.050592,-0.800066,-0.000180
cmd,0.305000,11.805000,0.547081,-1.049740,1.050626,-1.050592,-0.800066,-0.000180
cmd,0.310000,11.810000,0.546526,-1.049740,1.050626,-1.050592,-0.800066,-0.000180
cmd,0.315000,11.815000,0.545925,-1.049740,1.050626,-1.050592,-0.800066,-0.000180
cmd,0.320000,11.820000,0.545279,-1.049740,1.050626,-1.050592,-0.800066,-0.000180
cmd,0.325000,11.825000,0.544588,-1.049740,1.050626,-1.050592,-0.800066,-0.000180
cmd,0.330000,11.830000,0.543853,-1.049740,1.050626,-1.050592,-0.800066,-0.000180
cmd,0.335000,11.835000,0.543075,-1.049740,1.050626,-1.050592,-0.800066,-0.000180
cmd,0.340000,11.840000,0.542254,-1.049740,1.050626,-1.050592,-0.800066,-0.000180
cmd,0.345000,11.845000,0.541391,-1.049740,1.050626,-1.050592,-0.800066,-0.000180
cmd,0.350000,11.850000,0.540488,-1.049740,1.050626,-1.050592,-0.800066,-0.000180
cmd,0.355000,11.855000,0.539545,-1.049740,1.050626,-1.050592,-0.800066,-0.000180
cmd,0.360000,11.860000,0.538563,-1.049740,1.050626,-1.050592,-0.800066,-0.000180
cmd,0.365000,11.865000,0.537543,-1.049740,1.050626,-1.050592,-0.800066,-0.000180
cmd,0.370000,11.870000,0.536486,-1.049740,1.050626,-1.050592,-0.800066,-0.000180
cmd,0.375000,11.875000,0.535393,-1.049740,1.050626,-1.050592,-0.800066,-0.000180
cmd,0.380000,11.880000,0.534265,-1.049740,1.050626,-1.050592,-0.800066,-0.000180
cmd,0.385000,11.885000,0.533103,-1.049740,1.050626,-1.050592,-0.800066,-0.000180
cmd,0.390000,11.890000,0.531909,-1.049740,1.050626,-1.050592,-0.800066,-0.000180
cmd,0.395000,11.895000,0.530683,-1.049740,1.050626,-1.050592,-0.800066,-0.000180
cmd,0.400000,11.900000,0.529427,-1.049740,1.050626,-1.050592,-0.800066,-0.000180
cmd,0.405000,11.905000,0.528142,-1.049740,1.050626,-1.050592,-0.800066,-0.000180
cmd,0.410000,11.910000,0.526829,-1.049740,1.050626,-1.050592,-0.800066,-0.000180
cmd,0.415000,11.915000,0.525490,-1.049740,1.050626,-1.050592,-0.800066,-0.000180
cmd,0.420000,11.920000,0.524125,-1.049740,1.050626,-1.050592,-0.800066,-0.000180
cmd,0.425000,11.925000,0.522737,-1.049740,1.050626,-1.050592,-0.800066,-0.000180
cmd,0.430000,11.930000,0.521326,-1.049740,1.050626,-1.050592,-0.800066,-0.000180
cmd,0.435000,11.935000,0.519895,-1.049740,1.050626,-1.050592,-0.800066,-0.000180
cmd,0.440000,11.940000,0.518444,-1.049740,1.050626,-1.050592,-0.800066,-0.000180
cmd,0.445000,11.945000,0.516974,-1.049740,1.050626,-1.050592,-0.800066,-0.000180
cmd,0.450000,11.950000,0.515488,-1.049740,1.050626,-1.050592,-0.800066,-0.000180
cmd,0.455000,11.955000,0.513987,-1.049740,1.050626,-1.050592,-0.800066,-0.000180
cmd,0.460000,11.960000,0.512472,-1.049740,1.050626,-1.050592,-0.800066,-0.000180
cmd,0.465000,11.965000,0.510945,-1.049740,1.050626,-1.050592,-0.800066,-0.000180
cmd,0.470000,11.970000,0.509407,-1.049740,1.050626,-1.050592,-0.800066,-0.000180
cmd,0.475000,11.975000,0.507859,-1.049740,1.050626,-1.050592,-0.800066,-0.000180
cmd,0.480000,11.980000,0.506304,-1.049740,1.050626,-1.050592,-0.800066,-0.000180
cmd,0.485000,11.985000,0.504743,-1.049740,1.050626,-1.050592,-0.800066,-0.000180
cmd,0.490000,11.990000,0.503177,-1.049740,1.050626,-1.050592,-0.800066,-0.000180
cmd,0.495000,11.995000,0.501608,-1.049740,1.050626,-1.050592,-0.800066,-0.000180
cmd,0.500000,12.000000,0.500037,-1.049740,1.050626,-1.050592,-0.800066,-0.000180
cmd,0.505000,12.005000,0.498467,-1.049740,1.050626,-1.050592,-0.800066,-0.000180
cmd,0.510000,12.010000,0.496898,-1.049740,1.050626,-1.050592,-0.800066,-0.000180
cmd,0.515000,12.015000,0.495332,-1.049740,1.050626,-1.050592,-0.800066,-0.000180
cmd,0.520000,12.020000,0.493771,-1.049740,1.050626,-1.050592,-0.800066,-0.000180
cmd,0.525000,12.025000,0.492216,-1.049740,1.050626,-1.050592,-0.800066,-0.000180
cmd,0.530000,12.030000,0.490668,-1.049740,1.050626,-1.050592,-0.800066,-0.000180
cmd,0.535000,12.035000,0.489130,-1.049740,1.050626,-1.050592,-0.800066,-0.000180
cmd,0.540000,12.040000,0.487603,-1.049740,1.050626,-1.050592,-0.800066,-0.000180
cmd,0.545000,12.045000,0.486088,-1.049740,1.050626,-1.050592,-0.800066,-0.000180
cmd,0.550000,12.050000,0.484587,-1.049740,1.050626,-1.050592,-0.800066,-0.000180
cmd,0.555000,12.055000,0.483101,-1.049740,1.050626,-1.050592,-0.800066,-0.000180
cmd,0.560000,12.060000,0.481631,-1.049740,1.050626,-1.050592,-0.800066,-0.000180
cmd,0.565000,12.065000,0.480180,-1.049740,1.050626,-1.050592,-0.800066,-0.000180
cmd,0.570000,12.070000,0.478748,-1.049740,1.050626,-1.050592,-0.800066,-0.000180
cmd,0.575000,12.075000,0.477338,-1.049740,1.050626,-1.050592,-0.800066,-0.000180
cmd,0.580000,12.080000,0.475950,-1.049740,1.050626,-1.050592,-0.800066,-0.000180
cmd,0.585000,12.085000,0.474585,-1.049740,1.050626,-1.050592,-0.800066,-0.000180
cmd,0.590000,12.090000,0.473246,-1.049740,1.050626,-1.050592,-0.800066,-0.000180
cmd,0.595000,12.095000,0.471933,-1.049740,1.050626,-1.050592,-0.800066,-0.000180
cmd,0.600000,12.100000,0.470648,-1.049740,1.050626,-1.050592,-0.800066,-0.000180
cmd,0.605000,12.105000,0.469392,-1.049740,1.050626,-1.050592,-0.800066,-0.000180
cmd,0.610000,12.110000,0.468166,-1.049740,1.050626,-1.050592,-0.800066,-0.000180
cmd,0.615000,12.115000,0.466972,-1.049740,1.050626,-1.050592,-0.800066,-0.000180
cmd,0.620000,12.120000,0.465810,-1.049740,1.050626,-1.050592,-0.800066,-0.000180
cmd,0.625000,12.125000,0.464682,-1.049740,1.050626,-1.050592,-0.800066,-0.000180
cmd,0.630000,12.130000,0.463589,-1.049740,1.050626,-1.050592,-0.800066,-0.000180
cmd,0.635000,12.135000,0.462532,-1.049740,1.050626,-1.050592,-0.800066,-0.000180
cmd,0.640000,12.140000,0.461512,-1.049740,1.050626,-1.050592,-0.800066,-0.000180
cmd,0.645000,12.145000,0.460530,-1.049740,1.050626,-1.050592,-0.800066,-0.000180
cmd,0.650000,12.150000,0.459587,-1.049740,1.050626,-1.050592,-0.800066,-0.000180
cmd,0.655000,12.155000,0.458683,-1.049740,1.050626,-1.050592,-0.800066,-0.000180
cmd,0.660000,12.160000,0.457821,-1.049740,1.050626,-1.050592,-0.800066,-0.000180
cmd,0.665000,12.165000,0.457000,-1.049740,1.050626,-1.050592,-0.800066,-0.000180
cmd,0.670000,12.170000,0.456222,-1.049740,1.050626,-1.050592,-0.800066,-0.000180
cmd,0.675000,12.175000,0.455487,-1.049740,1.050626,-1.050592,-0.800066,-0.000180
cmd,0.680000,12.180000,0.454796,-1.049740,1.050626,-1.050592,-0.800066,-0.000180
cmd,0.685000,12.185000,0.454150,-1.049740,1.050626,-1.050592,-0.800066,-0.000180
cmd,0.690000,12.190000,0.453549,-1.049740,1.050626,-1.050592,-0.800066,-0.000180
cmd,0.695000,12.195000,0.452993,-1.049740,1.050626,-1.050592,-0.800066,-0.000180
cmd,0.700000,12.200000,0.452485,-1.049740,1.050626,-1.050592,-0.800066,-0.000180
cmd,0.705000,12.205000,0.452023,-1.049740,1.050626,-1.050592,-0.800066,-0.000180
cmd,0.710000,12.210000,0.451608,-1.049740,1.050626,-1.050592,-0.800066,-0.000180
cmd,0.715000,12.215000,0.451242,-1.049740,1.050626,-1.050592,-0.800066,-0.000180
cmd,0.720000,12.220000,0.450923,-1.049740,1.050626,-1.050592,-0.800066,-0.000180
cmd,0.725000,12.225000,0.450653,-1.049740,1.050626,-1.050592,-0.800066,-0.000180
cmd,0.730000,12.230000,0.450432,-1.049740,1.050626,-1.050592,-0.800066,-0.000180
cmd,0.735000,12.235000,0.450259,-1.049740,1.050626,-1.050592,-0.800066,-0.000180
cmd,0.740000,12.240000,0.450136,-1.049740,1.050626,-1.050592,-0.800066,-0.000180
cmd,0.745000,12.245000,0.450062,-1.049740,1.050626,-1.050592,-0.800066,-0.000180
cmd,0.750000,12.250000,0.450037,-1.049740,1.050626,-1.050592,-0.800066,-0.000180
cmd,0.755000,12.255000,0.450062,-1.049740,1.050626,-1.050592,-0.800066,-0.000180
cmd,0.760000,12.260000,0.450136,-1.049740,1.050626,-1.050592,-0.800066,-0.000180
cmd,0.765000,12.265000,0.450259,-1.049740,1.050626,-1.050592,-0.800066,-0.000180
cmd,0.770000,12.270000,0.450432,-1.049740,1.050626,-1.050592,-0.800066,-0.000180
cmd,0.775000,12.275000,0.450653,-1.049740,1.050626,-1.050592,-0.800066,-0.000180
cmd,0.780000,12.280000,0.450923,-1.049740,1.050626,-1.050592,-0.800066,-0.000180
cmd,0.785000,12.285000,0.451242,-1.049740,1.050626,-1.050592,-0.800066,-0.000180
cmd,0.790000,12.290000,0.451608,-1.049740,1.050626,-1.050592,-0.800066,-0.000180
cmd,0.795000,12.295000,0.452023,-1.049740,1.050626,-1.050592,-0.800066,-0.000180
cmd,0.800000,12.300000,0.452485,-1.049740,1.050626,-1.050592,-0.800066,-0.000180
cmd,0.805000,12.305000,0.452993,-1.049740,1.050626,-1.050592,-0.800066,-0.000180
cmd,0.810000,12.310000,0.453549,-1.049740,1.050626,-1.050592,-0.800066,-0.000180
cmd,0.815000,12.315000,0.454150,-1.049740,1.050626,-1.050592,-0.800066,-0.000180
cmd,0.820000,12.320000,0.454796,-1.049740,1.050626,-1.050592,-0.800066,-0.000180
cmd,0.825000,12.325000,0.455487,-1.049740,1.050626,-1.050592,-0.800066,-0.000180
cmd,0.830000,12.330000,0.456222,-1.049740,1.050626,-1.050592,-0.800066,-0.000180
cmd,0.835000,12.335000,0.457000,-1.049740,1.050626,-1.050592,-0.800066,-0.000180
cmd,0.840000,12.340000,0.457821,-1.049740,1.050626,-1.050592,-0.800066,-0.000180
cmd,0.845000,12.345000,0.458683,-1.049740,1.050626,-1.050592,-0.800066,-0.000180
cmd,0.850000,12.350000,0.459587,-1.049740,1.050626,-1.050592,-0.800066,-0.000180
cmd,0.855000,12.355000,0.460530,-1.049740,1.050626,-1.050592,-0.800066,-0.000180
cmd,0.860000,12.360000,0.461512,-1.049740,1.050626,-1.050592,-0.800066,-0.000180
cmd,0.865000,12.365000,0.462532,-1.049740,1.050626,-1.050592,-0.800066,-0.000180
cmd,0.870000,12.370000,0.463589,-1.049740,1.050626,-1.050592,-0.800066,-0.000180
cmd,0.875000,12.375000,0.464682,-1.049740,1.050626,-1.050592,-0.800066,-0.000180
cmd,0.880000,12.380000,0.465810,-1.049740,1.050626,-1.050592,-0.800066,-0.000180
cmd,0.885000,12.385000,0.466972,-1.049740,1.050626,-1.050592,-0.800066,-0.000180
cmd,0.890000,12.390000,0.468166,-1.049740,1.050626,-1.050592,-0.800066,-0.000180
cmd,0.895000,12.395000,0.469392,-1.049740,1.050626,-1.050592,-0.800066,-0.000180
cmd,0.900000,12.400000,0.470648,-1.049740,1.050626,-1.050592,-0.800066,-0.000180
cmd,0.905000,12.405000,0.471933,-1.049740,1.050626,-1.050592,-0.800066,-0.000180
cmd,0.910000,12.410000,0.473246,-1.049740,1.050626,-1.050592,-0.800066,-0.000180
cmd,0.915000,12.415000,0.474585,-1.049740,1.050626,-1.050592,-0.800066,-0.000180
cmd,0.920000,12.420000,0.475950,-1.049740,1.050626,-1.050592,-0.800066,-0.000180
cmd,0.925000,12.425000,0.477338,-1.049740,1.050626,-1.050592,-0.800066,-0.000180
cmd,0.930000,12.430000,0.478748,-1.049740,1.050626,-1.050592,-0.800066,-0.000180
cmd,0.935000,12.435000,0.480180,-1.049740,1.050626,-1.050592,-0.800066,-0.000180
cmd,0.940000,12.440000,0.481631,-1.049740,1.050626,-1.050592,-0.800066,-0.000180
cmd,0.945000,12.445000,0.483101,-1.049740,1.050626,-1.050592,-0.800066,-0.000180
cmd,0.950000,12.450000,0.484587,-1.049740,1.050626,-1.050592,-0.800066,-0.000180
cmd,0.955000,12.455000,0.486088,-1.049740,1.050626,-1.050592,-0.800066,-0.000180
cmd,0.960000,12.460000,0.487603,-1.049740,1.050626,-1.050592,-0.800066,-0.000180
cmd,0.965000,12.465000,0.489130,-1.049740,1.050626,-1.050592,-0.800066,-0.000180
cmd,0.970000,12.470000,0.490668,-1.049740,1.050626,-1.050592,-0.800066,-0.000180
cmd,0.975000,12.475000,0.492216,-1.049740,1.050626,-1.050592,-0.800066,-0.000180
cmd,0.980000,12.480000,0.493771,-1.049740,1.050626,-1.050592,-0.800066,-0.000180
cmd,0.985000,12.485000,0.495332,-1.049740,1.050626,-1.050592,-0.800066,-0.000180
cmd,0.990000,12.490000,0.496898,-1.049740,1.050626,-1.050592,-0.800066,-0.000180
cmd,0.995000,12.495000,0.498467,-1.049740,1.050626,-1.050592,-0.800066,-0.000180
cmd,1.000000,12.500000,0.500037,-1.049740,1.050626,-1.050592,-0.800066,-0.000180
cmd,1.005000,12.505000,0.501608,-1.049740,1.050626,-1.050592,-0.800066,-0.000180
cmd,1.010000,12.510000,0.503177,-1.049740,1.050626,-1.050592,-0.800066,-0.000180
cmd,1.015000,12.515000,0.504743,-1.049740,1.050626,-1.050592,-0.800066,-0.000180
cmd,1.020000,12.520000,0.506304,-1.049740,1.050626,-1.050592,-0.800066,-0.000180
cmd,1.025000,12.525000,0.507859,-1.049740,1.050626,-1.050592,-0.800066,-0.000180
cmd,1.030000,12.530000,0.509407,-1.049740,1.050626,-1.050592,-0.800066,-0.000180
cmd,1.035000,12.535000,0.510945,-1.049740,1.050626,-1.050592,-0.800066,-0.000180
cmd,1.040000,12.540000,0.512472,-1.049740,1.050626,-1.050592,-0.800066,-0.000180
cmd,1.045000,12.545000,0.513987,-1.049740,1.050626,-1.050592,-0.800066,-0.000180
cmd,1.050000,12.550000,0.515488,-1.049740,1.050626,-1.050592,-0.800066,-0.000180
cmd,1.055000,12.555000,0.516974,-1.049740,1.050626,-1.050592,-0.800066,-0.000180
cmd,1.060000,12.560000,0.518444,-1.049740,1.050626,-1.050592,-0.800066,-0.000180
cmd,1.065000,12.565000,0.519895,-1.049740,1.050626,-1.050592,-0.800066,-0.000180
cmd,1.070000,12.570000,0.521326,-1.049740,1.050626,-1.050592,-0.800066,-0.000180
cmd,1.075000,12.575000,0.522737,-1.049740,1.050626,-1.050592,-0.800066,-0.000180
cmd,1.080000,12.580000,0.524125,-1.049740,1.050626,-1.050592,-0.800066,-0.000180
cmd,1.085000,12.585000,0.525490,-1.049740,1.050626,-1.050592,-0.800066,-0.000180
cmd,1.090000,12.590000,0.526829,-1.049740,1.050626,-1.050592,-0.800066,-0.000180
cmd,1.095000,12.595000,0.528142,-1.049740,1.050626,-1.050592,-0.800066,-0.000180
cmd,1.100000,12.600000,0.529427,-1.049740,1.050626,-1.050592,-0.800066,-0.000180
cmd,1.105000,12.605000,0.530683,-1.049740,1.050626,-1.050592,-0.800066,-0.000180
cmd,1.110000,12.610000,0.531909,-1.049740,1.050626,-1.050592,-0.800066,-0.000180
cmd,1.115000,12.615000,0.533103,-1.049740,1.050626,-1.050592,-0.800066,-0.000180
cmd,1.120000,12.620000,0.534265,-1.049740,1.050626,-1.050592,-0.800066,-0.000180
cmd,1.125000,12.625000,0.535393,-1.049740,1.050626,-1.050592,-0.800066,-0.000180
cmd,1.130000,12.630000,0.536486,-1.049740,1.050626,-1.050592,-0.800066,-0.000180
cmd,1.135000,12.635000,0.537543,-1.049740,1.050626,-1.050592,-0.800066,-0.000180
cmd,1.140000,12.640000,0.538563,-1.049740,1.050626,-1.050592,-0.800066,-0.000180
cmd,1.145000,12.645000,0.539545,-1.049740,1.050626,-1.050592,-0.800066,-0.000180
cmd,1.150000,12.650000,0.540488,-1.049740,1.050626,-1.050592,-0.800066,-0.000180
cmd,1.155000,12.655000,0.541391,-1.049740,1.050626,-1.050592,-0.800066,-0.000180
cmd,1.160000,12.660000,0.542254,-1.049740,1.050626,-1.050592,-0.800066,-0.000180
cmd,1.165000,12.665000,0.543075,-1.049740,1.050626,-1.050592,-0.800066,-0.000180
cmd,1.170000,12.670000,0.543853,-1.049740,1.050626,-1.050592,-0.800066,-0.000180
cmd,1.175000,12.675000,0.544588,-1.049740,1.050626,-1.050592,-0.800066,-0.000180
cmd,1.180000,12.680000,0.545279,-1.049740,1.050626,-1.050592,-0.800066,-0.000180
cmd,1.185000,12.685000,0.545925,-1.049740,1.050626,-1.050592,-0.800066,-0.000180
cmd,1.190000,12.690000,0.546526,-1.049740,1.050626,-1.050592,-0.800066,-0.000180
cmd,1.195000,12.695000,0.547081,-1.049740,1.050626,-1.050592,-0.800066,-0.000180
cmd,1.200000,12.700000,0.547590,-1.049740,1.050626,-1.050592,-0.800066,-0.000180
cmd,1.205000,12.705000,0.548052,-1.049740,1.050626,-1.050592,-0.800066,-0.000180
cmd,1.210000,12.710000,0.548467,-1.049740,1.050626,-1.050592,-0.800066,-0.000180
cmd,1.215000,12.715000,0.548833,-1.049740,1.050626,-1.050592,-0.800066,-0.000180
cmd,1.220000,12.720000,0.549152,-1.049740,1.050626,-1.050592,-0.800066,-0.000180
cmd,1.225000,12.725000,0.549422,-1.049740,1.050626,-1.050592,-0.800066,-0.000180
cmd,1.230000,12.730000,0.549643,-1.049740,1.050626,-1.050592,-0.800066,-0.000180
cmd,1.235000,12.735000,0.549816,-1.049740,1.050626,-1.050592,-0.800066,-0.000180
cmd,1.240000,12.740000,0.549939,-1.049740,1.050626,-1.050592,-0.800066,-0.000180
cmd,1.245000,12.745000,0.550013,-1.049740,1.050626,-1.050592,-0.800066,-0.000180
cmd,1.250000,12.750000,0.550037,-1.049740,1.050626,-1.050592,-0.800066,-0.000180
cmd,1.255000,12.755000,0.550013,-1.049740,1.050626,-1.050592,-0.800066,-0.000180
cmd,1.260000,12.760000,0.549939,-1.049740,1.050626,-1.050592,-0.800066,-0.000180
cmd,1.265000,12.765000,0.549816,-1.049740,1.050626,-1.050592,-0.800066,-0.000180
cmd,1.270000,12.770000,0.549643,-1.049740,1.050626,-1.050592,-0.800066,-0.000180
cmd,1.275000,12.775000,0.549422,-1.049740,1.050626,-1.050592,-0.800066,-0.000180
cmd,1.280000,12.780000,0.549152,-1.049740,1.050626,-1.050592,-0.800066,-0.000180
cmd,1.285000,12.785000,0.548833,-1.049740,1.050626,-1.050592,-0.800066,-0.000180
cmd,1.290000,12.790000,0.548467,-1.049740,1.050626,-1.050592,-0.800066,-0.000180
cmd,1.295000,12.795000,0.548052,-1.049740,1.050626,-1.050592,-0.800066,-0.000180
cmd,1.300000,12.800000,0.547590,-1.049740,1.050626,-1.050592,-0.800066,-0.000180
cmd,1.305000,12.805000,0.547081,-1.049740,1.050626,-1.050592,-0.800066,-0.000180
cmd,1.310000,12.810000,0.546526,-1.049740,1.050626,-1.050592,-0.800066,-0.000180
cmd,1.315000,12.815000,0.545925,-1.049740,1.050626,-1.050592,-0.800066,-0.000180
cmd,1.320000,12.820000,0.545279,-1.049740,1.050626,-1.050592,-0.800066,-0.000180
cmd,1.325000,12.825000,0.544588,-1.049740,1.050626,-1.050592,-0.800066,-0.000180
cmd,1.330000,12.830000,0.543853,-1.049740,1.050626,-1.050592,-0.800066,-0.000180
cmd,1.335000,12.835000,0.543075,-1.049740,1.050626,-1.050592,-0.800066,-0.000180
cmd,1.340000,12.840000,0.542254,-1.049740,1.050626,-1.050592,-0.800066,-0.000180
cmd,1.345000,12.845000,0.541391,-1.049740,1.050626,-1.050592,-0.800066,-0.000180
cmd,1.350000,12.850000,0.540488,-1.049740,1.050626,-1.050592,-0.800066,-0.000180
cmd,1.355000,12.855000,0.539545,-1.049740,1.050626,-1.050592,-0.800066,-0.000180
cmd,1.360000,12.860000,0.538563,-1.049740,1.050626,-1.050592,-0.800066,-0.000180
cmd,1.365000,12.865000,0.537543,-1.049740,1.050626,-1.050592,-0.800066,-0.000180
cmd,1.370000,12.870000,0.536486,-1.049740,1.050626,-1.050592,-0.800066,-0.000180
cmd,1.375000,12.875000,0.535393,-1.049740,1.050626,-1.050592,-0.800066,-0.000180
cmd,1.380000,12.880000,0.534265,-1.049740,1.050626,-1.050592,-0.800066,-0.000180
cmd,1.385000,12.885000,0.533103,-1.049740,1.050626,-1.050592,-0.800066,-0.000180
cmd,1.390000,12.890000,0.531909,-1.049740,1.050626,-1.050592,-0.800066,-0.000180
cmd,1.395000,12.895000,0.530683,-1.049740,1.050626,-1.050592,-0.800066,-0.000180
cmd,1.400000,12.900000,0.529427,-1.049740,1.050626,-1.050592,-0.800066,-0.000180
cmd,1.405000,12.905000,0.528142,-1.049740,1.050626,-1.050592,-0.800066,-0.000180
cmd,1.410000,12.910000,0.526829,-1.049740,1.050626,-1.050592,-0.800066,-0.000180
cmd,1.415000,12.915000,0.525490,-1.049740,1.050626,-1.050592,-0.800066,-0.000180
cmd,1.420000,12.920000,0.524125,-1.049740,1.050626,-1.050592,-0.800066,-0.000180
cmd,1.425000,12.925000,0.522737,-1.049740,1.050626,-1.050592,-0.800066,-0.000180
cmd,1.430000,12.930000,0.521326,-1.049740,1.050626,-1.050592,-0.800066,-0.000180
cmd,1.435000,12.935000,0.519895,-1.049740,1.050626,-1.050592,-0.800066,-0.000180
cmd,1.440000,12.940000,0.518444,-1.049740,1.050626,-1.050592,-0.800066,-0.000180
cmd,1.445000,12.945000,0.516974,-1.049740,1.050626,-1.050592,-0.800066,-0.000180
cmd,1.450000,12.950000,0.515488,-1.049740,1.050626,-1.050592,-0.800066,-0.000180
cmd,1.455000,12.955000,0.513987,-1.049740,1.050626,-1.050592,-0.800066,-0.000180
cmd,1.460000,12.960000,0.512472,-1.049740,1.050626,-1.050592,-0.800066,-0.000180
cmd,1.465000,12.965000,0.510945,-1.049740,1.050626,-1.050592,-0.800066,-0.000180
cmd,1.470000,12.970000,0.509407,-1.049740,1.050626,-1.050592,-0.800066,-0.000180
cmd,1.475000,12.975000,0.507859,-1.049740,1.050626,-1.050592,-0.800066,-0.000180
cmd,1.480000,12.980000,0.506304,-1.049740,1.050626,-1.050592,-0.800066,-0.000180
cmd,1.485000,12.985000,0.504743,-1.049740,1.050626,-1.050592,-0.800066,-0.000180
cmd,1.490000,12.990000,0.503177,-1.049740,1.050626,-1.050592,-0.800066,-0.000180
cmd,1.495000,12.995000,0.501608,-1.049740,1.050626,-1.050592,-0.800066,-0.000180
cmd,1.500000,13.000000,0.500037,-1.049740,1.050626,-1.050592,-0.800066,-0.000180
cmd,1.505000,13.005000,0.498467,-1.049740,1.050626,-1.050592,-0.800066,-0.000180
cmd,1.510000,13.010000,0.496898,-1.049740,1.050626,-1.050592,-0.800066,-0.000180
cmd,1.515000,13.015000,0.495332,-1.049740,1.050626,-1.050592,-0.800066,-0.000180
cmd,1.520000,13.020000,0.493771,-1.049740,1.050626,-1.050592,-0.800066,-0.000180
cmd,1.525000,13.025000,0.492216,-1.049740,1.050626,-1.050592,-0.800066,-0.000180
cmd,1.530000,13.030000,0.490668,-1.049740,1.050626,-1.050592,-0.800066,-0.000180
cmd,1.535000,13.035000,0.489130,-1.049740,1.050626,-1.050592,-0.800066,-0.000180
cmd,1.540000,13.040000,0.487603,-1.049740,1.050626,-1.050592,-0.800066,-0.000180
cmd,1.545000,13.045000,0.486088,-1.049740,1.050626,-1.050592,-0.800066,-0.000180
cmd,1.550000,13.050000,0.484587,-1.049740,1.050626,-1.050592,-0.800066,-0.000180
cmd,1.555000,13.055000,0.483101,-1.049740,1.050626,-1.050592,-0.800066,-0.000180
cmd,1.560000,13.060000,0.481631,-1.049740,1.050626,-1.050592,-0.800066,-0.000180
cmd,1.565000,13.065000,0.480180,-1.049740,1.050626,-1.050592,-0.800066,-0.000180
cmd,1.570000,13.070000,0.478748,-1.049740,1.050626,-1.050592,-0.800066,-0.000180
cmd,1.575000,13.075000,0.477338,-1.049740,1.050626,-1.050592,-0.800066,-0.000180
cmd,1.580000,13.080000,0.475950,-1.049740,1.050626,-1.050592,-0.800066,-0.000180
cmd,1.585000,13.085000,0.474585,-1.049740,1.050626,-1.050592,-0.800066,-0.000180
cmd,1.590000,13.090000,0.473246,-1.049740,1.050626,-1.050592,-0.800066,-0.000180
cmd,1.595000,13.095000,0.471933,-1.049740,1.050626,-1.050592,-0.800066,-0.000180
cmd,1.600000,13.100000,0.470648,-1.049740,1.050626,-1.050592,-0.800066,-0.000180
cmd,1.605000,13.105000,0.469392,-1.049740,1.050626,-1.050592,-0.800066,-0.000180
cmd,1.610000,13.110000,0.468166,-1.049740,1.050626,-1.050592,-0.800066,-0.000180
cmd,1.615000,13.115000,0.466972,-1.049740,1.050626,-1.050592,-0.800066,-0.000180
cmd,1.620000,13.120000,0.465810,-1.049740,1.050626,-1.050592,-0.800066,-0.000180
cmd,1.625000,13.125000,0.464682,-1.049740,1.050626,-1.050592,-0.800066,-0.000180
cmd,1.630000,13.130000,0.463589,-1.049740,1.050626,-1.050592,-0.800066,-0.000180
cmd,1.635000,13.135000,0.462532,-1.049740,1.050626,-1.050592,-0.800066,-0.000180
cmd,1.640000,13.140000,0.461512,-1.049740,1.050626,-1.050592,-0.800066,-0.000180
cmd,1.645000,13.145000,0.460530,-1.049740,1.050626,-1.050592,-0.800066,-0.000180
cmd,1.650000,13.150000,0.459587,-1.049740,1.050626,-1.050592,-0.800066,-0.000180
cmd,1.655000,13.155000,0.458683,-1.049740,1.050626,-1.050592,-0.800066,-0.000180
cmd,1.660000,13.160000,0.457821,-1.049740,1.050626,-1.050592,-0.800066,-0.000180
cmd,1.665000,13.165000,0.457000,-1.049740,1.050626,-1.050592,-0.800066,-0.000180
cmd,1.670000,13.170000,0.456222,-1.049740,1.050626,-1.050592,-0.800066,-0.000180
cmd,1.675000,13.175000,0.455487,-1.049740,1.050626,-1.050592,-0.800066,-0.000180
cmd,1.680000,13.180000,0.454796,-1.049740,1.050626,-1.050592,-0.800066,-0.000180
cmd,1.685000,13.185000,0.454150,-1.049740,1.050626,-1.050592,-0.800066,-0.000180
cmd,1.690000,13.190000,0.453549,-1.049740,1.050626,-1.050592,-0.800066,-0.000180
cmd,1.695000,13.195000,0.452993,-1.049740,1.050626,-1.050592,-0.800066,-0.000180
cmd,1.700000,13.200000,0.452485,-1.049740,1.050626,-1.050592,-0.800066,-0.000180
cmd,1.705000,13.205000,0.452023,-1.049740,1.050626,-1.050592,-0.800066,-0.000180
cmd,1.710000,13.210000,0.451608,-1.049740,1.050626,-1.050592,-0.800066,-0.000180
cmd,1.715000,13.215000,0.451242,-1.049740,1.050626,-1.050592,-0.800066,-0.000180
cmd,1.720000,13.220000,0.450923,-1.049740,1.050626,-1.050592,-0.800066,-0.000180
cmd,1.725000,13.225000,0.450653,-1.049740,1.050626,-1.050592,-0.800066,-0.000180
cmd,1.730000,13.230000,0.450432,-1.049740,1.050626,-1.050592,-0.800066,-0.000180
cmd,1.735000,13.235000,0.450259,-1.049740,1.050626,-1.050592,-0.800066,-0.000180
cmd,1.740000,13.240000,0.450136,-1.049740,1.050626,-1.050592,-0.800066,-0.000180
cmd,1.745000,13.245000,0.450062,-1.049740,1.050626,-1.050592,-0.800066,-0.000180
cmd,1.750000,13.250000,0.450037,-1.049740,1.050626,-1.050592,-0.800066,-0.000180
cmd,1.755000,13.255000,0.450062,-1.049740,1.050626,-1.050592,-0.800066,-0.000180
cmd,1.760000,13.260000,0.450136,-1.049740,1.050626,-1.050592,-0.800066,-0.000180
cmd,1.765000,13.265000,0.450259,-1.049740,1.050626,-1.050592,-0.800066,-0.000180
cmd,1.770000,13.270000,0.450432,-1.049740,1.050626,-1.050592,-0.800066,-0.000180
cmd,1.775000,13.275000,0.450653,-1.049740,1.050626,-1.050592,-0.800066,-0.000180
cmd,1.780000,13.280000,0.450923,-1.049740,1.050626,-1.050592,-0.800066,-0.000180
cmd,1.785000,13.285000,0.451242,-1.049740,1.050626,-1.050592,-0.800066,-0.000180
cmd,1.790000,13.290000,0.451608,-1.049740,1.050626,-1.050592,-0.800066,-0.000180
cmd,1.795000,13.295000,0.452023,-1.049740,1.050626,-1.050592,-0.800066,-0.000180
cmd,1.800000,13.300000,0.452485,-1.049740,1.050626,-1.050592,-0.800066,-0.000180
cmd,1.805000,13.305000,0.452993,-1.049740,1.050626,-1.050592,-0.800066,-0.000180
cmd,1.810000,13.310000,0.453549,-1.049740,1.050626,-1.050592,-0.800066,-0.000180
cmd,1.815000,13.315000,0.454150,-1.049740,1.050626,-1.050592,-0.800066,-0.000180
cmd,1.820000,13.320000,0.454796,-1.049740,1.050626,-1.050592,-0.800066,-0.000180
cmd,1.825000,13.325000,0.455487,-1.049740,1.050626,-1.050592,-0.800066,-0.000180
cmd,1.830000,13.330000,0.456222,-1.049740,1.050626,-1.050592,-0.800066,-0.000180
cmd,1.835000,13.335000,0.457000,-1.049740,1.050626,-1.050592,-0.800066,-0.000180
cmd,1.840000,13.340000,0.457821,-1.049740,1.050626,-1.050592,-0.800066,-0.000180
cmd,1.845000,13.345000,0.458683,-1.049740,1.050626,-1.050592,-0.800066,-0.000180
cmd,1.850000,13.350000,0.459587,-1.049740,1.050626,-1.050592,-0.800066,-0.000180
cmd,1.855000,13.355000,0.460530,-1.049740,1.050626,-1.050592,-0.800066,-0.000180
cmd,1.860000,13.360000,0.461512,-1.049740,1.050626,-1.050592,-0.800066,-0.000180
cmd,1.865000,13.365000,0.462532,-1.049740,1.050626,-1.050592,-0.800066,-0.000180
cmd,1.870000,13.370000,0.463589,-1.049740,1.050626,-1.050592,-0.800066,-0.000180
cmd,1.875000,13.375000,0.464682,-1.049740,1.050626,-1.050592,-0.800066,-0.000180
cmd,1.880000,13.380000,0.465810,-1.049740,1.050626,-1.050592,-0.800066,-0.000180
cmd,1.885000,13.385000,0.466972,-1.049740,1.050626,-1.050592,-0.800066,-0.000180
cmd,1.890000,13.390000,0.468166,-1.049740,1.050626,-1.050592,-0.800066,-0.000180
cmd,1.895000,13.395000,0.469392,-1.049740,1.050626,-1.050592,-0.800066,-0.000180
cmd,1.900000,13.400000,0.470648,-1.049740,1.050626,-1.050592,-0.800066,-0.000180
cmd,1.905000,13.405000,0.471933,-1.049740,1.050626,-1.050592,-0.800066,-0.000180
cmd,1.910000,13.410000,0.473246,-1.049740,1.050626,-1.050592,-0.800066,-0.000180
cmd,1.915000,13.415000,0.474585,-1.049740,1.050626,-1.050592,-0.800066,-0.000180
cmd,1.920000,13.420000,0.475950,-1.049740,1.050626,-1.050592,-0.800066,-0.000180
cmd,1.925000,13.425000,0.477338,-1.049740,1.050626,-1.050592,-0.800066,-0.000180
cmd,1.930000,13.430000,0.478748,-1.049740,1.050626,-1.050592,-0.800066,-0.000180
cmd,1.935000,13.435000,0.480180,-1.049740,1.050626,-1.050592,-0.800066,-0.000180
cmd,1.940000,13.440000,0.481631,-1.049740,1.050626,-1.050592,-0.800066,-0.000180
cmd,1.945000,13.445000,0.483101,-1.049740,1.050626,-1.050592,-0.800066,-0.000180
cmd,1.950000,13.450000,0.484587,-1.049740,1.050626,-1.050592,-0.800066,-0.000180
cmd,1.955000,13.455000,0.486088,-1.049740,1.050626,-1.050592,-0.800066,-0.000180
cmd,1.960000,13.460000,0.487603,-1.049740,1.050626,-1.050592,-0.800066,-0.000180
cmd,1.965000,13.465000,0.489130,-1.049740,1.050626,-1.050592,-0.800066,-0.000180
cmd,1.970000,13.470000,0.490668,-1.049740,1.050626,-1.050592,-0.800066,-0.000180
cmd,1.975000,13.475000,0.492216,-1.049740,1.050626,-1.050592,-0.800066,-0.000180
cmd,1.980000,13.480000,0.493771,-1.049740,1.050626,-1.050592,-0.800066,-0.000180
cmd,1.985000,13.485000,0.495332,-1.049740,1.050626,-1.050592,-0.800066,-0.000180
cmd,1.990000,13.490000,0.496898,-1.049740,1.050626,-1.050592,-0.800066,-0.000180
cmd,1.995000,13.495000,0.498467,-1.049740,1.050626,-1.050592,-0.800066,-0.000180
cmd,2.000000,13.500000,0.500037,-1.049740,1.050626,-1.050592,-0.800066,-0.000180
cmd,2.005000,13.505000,0.501608,-1.049740,1.050626,-1.050592,-0.800066,-0.000180
cmd,2.010000,13.510000,0.503177,-1.049740,1.050626,-1.050592,-0.800066,-0.000180
cmd,2.015000,13.515000,0.504743,-1.049740,1.050626,-1.050592,-0.800066,-0.000180
cmd,2.020000,13.520000,0.506304,-1.049740,1.050626,-1.050592,-0.800066,-0.000180
cmd,2.025000,13.525000,0.507859,-1.049740,1.050626,-1.050592,-0.800066,-0.000180
cmd,2.030000,13.530000,0.509407,-1.049740,1.050626,-1.050592,-0.800066,-0.000180
cmd,2.035000,13.535000,0.510945,-1.049740,1.050626,-1.050592,-0.800066,-0.000180
cmd,2.040000,13.540000,0.512472,-1.049740,1.050626,-1.050592,-0.800066,-0.000180
cmd,2.045000,13.545000,0.513987,-1.049740,1.050626,-1.050592,-0.800066,-0.000180
cmd,2.050000,13.550000,0.515488,-1.049740,1.050626,-1.050592,-0.800066,-0.000180
cmd,2.055000,13.555000,0.516974,-1.049740,1.050626,-1.050592,-0.800066,-0.000180
cmd,2.060000,13.560000,0.518444,-1.049740,1.050626,-1.050592,-0.800066,-0.000180
cmd,2.065000,13.565000,0.519895,-1.049740,1.050626,-1.050592,-0.800066,-0.000180
cmd,2.070000,13.570000,0.521326,-1.049740,1.050626,-1.050592,-0.800066,-0.000180
cmd,2.075000,13.575000,0.522737,-1.049740,1.050626,-1.050592,-0.800066,-0.000180
cmd,2.080000,13.580000,0.524125,-1.049740,1.050626,-1.050592,-0.800066,-0.000180
cmd,2.085000,13.585000,0.525490,-1.049740,1.050626,-1.050592,-0.800066,-0.000180
cmd,2.090000,13.590000,0.526829,-1.049740,1.050626,-1.050592,-0.800066,-0.000180
cmd,2.095000,13.595000,0.528142,-1.049740,1.050626,-1.050592,-0.800066,-0.000180
cmd,2.100000,13.600000,0.529427,-1.049740,1.050626,-1.050592,-0.800066,-0.000180
cmd,2.105000,13.605000,0.530683,-1.049740,1.050626,-1.050592,-0.800066,-0.000180
cmd,2.110000,13.610000,0.531909,-1.049740,1.050626,-1.050592,-0.800066,-0.000180
cmd,2.115000,13.615000,0.533103,-1.049740,1.050626,-1.050592,-0.800066,-0.000180
cmd,2.120000,13.620000,0.534265,-1.049740,1.050626,-1.050592,-0.800066,-0.000180
cmd,2.125000,13.625000,0.535393,-1.049740,1.050626,-1.050592,-0.800066,-0.000180
cmd,2.130000,13.630000,0.536486,-1.049740,1.050626,-1.050592,-0.800066,-0.000180
cmd,2.135000,13.635000,0.537543,-1.049740,1.050626,-1.050592,-0.800066,-0.000180
cmd,2.140000,13.640000,0.538563,-1.049740,1.050626,-1.050592,-0.800066,-0.000180
cmd,2.145000,13.645000,0.539545,-1.049740,1.050626,-1.050592,-0.800066,-0.000180
cmd,2.150000,13.650000,0.540488,-1.049740,1.050626,-1.050592,-0.800066,-0.000180
cmd,2.155000,13.655000,0.541391,-1.049740,1.050626,-1.050592,-0.800066,-0.000180
cmd,2.160000,13.660000,0.542254,-1.049740,1.050626,-1.050592,-0.800066,-0.000180
cmd,2.165000,13.665000,0.543075,-1.049740,1.050626,-1.050592,-0.800066,-0.000180
cmd,2.170000,13.670000,0.543853,-1.049740,1.050626,-1.050592,-0.800066,-0.000180
cmd,2.175000,13.675000,0.544588,-1.049740,1.050626,-1.050592,-0.800066,-0.000180
cmd,2.180000,13.680000,0.545279,-1.049740,1.050626,-1.050592,-0.800066,-0.000180
cmd,2.185000,13.685000,0.545925,-1.049740,1.050626,-1.050592,-0.800066,-0.000180
cmd,2.190000,13.690000,0.546526,-1.049740,1.050626,-1.050592,-0.800066,-0.000180
cmd,2.195000,13.695000,0.547081,-1.049740,1.050626,-1.050592,-0.800066,-0.000180
cmd,2.200000,13.700000,0.547590,-1.049740,1.050626,-1.050592,-0.800066,-0.000180
cmd,2.205000,13.705000,0.548052,-1.049740,1.050626,-1.050592,-0.800066,-0.000180
cmd,2.210000,13.710000,0.548467,-1.049740,1.050626,-1.050592,-0.800066,-0.000180
cmd,2.215000,13.715000,0.548833,-1.049740,1.050626,-1.050592,-0.800066,-0.000180
cmd,2.220000,13.720000,0.549152,-1.049740,1.050626,-1.050592,-0.800066,-0.000180
cmd,2.225000,13.725000,0.549422,-1.049740,1.050626,-1.050592,-0.800066,-0.000180
cmd,2.230000,13.730000,0.549643,-1.049740,1.050626,-1.050592,-0.800066,-0.000180
cmd,2.235000,13.735000,0.549816,-1.049740,1.050626,-1.050592,-0.800066,-0.000180
cmd,2.240000,13.740000,0.549939,-1.049740,1.050626,-1.050592,-0.800066,-0.000180
cmd,2.245000,13.745000,0.550013,-1.049740,1.050626,-1.050592,-0.800066,-0.000180
cmd,2.250000,13.750000,0.550037,-1.049740,1.050626,-1.050592,-0.800066,-0.000180
cmd,2.255000,13.755000,0.550013,-1.049740,1.050626,-1.050592,-0.800066,-0.000180
cmd,2.260000,13.760000,0.549939,-1.049740,1.050626,-1.050592,-0.800066,-0.000180
cmd,2.265000,13.765000,0.549816,-1.049740,1.050626,-1.050592,-0.800066,-0.000180
cmd,2.270000,13.770000,0.549643,-1.049740,1.050626,-1.050592,-0.800066,-0.000180
cmd,2.275000,13.775000,0.549422,-1.049740,1.050626,-1.050592,-0.800066,-0.000180
cmd,2.280000,13.780000,0.549152,-1.049740,1.050626,-1.050592,-0.800066,-0.000180
cmd,2.285000,13.785000,0.548833,-1.049740,1.050626,-1.050592,-0.800066,-0.000180
cmd,2.290000,13.790000,0.548467,-1.049740,1.050626,-1.050592,-0.800066,-0.000180
cmd,2.295000,13.795000,0.548052,-1.049740,1.050626,-1.050592,-0.800066,-0.000180
cmd,2.300000,13.800000,0.547590,-1.049740,1.050626,-1.050592,-0.800066,-0.000180
cmd,2.305000,13.805000,0.547081,-1.049740,1.050626,-1.050592,-0.800066,-0.000180
cmd,2.310000,13.810000,0.546526,-1.049740,1.050626,-1.050592,-0.800066,-0.000180
cmd,2.315000,13.815000,0.545925,-1.049740,1.050626,-1.050592,-0.800066,-0.000180
cmd,2.320000,13.820000,0.545279,-1.049740,1.050626,-1.050592,-0.800066,-0.000180
cmd,2.325000,13.825000,0.544588,-1.049740,1.050626,-1.050592,-0.800066,-0.000180
cmd,2.330000,13.830000,0.543853,-1.049740,1.050626,-1.050592,-0.800066,-0.000180
cmd,2.335000,13.835000,0.543075,-1.049740,1.050626,-1.050592,-0.800066,-0.000180
cmd,2.340000,13.840000,0.542254,-1.049740,1.050626,-1.050592,-0.800066,-0.000180
cmd,2.345000,13.845000,0.541391,-1.049740,1.050626,-1.050592,-0.800066,-0.000180
cmd,2.350000,13.850000,0.540488,-1.049740,1.050626,-1.050592,-0.800066,-0.000180
cmd,2.355000,13.855000,0.539545,-1.049740,1.050626,-1.050592,-0.800066,-0.000180
cmd,2.360000,13.860000,0.538563,-1.049740,1.050626,-1.050592,-0.800066,-0.000180
cmd,2.365000,13.865000,0.537543,-1.049740,1.050626,-1.050592,-0.800066,-0.000180
cmd,2.370000,13.870000,0.536486,-1.049740,1.050626,-1.050592,-0.800066,-0.000180
cmd,2.375000,13.875000,0.535393,-1.049740,1.050626,-1.050592,-0.800066,-0.000180
cmd,2.380000,13.880000,0.534265,-1.049740,1.050626,-1.050592,-0.800066,-0.000180
cmd,2.385000,13.885000,0.533103,-1.049740,1.050626,-1.050592,-0.800066,-0.000180
cmd,2.390000,13.890000,0.531909,-1.049740,1.050626,-1.050592,-0.800066,-0.000180
cmd,2.395000,13.895000,0.530683,-1.049740,1.050626,-1.050592,-0.800066,-0.000180
cmd,2.400000,13.900000,0.529427,-1.049740,1.050626,-1.050592,-0.800066,-0.000180
cmd,2.405000,13.905000,0.528142,-1.049740,1.050626,-1.050592,-0.800066,-0.000180
cmd,2.410000,13.910000,0.526829,-1.049740,1.050626,-1.050592,-0.800066,-0.000180
cmd,2.415000,13.915000,0.525490,-1.049740,1.050626,-1.050592,-0.800066,-0.000180
cmd,2.420000,13.920000,0.524125,-1.049740,1.050626,-1.050592,-0.800066,-0.000180
cmd,2.425000,13.925000,0.522737,-1.049740,1.050626,-1.050592,-0.800066,-0.000180
cmd,2.430000,13.930000,0.521326,-1.049740,1.050626,-1.050592,-0.800066,-0.000180
cmd,2.435000,13.935000,0.519895,-1.049740,1.050626,-1.050592,-0.800066,-0.000180
cmd,2.440000,13.940000,0.518444,-1.049740,1.050626,-1.050592,-0.800066,-0.000180
cmd,2.445000,13.945000,0.516974,-1.049740,1.050626,-1.050592,-0.800066,-0.000180
cmd,2.450000,13.950000,0.515488,-1.049740,1.050626,-1.050592,-0.800066,-0.000180
cmd,2.455000,13.955000,0.513987,-1.049740,1.050626,-1.050592,-0.800066,-0.000180
cmd,2.460000,13.960000,0.512472,-1.049740,1.050626,-1.050592,-0.800066,-0.000180
cmd,2.465000,13.965000,0.510945,-1.049740,1.050626,-1.050592,-0.800066,-0.000180
cmd,2.470000,13.970000,0.509407,-1.049740,1.050626,-1.050592,-0.800066,-0.000180
cmd,2.475000,13.975000,0.507859,-1.049740,1.050626,-1.050592,-0.800066,-0.000180
cmd,2.480000,13.980000,0.506304,-1.049740,1.050626,-1.050592,-0.800066,-0.000180
cmd,2.485000,13.985000,0.504743,-1.049740,1.050626,-1.050592,-0.800066,-0.000180
cmd,2.490000,13.990000,0.503177,-1.049740,1.050626,-1.050592,-0.800066,-0.000180
cmd,2.495000,13.995000,0.501608,-1.049740,1.050626,-1.050592,-0.800066,-0.000180
cmd,2.500000,14.000000,0.500037,-1.049740,1.050626,-1.050592,-0.800066,-0.000180
cmd,2.505000,14.005000,0.498467,-1.049740,1.050626,-1.050592,-0.800066,-0.000180
cmd,2.510000,14.010000,0.496898,-1.049740,1.050626,-1.050592,-0.800066,-0.000180
cmd,2.515000,14.015000,0.495332,-1.049740,1.050626,-1.050592,-0.800066,-0.000180
cmd,2.520000,14.020000,0.493771,-1.049740,1.050626,-1.050592,-0.800066,-0.000180
cmd,2.525000,14.025000,0.492216,-1.049740,1.050626,-1.050592,-0.800066,-0.000180
cmd,2.530000,14.030000,0.490668,-1.049740,1.050626,-1.050592,-0.800066,-0.000180
cmd,2.535000,14.035000,0.489130,-1.049740,1.050626,-1.050592,-0.800066,-0.000180
cmd,2.540000,14.040000,0.487603,-1.049740,1.050626,-1.050592,-0.800066,-0.000180
cmd,2.545000,14.045000,0.486088,-1.049740,1.050626,-1.050592,-0.800066,-0.000180
cmd,2.550000,14.050000,0.484587,-1.049740,1.050626,-1.050592,-0.800066,-0.000180
cmd,2.555000,14.055000,0.483101,-1.049740,1.050626,-1.050592,-0.800066,-0.000180
cmd,2.560000,14.060000,0.481631,-1.049740,1.050626,-1.050592,-0.800066,-0.000180
cmd,2.565000,14.065000,0.480180,-1.049740,1.050626,-1.050592,-0.800066,-0.000180
cmd,2.570000,14.070000,0.478748,-1.049740,1.050626,-1.050592,-0.800066,-0.000180
cmd,2.575000,14.075000,0.477338,-1.049740,1.050626,-1.050592,-0.800066,-0.000180
cmd,2.580000,14.080000,0.475950,-1.049740,1.050626,-1.050592,-0.800066,-0.000180
cmd,2.585000,14.085000,0.474585,-1.049740,1.050626,-1.050592,-0.800066,-0.000180
cmd,2.590000,14.090000,0.473246,-1.049740,1.050626,-1.050592,-0.800066,-0.000180
cmd,2.595000,14.095000,0.471933,-1.049740,1.050626,-1.050592,-0.800066,-0.000180
cmd,2.600000,14.100000,0.470648,-1.049740,1.050626,-1.050592,-0.800066,-0.000180
cmd,2.605000,14.105000,0.469392,-1.049740,1.050626,-1.050592,-0.800066,-0.000180
cmd,2.610000,14.110000,0.468166,-1.049740,1.050626,-1.050592,-0.800066,-0.000180
cmd,2.615000,14.115000,0.466972,-1.049740,1.050626,-1.050592,-0.800066,-0.000180
cmd,2.620000,14.120000,0.465810,-1.049740,1.050626,-1.050592,-0.800066,-0.000180
cmd,2.625000,14.125000,0.464682,-1.049740,1.050626,-1.050592,-0.800066,-0.000180
cmd,2.630000,14.130000,0.463589,-1.049740,1.050626,-1.050592,-0.800066,-0.000180
cmd,2.635000,14.135000,0.462532,-1.049740,1.050626,-1.050592,-0.800066,-0.000180
cmd,2.640000,14.140000,0.461512,-1.049740,1.050626,-1.050592,-0.800066,-0.000180
cmd,2.645000,14.145000,0.460530,-1.049740,1.050626,-1.050592,-0.800066,-0.000180
cmd,2.650000,14.150000,0.459587,-1.049740,1.050626,-1.050592,-0.800066,-0.000180
cmd,2.655000,14.155000,0.458683,-1.049740,1.050626,-1.050592,-0.800066,-0.000180
cmd,2.660000,14.160000,0.457821,-1.049740,1.050626,-1.050592,-0.800066,-0.000180
cmd,2.665000,14.165000,0.457000,-1.049740,1.050626,-1.050592,-0.800066,-0.000180
cmd,2.670000,14.170000,0.456222,-1.049740,1.050626,-1.050592,-0.800066,-0.000180
cmd,2.675000,14.175000,0.455487,-1.049740,1.050626,-1.050592,-0.800066,-0.000180
cmd,2.680000,14.180000,0.454796,-1.049740,1.050626,-1.050592,-0.800066,-0.000180
cmd,2.685000,14.185000,0.454150,-1.049740,1.050626,-1.050592,-0.800066,-0.000180
cmd,2.690000,14.190000,0.453549,-1.049740,1.050626,-1.050592,-0.800066,-0.000180
cmd,2.695000,14.195000,0.452993,-1.049740,1.050626,-1.050592,-0.800066,-0.000180
cmd,2.700000,14.200000,0.452485,-1.049740,1.050626,-1.050592,-0.800066,-0.000180
cmd,2.705000,14.205000,0.452023,-1.049740,1.050626,-1.050592,-0.800066,-0.000180
cmd,2.710000,14.210000,0.451608,-1.049740,1.050626,-1.050592,-0.800066,-0.000180
cmd,2.715000,14.215000,0.451242,-1.049740,1.050626,-1.050592,-0.800066,-0.000180
cmd,2.720000,14.220000,0.450923,-1.049740,1.050626,-1.050592,-0.800066,-0.000180
cmd,2.725000,14.225000,0.450653,-1.049740,1.050626,-1.050592,-0.800066,-0.000180
cmd,2.730000,14.230000,0.450432,-1.049740,1.050626,-1.050592,-0.800066,-0.000180
cmd,2.735000,14.235000,0.450259,-1.049740,1.050626,-1.050592,-0.800066,-0.000180
cmd,2.740000,14.240000,0.450136,-1.049740,1.050626,-1.050592,-0.800066,-0.000180
cmd,2.745000,14.245000,0.450062,-1.049740,1.050626,-1.050592,-0.800066,-0.000180
cmd,2.750000,14.250000,0.450037,-1.049740,1.050626,-1.050592,-0.800066,-0.000180
cmd,2.755000,14.255000,0.450062,-1.049740,1.050626,-1.050592,-0.800066,-0.000180
cmd,2.760000,14.260000,0.450136,-1.049740,1.050626,-1.050592,-0.800066,-0.000180
cmd,2.765000,14.265000,0.450259,-1.049740,1.050626,-1.050592,-0.800066,-0.000180
cmd,2.770000,14.270000,0.450432,-1.049740,1.050626,-1.050592,-0.800066,-0.000180
cmd,2.775000,14.275000,0.450653,-1.049740,1.050626,-1.050592,-0.800066,-0.000180
cmd,2.780000,14.280000,0.450923,-1.049740,1.050626,-1.050592,-0.800066,-0.000180
cmd,2.785000,14.285000,0.451242,-1.049740,1.050626,-1.050592,-0.800066,-0.000180
cmd,2.790000,14.290000,0.451608,-1.049740,1.050626,-1.050592,-0.800066,-0.000180
cmd,2.795000,14.295000,0.452023,-1.049740,1.050626,-1.050592,-0.800066,-0.000180
cmd,2.800000,14.300000,0.452485,-1.049740,1.050626,-1.050592,-0.800066,-0.000180
cmd,2.805000,14.305000,0.452993,-1.049740,1.050626,-1.050592,-0.800066,-0.000180
cmd,2.810000,14.310000,0.453549,-1.049740,1.050626,-1.050592,-0.800066,-0.000180
cmd,2.815000,14.315000,0.454150,-1.049740,1.050626,-1.050592,-0.800066,-0.000180
cmd,2.820000,14.320000,0.454796,-1.049740,1.050626,-1.050592,-0.800066,-0.000180
cmd,2.825000,14.325000,0.455487,-1.049740,1.050626,-1.050592,-0.800066,-0.000180
cmd,2.830000,14.330000,0.456222,-1.049740,1.050626,-1.050592,-0.800066,-0.000180
cmd,2.835000,14.335000,0.457000,-1.049740,1.050626,-1.050592,-0.800066,-0.000180
cmd,2.840000,14.340000,0.457821,-1.049740,1.050626,-1.050592,-0.800066,-0.000180
cmd,2.845000,14.345000,0.458683,-1.049740,1.050626,-1.050592,-0.800066,-0.000180
cmd,2.850000,14.350000,0.459587,-1.049740,1.050626,-1.050592,-0.800066,-0.000180
cmd,2.855000,14.355000,0.460530,-1.049740,1.050626,-1.050592,-0.800066,-0.000180
cmd,2.860000,14.360000,0.461512,-1.049740,1.050626,-1.050592,-0.800066,-0.000180
cmd,2.865000,14.365000,0.462532,-1.049740,1.050626,-1.050592,-0.800066,-0.000180
cmd,2.870000,14.370000,0.463589,-1.049740,1.050626,-1.050592,-0.800066,-0.000180
cmd,2.875000,14.375000,0.464682,-1.049740,1.050626,-1.050592,-0.800066,-0.000180
cmd,2.880000,14.380000,0.465810,-1.049740,1.050626,-1.050592,-0.800066,-0.000180
cmd,2.885000,14.385000,0.466972,-1.049740,1.050626,-1.050592,-0.800066,-0.000180
cmd,2.890000,14.390000,0.468166,-1.049740,1.050626,-1.050592,-0.800066,-0.000180
cmd,2.895000,14.395000,0.469392,-1.049740,1.050626,-1.050592,-0.800066,-0.000180
cmd,2.900000,14.400000,0.470648,-1.049740,1.050626,-1.050592,-0.800066,-0.000180
cmd,2.905000,14.405000,0.471933,-1.049740,1.050626,-1.050592,-0.800066,-0.000180
cmd,2.910000,14.410000,0.473246,-1.049740,1.050626,-1.050592,-0.800066,-0.000180
cmd,2.915000,14.415000,0.474585,-1.049740,1.050626,-1.050592,-0.800066,-0.000180
cmd,2.920000,14.420000,0.475950,-1.049740,1.050626,-1.050592,-0.800066,-0.000180
cmd,2.925000,14.425000,0.477338,-1.049740,1.050626,-1.050592,-0.800066,-0.000180
cmd,2.930000,14.430000,0.478748,-1.049740,1.050626,-1.050592,-0.800066,-0.000180
cmd,2.935000,14.435000,0.480180,-1.049740,1.050626,-1.050592,-0.800066,-0.000180
cmd,2.940000,14.440000,0.481631,-1.049740,1.050626,-1.050592,-0.800066,-0.000180
cmd,2.945000,14.445000,0.483101,-1.049740,1.050626,-1.050592,-0.800066,-0.000180
cmd,2.950000,14.450000,0.484587,-1.049740,1.050626,-1.050592,-0.800066,-0.000180
cmd,2.955000,14.455000,0.486088,-1.049740,1.050626,-1.050592,-0.800066,-0.000180
cmd,2.960000,14.460000,0.487603,-1.049740,1.050626,-1.050592,-0.800066,-0.000180
cmd,2.965000,14.465000,0.489130,-1.049740,1.050626,-1.050592,-0.800066,-0.000180
cmd,2.970000,14.470000,0.490668,-1.049740,1.050626,-1.050592,-0.800066,-0.000180
cmd,2.975000,14.475000,0.492216,-1.049740,1.050626,-1.050592,-0.800066,-0.000180
cmd,2.980000,14.480000,0.493771,-1.049740,1.050626,-1.050592,-0.800066,-0.000180
cmd,2.985000,14.485000,0.495332,-1.049740,1.050626,-1.050592,-0.800066,-0.000180
cmd,2.990000,14.490000,0.496898,-1.049740,1.050626,-1.050592,-0.800066,-0.000180
cmd,2.995000,14.495000,0.498467,-1.049740,1.050626,-1.050592,-0.800066,-0.000180
cmd,3.000000,14.500000,0.500037,-1.049740,1.050626,-1.050592,-0.800066,-0.000180
cmd,3.005000,14.505000,0.501608,-1.049740,1.050626,-1.050592,-0.800066,-0.000180
cmd,3.010000,14.510000,0.503177,-1.049740,1.050626,-1.050592,-0.800066,-0.000180
cmd,3.015000,14.515000,0.504743,-1.049740,1.050626,-1.050592,-0.800066,-0.000180
cmd,3.020000,14.520000,0.506304,-1.049740,1.050626,-1.050592,-0.800066,-0.000180
cmd,3.025000,14.525000,0.507859,-1.049740,1.050626,-1.050592,-0.800066,-0.000180
cmd,3.030000,14.530000,0.509407,-1.049740,1.050626,-1.050592,-0.800066,-0.000180
cmd,3.035000,14.535000,0.510945,-1.049740,1.050626,-1.050592,-0.800066,-0.000180
cmd,3.040000,14.540000,0.512472,-1.049740,1.050626,-1.050592,-0.800066,-0.000180
cmd,3.045000,14.545000,0.513987,-1.049740,1.050626,-1.050592,-0.800066,-0.000180
cmd,3.050000,14.550000,0.515488,-1.049740,1.050626,-1.050592,-0.800066,-0.000180
cmd,3.055000,14.555000,0.516974,-1.049740,1.050626,-1.050592,-0.800066,-0.000180
cmd,3.060000,14.560000,0.518444,-1.049740,1.050626,-1.050592,-0.800066,-0.000180
cmd,3.065000,14.565000,0.519895,-1.049740,1.050626,-1.050592,-0.800066,-0.000180
cmd,3.070000,14.570000,0.521326,-1.049740,1.050626,-1.050592,-0.800066,-0.000180
cmd,3.075000,14.575000,0.522737,-1.049740,1.050626,-1.050592,-0.800066,-0.000180
cmd,3.080000,14.580000,0.524125,-1.049740,1.050626,-1.050592,-0.800066,-0.000180
cmd,3.085000,14.585000,0.525490,-1.049740,1.050626,-1.050592,-0.800066,-0.000180
cmd,3.090000,14.590000,0.526829,-1.049740,1.050626,-1.050592,-0.800066,-0.000180
cmd,3.095000,14.595000,0.528142,-1.049740,1.050626,-1.050592,-0.800066,-0.000180
cmd,3.100000,14.600000,0.529427,-1.049740,1.050626,-1.050592,-0.800066,-0.000180
cmd,3.105000,14.605000,0.530683,-1.049740,1.050626,-1.050592,-0.800066,-0.000180
cmd,3.110000,14.610000,0.531909,-1.049740,1.050626,-1.050592,-0.800066,-0.000180
cmd,3.115000,14.615000,0.533103,-1.049740,1.050626,-1.050592,-0.800066,-0.000180
cmd,3.120000,14.620000,0.534265,-1.049740,1.050626,-1.050592,-0.800066,-0.000180
cmd,3.125000,14.625000,0.535393,-1.049740,1.050626,-1.050592,-0.800066,-0.000180
cmd,3.130000,14.630000,0.536486,-1.049740,1.050626,-1.050592,-0.800066,-0.000180
cmd,3.135000,14.635000,0.537543,-1.049740,1.050626,-1.050592,-0.800066,-0.000180
cmd,3.140000,14.640000,0.538563,-1.049740,1.050626,-1.050592,-0.800066,-0.000180
cmd,3.145000,14.645000,0.539545,-1.049740,1.050626,-1.050592,-0.800066,-0.000180
cmd,3.150000,14.650000,0.540488,-1.049740,1.050626,-1.050592,-0.800066,-0.000180
cmd,3.155000,14.655000,0.541391,-1.049740,1.050626,-1.050592,-0.800066,-0.000180
cmd,3.160000,14.660000,0.542254,-1.049740,1.050626,-1.050592,-0.800066,-0.000180
cmd,3.165000,14.665000,0.543075,-1.049740,1.050626,-1.050592,-0.800066,-0.000180
cmd,3.170000,14.670000,0.543853,-1.049740,1.050626,-1.050592,-0.800066,-0.000180
cmd,3.175000,14.675000,0.544588,-1.049740,1.050626,-1.050592,-0.800066,-0.000180
cmd,3.180000,14.680000,0.545279,-1.049740,1.050626,-1.050592,-0.800066,-0.000180
cmd,3.185000,14.685000,0.545925,-1.049740,1.050626,-1.050592,-0.800066,-0.000180
cmd,3.190000,14.690000,0.546526,-1.049740,1.050626,-1.050592,-0.800066,-0.000180
cmd,3.195000,14.695000,0.547081,-1.049740,1.050626,-1.050592,-0.800066,-0.000180
cmd,3.200000,14.700000,0.547590,-1.049740,1.050626,-1.050592,-0.800066,-0.000180
cmd,3.205000,14.705000,0.548052,-1.049740,1.050626,-1.050592,-0.800066,-0.000180
cmd,3.210000,14.710000,0.548467,-1.049740,1.050626,-1.050592,-0.800066,-0.000180
cmd,3.215000,14.715000,0.548833,-1.049740,1.050626,-1.050592,-0.800066,-0.000180
cmd,3.220000,14.720000,0.549152,-1.049740,1.050626,-1.050592,-0.800066,-0.000180
cmd,3.225000,14.725000,0.549422,-1.049740,1.050626,-1.050592,-0.800066,-0.000180
cmd,3.230000,14.730000,0.549643,-1.049740,1.050626,-1.050592,-0.800066,-0.000180
cmd,3.235000,14.735000,0.549816,-1.049740,1.050626,-1.050592,-0.800066,-0.000180
cmd,3.240000,14.740000,0.549939,-1.049740,1.050626,-1.050592,-0.800066,-0.000180
cmd,3.245000,14.745000,0.550013,-1.049740,1.050626,-1.050592,-0.800066,-0.000180
cmd,3.250000,14.750000,0.550037,-1.049740,1.050626,-1.050592,-0.800066,-0.000180
cmd,3.255000,14.755000,0.550013,-1.049740,1.050626,-1.050592,-0.800066,-0.000180
cmd,3.260000,14.760000,0.549939,-1.049740,1.050626,-1.050592,-0.800066,-0.000180
cmd,3.265000,14.765000,0.549816,-1.049740,1.050626,-1.050592,-0.800066,-0.000180
cmd,3.270000,14.770000,0.549643,-1.049740,1.050626,-1.050592,-0.800066,-0.000180
cmd,3.275000,14.775000,0.549422,-1.049740,1.050626,-1.050592,-0.800066,-0.000180
cmd,3.280000,14.780000,0.549152,-1.049740,1.050626,-1.050592,-0.800066,-0.000180
cmd,3.285000,14.785000,0.548833,-1.049740,1.050626,-1.050592,-0.800066,-0.000180
cmd,3.290000,14.790000,0.548467,-1.049740,1.050626,-1.050592,-0.800066,-0.000180
cmd,3.295000,14.795000,0.548052,-1.049740,1.050626,-1.050592,-0.800066,-0.000180
cmd,3.300000,14.800000,0.547590,-1.049740,1.050626,-1.050592,-0.800066,-0.000180
cmd,3.305000,14.805000,0.547081,-1.049740,1.050626,-1.050592,-0.800066,-0.000180
cmd,3.310000,14.810000,0.546526,-1.049740,1.050626,-1.050592,-0.800066,-0.000180
cmd,3.315000,14.815000,0.545925,-1.049740,1.050626,-1.050592,-0.800066,-0.000180
cmd,3.320000,14.820000,0.545279,-1.049740,1.050626,-1.050592,-0.800066,-0.000180
cmd,3.325000,14.825000,0.544588,-1.049740,1.050626,-1.050592,-0.800066,-0.000180
cmd,3.330000,14.830000,0.543853,-1.049740,1.050626,-1.050592,-0.800066,-0.000180
cmd,3.335000,14.835000,0.543075,-1.049740,1.050626,-1.050592,-0.800066,-0.000180
cmd,3.340000,14.840000,0.542254,-1.049740,1.050626,-1.050592,-0.800066,-0.000180
cmd,3.345000,14.845000,0.541391,-1.049740,1.050626,-1.050592,-0.800066,-0.000180
cmd,3.350000,14.850000,0.540488,-1.049740,1.050626,-1.050592,-0.800066,-0.000180
cmd,3.355000,14.855000,0.539545,-1.049740,1.050626,-1.050592,-0.800066,-0.000180
cmd,3.360000,14.860000,0.538563,-1.049740,1.050626,-1.050592,-0.800066,-0.000180
cmd,3.365000,14.865000,0.537543,-1.049740,1.050626,-1.050592,-0.800066,-0.000180
cmd,3.370000,14.870000,0.536486,-1.049740,1.050626,-1.050592,-0.800066,-0.000180
cmd,3.375000,14.875000,0.535393,-1.049740,1.050626,-1.050592,-0.800066,-0.000180
cmd,3.380000,14.880000,0.534265,-1.049740,1.050626,-1.050592,-0.800066,-0.000180
cmd,3.385000,14.885000,0.533103,-1.049740,1.050626,-1.050592,-0.800066,-0.000180
cmd,3.390000,14.890000,0.531909,-1.049740,1.050626,-1.050592,-0.800066,-0.000180
cmd,3.395000,14.895000,0.530683,-1.049740,1.050626,-1.050592,-0.800066,-0.000180
cmd,3.400000,14.900000,0.529427,-1.049740,1.050626,-1.050592,-0.800066,-0.000180
cmd,3.405000,14.905000,0.528142,-1.049740,1.050626,-1.050592,-0.800066,-0.000180
cmd,3.410000,14.910000,0.526829,-1.049740,1.050626,-1.050592,-0.800066,-0.000180
cmd,3.415000,14.915000,0.525490,-1.049740,1.050626,-1.050592,-0.800066,-0.000180
cmd,3.420000,14.920000,0.524125,-1.049740,1.050626,-1.050592,-0.800066,-0.000180
cmd,3.425000,14.925000,0.522737,-1.049740,1.050626,-1.050592,-0.800066,-0.000180
cmd,3.430000,14.930000,0.521326,-1.049740,1.050626,-1.050592,-0.800066,-0.000180
cmd,3.435000,14.935000,0.519895,-1.049740,1.050626,-1.050592,-0.800066,-0.000180
cmd,3.440000,14.940000,0.518444,-1.049740,1.050626,-1.050592,-0.800066,-0.000180
cmd,3.445000,14.945000,0.516974,-1.049740,1.050626,-1.050592,-0.800066,-0.000180
cmd,3.450000,14.950000,0.515488,-1.049740,1.050626,-1.050592,-0.800066,-0.000180
cmd,3.455000,14.955000,0.513987,-1.049740,1.050626,-1.050592,-0.800066,-0.000180
cmd,3.460000,14.960000,0.512472,-1.049740,1.050626,-1.050592,-0.800066,-0.000180
cmd,3.465000,14.965000,0.510945,-1.049740,1.050626,-1.050592,-0.800066,-0.000180
cmd,3.470000,14.970000,0.509407,-1.049740,1.050626,-1.050592,-0.800066,-0.000180
cmd,3.475000,14.975000,0.507859,-1.049740,1.050626,-1.050592,-0.800066,-0.000180
cmd,3.480000,14.980000,0.506304,-1.049740,1.050626,-1.050592,-0.800066,-0.000180
cmd,3.485000,14.985000,0.504743,-1.049740,1.050626,-1.050592,-0.800066,-0.000180
cmd,3.490000,14.990000,0.503177,-1.049740,1.050626,-1.050592,-0.800066,-0.000180
cmd,3.495000,14.995000,0.501608,-1.049740,1.050626,-1.050592,-0.800066,-0.000180
cmd,3.500000,15.000000,0.500037,-1.049740,1.050626,-1.050592,-0.800066,-0.000180
cmd,3.505000,15.005000,0.498467,-1.049740,1.050626,-1.050592,-0.800066,-0.000180
cmd,3.510000,15.010000,0.496898,-1.049740,1.050626,-1.050592,-0.800066,-0.000180
cmd,3.515000,15.015000,0.495332,-1.049740,1.050626,-1.050592,-0.800066,-0.000180
cmd,3.520000,15.020000,0.493771,-1.049740,1.050626,-1.050592,-0.800066,-0.000180
cmd,3.525000,15.025000,0.492216,-1.049740,1.050626,-1.050592,-0.800066,-0.000180
cmd,3.530000,15.030000,0.490668,-1.049740,1.050626,-1.050592,-0.800066,-0.000180
cmd,3.535000,15.035000,0.489130,-1.049740,1.050626,-1.050592,-0.800066,-0.000180
cmd,3.540000,15.040000,0.487603,-1.049740,1.050626,-1.050592,-0.800066,-0.000180
cmd,3.545000,15.045000,0.486088,-1.049740,1.050626,-1.050592,-0.800066,-0.000180
cmd,3.550000,15.050000,0.484587,-1.049740,1.050626,-1.050592,-0.800066,-0.000180
cmd,3.555000,15.055000,0.483101,-1.049740,1.050626,-1.050592,-0.800066,-0.000180
cmd,3.560000,15.060000,0.481631,-1.049740,1.050626,-1.050592,-0.800066,-0.000180
cmd,3.565000,15.065000,0.480180,-1.049740,1.050626,-1.050592,-0.800066,-0.000180
cmd,3.570000,15.070000,0.478748,-1.049740,1.050626,-1.050592,-0.800066,-0.000180
cmd,3.575000,15.075000,0.477338,-1.049740,1.050626,-1.050592,-0.800066,-0.000180
cmd,3.580000,15.080000,0.475950,-1.049740,1.050626,-1.050592,-0.800066,-0.000180
cmd,3.585000,15.085000,0.474585,-1.049740,1.050626,-1.050592,-0.800066,-0.000180
cmd,3.590000,15.090000,0.473246,-1.049740,1.050626,-1.050592,-0.800066,-0.000180
cmd,3.595000,15.095000,0.471933,-1.049740,1.050626,-1.050592,-0.800066,-0.000180
cmd,3.600000,15.100000,0.470648,-1.049740,1.050626,-1.050592,-0.800066,-0.000180
cmd,3.605000,15.105000,0.469392,-1.049740,1.050626,-1.050592,-0.800066,-0.000180
cmd,3.610000,15.110000,0.468166,-1.049740,1.050626,-1.050592,-0.800066,-0.000180
cmd,3.615000,15.115000,0.466972,-1.049740,1.050626,-1.050592,-0.800066,-0.000180
cmd,3.620000,15.120000,0.465810,-1.049740,1.050626,-1.050592,-0.800066,-0.000180
cmd,3.625000,15.125000,0.464682,-1.049740,1.050626,-1.050592,-0.800066,-0.000180
cmd,3.630000,15.130000,0.463589,-1.049740,1.050626,-1.050592,-0.800066,-0.000180
cmd,3.635000,15.135000,0.462532,-1.049740,1.050626,-1.050592,-0.800066,-0.000180
cmd,3.640000,15.140000,0.461512,-1.049740,1.050626,-1.050592,-0.800066,-0.000180
cmd,3.645000,15.145000,0.460530,-1.049740,1.050626,-1.050592,-0.800066,-0.000180
cmd,3.650000,15.150000,0.459587,-1.049740,1.050626,-1.050592,-0.800066,-0.000180
cmd,3.655000,15.155000,0.458683,-1.049740,1.050626,-1.050592,-0.800066,-0.000180
cmd,3.660000,15.160000,0.457821,-1.049740,1.050626,-1.050592,-0.800066,-0.000180
cmd,3.665000,15.165000,0.457000,-1.049740,1.050626,-1.050592,-0.800066,-0.000180
cmd,3.670000,15.170000,0.456222,-1.049740,1.050626,-1.050592,-0.800066,-0.000180
cmd,3.675000,15.175000,0.455487,-1.049740,1.050626,-1.050592,-0.800066,-0.000180
cmd,3.680000,15.180000,0.454796,-1.049740,1.050626,-1.050592,-0.800066,-0.000180
cmd,3.685000,15.185000,0.454150,-1.049740,1.050626,-1.050592,-0.800066,-0.000180
cmd,3.690000,15.190000,0.453549,-1.049740,1.050626,-1.050592,-0.800066,-0.000180
cmd,3.695000,15.195000,0.452993,-1.049740,1.050626,-1.050592,-0.800066,-0.000180
cmd,3.700000,15.200000,0.452485,-1.049740,1.050626,-1.050592,-0.800066,-0.000180
cmd,3.705000,15.205000,0.452023,-1.049740,1.050626,-1.050592,-0.800066,-0.000180
cmd,3.710000,15.210000,0.451608,-1.049740,1.050626,-1.050592,-0.800066,-0.000180
cmd,3.715000,15.215000,0.451242,-1.049740,1.050626,-1.050592,-0.800066,-0.000180
cmd,3.720000,15.220000,0.450923,-1.049740,1.050626,-1.050592,-0.800066,-0.000180
cmd,3.725000,15.225000,0.450653,-1.049740,1.050626,-1.050592,-0.800066,-0.000180
cmd,3.730000,15.230000,0.450432,-1.049740,1.050626,-1.050592,-0.800066,-0.000180
cmd,3.735000,15.235000,0.450259,-1.049740,1.050626,-1.050592,-0.800066,-0.000180
cmd,3.740000,15.240000,0.450136,-1.049740,1.050626,-1.050592,-0.800066,-0.000180
cmd,3.745000,15.245000,0.450062,-1.049740,1.050626,-1.050592,-0.800066,-0.000180
cmd,3.750000,15.250000,0.450037,-1.049740,1.050626,-1.050592,-0.800066,-0.000180
cmd,3.755000,15.255000,0.450062,-1.049740,1.050626,-1.050592,-0.800066,-0.000180
cmd,3.760000,15.260000,0.450136,-1.049740,1.050626,-1.050592,-0.800066,-0.000180
cmd,3.765000,15.265000,0.450259,-1.049740,1.050626,-1.050592,-0.800066,-0.000180
cmd,3.770000,15.270000,0.450432,-1.049740,1.050626,-1.050592,-0.800066,-0.000180
cmd,3.775000,15.275000,0.450653,-1.049740,1.050626,-1.050592,-0.800066,-0.000180
cmd,3.780000,15.280000,0.450923,-1.049740,1.050626,-1.050592,-0.800066,-0.000180
cmd,3.785000,15.285000,0.451242,-1.049740,1.050626,-1.050592,-0.800066,-0.000180
cmd,3.790000,15.290000,0.451608,-1.049740,1.050626,-1.050592,-0.800066,-0.000180
cmd,3.795000,15.295000,0.452023,-1.049740,1.050626,-1.050592,-0.800066,-0.000180
cmd,3.800000,15.300000,0.452485,-1.049740,1.050626,-1.050592,-0.800066,-0.000180
cmd,3.805000,15.305000,0.452993,-1.049740,1.050626,-1.050592,-0.800066,-0.000180
cmd,3.810000,15.310000,0.453549,-1.049740,1.050626,-1.050592,-0.800066,-0.000180
cmd,3.815000,15.315000,0.454150,-1.049740,1.050626,-1.050592,-0.800066,-0.000180
cmd,3.820000,15.320000,0.454796,-1.049740,1.050626,-1.050592,-0.800066,-0.000180
cmd,3.825000,15.325000,0.455487,-1.049740,1.050626,-1.050592,-0.800066,-0.000180
cmd,3.830000,15.330000,0.456222,-1.049740,1.050626,-1.050592,-0.800066,-0.000180
cmd,3.835000,15.335000,0.457000,-1.049740,1.050626,-1.050592,-0.800066,-0.000180
cmd,3.840000,15.340000,0.457821,-1.049740,1.050626,-1.050592,-0.800066,-0.000180
cmd,3.845000,15.345000,0.458683,-1.049740,1.050626,-1.050592,-0.800066,-0.000180
cmd,3.850000,15.350000,0.459587,-1.049740,1.050626,-1.050592,-0.800066,-0.000180
cmd,3.855000,15.355000,0.460530,-1.049740,1.050626,-1.050592,-0.800066,-0.000180
cmd,3.860000,15.360000,0.461512,-1.049740,1.050626,-1.050592,-0.800066,-0.000180
cmd,3.865000,15.365000,0.462532,-1.049740,1.050626,-1.050592,-0.800066,-0.000180
cmd,3.870000,15.370000,0.463589,-1.049740,1.050626,-1.050592,-0.800066,-0.000180
cmd,3.875000,15.375000,0.464682,-1.049740,1.050626,-1.050592,-0.800066,-0.000180
cmd,3.880000,15.380000,0.465810,-1.049740,1.050626,-1.050592,-0.800066,-0.000180
cmd,3.885000,15.385000,0.466972,-1.049740,1.050626,-1.050592,-0.800066,-0.000180
cmd,3.890000,15.390000,0.468166,-1.049740,1.050626,-1.050592,-0.800066,-0.000180
cmd,3.895000,15.395000,0.469392,-1.049740,1.050626,-1.050592,-0.800066,-0.000180
cmd,3.900000,15.400000,0.470648,-1.049740,1.050626,-1.050592,-0.800066,-0.000180
cmd,3.905000,15.405000,0.471933,-1.049740,1.050626,-1.050592,-0.800066,-0.000180
cmd,3.910000,15.410000,0.473246,-1.049740,1.050626,-1.050592,-0.800066,-0.000180
cmd,3.915000,15.415000,0.474585,-1.049740,1.050626,-1.050592,-0.800066,-0.000180
cmd,3.920000,15.420000,0.475950,-1.049740,1.050626,-1.050592,-0.800066,-0.000180
cmd,3.925000,15.425000,0.477338,-1.049740,1.050626,-1.050592,-0.800066,-0.000180
cmd,3.930000,15.430000,0.478748,-1.049740,1.050626,-1.050592,-0.800066,-0.000180
cmd,3.935000,15.435000,0.480180,-1.049740,1.050626,-1.050592,-0.800066,-0.000180
cmd,3.940000,15.440000,0.481631,-1.049740,1.050626,-1.050592,-0.800066,-0.000180
cmd,3.945000,15.445000,0.483101,-1.049740,1.050626,-1.050592,-0.800066,-0.000180
cmd,3.950000,15.450000,0.484587,-1.049740,1.050626,-1.050592,-0.800066,-0.000180
cmd,3.955000,15.455000,0.486088,-1.049740,1.050626,-1.050592,-0.800066,-0.000180
cmd,3.960000,15.460000,0.487603,-1.049740,1.050626,-1.050592,-0.800066,-0.000180
cmd,3.965000,15.465000,0.489130,-1.049740,1.050626,-1.050592,-0.800066,-0.000180
cmd,3.970000,15.470000,0.490668,-1.049740,1.050626,-1.050592,-0.800066,-0.000180
cmd,3.975000,15.475000,0.492216,-1.049740,1.050626,-1.050592,-0.800066,-0.000180
cmd,3.980000,15.480000,0.493771,-1.049740,1.050626,-1.050592,-0.800066,-0.000180
cmd,3.985000,15.485000,0.495332,-1.049740,1.050626,-1.050592,-0.800066,-0.000180
cmd,3.990000,15.490000,0.496898,-1.049740,1.050626,-1.050592,-0.800066,-0.000180
cmd,3.995000,15.495000,0.498467,-1.049740,1.050626,-1.050592,-0.800066,-0.000180
cmd,4.000000,15.500000,0.500037,-1.049740,1.050626,-1.050592,-0.800066,-0.000180
cmd,4.005000,15.505000,0.501608,-1.049740,1.050626,-1.050592,-0.800066,-0.000180
cmd,4.010000,15.510000,0.503177,-1.049740,1.050626,-1.050592,-0.800066,-0.000180
cmd,4.015000,15.515000,0.504743,-1.049740,1.050626,-1.050592,-0.800066,-0.000180
cmd,4.020000,15.520000,0.506304,-1.049740,1.050626,-1.050592,-0.800066,-0.000180
cmd,4.025000,15.525000,0.507859,-1.049740,1.050626,-1.050592,-0.800066,-0.000180
cmd,4.030000,15.530000,0.509407,-1.049740,1.050626,-1.050592,-0.800066,-0.000180
cmd,4.035000,15.535000,0.510945,-1.049740,1.050626,-1.050592,-0.800066,-0.000180
cmd,4.040000,15.540000,0.512472,-1.049740,1.050626,-1.050592,-0.800066,-0.000180
cmd,4.045000,15.545000,0.513987,-1.049740,1.050626,-1.050592,-0.800066,-0.000180
cmd,4.050000,15.550000,0.515488,-1.049740,1.050626,-1.050592,-0.800066,-0.000180
cmd,4.055000,15.555000,0.516974,-1.049740,1.050626,-1.050592,-0.800066,-0.000180
cmd,4.060000,15.560000,0.518444,-1.049740,1.050626,-1.050592,-0.800066,-0.000180
cmd,4.065000,15.565000,0.519895,-1.049740,1.050626,-1.050592,-0.800066,-0.000180
cmd,4.070000,15.570000,0.521326,-1.049740,1.050626,-1.050592,-0.800066,-0.000180
cmd,4.075000,15.575000,0.522737,-1.049740,1.050626,-1.050592,-0.800066,-0.000180
cmd,4.080000,15.580000,0.524125,-1.049740,1.050626,-1.050592,-0.800066,-0.000180
cmd,4.085000,15.585000,0.525490,-1.049740,1.050626,-1.050592,-0.800066,-0.000180
cmd,4.090000,15.590000,0.526829,-1.049740,1.050626,-1.050592,-0.800066,-0.000180
cmd,4.095000,15.595000,0.528142,-1.049740,1.050626,-1.050592,-0.800066,-0.000180
cmd,4.100000,15.600000,0.529427,-1.049740,1.050626,-1.050592,-0.800066,-0.000180
cmd,4.105000,15.605000,0.530683,-1.049740,1.050626,-1.050592,-0.800066,-0.000180
cmd,4.110000,15.610000,0.531909,-1.049740,1.050626,-1.050592,-0.800066,-0.000180
cmd,4.115000,15.615000,0.533103,-1.049740,1.050626,-1.050592,-0.800066,-0.000180
cmd,4.120000,15.620000,0.534265,-1.049740,1.050626,-1.050592,-0.800066,-0.000180
cmd,4.125000,15.625000,0.535393,-1.049740,1.050626,-1.050592,-0.800066,-0.000180
cmd,4.130000,15.630000,0.536486,-1.049740,1.050626,-1.050592,-0.800066,-0.000180
cmd,4.135000,15.635000,0.537543,-1.049740,1.050626,-1.050592,-0.800066,-0.000180
cmd,4.140000,15.640000,0.538563,-1.049740,1.050626,-1.050592,-0.800066,-0.000180
cmd,4.145000,15.645000,0.539545,-1.049740,1.050626,-1.050592,-0.800066,-0.000180
cmd,4.150000,15.650000,0.540488,-1.049740,1.050626,-1.050592,-0.800066,-0.000180
cmd,4.155000,15.655000,0.541391,-1.049740,1.050626,-1.050592,-0.800066,-0.000180
cmd,4.160000,15.660000,0.542254,-1.049740,1.050626,-1.050592,-0.800066,-0.000180
cmd,4.165000,15.665000,0.543075,-1.049740,1.050626,-1.050592,-0.800066,-0.000180
cmd,4.170000,15.670000,0.543853,-1.049740,1.050626,-1.050592,-0.800066,-0.000180
cmd,4.175000,15.675000,0.544588,-1.049740,1.050626,-1.050592,-0.800066,-0.000180
cmd,4.180000,15.680000,0.545279,-1.049740,1.050626,-1.050592,-0.800066,-0.000180
cmd,4.185000,15.685000,0.545925,-1.049740,1.050626,-1.050592,-0.800066,-0.000180
cmd,4.190000,15.690000,0.546526,-1.049740,1.050626,-1.050592,-0.800066,-0.000180
cmd,4.195000,15.695000,0.547081,-1.049740,1.050626,-1.050592,-0.800066,-0.000180
cmd,4.200000,15.700000,0.547590,-1.049740,1.050626,-1.050592,-0.800066,-0.000180
cmd,4.205000,15.705000,0.548052,-1.049740,1.050626,-1.050592,-0.800066,-0.000180
cmd,4.210000,15.710000,0.548467,-1.049740,1.050626,-1.050592,-0.800066,-0.000180
cmd,4.215000,15.715000,0.548833,-1.049740,1.050626,-1.050592,-0.800066,-0.000180
cmd,4.220000,15.720000,0.549152,-1.049740,1.050626,-1.050592,-0.800066,-0.000180
cmd,4.225000,15.725000,0.549422,-1.049740,1.050626,-1.050592,-0.800066,-0.000180
cmd,4.230000,15.730000,0.549643,-1.049740,1.050626,-1.050592,-0.800066,-0.000180
cmd,4.235000,15.735000,0.549816,-1.049740,1.050626,-1.050592,-0.800066,-0.000180
cmd,4.240000,15.740000,0.549939,-1.049740,1.050626,-1.050592,-0.800066,-0.000180
cmd,4.245000,15.745000,0.550013,-1.049740,1.050626,-1.050592,-0.800066,-0.000180
cmd,4.250000,15.750000,0.550037,-1.049740,1.050626,-1.050592,-0.800066,-0.000180
cmd,4.255000,15.755000,0.550013,-1.049740,1.050626,-1.050592,-0.800066,-0.000180
cmd,4.260000,15.760000,0.549939,-1.049740,1.050626,-1.050592,-0.800066,-0.000180
cmd,4.265000,15.765000,0.549816,-1.049740,1.050626,-1.050592,-0.800066,-0.000180
cmd,4.270000,15.770000,0.549643,-1.049740,1.050626,-1.050592,-0.800066,-0.000180
cmd,4.275000,15.775000,0.549422,-1.049740,1.050626,-1.050592,-0.800066,-0.000180
cmd,4.280000,15.780000,0.549152,-1.049740,1.050626,-1.050592,-0.800066,-0.000180
cmd,4.285000,15.785000,0.548833,-1.049740,1.050626,-1.050592,-0.800066,-0.000180
cmd,4.290000,15.790000,0.548467,-1.049740,1.050626,-1.050592,-0.800066,-0.000180
cmd,4.295000,15.795000,0.548052,-1.049740,1.050626,-1.050592,-0.800066,-0.000180
cmd,4.300000,15.800000,0.547590,-1.049740,1.050626,-1.050592,-0.800066,-0.000180
cmd,4.305000,15.805000,0.547081,-1.049740,1.050626,-1.050592,-0.800066,-0.000180
cmd,4.310000,15.810000,0.546526,-1.049740,1.050626,-1.050592,-0.800066,-0.000180
cmd,4.315000,15.815000,0.545925,-1.049740,1.050626,-1.050592,-0.800066,-0.000180
cmd,4.320000,15.820000,0.545279,-1.049740,1.050626,-1.050592,-0.800066,-0.000180
cmd,4.325000,15.825000,0.544588,-1.049740,1.050626,-1.050592,-0.800066,-0.000180
cmd,4.330000,15.830000,0.543853,-1.049740,1.050626,-1.050592,-0.800066,-0.000180
cmd,4.335000,15.835000,0.543075,-1.049740,1.050626,-1.050592,-0.800066,-0.000180
cmd,4.340000,15.840000,0.542254,-1.049740,1.050626,-1.050592,-0.800066,-0.000180
cmd,4.345000,15.845000,0.541391,-1.049740,1.050626,-1.050592,-0.800066,-0.000180
cmd,4.350000,15.850000,0.540488,-1.049740,1.050626,-1.050592,-0.800066,-0.000180
cmd,4.355000,15.855000,0.539545,-1.049740,1.050626,-1.050592,-0.800066,-0.000180
cmd,4.360000,15.860000,0.538563,-1.049740,1.050626,-1.050592,-0.800066,-0.000180
cmd,4.365000,15.865000,0.537543,-1.049740,1.050626,-1.050592,-0.800066,-0.000180
cmd,4.370000,15.870000,0.536486,-1.049740,1.050626,-1.050592,-0.800066,-0.000180
cmd,4.375000,15.875000,0.535393,-1.049740,1.050626,-1.050592,-0.800066,-0.000180
cmd,4.380000,15.880000,0.534265,-1.049740,1.050626,-1.050592,-0.800066,-0.000180
cmd,4.385000,15.885000,0.533103,-1.049740,1.050626,-1.050592,-0.800066,-0.000180
cmd,4.390000,15.890000,0.531909,-1.049740,1.050626,-1.050592,-0.800066,-0.000180
cmd,4.395000,15.895000,0.530683,-1.049740,1.050626,-1.050592,-0.800066,-0.000180
cmd,4.400000,15.900000,0.529427,-1.049740,1.050626,-1.050592,-0.800066,-0.000180
cmd,4.405000,15.905000,0.528142,-1.049740,1.050626,-1.050592,-0.800066,-0.000180
cmd,4.410000,15.910000,0.526829,-1.049740,1.050626,-1.050592,-0.800066,-0.000180
cmd,4.415000,15.915000,0.525490,-1.049740,1.050626,-1.050592,-0.800066,-0.000180
cmd,4.420000,15.920000,0.524125,-1.049740,1.050626,-1.050592,-0.800066,-0.000180
cmd,4.425000,15.925000,0.522737,-1.049740,1.050626,-1.050592,-0.800066,-0.000180
cmd,4.430000,15.930000,0.521326,-1.049740,1.050626,-1.050592,-0.800066,-0.000180
cmd,4.435000,15.935000,0.519895,-1.049740,1.050626,-1.050592,-0.800066,-0.000180
cmd,4.440000,15.940000,0.518444,-1.049740,1.050626,-1.050592,-0.800066,-0.000180
cmd,4.445000,15.945000,0.516974,-1.049740,1.050626,-1.050592,-0.800066,-0.000180
cmd,4.450000,15.950000,0.515488,-1.049740,1.050626,-1.050592,-0.800066,-0.000180
cmd,4.455000,15.955000,0.513987,-1.049740,1.050626,-1.050592,-0.800066,-0.000180
cmd,4.460000,15.960000,0.512472,-1.049740,1.050626,-1.050592,-0.800066,-0.000180
cmd,4.465000,15.965000,0.510945,-1.049740,1.050626,-1.050592,-0.800066,-0.000180
cmd,4.470000,15.970000,0.509407,-1.049740,1.050626,-1.050592,-0.800066,-0.000180
cmd,4.475000,15.975000,0.507859,-1.049740,1.050626,-1.050592,-0.800066,-0.000180
cmd,4.480000,15.980000,0.506304,-1.049740,1.050626,-1.050592,-0.800066,-0.000180
cmd,4.485000,15.985000,0.504743,-1.049740,1.050626,-1.050592,-0.800066,-0.000180
cmd,4.490000,15.990000,0.503177,-1.049740,1.050626,-1.050592,-0.800066,-0.000180
cmd,4.495000,15.995000,0.501608,-1.049740,1.050626,-1.050592,-0.800066,-0.000180
cmd,4.500000,16.000000,0.500037,-1.049740,1.050626,-1.050592,-0.800066,-0.000180
cmd,4.505000,16.005000,0.498467,-1.049740,1.050626,-1.050592,-0.800066,-0.000180
cmd,4.510000,16.010000,0.496898,-1.049740,1.050626,-1.050592,-0.800066,-0.000180
cmd,4.515000,16.015000,0.495332,-1.049740,1.050626,-1.050592,-0.800066,-0.000180
cmd,4.520000,16.020000,0.493771,-1.049740,1.050626,-1.050592,-0.800066,-0.000180
cmd,4.525000,16.025000,0.492216,-1.049740,1.050626,-1.050592,-0.800066,-0.000180
cmd,4.530000,16.030000,0.490668,-1.049740,1.050626,-1.050592,-0.800066,-0.000180
cmd,4.535000,16.035000,0.489130,-1.049740,1.050626,-1.050592,-0.800066,-0.000180
cmd,4.540000,16.040000,0.487603,-1.049740,1.050626,-1.050592,-0.800066,-0.000180
cmd,4.545000,16.045000,0.486088,-1.049740,1.050626,-1.050592,-0.800066,-0.000180
cmd,4.550000,16.050000,0.484587,-1.049740,1.050626,-1.050592,-0.800066,-0.000180
cmd,4.555000,16.055000,0.483101,-1.049740,1.050626,-1.050592,-0.800066,-0.000180
cmd,4.560000,16.060000,0.481631,-1.049740,1.050626,-1.050592,-0.800066,-0.000180
cmd,4.565000,16.065000,0.480180,-1.049740,1.050626,-1.050592,-0.800066,-0.000180
cmd,4.570000,16.070000,0.478748,-1.049740,1.050626,-1.050592,-0.800066,-0.000180
cmd,4.575000,16.075000,0.477338,-1.049740,1.050626,-1.050592,-0.800066,-0.000180
cmd,4.580000,16.080000,0.475950,-1.049740,1.050626,-1.050592,-0.800066,-0.000180
cmd,4.585000,16.085000,0.474585,-1.049740,1.050626,-1.050592,-0.800066,-0.000180
cmd,4.590000,16.090000,0.473246,-1.049740,1.050626,-1.050592,-0.800066,-0.000180
cmd,4.595000,16.095000,0.471933,-1.049740,1.050626,-1.050592,-0.800066,-0.000180
cmd,4.600000,16.100000,0.470648,-1.049740,1.050626,-1.050592,-0.800066,-0.000180
cmd,4.605000,16.105000,0.469392,-1.049740,1.050626,-1.050592,-0.800066,-0.000180
cmd,4.610000,16.110000,0.468166,-1.049740,1.050626,-1.050592,-0.800066,-0.000180
cmd,4.615000,16.115000,0.466972,-1.049740,1.050626,-1.050592,-0.800066,-0.000180
cmd,4.620000,16.120000,0.465810,-1.049740,1.050626,-1.050592,-0.800066,-0.000180
cmd,4.625000,16.125000,0.464682,-1.049740,1.050626,-1.050592,-0.800066,-0.000180
cmd,4.630000,16.130000,0.463589,-1.049740,1.050626,-1.050592,-0.800066,-0.000180
cmd,4.635000,16.135000,0.462532,-1.049740,1.050626,-1.050592,-0.800066,-0.000180
cmd,4.640000,16.140000,0.461512,-1.049740,1.050626,-1.050592,-0.800066,-0.000180
cmd,4.645000,16.145000,0.460530,-1.049740,1.050626,-1.050592,-0.800066,-0.000180
cmd,4.650000,16.150000,0.459587,-1.049740,1.050626,-1.050592,-0.800066,-0.000180
cmd,4.655000,16.155000,0.458683,-1.049740,1.050626,-1.050592,-0.800066,-0.000180
cmd,4.660000,16.160000,0.457821,-1.049740,1.050626,-1.050592,-0.800066,-0.000180
cmd,4.665000,16.165000,0.457000,-1.049740,1.050626,-1.050592,-0.800066,-0.000180
cmd,4.670000,16.170000,0.456222,-1.049740,1.050626,-1.050592,-0.800066,-0.000180
cmd,4.675000,16.175000,0.455487,-1.049740,1.050626,-1.050592,-0.800066,-0.000180
cmd,4.680000,16.180000,0.454796,-1.049740,1.050626,-1.050592,-0.800066,-0.000180
cmd,4.685000,16.185000,0.454150,-1.049740,1.050626,-1.050592,-0.800066,-0.000180
cmd,4.690000,16.190000,0.453549,-1.049740,1.050626,-1.050592,-0.800066,-0.000180
cmd,4.695000,16.195000,0.452993,-1.049740,1.050626,-1.050592,-0.800066,-0.000180
cmd,4.700000,16.200000,0.452485,-1.049740,1.050626,-1.050592,-0.800066,-0.000180
cmd,4.705000,16.205000,0.452023,-1.049740,1.050626,-1.050592,-0.800066,-0.000180
cmd,4.710000,16.210000,0.451608,-1.049740,1.050626,-1.050592,-0.800066,-0.000180
cmd,4.715000,16.215000,0.451242,-1.049740,1.050626,-1.050592,-0.800066,-0.000180
cmd,4.720000,16.220000,0.450923,-1.049740,1.050626,-1.050592,-0.800066,-0.000180
cmd,4.725000,16.225000,0.450653,-1.049740,1.050626,-1.050592,-0.800066,-0.000180
cmd,4.730000,16.230000,0.450432,-1.049740,1.050626,-1.050592,-0.800066,-0.000180
cmd,4.735000,16.235000,0.450259,-1.049740,1.050626,-1.050592,-0.800066,-0.000180
cmd,4.740000,16.240000,0.450136,-1.049740,1.050626,-1.050592,-0.800066,-0.000180
cmd,4.745000,16.245000,0.450062,-1.049740,1.050626,-1.050592,-0.800066,-0.000180
cmd,4.750000,16.250000,0.450037,-1.049740,1.050626,-1.050592,-0.800066,-0.000180
cmd,4.755000,16.255000,0.450062,-1.049740,1.050626,-1.050592,-0.800066,-0.000180
cmd,4.760000,16.260000,0.450136,-1.049740,1.050626,-1.050592,-0.800066,-0.000180
cmd,4.765000,16.265000,0.450259,-1.049740,1.050626,-1.050592,-0.800066,-0.000180
cmd,4.770000,16.270000,0.450432,-1.049740,1.050626,-1.050592,-0.800066,-0.000180
cmd,4.775000,16.275000,0.450653,-1.049740,1.050626,-1.050592,-0.800066,-0.000180
cmd,4.780000,16.280000,0.450923,-1.049740,1.050626,-1.050592,-0.800066,-0.000180
cmd,4.785000,16.285000,0.451242,-1.049740,1.050626,-1.050592,-0.800066,-0.000180
cmd,4.790000,16.290000,0.451608,-1.049740,1.050626,-1.050592,-0.800066,-0.000180
cmd,4.795000,16.295000,0.452023,-1.049740,1.050626,-1.050592,-0.800066,-0.000180
cmd,4.800000,16.300000,0.452485,-1.049740,1.050626,-1.050592,-0.800066,-0.000180
cmd,4.805000,16.305000,0.452993,-1.049740,1.050626,-1.050592,-0.800066,-0.000180
cmd,4.810000,16.310000,0.453549,-1.049740,1.050626,-1.050592,-0.800066,-0.000180
cmd,4.815000,16.315000,0.454150,-1.049740,1.050626,-1.050592,-0.800066,-0.000180
cmd,4.820000,16.320000,0.454796,-1.049740,1.050626,-1.050592,-0.800066,-0.000180
cmd,4.825000,16.325000,0.455487,-1.049740,1.050626,-1.050592,-0.800066,-0.000180
cmd,4.830000,16.330000,0.456222,-1.049740,1.050626,-1.050592,-0.800066,-0.000180
cmd,4.835000,16.335000,0.457000,-1.049740,1.050626,-1.050592,-0.800066,-0.000180
cmd,4.840000,16.340000,0.457821,-1.049740,1.050626,-1.050592,-0.800066,-0.000180
cmd,4.845000,16.345000,0.458683,-1.049740,1.050626,-1.050592,-0.800066,-0.000180
cmd,4.850000,16.350000,0.459587,-1.049740,1.050626,-1.050592,-0.800066,-0.000180
cmd,4.855000,16.355000,0.460530,-1.049740,1.050626,-1.050592,-0.800066,-0.000180
cmd,4.860000,16.360000,0.461512,-1.049740,1.050626,-1.050592,-0.800066,-0.000180
cmd,4.865000,16.365000,0.462532,-1.049740,1.050626,-1.050592,-0.800066,-0.000180
cmd,4.870000,16.370000,0.463589,-1.049740,1.050626,-1.050592,-0.800066,-0.000180
cmd,4.875000,16.375000,0.464682,-1.049740,1.050626,-1.050592,-0.800066,-0.000180
cmd,4.880000,16.380000,0.465810,-1.049740,1.050626,-1.050592,-0.800066,-0.000180
cmd,4.885000,16.385000,0.466972,-1.049740,1.050626,-1.050592,-0.800066,-0.000180
cmd,4.890000,16.390000,0.468166,-1.049740,1.050626,-1.050592,-0.800066,-0.000180
cmd,4.895000,16.395000,0.469392,-1.049740,1.050626,-1.050592,-0.800066,-0.000180
cmd,4.900000,16.400000,0.470648,-1.049740,1.050626,-1.050592,-0.800066,-0.000180
cmd,4.905000,16.405000,0.471933,-1.049740,1.050626,-1.050592,-0.800066,-0.000180
cmd,4.910000,16.410000,0.473246,-1.049740,1.050626,-1.050592,-0.800066,-0.000180
cmd,4.915000,16.415000,0.474585,-1.049740,1.050626,-1.050592,-0.800066,-0.000180
cmd,4.920000,16.420000,0.475950,-1.049740,1.050626,-1.050592,-0.800066,-0.000180
cmd,4.925000,16.425000,0.477338,-1.049740,1.050626,-1.050592,-0.800066,-0.000180
cmd,4.930000,16.430000,0.478748,-1.049740,1.050626,-1.050592,-0.800066,-0.000180
cmd,4.935000,16.435000,0.480180,-1.049740,1.050626,-1.050592,-0.800066,-0.000180
cmd,4.940000,16.440000,0.481631,-1.049740,1.050626,-1.050592,-0.800066,-0.000180
cmd,4.945000,16.445000,0.483101,-1.049740,1.050626,-1.050592,-0.800066,-0.000180
cmd,4.950000,16.450000,0.484587,-1.049740,1.050626,-1.050592,-0.800066,-0.000180
cmd,4.955000,16.455000,0.486088,-1.049740,1.050626,-1.050592,-0.800066,-0.000180
cmd,4.960000,16.460000,0.487603,-1.049740,1.050626,-1.050592,-0.800066,-0.000180
cmd,4.965000,16.465000,0.489130,-1.049740,1.050626,-1.050592,-0.800066,-0.000180
cmd,4.970000,16.470000,0.490668,-1.049740,1.050626,-1.050592,-0.800066,-0.000180
cmd,4.975000,16.475000,0.492216,-1.049740,1.050626,-1.050592,-0.800066,-0.000180
cmd,4.980000,16.480000,0.493771,-1.049740,1.050626,-1.050592,-0.800066,-0.000180
cmd,4.985000,16.485000,0.495332,-1.049740,1.050626,-1.050592,-0.800066,-0.000180
cmd,4.990000,16.490000,0.496898,-1.049740,1.050626,-1.050592,-0.800066,-0.000180
cmd,4.995000,16.495000,0.498467,-1.049740,1.050626,-1.050592,-0.800066,-0.000180
cmd,5.000000,16.500000,0.500037,-1.049740,1.050626,-1.050592,-0.800066,-0.000180
cmd,5.005000,16.505000,0.501608,-1.049740,1.050626,-1.050592,-0.800066,-0.000180
cmd,5.010000,16.510000,0.503177,-1.049740,1.050626,-1.050592,-0.800066,-0.000180
cmd,5.015000,16.515000,0.504743,-1.049740,1.050626,-1.050592,-0.800066,-0.000180
cmd,5.020000,16.520000,0.506304,-1.049740,1.050626,-1.050592,-0.800066,-0.000180
cmd,5.025000,16.525000,0.507859,-1.049740,1.050626,-1.050592,-0.800066,-0.000180
cmd,5.030000,16.530000,0.509407,-1.049740,1.050626,-1.050592,-0.800066,-0.000180
cmd,5.035000,16.535000,0.510945,-1.049740,1.050626,-1.050592,-0.800066,-0.000180
cmd,5.040000,16.540000,0.512472,-1.049740,1.050626,-1.050592,-0.800066,-0.000180
cmd,5.045000,16.545000,0.513987,-1.049740,1.050626,-1.050592,-0.800066,-0.000180
cmd,5.050000,16.550000,0.515488,-1.049740,1.050626,-1.050592,-0.800066,-0.000180
cmd,5.055000,16.555000,0.516974,-1.049740,1.050626,-1.050592,-0.800066,-0.000180
cmd,5.060000,16.560000,0.518444,-1.049740,1.050626,-1.050592,-0.800066,-0.000180
cmd,5.065000,16.565000,0.519895,-1.049740,1.050626,-1.050592,-0.800066,-0.000180
cmd,5.070000,16.570000,0.521326,-1.049740,1.050626,-1.050592,-0.800066,-0.000180
cmd,5.075000,16.575000,0.522737,-1.049740,1.050626,-1.050592,-0.800066,-0.000180
cmd,5.080000,16.580000,0.524125,-1.049740,1.050626,-1.050592,-0.800066,-0.000180
cmd,5.085000,16.585000,0.525490,-1.049740,1.050626,-1.050592,-0.800066,-0.000180
cmd,5.090000,16.590000,0.526829,-1.049740,1.050626,-1.050592,-0.800066,-0.000180
cmd,5.095000,16.595000,0.528142,-1.049740,1.050626,-1.050592,-0.800066,-0.000180
cmd,5.100000,16.600000,0.529427,-1.049740,1.050626,-1.050592,-0.800066,-0.000180
cmd,5.105000,16.605000,0.530683,-1.049740,1.050626,-1.050592,-0.800066,-0.000180
cmd,5.110000,16.610000,0.531909,-1.049740,1.050626,-1.050592,-0.800066,-0.000180
cmd,5.115000,16.615000,0.533103,-1.049740,1.050626,-1.050592,-0.800066,-0.000180
cmd,5.120000,16.620000,0.534265,-1.049740,1.050626,-1.050592,-0.800066,-0.000180
cmd,5.125000,16.625000,0.535393,-1.049740,1.050626,-1.050592,-0.800066,-0.000180
cmd,5.130000,16.630000,0.536486,-1.049740,1.050626,-1.050592,-0.800066,-0.000180
cmd,5.135000,16.635000,0.537543,-1.049740,1.050626,-1.050592,-0.800066,-0.000180
cmd,5.140000,16.640000,0.538563,-1.049740,1.050626,-1.050592,-0.800066,-0.000180
cmd,5.145000,16.645000,0.539545,-1.049740,1.050626,-1.050592,-0.800066,-0.000180
cmd,5.150000,16.650000,0.540488,-1.049740,1.050626,-1.050592,-0.800066,-0.000180
cmd,5.155000,16.655000,0.541391,-1.049740,1.050626,-1.050592,-0.800066,-0.000180
cmd,5.160000,16.660000,0.542254,-1.049740,1.050626,-1.050592,-0.800066,-0.000180
cmd,5.165000,16.665000,0.543075,-1.049740,1.050626,-1.050592,-0.800066,-0.000180
cmd,5.170000,16.670000,0.543853,-1.049740,1.050626,-1.050592,-0.800066,-0.000180
cmd,5.175000,16.675000,0.544588,-1.049740,1.050626,-1.050592,-0.800066,-0.000180
cmd,5.180000,16.680000,0.545279,-1.049740,1.050626,-1.050592,-0.800066,-0.000180
cmd,5.185000,16.685000,0.545925,-1.049740,1.050626,-1.050592,-0.800066,-0.000180
cmd,5.190000,16.690000,0.546526,-1.049740,1.050626,-1.050592,-0.800066,-0.000180
cmd,5.195000,16.695000,0.547081,-1.049740,1.050626,-1.050592,-0.800066,-0.000180
cmd,5.200000,16.700000,0.547590,-1.049740,1.050626,-1.050592,-0.800066,-0.000180
cmd,5.205000,16.705000,0.548052,-1.049740,1.050626,-1.050592,-0.800066,-0.000180
cmd,5.210000,16.710000,0.548467,-1.049740,1.050626,-1.050592,-0.800066,-0.000180
cmd,5.215000,16.715000,0.548833,-1.049740,1.050626,-1.050592,-0.800066,-0.000180
cmd,5.220000,16.720000,0.549152,-1.049740,1.050626,-1.050592,-0.800066,-0.000180
cmd,5.225000,16.725000,0.549422,-1.049740,1.050626,-1.050592,-0.800066,-0.000180
cmd,5.230000,16.730000,0.549643,-1.049740,1.050626,-1.050592,-0.800066,-0.000180
cmd,5.235000,16.735000,0.549816,-1.049740,1.050626,-1.050592,-0.800066,-0.000180
cmd,5.240000,16.740000,0.549939,-1.049740,1.050626,-1.050592,-0.800066,-0.000180
cmd,5.245000,16.745000,0.550013,-1.049740,1.050626,-1.050592,-0.800066,-0.000180
cmd,5.250000,16.750000,0.550037,-1.049740,1.050626,-1.050592,-0.800066,-0.000180
cmd,5.255000,16.755000,0.550013,-1.049740,1.050626,-1.050592,-0.800066,-0.000180
cmd,5.260000,16.760000,0.549939,-1.049740,1.050626,-1.050592,-0.800066,-0.000180
cmd,5.265000,16.765000,0.549816,-1.049740,1.050626,-1.050592,-0.800066,-0.000180
cmd,5.270000,16.770000,0.549643,-1.049740,1.050626,-1.050592,-0.800066,-0.000180
cmd,5.275000,16.775000,0.549422,-1.049740,1.050626,-1.050592,-0.800066,-0.000180
cmd,5.280000,16.780000,0.549152,-1.049740,1.050626,-1.050592,-0.800066,-0.000180
cmd,5.285000,16.785000,0.548833,-1.049740,1.050626,-1.050592,-0.800066,-0.000180
cmd,5.290000,16.790000,0.548467,-1.049740,1.050626,-1.050592,-0.800066,-0.000180
cmd,5.295000,16.795000,0.548052,-1.049740,1.050626,-1.050592,-0.800066,-0.000180
cmd,5.300000,16.800000,0.547590,-1.049740,1.050626,-1.050592,-0.800066,-0.000180
cmd,5.305000,16.805000,0.547081,-1.049740,1.050626,-1.050592,-0.800066,-0.000180
cmd,5.310000,16.810000,0.546526,-1.049740,1.050626,-1.050592,-0.800066,-0.000180
cmd,5.315000,16.815000,0.545925,-1.049740,1.050626,-1.050592,-0.800066,-0.000180
cmd,5.320000,16.820000,0.545279,-1.049740,1.050626,-1.050592,-0.800066,-0.000180
cmd,5.325000,16.825000,0.544588,-1.049740,1.050626,-1.050592,-0.800066,-0.000180
cmd,5.330000,16.830000,0.543853,-1.049740,1.050626,-1.050592,-0.800066,-0.000180
cmd,5.335000,16.835000,0.543075,-1.049740,1.050626,-1.050592,-0.800066,-0.000180
cmd,5.340000,16.840000,0.542254,-1.049740,1.050626,-1.050592,-0.800066,-0.000180
cmd,5.345000,16.845000,0.541391,-1.049740,1.050626,-1.050592,-0.800066,-0.000180
cmd,5.350000,16.850000,0.540488,-1.049740,1.050626,-1.050592,-0.800066,-0.000180
cmd,5.355000,16.855000,0.539545,-1.049740,1.050626,-1.050592,-0.800066,-0.000180
cmd,5.360000,16.860000,0.538563,-1.049740,1.050626,-1.050592,-0.800066,-0.000180
cmd,5.365000,16.865000,0.537543,-1.049740,1.050626,-1.050592,-0.800066,-0.000180
cmd,5.370000,16.870000,0.536486,-1.049740,1.050626,-1.050592,-0.800066,-0.000180
cmd,5.375000,16.875000,0.535393,-1.049740,1.050626,-1.050592,-0.800066,-0.000180
cmd,5.380000,16.880000,0.534265,-1.049740,1.050626,-1.050592,-0.800066,-0.000180
cmd,5.385000,16.885000,0.533103,-1.049740,1.050626,-1.050592,-0.800066,-0.000180
cmd,5.390000,16.890000,0.531909,-1.049740,1.050626,-1.050592,-0.800066,-0.000180
cmd,5.395000,16.895000,0.530683,-1.049740,1.050626,-1.050592,-0.800066,-0.000180
cmd,5.400000,16.900000,0.529427,-1.049740,1.050626,-1.050592,-0.800066,-0.000180
cmd,5.405000,16.905000,0.528142,-1.049740,1.050626,-1.050592,-0.800066,-0.000180
cmd,5.410000,16.910000,0.526829,-1.049740,1.050626,-1.050592,-0.800066,-0.000180
cmd,5.415000,16.915000,0.525490,-1.049740,1.050626,-1.050592,-0.800066,-0.000180
cmd,5.420000,16.920000,0.524125,-1.049740,1.050626,-1.050592,-0.800066,-0.000180
cmd,5.425000,16.925000,0.522737,-1.049740,1.050626,-1.050592,-0.800066,-0.000180
cmd,5.430000,16.930000,0.521326,-1.049740,1.050626,-1.050592,-0.800066,-0.000180
cmd,5.435000,16.935000,0.519895,-1.049740,1.050626,-1.050592,-0.800066,-0.000180
cmd,5.440000,16.940000,0.518444,-1.049740,1.050626,-1.050592,-0.800066,-0.000180
cmd,5.445000,16.945000,0.516974,-1.049740,1.050626,-1.050592,-0.800066,-0.000180
cmd,5.450000,16.950000,0.515488,-1.049740,1.050626,-1.050592,-0.800066,-0.000180
cmd,5.455000,16.955000,0.513987,-1.049740,1.050626,-1.050592,-0.800066,-0.000180
cmd,5.460000,16.960000,0.512472,-1.049740,1.050626,-1.050592,-0.800066,-0.000180
cmd,5.465000,16.965000,0.510945,-1.049740,1.050626,-1.050592,-0.800066,-0.000180
cmd,5.470000,16.970000,0.509407,-1.049740,1.050626,-1.050592,-0.800066,-0.000180
cmd,5.475000,16.975000,0.507859,-1.049740,1.050626,-1.050592,-0.800066,-0.000180
cmd,5.480000,16.980000,0.506304,-1.049740,1.050626,-1.050592,-0.800066,-0.000180
cmd,5.485000,16.985000,0.504743,-1.049740,1.050626,-1.050592,-0.800066,-0.000180
cmd,5.490000,16.990000,0.503177,-1.049740,1.050626,-1.050592,-0.800066,-0.000180
cmd,5.495000,16.995000,0.501608,-1.049740,1.050626,-1.050592,-0.800066,-0.000180
cmd,5.500000,17.000000,0.500037,-1.049740,1.050626,-1.050592,-0.800066,-0.000180
cmd,5.505000,17.005000,0.498467,-1.049740,1.050626,-1.050592,-0.800066,-0.000180
cmd,5.510000,17.010000,0.496898,-1.049740,1.050626,-1.050592,-0.800066,-0.000180
cmd,5.515000,17.015000,0.495332,-1.049740,1.050626,-1.050592,-0.800066,-0.000180
cmd,5.520000,17.020000,0.493771,-1.049740,1.050626,-1.050592,-0.800066,-0.000180
cmd,5.525000,17.025000,0.492216,-1.049740,1.050626,-1.050592,-0.800066,-0.000180
cmd,5.530000,17.030000,0.490668,-1.049740,1.050626,-1.050592,-0.800066,-0.000180
cmd,5.535000,17.035000,0.489130,-1.049740,1.050626,-1.050592,-0.800066,-0.000180
cmd,5.540000,17.040000,0.487603,-1.049740,1.050626,-1.050592,-0.800066,-0.000180
cmd,5.545000,17.045000,0.486088,-1.049740,1.050626,-1.050592,-0.800066,-0.000180
cmd,5.550000,17.050000,0.484587,-1.049740,1.050626,-1.050592,-0.800066,-0.000180
cmd,5.555000,17.055000,0.483101,-1.049740,1.050626,-1.050592,-0.800066,-0.000180
cmd,5.560000,17.060000,0.481631,-1.049740,1.050626,-1.050592,-0.800066,-0.000180
cmd,5.565000,17.065000,0.480180,-1.049740,1.050626,-1.050592,-0.800066,-0.000180
cmd,5.570000,17.070000,0.478748,-1.049740,1.050626,-1.050592,-0.800066,-0.000180
cmd,5.575000,17.075000,0.477338,-1.049740,1.050626,-1.050592,-0.800066,-0.000180
cmd,5.580000,17.080000,0.475950,-1.049740,1.050626,-1.050592,-0.800066,-0.000180
cmd,5.585000,17.085000,0.474585,-1.049740,1.050626,-1.050592,-0.800066,-0.000180
cmd,5.590000,17.090000,0.473246,-1.049740,1.050626,-1.050592,-0.800066,-0.000180
cmd,5.595000,17.095000,0.471933,-1.049740,1.050626,-1.050592,-0.800066,-0.000180
cmd,5.600000,17.100000,0.470648,-1.049740,1.050626,-1.050592,-0.800066,-0.000180
cmd,5.605000,17.105000,0.469392,-1.049740,1.050626,-1.050592,-0.800066,-0.000180
cmd,5.610000,17.110000,0.468166,-1.049740,1.050626,-1.050592,-0.800066,-0.000180
cmd,5.615000,17.115000,0.466972,-1.049740,1.050626,-1.050592,-0.800066,-0.000180
cmd,5.620000,17.120000,0.465810,-1.049740,1.050626,-1.050592,-0.800066,-0.000180
cmd,5.625000,17.125000,0.464682,-1.049740,1.050626,-1.050592,-0.800066,-0.000180
cmd,5.630000,17.130000,0.463589,-1.049740,1.050626,-1.050592,-0.800066,-0.000180
cmd,5.635000,17.135000,0.462532,-1.049740,1.050626,-1.050592,-0.800066,-0.000180
cmd,5.640000,17.140000,0.461512,-1.049740,1.050626,-1.050592,-0.800066,-0.000180
cmd,5.645000,17.145000,0.460530,-1.049740,1.050626,-1.050592,-0.800066,-0.000180
cmd,5.650000,17.150000,0.459587,-1.049740,1.050626,-1.050592,-0.800066,-0.000180
cmd,5.655000,17.155000,0.458683,-1.049740,1.050626,-1.050592,-0.800066,-0.000180
cmd,5.660000,17.160000,0.457821,-1.049740,1.050626,-1.050592,-0.800066,-0.000180
cmd,5.665000,17.165000,0.457000,-1.049740,1.050626,-1.050592,-0.800066,-0.000180
cmd,5.670000,17.170000,0.456222,-1.049740,1.050626,-1.050592,-0.800066,-0.000180
cmd,5.675000,17.175000,0.455487,-1.049740,1.050626,-1.050592,-0.800066,-0.000180
cmd,5.680000,17.180000,0.454796,-1.049740,1.050626,-1.050592,-0.800066,-0.000180
cmd,5.685000,17.185000,0.454150,-1.049740,1.050626,-1.050592,-0.800066,-0.000180
cmd,5.690000,17.190000,0.453549,-1.049740,1.050626,-1.050592,-0.800066,-0.000180
cmd,5.695000,17.195000,0.452993,-1.049740,1.050626,-1.050592,-0.800066,-0.000180
cmd,5.700000,17.200000,0.452485,-1.049740,1.050626,-1.050592,-0.800066,-0.000180
cmd,5.705000,17.205000,0.452023,-1.049740,1.050626,-1.050592,-0.800066,-0.000180
cmd,5.710000,17.210000,0.451608,-1.049740,1.050626,-1.050592,-0.800066,-0.000180
cmd,5.715000,17.215000,0.451242,-1.049740,1.050626,-1.050592,-0.800066,-0.000180
cmd,5.720000,17.220000,0.450923,-1.049740,1.050626,-1.050592,-0.800066,-0.000180
cmd,5.725000,17.225000,0.450653,-1.049740,1.050626,-1.050592,-0.800066,-0.000180
cmd,5.730000,17.230000,0.450432,-1.049740,1.050626,-1.050592,-0.800066,-0.000180
cmd,5.735000,17.235000,0.450259,-1.049740,1.050626,-1.050592,-0.800066,-0.000180
cmd,5.740000,17.240000,0.450136,-1.049740,1.050626,-1.050592,-0.800066,-0.000180
cmd,5.745000,17.245000,0.450062,-1.049740,1.050626,-1.050592,-0.800066,-0.000180
cmd,5.750000,17.250000,0.450037,-1.049740,1.050626,-1.050592,-0.800066,-0.000180
cmd,5.755000,17.255000,0.450062,-1.049740,1.050626,-1.050592,-0.800066,-0.000180
cmd,5.760000,17.260000,0.450136,-1.049740,1.050626,-1.050592,-0.800066,-0.000180
cmd,5.765000,17.265000,0.450259,-1.049740,1.050626,-1.050592,-0.800066,-0.000180
cmd,5.770000,17.270000,0.450432,-1.049740,1.050626,-1.050592,-0.800066,-0.000180
cmd,5.775000,17.275000,0.450653,-1.049740,1.050626,-1.050592,-0.800066,-0.000180
cmd,5.780000,17.280000,0.450923,-1.049740,1.050626,-1.050592,-0.800066,-0.000180
cmd,5.785000,17.285000,0.451242,-1.049740,1.050626,-1.050592,-0.800066,-0.000180
cmd,5.790000,17.290000,0.451608,-1.049740,1.050626,-1.050592,-0.800066,-0.000180
cmd,5.795000,17.295000,0.452023,-1.049740,1.050626,-1.050592,-0.800066,-0.000180
cmd,5.800000,17.300000,0.452485,-1.049740,1.050626,-1.050592,-0.800066,-0.000180
cmd,5.805000,17.305000,0.452993,-1.049740,1.050626,-1.050592,-0.800066,-0.000180
cmd,5.810000,17.310000,0.453549,-1.049740,1.050626,-1.050592,-0.800066,-0.000180
cmd,5.815000,17.315000,0.454150,-1.049740,1.050626,-1.050592,-0.800066,-0.000180
cmd,5.820000,17.320000,0.454796,-1.049740,1.050626,-1.050592,-0.800066,-0.000180
cmd,5.825000,17.325000,0.455487,-1.049740,1.050626,-1.050592,-0.800066,-0.000180
cmd,5.830000,17.330000,0.456222,-1.049740,1.050626,-1.050592,-0.800066,-0.000180
cmd,5.835000,17.335000,0.457000,-1.049740,1.050626,-1.050592,-0.800066,-0.000180
cmd,5.840000,17.340000,0.457821,-1.049740,1.050626,-1.050592,-0.800066,-0.000180
cmd,5.845000,17.345000,0.458683,-1.049740,1.050626,-1.050592,-0.800066,-0.000180
cmd,5.850000,17.350000,0.459587,-1.049740,1.050626,-1.050592,-0.800066,-0.000180
cmd,5.855000,17.355000,0.460530,-1.049740,1.050626,-1.050592,-0.800066,-0.000180
cmd,5.860000,17.360000,0.461512,-1.049740,1.050626,-1.050592,-0.800066,-0.000180
cmd,5.865000,17.365000,0.462532,-1.049740,1.050626,-1.050592,-0.800066,-0.000180
cmd,5.870000,17.370000,0.463589,-1.049740,1.050626,-1.050592,-0.800066,-0.000180
cmd,5.875000,17.375000,0.464682,-1.049740,1.050626,-1.050592,-0.800066,-0.000180
cmd,5.880000,17.380000,0.465810,-1.049740,1.050626,-1.050592,-0.800066,-0.000180
cmd,5.885000,17.385000,0.466972,-1.049740,1.050626,-1.050592,-0.800066,-0.000180
cmd,5.890000,17.390000,0.468166,-1.049740,1.050626,-1.050592,-0.800066,-0.000180
cmd,5.895000,17.395000,0.469392,-1.049740,1.050626,-1.050592,-0.800066,-0.000180
cmd,5.900000,17.400000,0.470648,-1.049740,1.050626,-1.050592,-0.800066,-0.000180
cmd,5.905000,17.405000,0.471933,-1.049740,1.050626,-1.050592,-0.800066,-0.000180
cmd,5.910000,17.410000,0.473246,-1.049740,1.050626,-1.050592,-0.800066,-0.000180
cmd,5.915000,17.415000,0.474585,-1.049740,1.050626,-1.050592,-0.800066,-0.000180
cmd,5.920000,17.420000,0.475950,-1.049740,1.050626,-1.050592,-0.800066,-0.000180
cmd,5.925000,17.425000,0.477338,-1.049740,1.050626,-1.050592,-0.800066,-0.000180
cmd,5.930000,17.430000,0.478748,-1.049740,1.050626,-1.050592,-0.800066,-0.000180
cmd,5.935000,17.435000,0.480180,-1.049740,1.050626,-1.050592,-0.800066,-0.000180
cmd,5.940000,17.440000,0.481631,-1.049740,1.050626,-1.050592,-0.800066,-0.000180
cmd,5.945000,17.445000,0.483101,-1.049740,1.050626,-1.050592,-0.800066,-0.000180
cmd,5.950000,17.450000,0.484587,-1.049740,1.050626,-1.050592,-0.800066,-0.000180
cmd,5.955000,17.455000,0.486088,-1.049740,1.050626,-1.050592,-0.800066,-0.000180
cmd,5.960000,17.460000,0.487603,-1.049740,1.050626,-1.050592,-0.800066,-0.000180
cmd,5.965000,17.465000,0.489130,-1.049740,1.050626,-1.050592,-0.800066,-0.000180
cmd,5.970000,17.470000,0.490668,-1.049740,1.050626,-1.050592,-0.800066,-0.000180
cmd,5.975000,17.475000,0.492216,-1.049740,1.050626,-1.050592,-0.800066,-0.000180
cmd,5.980000,17.480000,0.493771,-1.049740,1.050626,-1.050592,-0.800066,-0.000180
cmd,5.985000,17.485000,0.495332,-1.049740,1.050626,-1.050592,-0.800066,-0.000180
cmd,5.990000,17.490000,0.496898,-1.049740,1.050626,-1.050592,-0.800066,-0.000180
cmd,5.995000,17.495000,0.498467,-1.049740,1.050626,-1.050592,-0.800066,-0.000180
cmd,6.000000,17.500000,0.500037,-1.049740,1.050626,-1.050592,-0.800066,-0.000180
cmd,6.005000,17.505000,0.501608,-1.049740,1.050626,-1.050592,-0.800066,-0.000180
cmd,6.010000,17.510000,0.503177,-1.049740,1.050626,-1.050592,-0.800066,-0.000180
cmd,6.015000,17.515000,0.504743,-1.049740,1.050626,-1.050592,-0.800066,-0.000180
cmd,6.020000,17.520000,0.506304,-1.049740,1.050626,-1.050592,-0.800066,-0.000180
cmd,6.025000,17.525000,0.507859,-1.049740,1.050626,-1.050592,-0.800066,-0.000180
cmd,6.030000,17.530000,0.509407,-1.049740,1.050626,-1.050592,-0.800066,-0.000180
cmd,6.035000,17.535000,0.510945,-1.049740,1.050626,-1.050592,-0.800066,-0.000180
cmd,6.040000,17.540000,0.512472,-1.049740,1.050626,-1.050592,-0.800066,-0.000180
cmd,6.045000,17.545000,0.513987,-1.049740,1.050626,-1.050592,-0.800066,-0.000180
cmd,6.050000,17.550000,0.515488,-1.049740,1.050626,-1.050592,-0.800066,-0.000180
cmd,6.055000,17.555000,0.516974,-1.049740,1.050626,-1.050592,-0.800066,-0.000180
cmd,6.060000,17.560000,0.518444,-1.049740,1.050626,-1.050592,-0.800066,-0.000180
cmd,6.065000,17.565000,0.519895,-1.049740,1.050626,-1.050592,-0.800066,-0.000180
cmd,6.070000,17.570000,0.521326,-1.049740,1.050626,-1.050592,-0.800066,-0.000180
cmd,6.075000,17.575000,0.522737,-1.049740,1.050626,-1.050592,-0.800066,-0.000180
cmd,6.080000,17.580000,0.524125,-1.049740,1.050626,-1.050592,-0.800066,-0.000180
cmd,6.085000,17.585000,0.525490,-1.049740,1.050626,-1.050592,-0.800066,-0.000180
cmd,6.090000,17.590000,0.526829,-1.049740,1.050626,-1.050592,-0.800066,-0.000180
cmd,6.095000,17.595000,0.528142,-1.049740,1.050626,-1.050592,-0.800066,-0.000180
cmd,6.100000,17.600000,0.529427,-1.049740,1.050626,-1.050592,-0.800066,-0.000180
cmd,6.105000,17.605000,0.530683,-1.049740,1.050626,-1.050592,-0.800066,-0.000180
cmd,6.110000,17.610000,0.531909,-1.049740,1.050626,-1.050592,-0.800066,-0.000180
cmd,6.115000,17.615000,0.533103,-1.049740,1.050626,-1.050592,-0.800066,-0.000180
cmd,6.120000,17.620000,0.534265,-1.049740,1.050626,-1.050592,-0.800066,-0.000180
cmd,6.125000,17.625000,0.535393,-1.049740,1.050626,-1.050592,-0.800066,-0.000180
cmd,6.130000,17.630000,0.536486,-1.049740,1.050626,-1.050592,-0.800066,-0.000180
cmd,6.135000,17.635000,0.537543,-1.049740,1.050626,-1.050592,-0.800066,-0.000180
cmd,6.140000,17.640000,0.538563,-1.049740,1.050626,-1.050592,-0.800066,-0.000180
cmd,6.145000,17.645000,0.539545,-1.049740,1.050626,-1.050592,-0.800066,-0.000180
cmd,6.150000,17.650000,0.540488,-1.049740,1.050626,-1.050592,-0.800066,-0.000180
cmd,6.155000,17.655000,0.541391,-1.049740,1.050626,-1.050592,-0.800066,-0.000180
cmd,6.160000,17.660000,0.542254,-1.049740,1.050626,-1.050592,-0.800066,-0.000180
cmd,6.165000,17.665000,0.543075,-1.049740,1.050626,-1.050592,-0.800066,-0.000180
cmd,6.170000,17.670000,0.543853,-1.049740,1.050626,-1.050592,-0.800066,-0.000180
cmd,6.175000,17.675000,0.544588,-1.049740,1.050626,-1.050592,-0.800066,-0.000180
cmd,6.180000,17.680000,0.545279,-1.049740,1.050626,-1.050592,-0.800066,-0.000180
cmd,6.185000,17.685000,0.545925,-1.049740,1.050626,-1.050592,-0.800066,-0.000180
cmd,6.190000,17.690000,0.546526,-1.049740,1.050626,-1.050592,-0.800066,-0.000180
cmd,6.195000,17.695000,0.547081,-1.049740,1.050626,-1.050592,-0.800066,-0.000180
cmd,6.200000,17.700000,0.547590,-1.049740,1.050626,-1.050592,-0.800066,-0.000180
cmd,6.205000,17.705000,0.548052,-1.049740,1.050626,-1.050592,-0.800066,-0.000180
cmd,6.210000,17.710000,0.548467,-1.049740,1.050626,-1.050592,-0.800066,-0.000180
cmd,6.215000,17.715000,0.548833,-1.049740,1.050626,-1.050592,-0.800066,-0.000180
cmd,6.220000,17.720000,0.549152,-1.049740,1.050626,-1.050592,-0.800066,-0.000180
cmd,6.225000,17.725000,0.549422,-1.049740,1.050626,-1.050592,-0.800066,-0.000180
cmd,6.230000,17.730000,0.549643,-1.049740,1.050626,-1.050592,-0.800066,-0.000180
cmd,6.235000,17.735000,0.549816,-1.049740,1.050626,-1.050592,-0.800066,-0.000180
cmd,6.240000,17.740000,0.549939,-1.049740,1.050626,-1.050592,-0.800066,-0.000180
cmd,6.245000,17.745000,0.550013,-1.049740,1.050626,-1.050592,-0.800066,-0.000180
cmd,6.250000,17.750000,0.550037,-1.049740,1.050626,-1.050592,-0.800066,-0.000180
cmd,6.255000,17.755000,0.550013,-1.049740,1.050626,-1.050592,-0.800066,-0.000180
cmd,6.260000,17.760000,0.549939,-1.049740,1.050626,-1.050592,-0.800066,-0.000180
cmd,6.265000,17.765000,0.549816,-1.049740,1.050626,-1.050592,-0.800066,-0.000180
cmd,6.270000,17.770000,0.549643,-1.049740,1.050626,-1.050592,-0.800066,-0.000180
cmd,6.275000,17.775000,0.549422,-1.049740,1.050626,-1.050592,-0.800066,-0.000180
cmd,6.280000,17.780000,0.549152,-1.049740,1.050626,-1.050592,-0.800066,-0.000180
cmd,6.285000,17.785000,0.548833,-1.049740,1.050626,-1.050592,-0.800066,-0.000180
cmd,6.290000,17.790000,0.548467,-1.049740,1.050626,-1.050592,-0.800066,-0.000180
cmd,6.295000,17.795000,0.548052,-1.049740,1.050626,-1.050592,-0.800066,-0.000180
cmd,6.300000,17.800000,0.547590,-1.049740,1.050626,-1.050592,-0.800066,-0.000180
cmd,6.305000,17.805000,0.547081,-1.049740,1.050626,-1.050592,-0.800066,-0.000180
cmd,6.310000,17.810000,0.546526,-1.049740,1.050626,-1.050592,-0.800066,-0.000180
cmd,6.315000,17.815000,0.545925,-1.049740,1.050626,-1.050592,-0.800066,-0.000180
cmd,6.320000,17.820000,0.545279,-1.049740,1.050626,-1.050592,-0.800066,-0.000180
cmd,6.325000,17.825000,0.544588,-1.049740,1.050626,-1.050592,-0.800066,-0.000180
cmd,6.330000,17.830000,0.543853,-1.049740,1.050626,-1.050592,-0.800066,-0.000180
cmd,6.335000,17.835000,0.543075,-1.049740,1.050626,-1.050592,-0.800066,-0.000180
cmd,6.340000,17.840000,0.542254,-1.049740,1.050626,-1.050592,-0.800066,-0.000180
cmd,6.345000,17.845000,0.541391,-1.049740,1.050626,-1.050592,-0.800066,-0.000180
cmd,6.350000,17.850000,0.540488,-1.049740,1.050626,-1.050592,-0.800066,-0.000180
cmd,6.355000,17.855000,0.539545,-1.049740,1.050626,-1.050592,-0.800066,-0.000180
cmd,6.360000,17.860000,0.538563,-1.049740,1.050626,-1.050592,-0.800066,-0.000180
cmd,6.365000,17.865000,0.537543,-1.049740,1.050626,-1.050592,-0.800066,-0.000180
cmd,6.370000,17.870000,0.536486,-1.049740,1.050626,-1.050592,-0.800066,-0.000180
cmd,6.375000,17.875000,0.535393,-1.049740,1.050626,-1.050592,-0.800066,-0.000180
cmd,6.380000,17.880000,0.534265,-1.049740,1.050626,-1.050592,-0.800066,-0.000180
cmd,6.385000,17.885000,0.533103,-1.049740,1.050626,-1.050592,-0.800066,-0.000180
cmd,6.390000,17.890000,0.531909,-1.049740,1.050626,-1.050592,-0.800066,-0.000180
cmd,6.395000,17.895000,0.530683,-1.049740,1.050626,-1.050592,-0.800066,-0.000180
cmd,6.400000,17.900000,0.529427,-1.049740,1.050626,-1.050592,-0.800066,-0.000180
cmd,6.405000,17.905000,0.528142,-1.049740,1.050626,-1.050592,-0.800066,-0.000180
cmd,6.410000,17.910000,0.526829,-1.049740,1.050626,-1.050592,-0.800066,-0.000180
cmd,6.415000,17.915000,0.525490,-1.049740,1.050626,-1.050592,-0.800066,-0.000180
cmd,6.420000,17.920000,0.524125,-1.049740,1.050626,-1.050592,-0.800066,-0.000180
cmd,6.425000,17.925000,0.522737,-1.049740,1.050626,-1.050592,-0.800066,-0.000180
cmd,6.430000,17.930000,0.521326,-1.049740,1.050626,-1.050592,-0.800066,-0.000180
cmd,6.435000,17.935000,0.519895,-1.049740,1.050626,-1.050592,-0.800066,-0.000180
cmd,6.440000,17.940000,0.518444,-1.049740,1.050626,-1.050592,-0.800066,-0.000180
cmd,6.445000,17.945000,0.516974,-1.049740,1.050626,-1.050592,-0.800066,-0.000180
cmd,6.450000,17.950000,0.515488,-1.049740,1.050626,-1.050592,-0.800066,-0.000180
cmd,6.455000,17.955000,0.513987,-1.049740,1.050626,-1.050592,-0.800066,-0.000180
cmd,6.460000,17.960000,0.512472,-1.049740,1.050626,-1.050592,-0.800066,-0.000180
cmd,6.465000,17.965000,0.510945,-1.049740,1.050626,-1.050592,-0.800066,-0.000180
cmd,6.470000,17.970000,0.509407,-1.049740,1.050626,-1.050592,-0.800066,-0.000180
cmd,6.475000,17.975000,0.507859,-1.049740,1.050626,-1.050592,-0.800066,-0.000180
cmd,6.480000,17.980000,0.506304,-1.049740,1.050626,-1.050592,-0.800066,-0.000180
cmd,6.485000,17.985000,0.504743,-1.049740,1.050626,-1.050592,-0.800066,-0.000180
cmd,6.490000,17.990000,0.503177,-1.049740,1.050626,-1.050592,-0.800066,-0.000180
cmd,6.495000,17.995000,0.501608,-1.049740,1.050626,-1.050592,-0.800066,-0.000180
cmd,6.500000,18.000000,0.500037,-1.049740,1.050626,-1.050592,-0.800066,-0.000180
cmd,6.505000,18.005000,0.498467,-1.049740,1.050626,-1.050592,-0.800066,-0.000180
cmd,6.510000,18.010000,0.496898,-1.049740,1.050626,-1.050592,-0.800066,-0.000180
cmd,6.515000,18.015000,0.495332,-1.049740,1.050626,-1.050592,-0.800066,-0.000180
cmd,6.520000,18.020000,0.493771,-1.049740,1.050626,-1.050592,-0.800066,-0.000180
cmd,6.525000,18.025000,0.492216,-1.049740,1.050626,-1.050592,-0.800066,-0.000180
cmd,6.530000,18.030000,0.490668,-1.049740,1.050626,-1.050592,-0.800066,-0.000180
cmd,6.535000,18.035000,0.489130,-1.049740,1.050626,-1.050592,-0.800066,-0.000180
cmd,6.540000,18.040000,0.487603,-1.049740,1.050626,-1.050592,-0.800066,-0.000180
cmd,6.545000,18.045000,0.486088,-1.049740,1.050626,-1.050592,-0.800066,-0.000180
cmd,6.550000,18.050000,0.484587,-1.049740,1.050626,-1.050592,-0.800066,-0.000180
cmd,6.555000,18.055000,0.483101,-1.049740,1.050626,-1.050592,-0.800066,-0.000180
cmd,6.560000,18.060000,0.481631,-1.049740,1.050626,-1.050592,-0.800066,-0.000180
cmd,6.565000,18.065000,0.480180,-1.049740,1.050626,-1.050592,-0.800066,-0.000180
cmd,6.570000,18.070000,0.478748,-1.049740,1.050626,-1.050592,-0.800066,-0.000180
cmd,6.575000,18.075000,0.477338,-1.049740,1.050626,-1.050592,-0.800066,-0.000180
cmd,6.580000,18.080000,0.475950,-1.049740,1.050626,-1.050592,-0.800066,-0.000180
cmd,6.585000,18.085000,0.474585,-1.049740,1.050626,-1.050592,-0.800066,-0.000180
cmd,6.590000,18.090000,0.473246,-1.049740,1.050626,-1.050592,-0.800066,-0.000180
cmd,6.595000,18.095000,0.471933,-1.049740,1.050626,-1.050592,-0.800066,-0.000180
cmd,6.600000,18.100000,0.470648,-1.049740,1.050626,-1.050592,-0.800066,-0.000180
cmd,6.605000,18.105000,0.469392,-1.049740,1.050626,-1.050592,-0.800066,-0.000180
cmd,6.610000,18.110000,0.468166,-1.049740,1.050626,-1.050592,-0.800066,-0.000180
cmd,6.615000,18.115000,0.466972,-1.049740,1.050626,-1.050592,-0.800066,-0.000180
cmd,6.620000,18.120000,0.465810,-1.049740,1.050626,-1.050592,-0.800066,-0.000180
cmd,6.625000,18.125000,0.464682,-1.049740,1.050626,-1.050592,-0.800066,-0.000180
cmd,6.630000,18.130000,0.463589,-1.049740,1.050626,-1.050592,-0.800066,-0.000180
cmd,6.635000,18.135000,0.462532,-1.049740,1.050626,-1.050592,-0.800066,-0.000180
cmd,6.640000,18.140000,0.461512,-1.049740,1.050626,-1.050592,-0.800066,-0.000180
cmd,6.645000,18.145000,0.460530,-1.049740,1.050626,-1.050592,-0.800066,-0.000180
cmd,6.650000,18.150000,0.459587,-1.049740,1.050626,-1.050592,-0.800066,-0.000180
cmd,6.655000,18.155000,0.458683,-1.049740,1.050626,-1.050592,-0.800066,-0.000180
cmd,6.660000,18.160000,0.457821,-1.049740,1.050626,-1.050592,-0.800066,-0.000180
cmd,6.665000,18.165000,0.457000,-1.049740,1.050626,-1.050592,-0.800066,-0.000180
cmd,6.670000,18.170000,0.456222,-1.049740,1.050626,-1.050592,-0.800066,-0.000180
cmd,6.675000,18.175000,0.455487,-1.049740,1.050626,-1.050592,-0.800066,-0.000180
cmd,6.680000,18.180000,0.454796,-1.049740,1.050626,-1.050592,-0.800066,-0.000180
cmd,6.685000,18.185000,0.454150,-1.049740,1.050626,-1.050592,-0.800066,-0.000180
cmd,6.690000,18.190000,0.453549,-1.049740,1.050626,-1.050592,-0.800066,-0.000180
cmd,6.695000,18.195000,0.452993,-1.049740,1.050626,-1.050592,-0.800066,-0.000180
cmd,6.700000,18.200000,0.452485,-1.049740,1.050626,-1.050592,-0.800066,-0.000180
cmd,6.705000,18.205000,0.452023,-1.049740,1.050626,-1.050592,-0.800066,-0.000180
cmd,6.710000,18.210000,0.451608,-1.049740,1.050626,-1.050592,-0.800066,-0.000180
cmd,6.715000,18.215000,0.451242,-1.049740,1.050626,-1.050592,-0.800066,-0.000180
cmd,6.720000,18.220000,0.450923,-1.049740,1.050626,-1.050592,-0.800066,-0.000180
cmd,6.725000,18.225000,0.450653,-1.049740,1.050626,-1.050592,-0.800066,-0.000180
cmd,6.730000,18.230000,0.450432,-1.049740,1.050626,-1.050592,-0.800066,-0.000180
cmd,6.735000,18.235000,0.450259,-1.049740,1.050626,-1.050592,-0.800066,-0.000180
cmd,6.740000,18.240000,0.450136,-1.049740,1.050626,-1.050592,-0.800066,-0.000180
cmd,6.745000,18.245000,0.450062,-1.049740,1.050626,-1.050592,-0.800066,-0.000180
cmd,6.750000,18.250000,0.450037,-1.049740,1.050626,-1.050592,-0.800066,-0.000180
cmd,6.755000,18.255000,0.450062,-1.049740,1.050626,-1.050592,-0.800066,-0.000180
cmd,6.760000,18.260000,0.450136,-1.049740,1.050626,-1.050592,-0.800066,-0.000180
cmd,6.765000,18.265000,0.450259,-1.049740,1.050626,-1.050592,-0.800066,-0.000180
cmd,6.770000,18.270000,0.450432,-1.049740,1.050626,-1.050592,-0.800066,-0.000180
cmd,6.775000,18.275000,0.450653,-1.049740,1.050626,-1.050592,-0.800066,-0.000180
cmd,6.780000,18.280000,0.450923,-1.049740,1.050626,-1.050592,-0.800066,-0.000180
cmd,6.785000,18.285000,0.451242,-1.049740,1.050626,-1.050592,-0.800066,-0.000180
cmd,6.790000,18.290000,0.451608,-1.049740,1.050626,-1.050592,-0.800066,-0.000180
cmd,6.795000,18.295000,0.452023,-1.049740,1.050626,-1.050592,-0.800066,-0.000180
cmd,6.800000,18.300000,0.452485,-1.049740,1.050626,-1.050592,-0.800066,-0.000180
cmd,6.805000,18.305000,0.452993,-1.049740,1.050626,-1.050592,-0.800066,-0.000180
cmd,6.810000,18.310000,0.453549,-1.049740,1.050626,-1.050592,-0.800066,-0.000180
cmd,6.815000,18.315000,0.454150,-1.049740,1.050626,-1.050592,-0.800066,-0.000180
cmd,6.820000,18.320000,0.454796,-1.049740,1.050626,-1.050592,-0.800066,-0.000180
cmd,6.825000,18.325000,0.455487,-1.049740,1.050626,-1.050592,-0.800066,-0.000180
cmd,6.830000,18.330000,0.456222,-1.049740,1.050626,-1.050592,-0.800066,-0.000180
cmd,6.835000,18.335000,0.457000,-1.049740,1.050626,-1.050592,-0.800066,-0.000180
cmd,6.840000,18.340000,0.457821,-1.049740,1.050626,-1.050592,-0.800066,-0.000180
cmd,6.845000,18.345000,0.458683,-1.049740,1.050626,-1.050592,-0.800066,-0.000180
cmd,6.850000,18.350000,0.459587,-1.049740,1.050626,-1.050592,-0.800066,-0.000180
cmd,6.855000,18.355000,0.460530,-1.049740,1.050626,-1.050592,-0.800066,-0.000180
cmd,6.860000,18.360000,0.461512,-1.049740,1.050626,-1.050592,-0.800066,-0.000180
cmd,6.865000,18.365000,0.462532,-1.049740,1.050626,-1.050592,-0.800066,-0.000180
cmd,6.870000,18.370000,0.463589,-1.049740,1.050626,-1.050592,-0.800066,-0.000180
cmd,6.875000,18.375000,0.464682,-1.049740,1.050626,-1.050592,-0.800066,-0.000180
cmd,6.880000,18.380000,0.465810,-1.049740,1.050626,-1.050592,-0.800066,-0.000180
cmd,6.885000,18.385000,0.466972,-1.049740,1.050626,-1.050592,-0.800066,-0.000180
cmd,6.890000,18.390000,0.468166,-1.049740,1.050626,-1.050592,-0.800066,-0.000180
cmd,6.895000,18.395000,0.469392,-1.049740,1.050626,-1.050592,-0.800066,-0.000180
cmd,6.900000,18.400000,0.470648,-1.049740,1.050626,-1.050592,-0.800066,-0.000180
cmd,6.905000,18.405000,0.471933,-1.049740,1.050626,-1.050592,-0.800066,-0.000180
cmd,6.910000,18.410000,0.473246,-1.049740,1.050626,-1.050592,-0.800066,-0.000180
cmd,6.915000,18.415000,0.474585,-1.049740,1.050626,-1.050592,-0.800066,-0.000180
cmd,6.920000,18.420000,0.475950,-1.049740,1.050626,-1.050592,-0.800066,-0.000180
cmd,6.925000,18.425000,0.477338,-1.049740,1.050626,-1.050592,-0.800066,-0.000180
cmd,6.930000,18.430000,0.478748,-1.049740,1.050626,-1.050592,-0.800066,-0.000180
cmd,6.935000,18.435000,0.480180,-1.049740,1.050626,-1.050592,-0.800066,-0.000180
cmd,6.940000,18.440000,0.481631,-1.049740,1.050626,-1.050592,-0.800066,-0.000180
cmd,6.945000,18.445000,0.483101,-1.049740,1.050626,-1.050592,-0.800066,-0.000180
cmd,6.950000,18.450000,0.484587,-1.049740,1.050626,-1.050592,-0.800066,-0.000180
cmd,6.955000,18.455000,0.486088,-1.049740,1.050626,-1.050592,-0.800066,-0.000180
cmd,6.960000,18.460000,0.487603,-1.049740,1.050626,-1.050592,-0.800066,-0.000180
cmd,6.965000,18.465000,0.489130,-1.049740,1.050626,-1.050592,-0.800066,-0.000180
cmd,6.970000,18.470000,0.490668,-1.049740,1.050626,-1.050592,-0.800066,-0.000180
cmd,6.975000,18.475000,0.492216,-1.049740,1.050626,-1.050592,-0.800066,-0.000180
cmd,6.980000,18.480000,0.493771,-1.049740,1.050626,-1.050592,-0.800066,-0.000180
cmd,6.985000,18.485000,0.495332,-1.049740,1.050626,-1.050592,-0.800066,-0.000180
cmd,6.990000,18.490000,0.496898,-1.049740,1.050626,-1.050592,-0.800066,-0.000180
cmd,6.995000,18.495000,0.498467,-1.049740,1.050626,-1.050592,-0.800066,-0.000180
cmd,7.000000,18.500000,0.500037,-1.049740,1.050626,-1.050592,-0.800066,-0.000180
cmd,7.005000,18.505000,0.501608,-1.049740,1.050626,-1.050592,-0.800066,-0.000180
cmd,7.010000,18.510000,0.503177,-1.049740,1.050626,-1.050592,-0.800066,-0.000180
cmd,7.015000,18.515000,0.504743,-1.049740,1.050626,-1.050592,-0.800066,-0.000180
cmd,7.020000,18.520000,0.506304,-1.049740,1.050626,-1.050592,-0.800066,-0.000180
cmd,7.025000,18.525000,0.507859,-1.049740,1.050626,-1.050592,-0.800066,-0.000180
cmd,7.030000,18.530000,0.509407,-1.049740,1.050626,-1.050592,-0.800066,-0.000180
cmd,7.035000,18.535000,0.510945,-1.049740,1.050626,-1.050592,-0.800066,-0.000180
cmd,7.040000,18.540000,0.512472,-1.049740,1.050626,-1.050592,-0.800066,-0.000180
cmd,7.045000,18.545000,0.513987,-1.049740,1.050626,-1.050592,-0.800066,-0.000180
cmd,7.050000,18.550000,0.515488,-1.049740,1.050626,-1.050592,-0.800066,-0.000180
cmd,7.055000,18.555000,0.516974,-1.049740,1.050626,-1.050592,-0.800066,-0.000180
cmd,7.060000,18.560000,0.518444,-1.049740,1.050626,-1.050592,-0.800066,-0.000180
cmd,7.065000,18.565000,0.519895,-1.049740,1.050626,-1.050592,-0.800066,-0.000180
cmd,7.070000,18.570000,0.521326,-1.049740,1.050626,-1.050592,-0.800066,-0.000180
cmd,7.075000,18.575000,0.522737,-1.049740,1.050626,-1.050592,-0.800066,-0.000180
cmd,7.080000,18.580000,0.524125,-1.049740,1.050626,-1.050592,-0.800066,-0.000180
cmd,7.085000,18.585000,0.525490,-1.049740,1.050626,-1.050592,-0.800066,-0.000180
cmd,7.090000,18.590000,0.526829,-1.049740,1.050626,-1.050592,-0.800066,-0.000180
cmd,7.095000,18.595000,0.528142,-1.049740,1.050626,-1.050592,-0.800066,-0.000180
cmd,7.100000,18.600000,0.529427,-1.049740,1.050626,-1.050592,-0.800066,-0.000180
cmd,7.105000,18.605000,0.530683,-1.049740,1.050626,-1.050592,-0.800066,-0.000180
cmd,7.110000,18.610000,0.531909,-1.049740,1.050626,-1.050592,-0.800066,-0.000180
cmd,7.115000,18.615000,0.533103,-1.049740,1.050626,-1.050592,-0.800066,-0.000180
cmd,7.120000,18.620000,0.534265,-1.049740,1.050626,-1.050592,-0.800066,-0.000180
cmd,7.125000,18.625000,0.535393,-1.049740,1.050626,-1.050592,-0.800066,-0.000180
cmd,7.130000,18.630000,0.536486,-1.049740,1.050626,-1.050592,-0.800066,-0.000180
cmd,7.135000,18.635000,0.537543,-1.049740,1.050626,-1.050592,-0.800066,-0.000180
cmd,7.140000,18.640000,0.538563,-1.049740,1.050626,-1.050592,-0.800066,-0.000180
cmd,7.145000,18.645000,0.539545,-1.049740,1.050626,-1.050592,-0.800066,-0.000180
cmd,7.150000,18.650000,0.540488,-1.049740,1.050626,-1.050592,-0.800066,-0.000180
cmd,7.155000,18.655000,0.541391,-1.049740,1.050626,-1.050592,-0.800066,-0.000180
cmd,7.160000,18.660000,0.542254,-1.049740,1.050626,-1.050592,-0.800066,-0.000180
cmd,7.165000,18.665000,0.543075,-1.049740,1.050626,-1.050592,-0.800066,-0.000180
cmd,7.170000,18.670000,0.543853,-1.049740,1.050626,-1.050592,-0.800066,-0.000180
cmd,7.175000,18.675000,0.544588,-1.049740,1.050626,-1.050592,-0.800066,-0.000180
cmd,7.180000,18.680000,0.545279,-1.049740,1.050626,-1.050592,-0.800066,-0.000180
cmd,7.185000,18.685000,0.545925,-1.049740,1.050626,-1.050592,-0.800066,-0.000180
cmd,7.190000,18.690000,0.546526,-1.049740,1.050626,-1.050592,-0.800066,-0.000180
cmd,7.195000,18.695000,0.547081,-1.049740,1.050626,-1.050592,-0.800066,-0.000180
cmd,7.200000,18.700000,0.547590,-1.049740,1.050626,-1.050592,-0.800066,-0.000180
cmd,7.205000,18.705000,0.548052,-1.049740,1.050626,-1.050592,-0.800066,-0.000180
cmd,7.210000,18.710000,0.548467,-1.049740,1.050626,-1.050592,-0.800066,-0.000180
cmd,7.215000,18.715000,0.548833,-1.049740,1.050626,-1.050592,-0.800066,-0.000180
cmd,7.220000,18.720000,0.549152,-1.049740,1.050626,-1.050592,-0.800066,-0.000180
cmd,7.225000,18.725000,0.549422,-1.049740,1.050626,-1.050592,-0.800066,-0.000180
cmd,7.230000,18.730000,0.549643,-1.049740,1.050626,-1.050592,-0.800066,-0.000180
cmd,7.235000,18.735000,0.549816,-1.049740,1.050626,-1.050592,-0.800066,-0.000180
cmd,7.240000,18.740000,0.549939,-1.049740,1.050626,-1.050592,-0.800066,-0.000180
cmd,7.245000,18.745000,0.550013,-1.049740,1.050626,-1.050592,-0.800066,-0.000180
cmd,7.250000,18.750000,0.550037,-1.049740,1.050626,-1.050592,-0.800066,-0.000180
cmd,7.255000,18.755000,0.550013,-1.049740,1.050626,-1.050592,-0.800066,-0.000180
cmd,7.260000,18.760000,0.549939,-1.049740,1.050626,-1.050592,-0.800066,-0.000180
cmd,7.265000,18.765000,0.549816,-1.049740,1.050626,-1.050592,-0.800066,-0.000180
cmd,7.270000,18.770000,0.549643,-1.049740,1.050626,-1.050592,-0.800066,-0.000180
cmd,7.275000,18.775000,0.549422,-1.049740,1.050626,-1.050592,-0.800066,-0.000180
cmd,7.280000,18.780000,0.549152,-1.049740,1.050626,-1.050592,-0.800066,-0.000180
cmd,7.285000,18.785000,0.548833,-1.049740,1.050626,-1.050592,-0.800066,-0.000180
cmd,7.290000,18.790000,0.548467,-1.049740,1.050626,-1.050592,-0.800066,-0.000180
cmd,7.295000,18.795000,0.548052,-1.049740,1.050626,-1.050592,-0.800066,-0.000180
cmd,7.300000,18.800000,0.547590,-1.049740,1.050626,-1.050592,-0.800066,-0.000180
cmd,7.305000,18.805000,0.547081,-1.049740,1.050626,-1.050592,-0.800066,-0.000180
cmd,7.310000,18.810000,0.546526,-1.049740,1.050626,-1.050592,-0.800066,-0.000180
cmd,7.315000,18.815000,0.545925,-1.049740,1.050626,-1.050592,-0.800066,-0.000180
cmd,7.320000,18.820000,0.545279,-1.049740,1.050626,-1.050592,-0.800066,-0.000180
cmd,7.325000,18.825000,0.544588,-1.049740,1.050626,-1.050592,-0.800066,-0.000180
cmd,7.330000,18.830000,0.543853,-1.049740,1.050626,-1.050592,-0.800066,-0.000180
cmd,7.335000,18.835000,0.543075,-1.049740,1.050626,-1.050592,-0.800066,-0.000180
cmd,7.340000,18.840000,0.542254,-1.049740,1.050626,-1.050592,-0.800066,-0.000180
cmd,7.345000,18.845000,0.541391,-1.049740,1.050626,-1.050592,-0.800066,-0.000180
cmd,7.350000,18.850000,0.540488,-1.049740,1.050626,-1.050592,-0.800066,-0.000180
cmd,7.355000,18.855000,0.539545,-1.049740,1.050626,-1.050592,-0.800066,-0.000180
cmd,7.360000,18.860000,0.538563,-1.049740,1.050626,-1.050592,-0.800066,-0.000180
cmd,7.365000,18.865000,0.537543,-1.049740,1.050626,-1.050592,-0.800066,-0.000180
cmd,7.370000,18.870000,0.536486,-1.049740,1.050626,-1.050592,-0.800066,-0.000180
cmd,7.375000,18.875000,0.535393,-1.049740,1.050626,-1.050592,-0.800066,-0.000180
cmd,7.380000,18.880000,0.534265,-1.049740,1.050626,-1.050592,-0.800066,-0.000180
cmd,7.385000,18.885000,0.533103,-1.049740,1.050626,-1.050592,-0.800066,-0.000180
cmd,7.390000,18.890000,0.531909,-1.049740,1.050626,-1.050592,-0.800066,-0.000180
cmd,7.395000,18.895000,0.530683,-1.049740,1.050626,-1.050592,-0.800066,-0.000180
cmd,7.400000,18.900000,0.529427,-1.049740,1.050626,-1.050592,-0.800066,-0.000180
cmd,7.405000,18.905000,0.528142,-1.049740,1.050626,-1.050592,-0.800066,-0.000180
cmd,7.410000,18.910000,0.526829,-1.049740,1.050626,-1.050592,-0.800066,-0.000180
cmd,7.415000,18.915000,0.525490,-1.049740,1.050626,-1.050592,-0.800066,-0.000180
cmd,7.420000,18.920000,0.524125,-1.049740,1.050626,-1.050592,-0.800066,-0.000180
cmd,7.425000,18.925000,0.522737,-1.049740,1.050626,-1.050592,-0.800066,-0.000180
cmd,7.430000,18.930000,0.521326,-1.049740,1.050626,-1.050592,-0.800066,-0.000180
cmd,7.435000,18.935000,0.519895,-1.049740,1.050626,-1.050592,-0.800066,-0.000180
cmd,7.440000,18.940000,0.518444,-1.049740,1.050626,-1.050592,-0.800066,-0.000180
cmd,7.445000,18.945000,0.516974,-1.049740,1.050626,-1.050592,-0.800066,-0.000180
cmd,7.450000,18.950000,0.515488,-1.049740,1.050626,-1.050592,-0.800066,-0.000180
cmd,7.455000,18.955000,0.513987,-1.049740,1.050626,-1.050592,-0.800066,-0.000180
cmd,7.460000,18.960000,0.512472,-1.049740,1.050626,-1.050592,-0.800066,-0.000180
cmd,7.465000,18.965000,0.510945,-1.049740,1.050626,-1.050592,-0.800066,-0.000180
cmd,7.470000,18.970000,0.509407,-1.049740,1.050626,-1.050592,-0.800066,-0.000180
cmd,7.475000,18.975000,0.507859,-1.049740,1.050626,-1.050592,-0.800066,-0.000180
cmd,7.480000,18.980000,0.506304,-1.049740,1.050626,-1.050592,-0.800066,-0.000180
cmd,7.485000,18.985000,0.504743,-1.049740,1.050626,-1.050592,-0.800066,-0.000180
cmd,7.490000,18.990000,0.503177,-1.049740,1.050626,-1.050592,-0.800066,-0.000180
cmd,7.495000,18.995000,0.501608,-1.049740,1.050626,-1.050592,-0.800066,-0.000180
cmd,7.500000,19.000000,0.500037,-1.049740,1.050626,-1.050592,-0.800066,-0.000180
cmd,7.505000,19.005000,0.498467,-1.049740,1.050626,-1.050592,-0.800066,-0.000180
cmd,7.510000,19.010000,0.496898,-1.049740,1.050626,-1.050592,-0.800066,-0.000180
cmd,7.515000,19.015000,0.495332,-1.049740,1.050626,-1.050592,-0.800066,-0.000180
cmd,7.520000,19.020000,0.493771,-1.049740,1.050626,-1.050592,-0.800066,-0.000180
cmd,7.525000,19.025000,0.492216,-1.049740,1.050626,-1.050592,-0.800066,-0.000180
cmd,7.530000,19.030000,0.490668,-1.049740,1.050626,-1.050592,-0.800066,-0.000180
cmd,7.535000,19.035000,0.489130,-1.049740,1.050626,-1.050592,-0.800066,-0.000180
cmd,7.540000,19.040000,0.487603,-1.049740,1.050626,-1.050592,-0.800066,-0.000180
cmd,7.545000,19.045000,0.486088,-1.049740,1.050626,-1.050592,-0.800066,-0.000180
cmd,7.550000,19.050000,0.484587,-1.049740,1.050626,-1.050592,-0.800066,-0.000180
cmd,7.555000,19.055000,0.483101,-1.049740,1.050626,-1.050592,-0.800066,-0.000180
cmd,7.560000,19.060000,0.481631,-1.049740,1.050626,-1.050592,-0.800066,-0.000180
cmd,7.565000,19.065000,0.480180,-1.049740,1.050626,-1.050592,-0.800066,-0.000180
cmd,7.570000,19.070000,0.478748,-1.049740,1.050626,-1.050592,-0.800066,-0.000180
cmd,7.575000,19.075000,0.477338,-1.049740,1.050626,-1.050592,-0.800066,-0.000180
cmd,7.580000,19.080000,0.475950,-1.049740,1.050626,-1.050592,-0.800066,-0.000180
cmd,7.585000,19.085000,0.474585,-1.049740,1.050626,-1.050592,-0.800066,-0.000180
cmd,7.590000,19.090000,0.473246,-1.049740,1.050626,-1.050592,-0.800066,-0.000180
cmd,7.595000,19.095000,0.471933,-1.049740,1.050626,-1.050592,-0.800066,-0.000180
cmd,7.600000,19.100000,0.470648,-1.049740,1.050626,-1.050592,-0.800066,-0.000180
cmd,7.605000,19.105000,0.469392,-1.049740,1.050626,-1.050592,-0.800066,-0.000180
cmd,7.610000,19.110000,0.468166,-1.049740,1.050626,-1.050592,-0.800066,-0.000180
cmd,7.615000,19.115000,0.466972,-1.049740,1.050626,-1.050592,-0.800066,-0.000180
cmd,7.620000,19.120000,0.465810,-1.049740,1.050626,-1.050592,-0.800066,-0.000180
cmd,7.625000,19.125000,0.464682,-1.049740,1.050626,-1.050592,-0.800066,-0.000180
cmd,7.630000,19.130000,0.463589,-1.049740,1.050626,-1.050592,-0.800066,-0.000180
cmd,7.635000,19.135000,0.462532,-1.049740,1.050626,-1.050592,-0.800066,-0.000180
cmd,7.640000,19.140000,0.461512,-1.049740,1.050626,-1.050592,-0.800066,-0.000180
cmd,7.645000,19.145000,0.460530,-1.049740,1.050626,-1.050592,-0.800066,-0.000180
cmd,7.650000,19.150000,0.459587,-1.049740,1.050626,-1.050592,-0.800066,-0.000180
cmd,7.655000,19.155000,0.458683,-1.049740,1.050626,-1.050592,-0.800066,-0.000180
cmd,7.660000,19.160000,0.457821,-1.049740,1.050626,-1.050592,-0.800066,-0.000180
cmd,7.665000,19.165000,0.457000,-1.049740,1.050626,-1.050592,-0.800066,-0.000180
cmd,7.670000,19.170000,0.456222,-1.049740,1.050626,-1.050592,-0.800066,-0.000180
cmd,7.675000,19.175000,0.455487,-1.049740,1.050626,-1.050592,-0.800066,-0.000180
cmd,7.680000,19.180000,0.454796,-1.049740,1.050626,-1.050592,-0.800066,-0.000180
cmd,7.685000,19.185000,0.454150,-1.049740,1.050626,-1.050592,-0.800066,-0.000180
cmd,7.690000,19.190000,0.453549,-1.049740,1.050626,-1.050592,-0.800066,-0.000180
cmd,7.695000,19.195000,0.452993,-1.049740,1.050626,-1.050592,-0.800066,-0.000180
cmd,7.700000,19.200000,0.452485,-1.049740,1.050626,-1.050592,-0.800066,-0.000180
cmd,7.705000,19.205000,0.452023,-1.049740,1.050626,-1.050592,-0.800066,-0.000180
cmd,7.710000,19.210000,0.451608,-1.049740,1.050626,-1.050592,-0.800066,-0.000180
cmd,7.715000,19.215000,0.451242,-1.049740,1.050626,-1.050592,-0.800066,-0.000180
cmd,7.720000,19.220000,0.450923,-1.049740,1.050626,-1.050592,-0.800066,-0.000180
cmd,7.725000,19.225000,0.450653,-1.049740,1.050626,-1.050592,-0.800066,-0.000180
cmd,7.730000,19.230000,0.450432,-1.049740,1.050626,-1.050592,-0.800066,-0.000180
cmd,7.735000,19.235000,0.450259,-1.049740,1.050626,-1.050592,-0.800066,-0.000180
cmd,7.740000,19.240000,0.450136,-1.049740,1.050626,-1.050592,-0.800066,-0.000180
cmd,7.745000,19.245000,0.450062,-1.049740,1.050626,-1.050592,-0.800066,-0.000180
cmd,7.750000,19.250000,0.450037,-1.049740,1.050626,-1.050592,-0.800066,-0.000180
cmd,7.755000,19.255000,0.450062,-1.049740,1.050626,-1.050592,-0.800066,-0.000180
cmd,7.760000,19.260000,0.450136,-1.049740,1.050626,-1.050592,-0.800066,-0.000180
cmd,7.765000,19.265000,0.450259,-1.049740,1.050626,-1.050592,-0.800066,-0.000180
cmd,7.770000,19.270000,0.450432,-1.049740,1.050626,-1.050592,-0.800066,-0.000180
cmd,7.775000,19.275000,0.450653,-1.049740,1.050626,-1.050592,-0.800066,-0.000180
cmd,7.780000,19.280000,0.450923,-1.049740,1.050626,-1.050592,-0.800066,-0.000180
cmd,7.785000,19.285000,0.451242,-1.049740,1.050626,-1.050592,-0.800066,-0.000180
cmd,7.790000,19.290000,0.451608,-1.049740,1.050626,-1.050592,-0.800066,-0.000180
cmd,7.795000,19.295000,0.452023,-1.049740,1.050626,-1.050592,-0.800066,-0.000180
cmd,7.800000,19.300000,0.452485,-1.049740,1.050626,-1.050592,-0.800066,-0.000180
cmd,7.805000,19.305000,0.452993,-1.049740,1.050626,-1.050592,-0.800066,-0.000180
cmd,7.810000,19.310000,0.453549,-1.049740,1.050626,-1.050592,-0.800066,-0.000180
cmd,7.815000,19.315000,0.454150,-1.049740,1.050626,-1.050592,-0.800066,-0.000180
cmd,7.820000,19.320000,0.454796,-1.049740,1.050626,-1.050592,-0.800066,-0.000180
cmd,7.825000,19.325000,0.455487,-1.049740,1.050626,-1.050592,-0.800066,-0.000180
cmd,7.830000,19.330000,0.456222,-1.049740,1.050626,-1.050592,-0.800066,-0.000180
cmd,7.835000,19.335000,0.457000,-1.049740,1.050626,-1.050592,-0.800066,-0.000180
cmd,7.840000,19.340000,0.457821,-1.049740,1.050626,-1.050592,-0.800066,-0.000180
cmd,7.845000,19.345000,0.458683,-1.049740,1.050626,-1.050592,-0.800066,-0.000180
cmd,7.850000,19.350000,0.459587,-1.049740,1.050626,-1.050592,-0.800066,-0.000180
cmd,7.855000,19.355000,0.460530,-1.049740,1.050626,-1.050592,-0.800066,-0.000180
cmd,7.860000,19.360000,0.461512,-1.049740,1.050626,-1.050592,-0.800066,-0.000180
cmd,7.865000,19.365000,0.462532,-1.049740,1.050626,-1.050592,-0.800066,-0.000180
cmd,7.870000,19.370000,0.463589,-1.049740,1.050626,-1.050592,-0.800066,-0.000180
cmd,7.875000,19.375000,0.464682,-1.049740,1.050626,-1.050592,-0.800066,-0.000180
cmd,7.880000,19.380000,0.465810,-1.049740,1.050626,-1.050592,-0.800066,-0.000180
cmd,7.885000,19.385000,0.466972,-1.049740,1.050626,-1.050592,-0.800066,-0.000180
cmd,7.890000,19.390000,0.468166,-1.049740,1.050626,-1.050592,-0.800066,-0.000180
cmd,7.895000,19.395000,0.469392,-1.049740,1.050626,-1.050592,-0.800066,-0.000180
cmd,7.900000,19.400000,0.470648,-1.049740,1.050626,-1.050592,-0.800066,-0.000180
cmd,7.905000,19.405000,0.471933,-1.049740,1.050626,-1.050592,-0.800066,-0.000180
cmd,7.910000,19.410000,0.473246,-1.049740,1.050626,-1.050592,-0.800066,-0.000180
cmd,7.915000,19.415000,0.474585,-1.049740,1.050626,-1.050592,-0.800066,-0.000180
cmd,7.920000,19.420000,0.475950,-1.049740,1.050626,-1.050592,-0.800066,-0.000180
cmd,7.925000,19.425000,0.477338,-1.049740,1.050626,-1.050592,-0.800066,-0.000180
cmd,7.930000,19.430000,0.478748,-1.049740,1.050626,-1.050592,-0.800066,-0.000180
cmd,7.935000,19.435000,0.480180,-1.049740,1.050626,-1.050592,-0.800066,-0.000180
cmd,7.940000,19.440000,0.481631,-1.049740,1.050626,-1.050592,-0.800066,-0.000180
cmd,7.945000,19.445000,0.483101,-1.049740,1.050626,-1.050592,-0.800066,-0.000180
cmd,7.950000,19.450000,0.484587,-1.049740,1.050626,-1.050592,-0.800066,-0.000180
cmd,7.955000,19.455000,0.486088,-1.049740,1.050626,-1.050592,-0.800066,-0.000180
cmd,7.960000,19.460000,0.487603,-1.049740,1.050626,-1.050592,-0.800066,-0.000180
cmd,7.965000,19.465000,0.489130,-1.049740,1.050626,-1.050592,-0.800066,-0.000180
cmd,7.970000,19.470000,0.490668,-1.049740,1.050626,-1.050592,-0.800066,-0.000180
cmd,7.975000,19.475000,0.492216,-1.049740,1.050626,-1.050592,-0.800066,-0.000180
cmd,7.980000,19.480000,0.493771,-1.049740,1.050626,-1.050592,-0.800066,-0.000180
cmd,7.985000,19.485000,0.495332,-1.049740,1.050626,-1.050592,-0.800066,-0.000180
cmd,7.990000,19.490000,0.496898,-1.049740,1.050626,-1.050592,-0.800066,-0.000180
cmd,7.995000,19.495000,0.498467,-1.049740,1.050626,-1.050592,-0.800066,-0.000180
cmd,8.000000,19.500000,0.500037,-1.049740,1.050626,-1.050592,-0.800066,-0.000180
cmd,8.005000,19.505000,0.501608,-1.049740,1.050626,-1.050592,-0.800066,-0.000180
cmd,8.010000,19.510000,0.503177,-1.049740,1.050626,-1.050592,-0.800066,-0.000180
cmd,8.015000,19.515000,0.504743,-1.049740,1.050626,-1.050592,-0.800066,-0.000180
cmd,8.020000,19.520000,0.506304,-1.049740,1.050626,-1.050592,-0.800066,-0.000180
cmd,8.025000,19.525000,0.507859,-1.049740,1.050626,-1.050592,-0.800066,-0.000180
cmd,8.030000,19.530000,0.509407,-1.049740,1.050626,-1.050592,-0.800066,-0.000180
cmd,8.035000,19.535000,0.510945,-1.049740,1.050626,-1.050592,-0.800066,-0.000180
cmd,8.040000,19.540000,0.512472,-1.049740,1.050626,-1.050592,-0.800066,-0.000180
cmd,8.045000,19.545000,0.513987,-1.049740,1.050626,-1.050592,-0.800066,-0.000180
cmd,8.050000,19.550000,0.515488,-1.049740,1.050626,-1.050592,-0.800066,-0.000180
cmd,8.055000,19.555000,0.516974,-1.049740,1.050626,-1.050592,-0.800066,-0.000180
cmd,8.060000,19.560000,0.518444,-1.049740,1.050626,-1.050592,-0.800066,-0.000180
cmd,8.065000,19.565000,0.519895,-1.049740,1.050626,-1.050592,-0.800066,-0.000180
cmd,8.070000,19.570000,0.521326,-1.049740,1.050626,-1.050592,-0.800066,-0.000180
cmd,8.075000,19.575000,0.522737,-1.049740,1.050626,-1.050592,-0.800066,-0.000180
cmd,8.080000,19.580000,0.524125,-1.049740,1.050626,-1.050592,-0.800066,-0.000180
cmd,8.085000,19.585000,0.525490,-1.049740,1.050626,-1.050592,-0.800066,-0.000180
cmd,8.090000,19.590000,0.526829,-1.049740,1.050626,-1.050592,-0.800066,-0.000180
cmd,8.095000,19.595000,0.528142,-1.049740,1.050626,-1.050592,-0.800066,-0.000180
cmd,8.100000,19.600000,0.529427,-1.049740,1.050626,-1.050592,-0.800066,-0.000180
cmd,8.105000,19.605000,0.530683,-1.049740,1.050626,-1.050592,-0.800066,-0.000180
cmd,8.110000,19.610000,0.531909,-1.049740,1.050626,-1.050592,-0.800066,-0.000180
cmd,8.115000,19.615000,0.533103,-1.049740,1.050626,-1.050592,-0.800066,-0.000180
cmd,8.120000,19.620000,0.534265,-1.049740,1.050626,-1.050592,-0.800066,-0.000180
cmd,8.125000,19.625000,0.535393,-1.049740,1.050626,-1.050592,-0.800066,-0.000180
cmd,8.130000,19.630000,0.536486,-1.049740,1.050626,-1.050592,-0.800066,-0.000180
cmd,8.135000,19.635000,0.537543,-1.049740,1.050626,-1.050592,-0.800066,-0.000180
cmd,8.140000,19.640000,0.538563,-1.049740,1.050626,-1.050592,-0.800066,-0.000180
cmd,8.145000,19.645000,0.539545,-1.049740,1.050626,-1.050592,-0.800066,-0.000180
cmd,8.150000,19.650000,0.540488,-1.049740,1.050626,-1.050592,-0.800066,-0.000180
cmd,8.155000,19.655000,0.541391,-1.049740,1.050626,-1.050592,-0.800066,-0.000180
cmd,8.160000,19.660000,0.542254,-1.049740,1.050626,-1.050592,-0.800066,-0.000180
cmd,8.165000,19.665000,0.543075,-1.049740,1.050626,-1.050592,-0.800066,-0.000180
cmd,8.170000,19.670000,0.543853,-1.049740,1.050626,-1.050592,-0.800066,-0.000180
cmd,8.175000,19.675000,0.544588,-1.049740,1.050626,-1.050592,-0.800066,-0.000180
cmd,8.180000,19.680000,0.545279,-1.049740,1.050626,-1.050592,-0.800066,-0.000180
cmd,8.185000,19.685000,0.545925,-1.049740,1.050626,-1.050592,-0.800066,-0.000180
cmd,8.190000,19.690000,0.546526,-1.049740,1.050626,-1.050592,-0.800066,-0.000180
cmd,8.195000,19.695000,0.547081,-1.049740,1.050626,-1.050592,-0.800066,-0.000180
cmd,8.200000,19.700000,0.547590,-1.049740,1.050626,-1.050592,-0.800066,-0.000180
cmd,8.205000,19.705000,0.548052,-1.049740,1.050626,-1.050592,-0.800066,-0.000180
cmd,8.210000,19.710000,0.548467,-1.049740,1.050626,-1.050592,-0.800066,-0.000180
cmd,8.215000,19.715000,0.548833,-1.049740,1.050626,-1.050592,-0.800066,-0.000180
cmd,8.220000,19.720000,0.549152,-1.049740,1.050626,-1.050592,-0.800066,-0.000180
cmd,8.225000,19.725000,0.549422,-1.049740,1.050626,-1.050592,-0.800066,-0.000180
cmd,8.230000,19.730000,0.549643,-1.049740,1.050626,-1.050592,-0.800066,-0.000180
cmd,8.235000,19.735000,0.549816,-1.049740,1.050626,-1.050592,-0.800066,-0.000180
cmd,8.240000,19.740000,0.549939,-1.049740,1.050626,-1.050592,-0.800066,-0.000180
cmd,8.245000,19.745000,0.550013,-1.049740,1.050626,-1.050592,-0.800066,-0.000180
cmd,8.250000,19.750000,0.550037,-1.049740,1.050626,-1.050592,-0.800066,-0.000180
cmd,8.255000,19.755000,0.550013,-1.049740,1.050626,-1.050592,-0.800066,-0.000180
cmd,8.260000,19.760000,0.549939,-1.049740,1.050626,-1.050592,-0.800066,-0.000180
cmd,8.265000,19.765000,0.549816,-1.049740,1.050626,-1.050592,-0.800066,-0.000180
cmd,8.270000,19.770000,0.549643,-1.049740,1.050626,-1.050592,-0.800066,-0.000180
cmd,8.275000,19.775000,0.549422,-1.049740,1.050626,-1.050592,-0.800066,-0.000180
cmd,8.280000,19.780000,0.549152,-1.049740,1.050626,-1.050592,-0.800066,-0.000180
cmd,8.285000,19.785000,0.548833,-1.049740,1.050626,-1.050592,-0.800066,-0.000180
cmd,8.290000,19.790000,0.548467,-1.049740,1.050626,-1.050592,-0.800066,-0.000180
cmd,8.295000,19.795000,0.548052,-1.049740,1.050626,-1.050592,-0.800066,-0.000180
cmd,8.300000,19.800000,0.547590,-1.049740,1.050626,-1.050592,-0.800066,-0.000180
cmd,8.305000,19.805000,0.547081,-1.049740,1.050626,-1.050592,-0.800066,-0.000180
cmd,8.310000,19.810000,0.546526,-1.049740,1.050626,-1.050592,-0.800066,-0.000180
cmd,8.315000,19.815000,0.545925,-1.049740,1.050626,-1.050592,-0.800066,-0.000180
cmd,8.320000,19.820000,0.545279,-1.049740,1.050626,-1.050592,-0.800066,-0.000180
cmd,8.325000,19.825000,0.544588,-1.049740,1.050626,-1.050592,-0.800066,-0.000180
cmd,8.330000,19.830000,0.543853,-1.049740,1.050626,-1.050592,-0.800066,-0.000180
cmd,8.335000,19.835000,0.543075,-1.049740,1.050626,-1.050592,-0.800066,-0.000180
cmd,8.340000,19.840000,0.542254,-1.049740,1.050626,-1.050592,-0.800066,-0.000180
cmd,8.345000,19.845000,0.541391,-1.049740,1.050626,-1.050592,-0.800066,-0.000180
cmd,8.350000,19.850000,0.540488,-1.049740,1.050626,-1.050592,-0.800066,-0.000180
cmd,8.355000,19.855000,0.539545,-1.049740,1.050626,-1.050592,-0.800066,-0.000180
cmd,8.360000,19.860000,0.538563,-1.049740,1.050626,-1.050592,-0.800066,-0.000180
cmd,8.365000,19.865000,0.537543,-1.049740,1.050626,-1.050592,-0.800066,-0.000180
cmd,8.370000,19.870000,0.536486,-1.049740,1.050626,-1.050592,-0.800066,-0.000180
cmd,8.375000,19.875000,0.535393,-1.049740,1.050626,-1.050592,-0.800066,-0.000180
cmd,8.380000,19.880000,0.534265,-1.049740,1.050626,-1.050592,-0.800066,-0.000180
cmd,8.385000,19.885000,0.533103,-1.049740,1.050626,-1.050592,-0.800066,-0.000180
cmd,8.390000,19.890000,0.531909,-1.049740,1.050626,-1.050592,-0.800066,-0.000180
cmd,8.395000,19.895000,0.530683,-1.049740,1.050626,-1.050592,-0.800066,-0.000180
cmd,8.400000,19.900000,0.529427,-1.049740,1.050626,-1.050592,-0.800066,-0.000180
cmd,8.405000,19.905000,0.528142,-1.049740,1.050626,-1.050592,-0.800066,-0.000180
cmd,8.410000,19.910000,0.526829,-1.049740,1.050626,-1.050592,-0.800066,-0.000180
cmd,8.415000,19.915000,0.525490,-1.049740,1.050626,-1.050592,-0.800066,-0.000180
cmd,8.420000,19.920000,0.524125,-1.049740,1.050626,-1.050592,-0.800066,-0.000180
cmd,8.425000,19.925000,0.522737,-1.049740,1.050626,-1.050592,-0.800066,-0.000180
cmd,8.430000,19.930000,0.521326,-1.049740,1.050626,-1.050592,-0.800066,-0.000180
cmd,8.435000,19.935000,0.519895,-1.049740,1.050626,-1.050592,-0.800066,-0.000180
cmd,8.440000,19.940000,0.518444,-1.049740,1.050626,-1.050592,-0.800066,-0.000180
cmd,8.445000,19.945000,0.516974,-1.049740,1.050626,-1.050592,-0.800066,-0.000180
cmd,8.450000,19.950000,0.515488,-1.049740,1.050626,-1.050592,-0.800066,-0.000180
cmd,8.455000,19.955000,0.513987,-1.049740,1.050626,-1.050592,-0.800066,-0.000180
cmd,8.460000,19.960000,0.512472,-1.049740,1.050626,-1.050592,-0.800066,-0.000180
cmd,8.465000,19.965000,0.510945,-1.049740,1.050626,-1.050592,-0.800066,-0.000180
cmd,8.470000,19.970000,0.509407,-1.049740,1.050626,-1.050592,-0.800066,-0.000180
cmd,8.475000,19.975000,0.507859,-1.049740,1.050626,-1.050592,-0.800066,-0.000180
cmd,8.480000,19.980000,0.506304,-1.049740,1.050626,-1.050592,-0.800066,-0.000180
cmd,8.485000,19.985000,0.504743,-1.049740,1.050626,-1.050592,-0.800066,-0.000180
cmd,8.490000,19.990000,0.503177,-1.049740,1.050626,-1.050592,-0.800066,-0.000180
cmd,8.495000,19.995000,0.501608,-1.049740,1.050626,-1.050592,-0.800066,-0.000180
cmd,8.500000,20.000000,0.500037,-1.049740,1.050626,-1.050592,-0.800066,-0.000180
cmd,8.505000,20.005000,0.498467,-1.049740,1.050626,-1.050592,-0.800066,-0.000180
cmd,8.510000,20.010000,0.496898,-1.049740,1.050626,-1.050592,-0.800066,-0.000180
cmd,8.515000,20.015000,0.495332,-1.049740,1.050626,-1.050592,-0.800066,-0.000180
cmd,8.520000,20.020000,0.493771,-1.049740,1.050626,-1.050592,-0.800066,-0.000180
cmd,8.525000,20.025000,0.492216,-1.049740,1.050626,-1.050592,-0.800066,-0.000180
cmd,8.530000,20.030000,0.490668,-1.049740,1.050626,-1.050592,-0.800066,-0.000180
cmd,8.535000,20.035000,0.489130,-1.049740,1.050626,-1.050592,-0.800066,-0.000180
cmd,8.540000,20.040000,0.487603,-1.049740,1.050626,-1.050592,-0.800066,-0.000180
cmd,8.545000,20.045000,0.486088,-1.049740,1.050626,-1.050592,-0.800066,-0.000180
cmd,8.550000,20.050000,0.484587,-1.049740,1.050626,-1.050592,-0.800066,-0.000180
cmd,8.555000,20.055000,0.483101,-1.049740,1.050626,-1.050592,-0.800066,-0.000180
cmd,8.560000,20.060000,0.481631,-1.049740,1.050626,-1.050592,-0.800066,-0.000180
cmd,8.565000,20.065000,0.480180,-1.049740,1.050626,-1.050592,-0.800066,-0.000180
cmd,8.570000,20.070000,0.478748,-1.049740,1.050626,-1.050592,-0.800066,-0.000180
cmd,8.575000,20.075000,0.477338,-1.049740,1.050626,-1.050592,-0.800066,-0.000180
cmd,8.580000,20.080000,0.475950,-1.049740,1.050626,-1.050592,-0.800066,-0.000180
cmd,8.585000,20.085000,0.474585,-1.049740,1.050626,-1.050592,-0.800066,-0.000180
cmd,8.590000,20.090000,0.473246,-1.049740,1.050626,-1.050592,-0.800066,-0.000180
cmd,8.595000,20.095000,0.471933,-1.049740,1.050626,-1.050592,-0.800066,-0.000180
cmd,8.600000,20.100000,0.470648,-1.049740,1.050626,-1.050592,-0.800066,-0.000180
cmd,8.605000,20.105000,0.469392,-1.049740,1.050626,-1.050592,-0.800066,-0.000180
cmd,8.610000,20.110000,0.468166,-1.049740,1.050626,-1.050592,-0.800066,-0.000180
cmd,8.615000,20.115000,0.466972,-1.049740,1.050626,-1.050592,-0.800066,-0.000180
cmd,8.620000,20.120000,0.465810,-1.049740,1.050626,-1.050592,-0.800066,-0.000180
cmd,8.625000,20.125000,0.464682,-1.049740,1.050626,-1.050592,-0.800066,-0.000180
cmd,8.630000,20.130000,0.463589,-1.049740,1.050626,-1.050592,-0.800066,-0.000180
cmd,8.635000,20.135000,0.462532,-1.049740,1.050626,-1.050592,-0.800066,-0.000180
cmd,8.640000,20.140000,0.461512,-1.049740,1.050626,-1.050592,-0.800066,-0.000180
cmd,8.645000,20.145000,0.460530,-1.049740,1.050626,-1.050592,-0.800066,-0.000180
cmd,8.650000,20.150000,0.459587,-1.049740,1.050626,-1.050592,-0.800066,-0.000180
cmd,8.655000,20.155000,0.458683,-1.049740,1.050626,-1.050592,-0.800066,-0.000180
cmd,8.660000,20.160000,0.457821,-1.049740,1.050626,-1.050592,-0.800066,-0.000180
cmd,8.665000,20.165000,0.457000,-1.049740,1.050626,-1.050592,-0.800066,-0.000180
cmd,8.670000,20.170000,0.456222,-1.049740,1.050626,-1.050592,-0.800066,-0.000180
cmd,8.675000,20.175000,0.455487,-1.049740,1.050626,-1.050592,-0.800066,-0.000180
cmd,8.680000,20.180000,0.454796,-1.049740,1.050626,-1.050592,-0.800066,-0.000180
cmd,8.685000,20.185000,0.454150,-1.049740,1.050626,-1.050592,-0.800066,-0.000180
cmd,8.690000,20.190000,0.453549,-1.049740,1.050626,-1.050592,-0.800066,-0.000180
cmd,8.695000,20.195000,0.452993,-1.049740,1.050626,-1.050592,-0.800066,-0.000180
cmd,8.700000,20.200000,0.452485,-1.049740,1.050626,-1.050592,-0.800066,-0.000180
cmd,8.705000,20.205000,0.452023,-1.049740,1.050626,-1.050592,-0.800066,-0.000180
cmd,8.710000,20.210000,0.451608,-1.049740,1.050626,-1.050592,-0.800066,-0.000180
cmd,8.715000,20.215000,0.451242,-1.049740,1.050626,-1.050592,-0.800066,-0.000180
cmd,8.720000,20.220000,0.450923,-1.049740,1.050626,-1.050592,-0.800066,-0.000180
cmd,8.725000,20.225000,0.450653,-1.049740,1.050626,-1.050592,-0.800066,-0.000180
cmd,8.730000,20.230000,0.450432,-1.049740,1.050626,-1.050592,-0.800066,-0.000180
cmd,8.735000,20.235000,0.450259,-1.049740,1.050626,-1.050592,-0.800066,-0.000180
cmd,8.740000,20.240000,0.450136,-1.049740,1.050626,-1.050592,-0.800066,-0.000180
cmd,8.745000,20.245000,0.450062,-1.049740,1.050626,-1.050592,-0.800066,-0.000180
cmd,8.750000,20.250000,0.450037,-1.049740,1.050626,-1.050592,-0.800066,-0.000180
cmd,8.755000,20.255000,0.450062,-1.049740,1.050626,-1.050592,-0.800066,-0.000180
cmd,8.760000,20.260000,0.450136,-1.049740,1.050626,-1.050592,-0.800066,-0.000180
cmd,8.765000,20.265000,0.450259,-1.049740,1.050626,-1.050592,-0.800066,-0.000180
cmd,8.770000,20.270000,0.450432,-1.049740,1.050626,-1.050592,-0.800066,-0.000180
cmd,8.775000,20.275000,0.450653,-1.049740,1.050626,-1.050592,-0.800066,-0.000180
cmd,8.780000,20.280000,0.450923,-1.049740,1.050626,-1.050592,-0.800066,-0.000180
cmd,8.785000,20.285000,0.451242,-1.049740,1.050626,-1.050592,-0.800066,-0.000180
cmd,8.790000,20.290000,0.451608,-1.049740,1.050626,-1.050592,-0.800066,-0.000180
cmd,8.795000,20.295000,0.452023,-1.049740,1.050626,-1.050592,-0.800066,-0.000180
cmd,8.800000,20.300000,0.452485,-1.049740,1.050626,-1.050592,-0.800066,-0.000180
cmd,8.805000,20.305000,0.452993,-1.049740,1.050626,-1.050592,-0.800066,-0.000180
cmd,8.810000,20.310000,0.453549,-1.049740,1.050626,-1.050592,-0.800066,-0.000180
cmd,8.815000,20.315000,0.454150,-1.049740,1.050626,-1.050592,-0.800066,-0.000180
cmd,8.820000,20.320000,0.454796,-1.049740,1.050626,-1.050592,-0.800066,-0.000180
cmd,8.825000,20.325000,0.455487,-1.049740,1.050626,-1.050592,-0.800066,-0.000180
cmd,8.830000,20.330000,0.456222,-1.049740,1.050626,-1.050592,-0.800066,-0.000180
cmd,8.835000,20.335000,0.457000,-1.049740,1.050626,-1.050592,-0.800066,-0.000180
cmd,8.840000,20.340000,0.457821,-1.049740,1.050626,-1.050592,-0.800066,-0.000180
cmd,8.845000,20.345000,0.458683,-1.049740,1.050626,-1.050592,-0.800066,-0.000180
cmd,8.850000,20.350000,0.459587,-1.049740,1.050626,-1.050592,-0.800066,-0.000180
cmd,8.855000,20.355000,0.460530,-1.049740,1.050626,-1.050592,-0.800066,-0.000180
cmd,8.860000,20.360000,0.461512,-1.049740,1.050626,-1.050592,-0.800066,-0.000180
cmd,8.865000,20.365000,0.462532,-1.049740,1.050626,-1.050592,-0.800066,-0.000180
cmd,8.870000,20.370000,0.463589,-1.049740,1.050626,-1.050592,-0.800066,-0.000180
cmd,8.875000,20.375000,0.464682,-1.049740,1.050626,-1.050592,-0.800066,-0.000180
cmd,8.880000,20.380000,0.465810,-1.049740,1.050626,-1.050592,-0.800066,-0.000180
cmd,8.885000,20.385000,0.466972,-1.049740,1.050626,-1.050592,-0.800066,-0.000180
cmd,8.890000,20.390000,0.468166,-1.049740,1.050626,-1.050592,-0.800066,-0.000180
cmd,8.895000,20.395000,0.469392,-1.049740,1.050626,-1.050592,-0.800066,-0.000180
cmd,8.900000,20.400000,0.470648,-1.049740,1.050626,-1.050592,-0.800066,-0.000180
cmd,8.905000,20.405000,0.471933,-1.049740,1.050626,-1.050592,-0.800066,-0.000180
cmd,8.910000,20.410000,0.473246,-1.049740,1.050626,-1.050592,-0.800066,-0.000180
cmd,8.915000,20.415000,0.474585,-1.049740,1.050626,-1.050592,-0.800066,-0.000180
cmd,8.920000,20.420000,0.475950,-1.049740,1.050626,-1.050592,-0.800066,-0.000180
cmd,8.925000,20.425000,0.477338,-1.049740,1.050626,-1.050592,-0.800066,-0.000180
cmd,8.930000,20.430000,0.478748,-1.049740,1.050626,-1.050592,-0.800066,-0.000180
cmd,8.935000,20.435000,0.480180,-1.049740,1.050626,-1.050592,-0.800066,-0.000180
cmd,8.940000,20.440000,0.481631,-1.049740,1.050626,-1.050592,-0.800066,-0.000180
cmd,8.945000,20.445000,0.483101,-1.049740,1.050626,-1.050592,-0.800066,-0.000180
cmd,8.950000,20.450000,0.484587,-1.049740,1.050626,-1.050592,-0.800066,-0.000180
cmd,8.955000,20.455000,0.486088,-1.049740,1.050626,-1.050592,-0.800066,-0.000180
cmd,8.960000,20.460000,0.487603,-1.049740,1.050626,-1.050592,-0.800066,-0.000180
cmd,8.965000,20.465000,0.489130,-1.049740,1.050626,-1.050592,-0.800066,-0.000180
cmd,8.970000,20.470000,0.490668,-1.049740,1.050626,-1.050592,-0.800066,-0.000180
cmd,8.975000,20.475000,0.492216,-1.049740,1.050626,-1.050592,-0.800066,-0.000180
cmd,8.980000,20.480000,0.493771,-1.049740,1.050626,-1.050592,-0.800066,-0.000180
cmd,8.985000,20.485000,0.495332,-1.049740,1.050626,-1.050592,-0.800066,-0.000180
cmd,8.990000,20.490000,0.496898,-1.049740,1.050626,-1.050592,-0.800066,-0.000180
cmd,8.995000,20.495000,0.498467,-1.049740,1.050626,-1.050592,-0.800066,-0.000180
cmd,9.000000,20.500000,0.500037,-1.049740,1.050626,-1.050592,-0.800066,-0.000180
cmd,9.005000,20.505000,0.501608,-1.049740,1.050626,-1.050592,-0.800066,-0.000180
cmd,9.010000,20.510000,0.503177,-1.049740,1.050626,-1.050592,-0.800066,-0.000180
cmd,9.015000,20.515000,0.504743,-1.049740,1.050626,-1.050592,-0.800066,-0.000180
cmd,9.020000,20.520000,0.506304,-1.049740,1.050626,-1.050592,-0.800066,-0.000180
cmd,9.025000,20.525000,0.507859,-1.049740,1.050626,-1.050592,-0.800066,-0.000180
cmd,9.030000,20.530000,0.509407,-1.049740,1.050626,-1.050592,-0.800066,-0.000180
cmd,9.035000,20.535000,0.510945,-1.049740,1.050626,-1.050592,-0.800066,-0.000180
cmd,9.040000,20.540000,0.512472,-1.049740,1.050626,-1.050592,-0.800066,-0.000180
cmd,9.045000,20.545000,0.513987,-1.049740,1.050626,-1.050592,-0.800066,-0.000180
cmd,9.050000,20.550000,0.515488,-1.049740,1.050626,-1.050592,-0.800066,-0.000180
cmd,9.055000,20.555000,0.516974,-1.049740,1.050626,-1.050592,-0.800066,-0.000180
cmd,9.060000,20.560000,0.518444,-1.049740,1.050626,-1.050592,-0.800066,-0.000180
cmd,9.065000,20.565000,0.519895,-1.049740,1.050626,-1.050592,-0.800066,-0.000180
cmd,9.070000,20.570000,0.521326,-1.049740,1.050626,-1.050592,-0.800066,-0.000180
cmd,9.075000,20.575000,0.522737,-1.049740,1.050626,-1.050592,-0.800066,-0.000180
cmd,9.080000,20.580000,0.524125,-1.049740,1.050626,-1.050592,-0.800066,-0.000180
cmd,9.085000,20.585000,0.525490,-1.049740,1.050626,-1.050592,-0.800066,-0.000180
cmd,9.090000,20.590000,0.526829,-1.049740,1.050626,-1.050592,-0.800066,-0.000180
cmd,9.095000,20.595000,0.528142,-1.049740,1.050626,-1.050592,-0.800066,-0.000180
cmd,9.100000,20.600000,0.529427,-1.049740,1.050626,-1.050592,-0.800066,-0.000180
cmd,9.105000,20.605000,0.530683,-1.049740,1.050626,-1.050592,-0.800066,-0.000180
cmd,9.110000,20.610000,0.531909,-1.049740,1.050626,-1.050592,-0.800066,-0.000180
cmd,9.115000,20.615000,0.533103,-1.049740,1.050626,-1.050592,-0.800066,-0.000180
cmd,9.120000,20.620000,0.534265,-1.049740,1.050626,-1.050592,-0.800066,-0.000180
cmd,9.125000,20.625000,0.535393,-1.049740,1.050626,-1.050592,-0.800066,-0.000180
cmd,9.130000,20.630000,0.536486,-1.049740,1.050626,-1.050592,-0.800066,-0.000180
cmd,9.135000,20.635000,0.537543,-1.049740,1.050626,-1.050592,-0.800066,-0.000180
cmd,9.140000,20.640000,0.538563,-1.049740,1.050626,-1.050592,-0.800066,-0.000180
cmd,9.145000,20.645000,0.539545,-1.049740,1.050626,-1.050592,-0.800066,-0.000180
cmd,9.150000,20.650000,0.540488,-1.049740,1.050626,-1.050592,-0.800066,-0.000180
cmd,9.155000,20.655000,0.541391,-1.049740,1.050626,-1.050592,-0.800066,-0.000180
cmd,9.160000,20.660000,0.542254,-1.049740,1.050626,-1.050592,-0.800066,-0.000180
cmd,9.165000,20.665000,0.543075,-1.049740,1.050626,-1.050592,-0.800066,-0.000180
cmd,9.170000,20.670000,0.543853,-1.049740,1.050626,-1.050592,-0.800066,-0.000180
cmd,9.175000,20.675000,0.544588,-1.049740,1.050626,-1.050592,-0.800066,-0.000180
cmd,9.180000,20.680000,0.545279,-1.049740,1.050626,-1.050592,-0.800066,-0.000180
cmd,9.185000,20.685000,0.545925,-1.049740,1.050626,-1.050592,-0.800066,-0.000180
cmd,9.190000,20.690000,0.546526,-1.049740,1.050626,-1.050592,-0.800066,-0.000180
cmd,9.195000,20.695000,0.547081,-1.049740,1.050626,-1.050592,-0.800066,-0.000180
cmd,9.200000,20.700000,0.547590,-1.049740,1.050626,-1.050592,-0.800066,-0.000180
cmd,9.205000,20.705000,0.548052,-1.049740,1.050626,-1.050592,-0.800066,-0.000180
cmd,9.210000,20.710000,0.548467,-1.049740,1.050626,-1.050592,-0.800066,-0.000180
cmd,9.215000,20.715000,0.548833,-1.049740,1.050626,-1.050592,-0.800066,-0.000180
cmd,9.220000,20.720000,0.549152,-1.049740,1.050626,-1.050592,-0.800066,-0.000180
cmd,9.225000,20.725000,0.549422,-1.049740,1.050626,-1.050592,-0.800066,-0.000180
cmd,9.230000,20.730000,0.549643,-1.049740,1.050626,-1.050592,-0.800066,-0.000180
cmd,9.235000,20.735000,0.549816,-1.049740,1.050626,-1.050592,-0.800066,-0.000180
cmd,9.240000,20.740000,0.549939,-1.049740,1.050626,-1.050592,-0.800066,-0.000180
cmd,9.245000,20.745000,0.550013,-1.049740,1.050626,-1.050592,-0.800066,-0.000180
cmd,9.250000,20.750000,0.550037,-1.049740,1.050626,-1.050592,-0.800066,-0.000180
cmd,9.255000,20.755000,0.550013,-1.049740,1.050626,-1.050592,-0.800066,-0.000180
cmd,9.260000,20.760000,0.549939,-1.049740,1.050626,-1.050592,-0.800066,-0.000180
cmd,9.265000,20.765000,0.549816,-1.049740,1.050626,-1.050592,-0.800066,-0.000180
cmd,9.270000,20.770000,0.549643,-1.049740,1.050626,-1.050592,-0.800066,-0.000180
cmd,9.275000,20.775000,0.549422,-1.049740,1.050626,-1.050592,-0.800066,-0.000180
cmd,9.280000,20.780000,0.549152,-1.049740,1.050626,-1.050592,-0.800066,-0.000180
cmd,9.285000,20.785000,0.548833,-1.049740,1.050626,-1.050592,-0.800066,-0.000180
cmd,9.290000,20.790000,0.548467,-1.049740,1.050626,-1.050592,-0.800066,-0.000180
cmd,9.295000,20.795000,0.548052,-1.049740,1.050626,-1.050592,-0.800066,-0.000180
cmd,9.300000,20.800000,0.547590,-1.049740,1.050626,-1.050592,-0.800066,-0.000180
cmd,9.305000,20.805000,0.547081,-1.049740,1.050626,-1.050592,-0.800066,-0.000180
cmd,9.310000,20.810000,0.546526,-1.049740,1.050626,-1.050592,-0.800066,-0.000180
cmd,9.315000,20.815000,0.545925,-1.049740,1.050626,-1.050592,-0.800066,-0.000180
cmd,9.320000,20.820000,0.545279,-1.049740,1.050626,-1.050592,-0.800066,-0.000180
cmd,9.325000,20.825000,0.544588,-1.049740,1.050626,-1.050592,-0.800066,-0.000180
cmd,9.330000,20.830000,0.543853,-1.049740,1.050626,-1.050592,-0.800066,-0.000180
cmd,9.335000,20.835000,0.543075,-1.049740,1.050626,-1.050592,-0.800066,-0.000180
cmd,9.340000,20.840000,0.542254,-1.049740,1.050626,-1.050592,-0.800066,-0.000180
cmd,9.345000,20.845000,0.541391,-1.049740,1.050626,-1.050592,-0.800066,-0.000180
cmd,9.350000,20.850000,0.540488,-1.049740,1.050626,-1.050592,-0.800066,-0.000180
cmd,9.355000,20.855000,0.539545,-1.049740,1.050626,-1.050592,-0.800066,-0.000180
cmd,9.360000,20.860000,0.538563,-1.049740,1.050626,-1.050592,-0.800066,-0.000180
cmd,9.365000,20.865000,0.537543,-1.049740,1.050626,-1.050592,-0.800066,-0.000180
cmd,9.370000,20.870000,0.536486,-1.049740,1.050626,-1.050592,-0.800066,-0.000180
cmd,9.375000,20.875000,0.535393,-1.049740,1.050626,-1.050592,-0.800066,-0.000180
cmd,9.380000,20.880000,0.534265,-1.049740,1.050626,-1.050592,-0.800066,-0.000180
cmd,9.385000,20.885000,0.533103,-1.049740,1.050626,-1.050592,-0.800066,-0.000180
cmd,9.390000,20.890000,0.531909,-1.049740,1.050626,-1.050592,-0.800066,-0.000180
cmd,9.395000,20.895000,0.530683,-1.049740,1.050626,-1.050592,-0.800066,-0.000180
cmd,9.400000,20.900000,0.529427,-1.049740,1.050626,-1.050592,-0.800066,-0.000180
cmd,9.405000,20.905000,0.528142,-1.049740,1.050626,-1.050592,-0.800066,-0.000180
cmd,9.410000,20.910000,0.526829,-1.049740,1.050626,-1.050592,-0.800066,-0.000180
cmd,9.415000,20.915000,0.525490,-1.049740,1.050626,-1.050592,-0.800066,-0.000180
cmd,9.420000,20.920000,0.524125,-1.049740,1.050626,-1.050592,-0.800066,-0.000180
cmd,9.425000,20.925000,0.522737,-1.049740,1.050626,-1.050592,-0.800066,-0.000180
cmd,9.430000,20.930000,0.521326,-1.049740,1.050626,-1.050592,-0.800066,-0.000180
cmd,9.435000,20.935000,0.519895,-1.049740,1.050626,-1.050592,-0.800066,-0.000180
cmd,9.440000,20.940000,0.518444,-1.049740,1.050626,-1.050592,-0.800066,-0.000180
cmd,9.445000,20.945000,0.516974,-1.049740,1.050626,-1.050592,-0.800066,-0.000180
cmd,9.450000,20.950000,0.515488,-1.049740,1.050626,-1.050592,-0.800066,-0.000180
cmd,9.455000,20.955000,0.513987,-1.049740,1.050626,-1.050592,-0.800066,-0.000180
cmd,9.460000,20.960000,0.512472,-1.049740,1.050626,-1.050592,-0.800066,-0.000180
cmd,9.465000,20.965000,0.510945,-1.049740,1.050626,-1.050592,-0.800066,-0.000180
cmd,9.470000,20.970000,0.509407,-1.049740,1.050626,-1.050592,-0.800066,-0.000180
cmd,9.475000,20.975000,0.507859,-1.049740,1.050626,-1.050592,-0.800066,-0.000180
cmd,9.480000,20.980000,0.506304,-1.049740,1.050626,-1.050592,-0.800066,-0.000180
cmd,9.485000,20.985000,0.504743,-1.049740,1.050626,-1.050592,-0.800066,-0.000180
cmd,9.490000,20.990000,0.503177,-1.049740,1.050626,-1.050592,-0.800066,-0.000180
cmd,9.495000,20.995000,0.501608,-1.049740,1.050626,-1.050592,-0.800066,-0.000180
cmd,9.500000,21.000000,0.500037,-1.049740,1.050626,-1.050592,-0.800066,-0.000180
cmd,9.505000,21.005000,0.498467,-1.049740,1.050626,-1.050592,-0.800066,-0.000180
cmd,9.510000,21.010000,0.496898,-1.049740,1.050626,-1.050592,-0.800066,-0.000180
cmd,9.515000,21.015000,0.495332,-1.049740,1.050626,-1.050592,-0.800066,-0.000180
cmd,9.520000,21.020000,0.493771,-1.049740,1.050626,-1.050592,-0.800066,-0.000180
cmd,9.525000,21.025000,0.492216,-1.049740,1.050626,-1.050592,-0.800066,-0.000180
cmd,9.530000,21.030000,0.490668,-1.049740,1.050626,-1.050592,-0.800066,-0.000180
cmd,9.535000,21.035000,0.489130,-1.049740,1.050626,-1.050592,-0.800066,-0.000180
cmd,9.540000,21.040000,0.487603,-1.049740,1.050626,-1.050592,-0.800066,-0.000180
cmd,9.545000,21.045000,0.486088,-1.049740,1.050626,-1.050592,-0.800066,-0.000180
cmd,9.550000,21.050000,0.484587,-1.049740,1.050626,-1.050592,-0.800066,-0.000180
cmd,9.555000,21.055000,0.483101,-1.049740,1.050626,-1.050592,-0.800066,-0.000180
cmd,9.560000,21.060000,0.481631,-1.049740,1.050626,-1.050592,-0.800066,-0.000180
cmd,9.565000,21.065000,0.480180,-1.049740,1.050626,-1.050592,-0.800066,-0.000180
cmd,9.570000,21.070000,0.478748,-1.049740,1.050626,-1.050592,-0.800066,-0.000180
cmd,9.575000,21.075000,0.477338,-1.049740,1.050626,-1.050592,-0.800066,-0.000180
cmd,9.580000,21.080000,0.475950,-1.049740,1.050626,-1.050592,-0.800066,-0.000180
cmd,9.585000,21.085000,0.474585,-1.049740,1.050626,-1.050592,-0.800066,-0.000180
cmd,9.590000,21.090000,0.473246,-1.049740,1.050626,-1.050592,-0.800066,-0.000180
cmd,9.595000,21.095000,0.471933,-1.049740,1.050626,-1.050592,-0.800066,-0.000180
cmd,9.600000,21.100000,0.470648,-1.049740,1.050626,-1.050592,-0.800066,-0.000180
cmd,9.605000,21.105000,0.469392,-1.049740,1.050626,-1.050592,-0.800066,-0.000180
cmd,9.610000,21.110000,0.468166,-1.049740,1.050626,-1.050592,-0.800066,-0.000180
cmd,9.615000,21.115000,0.466972,-1.049740,1.050626,-1.050592,-0.800066,-0.000180
cmd,9.620000,21.120000,0.465810,-1.049740,1.050626,-1.050592,-0.800066,-0.000180
cmd,9.625000,21.125000,0.464682,-1.049740,1.050626,-1.050592,-0.800066,-0.000180
cmd,9.630000,21.130000,0.463589,-1.049740,1.050626,-1.050592,-0.800066,-0.000180
cmd,9.635000,21.135000,0.462532,-1.049740,1.050626,-1.050592,-0.800066,-0.000180
cmd,9.640000,21.140000,0.461512,-1.049740,1.050626,-1.050592,-0.800066,-0.000180
cmd,9.645000,21.145000,0.460530,-1.049740,1.050626,-1.050592,-0.800066,-0.000180
cmd,9.650000,21.150000,0.459587,-1.049740,1.050626,-1.050592,-0.800066,-0.000180
cmd,9.655000,21.155000,0.458683,-1.049740,1.050626,-1.050592,-0.800066,-0.000180
cmd,9.660000,21.160000,0.457821,-1.049740,1.050626,-1.050592,-0.800066,-0.000180
cmd,9.665000,21.165000,0.457000,-1.049740,1.050626,-1.050592,-0.800066,-0.000180
cmd,9.670000,21.170000,0.456222,-1.049740,1.050626,-1.050592,-0.800066,-0.000180
cmd,9.675000,21.175000,0.455487,-1.049740,1.050626,-1.050592,-0.800066,-0.000180
cmd,9.680000,21.180000,0.454796,-1.049740,1.050626,-1.050592,-0.800066,-0.000180
cmd,9.685000,21.185000,0.454150,-1.049740,1.050626,-1.050592,-0.800066,-0.000180
cmd,9.690000,21.190000,0.453549,-1.049740,1.050626,-1.050592,-0.800066,-0.000180
cmd,9.695000,21.195000,0.452993,-1.049740,1.050626,-1.050592,-0.800066,-0.000180
cmd,9.700000,21.200000,0.452485,-1.049740,1.050626,-1.050592,-0.800066,-0.000180
cmd,9.705000,21.205000,0.452023,-1.049740,1.050626,-1.050592,-0.800066,-0.000180
cmd,9.710000,21.210000,0.451608,-1.049740,1.050626,-1.050592,-0.800066,-0.000180
cmd,9.715000,21.215000,0.451242,-1.049740,1.050626,-1.050592,-0.800066,-0.000180
cmd,9.720000,21.220000,0.450923,-1.049740,1.050626,-1.050592,-0.800066,-0.000180
cmd,9.725000,21.225000,0.450653,-1.049740,1.050626,-1.050592,-0.800066,-0.000180
cmd,9.730000,21.230000,0.450432,-1.049740,1.050626,-1.050592,-0.800066,-0.000180
cmd,9.735000,21.235000,0.450259,-1.049740,1.050626,-1.050592,-0.800066,-0.000180
cmd,9.740000,21.240000,0.450136,-1.049740,1.050626,-1.050592,-0.800066,-0.000180
cmd,9.745000,21.245000,0.450062,-1.049740,1.050626,-1.050592,-0.800066,-0.000180
cmd,9.750000,21.250000,0.450037,-1.049740,1.050626,-1.050592,-0.800066,-0.000180
cmd,9.755000,21.255000,0.450062,-1.049740,1.050626,-1.050592,-0.800066,-0.000180
cmd,9.760000,21.260000,0.450136,-1.049740,1.050626,-1.050592,-0.800066,-0.000180
cmd,9.765000,21.265000,0.450259,-1.049740,1.050626,-1.050592,-0.800066,-0.000180
cmd,9.770000,21.270000,0.450432,-1.049740,1.050626,-1.050592,-0.800066,-0.000180
cmd,9.775000,21.275000,0.450653,-1.049740,1.050626,-1.050592,-0.800066,-0.000180
cmd,9.780000,21.280000,0.450923,-1.049740,1.050626,-1.050592,-0.800066,-0.000180
cmd,9.785000,21.285000,0.451242,-1.049740,1.050626,-1.050592,-0.800066,-0.000180
cmd,9.790000,21.290000,0.451608,-1.049740,1.050626,-1.050592,-0.800066,-0.000180
cmd,9.795000,21.295000,0.452023,-1.049740,1.050626,-1.050592,-0.800066,-0.000180
cmd,9.800000,21.300000,0.452485,-1.049740,1.050626,-1.050592,-0.800066,-0.000180
cmd,9.805000,21.305000,0.452993,-1.049740,1.050626,-1.050592,-0.800066,-0.000180
cmd,9.810000,21.310000,0.453549,-1.049740,1.050626,-1.050592,-0.800066,-0.000180
cmd,9.815000,21.315000,0.454150,-1.049740,1.050626,-1.050592,-0.800066,-0.000180
cmd,9.820000,21.320000,0.454796,-1.049740,1.050626,-1.050592,-0.800066,-0.000180
cmd,9.825000,21.325000,0.455487,-1.049740,1.050626,-1.050592,-0.800066,-0.000180
cmd,9.830000,21.330000,0.456222,-1.049740,1.050626,-1.050592,-0.800066,-0.000180
cmd,9.835000,21.335000,0.457000,-1.049740,1.050626,-1.050592,-0.800066,-0.000180
cmd,9.840000,21.340000,0.457821,-1.049740,1.050626,-1.050592,-0.800066,-0.000180
cmd,9.845000,21.345000,0.458683,-1.049740,1.050626,-1.050592,-0.800066,-0.000180
cmd,9.850000,21.350000,0.459587,-1.049740,1.050626,-1.050592,-0.800066,-0.000180
cmd,9.855000,21.355000,0.460530,-1.049740,1.050626,-1.050592,-0.800066,-0.000180
cmd,9.860000,21.360000,0.461512,-1.049740,1.050626,-1.050592,-0.800066,-0.000180
cmd,9.865000,21.365000,0.462532,-1.049740,1.050626,-1.050592,-0.800066,-0.000180
cmd,9.870000,21.370000,0.463589,-1.049740,1.050626,-1.050592,-0.800066,-0.000180
cmd,9.875000,21.375000,0.464682,-1.049740,1.050626,-1.050592,-0.800066,-0.000180
cmd,9.880000,21.380000,0.465810,-1.049740,1.050626,-1.050592,-0.800066,-0.000180
cmd,9.885000,21.385000,0.466972,-1.049740,1.050626,-1.050592,-0.800066,-0.000180
cmd,9.890000,21.390000,0.468166,-1.049740,1.050626,-1.050592,-0.800066,-0.000180
cmd,9.895000,21.395000,0.469392,-1.049740,1.050626,-1.050592,-0.800066,-0.000180
cmd,9.900000,21.400000,0.470648,-1.049740,1.050626,-1.050592,-0.800066,-0.000180
cmd,9.905000,21.405000,0.471933,-1.049740,1.050626,-1.050592,-0.800066,-0.000180
cmd,9.910000,21.410000,0.473246,-1.049740,1.050626,-1.050592,-0.800066,-0.000180
cmd,9.915000,21.415000,0.474585,-1.049740,1.050626,-1.050592,-0.800066,-0.000180
cmd,9.920000,21.420000,0.475950,-1.049740,1.050626,-1.050592,-0.800066,-0.000180
cmd,9.925000,21.425000,0.477338,-1.049740,1.050626,-1.050592,-0.800066,-0.000180
cmd,9.930000,21.430000,0.478748,-1.049740,1.050626,-1.050592,-0.800066,-0.000180
cmd,9.935000,21.435000,0.480180,-1.049740,1.050626,-1.050592,-0.800066,-0.000180
cmd,9.940000,21.440000,0.481631,-1.049740,1.050626,-1.050592,-0.800066,-0.000180
cmd,9.945000,21.445000,0.483101,-1.049740,1.050626,-1.050592,-0.800066,-0.000180
cmd,9.950000,21.450000,0.484587,-1.049740,1.050626,-1.050592,-0.800066,-0.000180
cmd,9.955000,21.455000,0.486088,-1.049740,1.050626,-1.050592,-0.800066,-0.000180
cmd,9.960000,21.460000,0.487603,-1.049740,1.050626,-1.050592,-0.800066,-0.000180
cmd,9.965000,21.465000,0.489130,-1.049740,1.050626,-1.050592,-0.800066,-0.000180
cmd,9.970000,21.470000,0.490668,-1.049740,1.050626,-1.050592,-0.800066,-0.000180
cmd,9.975000,21.475000,0.492216,-1.049740,1.050626,-1.050592,-0.800066,-0.000180
cmd,9.980000,21.480000,0.493771,-1.049740,1.050626,-1.050592,-0.800066,-0.000180
cmd,9.985000,21.485000,0.495332,-1.049740,1.050626,-1.050592,-0.800066,-0.000180
cmd,9.990000,21.490000,0.496898,-1.049740,1.050626,-1.050592,-0.800066,-0.000180
cmd,9.995000,21.495000,0.498467,-1.049740,1.050626,-1.050592,-0.800066,-0.000180
cmd,10.000000,21.500000,0.500037,-1.049740,1.050626,-1.050592,-0.800066,-0.000180
cmd,10.005000,21.505000,0.501608,-1.049740,1.050626,-1.050592,-0.800066,-0.000180
cmd,10.010000,21.510000,0.503177,-1.049740,1.050626,-1.050592,-0.800066,-0.000180
cmd,10.015000,21.515000,0.504743,-1.049740,1.050626,-1.050592,-0.800066,-0.000180
cmd,10.020000,21.520000,0.506304,-1.049740,1.050626,-1.050592,-0.800066,-0.000180
cmd,10.025000,21.525000,0.507859,-1.049740,1.050626,-1.050592,-0.800066,-0.000180
cmd,10.030000,21.530000,0.509407,-1.049740,1.050626,-1.050592,-0.800066,-0.000180
cmd,10.035000,21.535000,0.510945,-1.049740,1.050626,-1.050592,-0.800066,-0.000180
cmd,10.040000,21.540000,0.512472,-1.049740,1.050626,-1.050592,-0.800066,-0.000180
cmd,10.045000,21.545000,0.513987,-1.049740,1.050626,-1.050592,-0.800066,-0.000180
cmd,10.050000,21.550000,0.515488,-1.049740,1.050626,-1.050592,-0.800066,-0.000180
cmd,10.055000,21.555000,0.516974,-1.049740,1.050626,-1.050592,-0.800066,-0.000180
cmd,10.060000,21.560000,0.518444,-1.049740,1.050626,-1.050592,-0.800066,-0.000180
cmd,10.065000,21.565000,0.519895,-1.049740,1.050626,-1.050592,-0.800066,-0.000180
cmd,10.070000,21.570000,0.521326,-1.049740,1.050626,-1.050592,-0.800066,-0.000180
cmd,10.075000,21.575000,0.522737,-1.049740,1.050626,-1.050592,-0.800066,-0.000180
cmd,10.080000,21.580000,0.524125,-1.049740,1.050626,-1.050592,-0.800066,-0.000180
cmd,10.085000,21.585000,0.525490,-1.049740,1.050626,-1.050592,-0.800066,-0.000180
cmd,10.090000,21.590000,0.526829,-1.049740,1.050626,-1.050592,-0.800066,-0.000180
cmd,10.095000,21.595000,0.528142,-1.049740,1.050626,-1.050592,-0.800066,-0.000180
cmd,10.100000,21.600000,0.529427,-1.049740,1.050626,-1.050592,-0.800066,-0.000180
cmd,10.105000,21.605000,0.530683,-1.049740,1.050626,-1.050592,-0.800066,-0.000180
cmd,10.110000,21.610000,0.531909,-1.049740,1.050626,-1.050592,-0.800066,-0.000180
cmd,10.115000,21.615000,0.533103,-1.049740,1.050626,-1.050592,-0.800066,-0.000180
cmd,10.120000,21.620000,0.534265,-1.049740,1.050626,-1.050592,-0.800066,-0.000180
cmd,10.125000,21.625000,0.535393,-1.049740,1.050626,-1.050592,-0.800066,-0.000180
cmd,10.130000,21.630000,0.536486,-1.049740,1.050626,-1.050592,-0.800066,-0.000180
cmd,10.135000,21.635000,0.537543,-1.049740,1.050626,-1.050592,-0.800066,-0.000180
cmd,10.140000,21.640000,0.538563,-1.049740,1.050626,-1.050592,-0.800066,-0.000180
cmd,10.145000,21.645000,0.539545,-1.049740,1.050626,-1.050592,-0.800066,-0.000180
cmd,10.150000,21.650000,0.540488,-1.049740,1.050626,-1.050592,-0.800066,-0.000180
cmd,10.155000,21.655000,0.541391,-1.049740,1.050626,-1.050592,-0.800066,-0.000180
cmd,10.160000,21.660000,0.542254,-1.049740,1.050626,-1.050592,-0.800066,-0.000180
cmd,10.165000,21.665000,0.543075,-1.049740,1.050626,-1.050592,-0.800066,-0.000180
cmd,10.170000,21.670000,0.543853,-1.049740,1.050626,-1.050592,-0.800066,-0.000180
cmd,10.175000,21.675000,0.544588,-1.049740,1.050626,-1.050592,-0.800066,-0.000180
cmd,10.180000,21.680000,0.545279,-1.049740,1.050626,-1.050592,-0.800066,-0.000180
cmd,10.185000,21.685000,0.545925,-1.049740,1.050626,-1.050592,-0.800066,-0.000180
cmd,10.190000,21.690000,0.546526,-1.049740,1.050626,-1.050592,-0.800066,-0.000180
cmd,10.195000,21.695000,0.547081,-1.049740,1.050626,-1.050592,-0.800066,-0.000180
cmd,10.200000,21.700000,0.547590,-1.049740,1.050626,-1.050592,-0.800066,-0.000180
cmd,10.205000,21.705000,0.548052,-1.049740,1.050626,-1.050592,-0.800066,-0.000180
cmd,10.210000,21.710000,0.548467,-1.049740,1.050626,-1.050592,-0.800066,-0.000180
cmd,10.215000,21.715000,0.548833,-1.049740,1.050626,-1.050592,-0.800066,-0.000180
cmd,10.220000,21.720000,0.549152,-1.049740,1.050626,-1.050592,-0.800066,-0.000180
cmd,10.225000,21.725000,0.549422,-1.049740,1.050626,-1.050592,-0.800066,-0.000180
cmd,10.230000,21.730000,0.549643,-1.049740,1.050626,-1.050592,-0.800066,-0.000180
cmd,10.235000,21.735000,0.549816,-1.049740,1.050626,-1.050592,-0.800066,-0.000180
cmd,10.240000,21.740000,0.549939,-1.049740,1.050626,-1.050592,-0.800066,-0.000180
cmd,10.245000,21.745000,0.550013,-1.049740,1.050626,-1.050592,-0.800066,-0.000180
cmd,10.250000,21.750000,0.550037,-1.049740,1.050626,-1.050592,-0.800066,-0.000180
cmd,10.255000,21.755000,0.550013,-1.049740,1.050626,-1.050592,-0.800066,-0.000180
cmd,10.260000,21.760000,0.549939,-1.049740,1.050626,-1.050592,-0.800066,-0.000180
cmd,10.265000,21.765000,0.549816,-1.049740,1.050626,-1.050592,-0.800066,-0.000180
cmd,10.270000,21.770000,0.549643,-1.049740,1.050626,-1.050592,-0.800066,-0.000180
cmd,10.275000,21.775000,0.549422,-1.049740,1.050626,-1.050592,-0.800066,-0.000180
cmd,10.280000,21.780000,0.549152,-1.049740,1.050626,-1.050592,-0.800066,-0.000180
cmd,10.285000,21.785000,0.548833,-1.049740,1.050626,-1.050592,-0.800066,-0.000180
cmd,10.290000,21.790000,0.548467,-1.049740,1.050626,-1.050592,-0.800066,-0.000180
cmd,10.295000,21.795000,0.548052,-1.049740,1.050626,-1.050592,-0.800066,-0.000180
cmd,10.300000,21.800000,0.547590,-1.049740,1.050626,-1.050592,-0.800066,-0.000180
cmd,10.305000,21.805000,0.547081,-1.049740,1.050626,-1.050592,-0.800066,-0.000180
cmd,10.310000,21.810000,0.546526,-1.049740,1.050626,-1.050592,-0.800066,-0.000180
cmd,10.315000,21.815000,0.545925,-1.049740,1.050626,-1.050592,-0.800066,-0.000180
cmd,10.320000,21.820000,0.545279,-1.049740,1.050626,-1.050592,-0.800066,-0.000180
cmd,10.325000,21.825000,0.544588,-1.049740,1.050626,-1.050592,-0.800066,-0.000180
cmd,10.330000,21.830000,0.543853,-1.049740,1.050626,-1.050592,-0.800066,-0.000180
cmd,10.335000,21.835000,0.543075,-1.049740,1.050626,-1.050592,-0.800066,-0.000180
cmd,10.340000,21.840000,0.542254,-1.049740,1.050626,-1.050592,-0.800066,-0.000180
cmd,10.345000,21.845000,0.541391,-1.049740,1.050626,-1.050592,-0.800066,-0.000180
cmd,10.350000,21.850000,0.540488,-1.049740,1.050626,-1.050592,-0.800066,-0.000180
cmd,10.355000,21.855000,0.539545,-1.049740,1.050626,-1.050592,-0.800066,-0.000180
cmd,10.360000,21.860000,0.538563,-1.049740,1.050626,-1.050592,-0.800066,-0.000180
cmd,10.365000,21.865000,0.537543,-1.049740,1.050626,-1.050592,-0.800066,-0.000180
cmd,10.370000,21.870000,0.536486,-1.049740,1.050626,-1.050592,-0.800066,-0.000180
cmd,10.375000,21.875000,0.535393,-1.049740,1.050626,-1.050592,-0.800066,-0.000180
cmd,10.380000,21.880000,0.534265,-1.049740,1.050626,-1.050592,-0.800066,-0.000180
cmd,10.385000,21.885000,0.533103,-1.049740,1.050626,-1.050592,-0.800066,-0.000180
cmd,10.390000,21.890000,0.531909,-1.049740,1.050626,-1.050592,-0.800066,-0.000180
cmd,10.395000,21.895000,0.530683,-1.049740,1.050626,-1.050592,-0.800066,-0.000180
cmd,10.400000,21.900000,0.529427,-1.049740,1.050626,-1.050592,-0.800066,-0.000180
cmd,10.405000,21.905000,0.528142,-1.049740,1.050626,-1.050592,-0.800066,-0.000180
cmd,10.410000,21.910000,0.526829,-1.049740,1.050626,-1.050592,-0.800066,-0.000180
cmd,10.415000,21.915000,0.525490,-1.049740,1.050626,-1.050592,-0.800066,-0.000180
cmd,10.420000,21.920000,0.524125,-1.049740,1.050626,-1.050592,-0.800066,-0.000180
cmd,10.425000,21.925000,0.522737,-1.049740,1.050626,-1.050592,-0.800066,-0.000180
cmd,10.430000,21.930000,0.521326,-1.049740,1.050626,-1.050592,-0.800066,-0.000180
cmd,10.435000,21.935000,0.519895,-1.049740,1.050626,-1.050592,-0.800066,-0.000180
cmd,10.440000,21.940000,0.518444,-1.049740,1.050626,-1.050592,-0.800066,-0.000180
cmd,10.445000,21.945000,0.516974,-1.049740,1.050626,-1.050592,-0.800066,-0.000180
cmd,10.450000,21.950000,0.515488,-1.049740,1.050626,-1.050592,-0.800066,-0.000180
cmd,10.455000,21.955000,0.513987,-1.049740,1.050626,-1.050592,-0.800066,-0.000180
cmd,10.460000,21.960000,0.512472,-1.049740,1.050626,-1.050592,-0.800066,-0.000180
cmd,10.465000,21.965000,0.510945,-1.049740,1.050626,-1.050592,-0.800066,-0.000180
cmd,10.470000,21.970000,0.509407,-1.049740,1.050626,-1.050592,-0.800066,-0.000180
cmd,10.475000,21.975000,0.507859,-1.049740,1.050626,-1.050592,-0.800066,-0.000180
cmd,10.480000,21.980000,0.506304,-1.049740,1.050626,-1.050592,-0.800066,-0.000180
cmd,10.485000,21.985000,0.504743,-1.049740,1.050626,-1.050592,-0.800066,-0.000180
cmd,10.490000,21.990000,0.503177,-1.049740,1.050626,-1.050592,-0.800066,-0.000180
cmd,10.495000,21.995000,0.501608,-1.049740,1.050626,-1.050592,-0.800066,-0.000180
cmd,10.500000,22.000000,0.500037,-1.049740,1.050626,-1.050592,-0.800066,-0.000180
cmd,10.505000,22.005000,0.498467,-1.049740,1.050626,-1.050592,-0.800066,-0.000180
cmd,10.510000,22.010000,0.496898,-1.049740,1.050626,-1.050592,-0.800066,-0.000180
cmd,10.515000,22.015000,0.495332,-1.049740,1.050626,-1.050592,-0.800066,-0.000180
cmd,10.520000,22.020000,0.493771,-1.049740,1.050626,-1.050592,-0.800066,-0.000180
cmd,10.525000,22.025000,0.492216,-1.049740,1.050626,-1.050592,-0.800066,-0.000180
cmd,10.530000,22.030000,0.490668,-1.049740,1.050626,-1.050592,-0.800066,-0.000180
cmd,10.535000,22.035000,0.489130,-1.049740,1.050626,-1.050592,-0.800066,-0.000180
cmd,10.540000,22.040000,0.487603,-1.049740,1.050626,-1.050592,-0.800066,-0.000180
cmd,10.545000,22.045000,0.486088,-1.049740,1.050626,-1.050592,-0.800066,-0.000180
cmd,10.550000,22.050000,0.484587,-1.049740,1.050626,-1.050592,-0.800066,-0.000180
cmd,10.555000,22.055000,0.483101,-1.049740,1.050626,-1.050592,-0.800066,-0.000180
cmd,10.560000,22.060000,0.481631,-1.049740,1.050626,-1.050592,-0.800066,-0.000180
cmd,10.565000,22.065000,0.480180,-1.049740,1.050626,-1.050592,-0.800066,-0.000180
cmd,10.570000,22.070000,0.478748,-1.049740,1.050626,-1.050592,-0.800066,-0.000180
cmd,10.575000,22.075000,0.477338,-1.049740,1.050626,-1.050592,-0.800066,-0.000180
cmd,10.580000,22.080000,0.475950,-1.049740,1.050626,-1.050592,-0.800066,-0.000180
cmd,10.585000,22.085000,0.474585,-1.049740,1.050626,-1.050592,-0.800066,-0.000180
cmd,10.590000,22.090000,0.473246,-1.049740,1.050626,-1.050592,-0.800066,-0.000180
cmd,10.595000,22.095000,0.471933,-1.049740,1.050626,-1.050592,-0.800066,-0.000180
cmd,10.600000,22.100000,0.470648,-1.049740,1.050626,-1.050592,-0.800066,-0.000180
cmd,10.605000,22.105000,0.469392,-1.049740,1.050626,-1.050592,-0.800066,-0.000180
cmd,10.610000,22.110000,0.468166,-1.049740,1.050626,-1.050592,-0.800066,-0.000180
cmd,10.615000,22.115000,0.466972,-1.049740,1.050626,-1.050592,-0.800066,-0.000180
cmd,10.620000,22.120000,0.465810,-1.049740,1.050626,-1.050592,-0.800066,-0.000180
cmd,10.625000,22.125000,0.464682,-1.049740,1.050626,-1.050592,-0.800066,-0.000180
cmd,10.630000,22.130000,0.463589,-1.049740,1.050626,-1.050592,-0.800066,-0.000180
cmd,10.635000,22.135000,0.462532,-1.049740,1.050626,-1.050592,-0.800066,-0.000180
cmd,10.640000,22.140000,0.461512,-1.049740,1.050626,-1.050592,-0.800066,-0.000180
cmd,10.645000,22.145000,0.460530,-1.049740,1.050626,-1.050592,-0.800066,-0.000180
cmd,10.650000,22.150000,0.459587,-1.049740,1.050626,-1.050592,-0.800066,-0.000180
cmd,10.655000,22.155000,0.458683,-1.049740,1.050626,-1.050592,-0.800066,-0.000180
cmd,10.660000,22.160000,0.457821,-1.049740,1.050626,-1.050592,-0.800066,-0.000180
cmd,10.665000,22.165000,0.457000,-1.049740,1.050626,-1.050592,-0.800066,-0.000180
cmd,10.670000,22.170000,0.456222,-1.049740,1.050626,-1.050592,-0.800066,-0.000180
cmd,10.675000,22.175000,0.455487,-1.049740,1.050626,-1.050592,-0.800066,-0.000180
cmd,10.680000,22.180000,0.454796,-1.049740,1.050626,-1.050592,-0.800066,-0.000180
cmd,10.685000,22.185000,0.454150,-1.049740,1.050626,-1.050592,-0.800066,-0.000180
cmd,10.690000,22.190000,0.453549,-1.049740,1.050626,-1.050592,-0.800066,-0.000180
cmd,10.695000,22.195000,0.452993,-1.049740,1.050626,-1.050592,-0.800066,-0.000180
cmd,10.700000,22.200000,0.452485,-1.049740,1.050626,-1.050592,-0.800066,-0.000180
cmd,10.705000,22.205000,0.452023,-1.049740,1.050626,-1.050592,-0.800066,-0.000180
cmd,10.710000,22.210000,0.451608,-1.049740,1.050626,-1.050592,-0.800066,-0.000180
cmd,10.715000,22.215000,0.451242,-1.049740,1.050626,-1.050592,-0.800066,-0.000180
cmd,10.720000,22.220000,0.450923,-1.049740,1.050626,-1.050592,-0.800066,-0.000180
cmd,10.725000,22.225000,0.450653,-1.049740,1.050626,-1.050592,-0.800066,-0.000180
cmd,10.730000,22.230000,0.450432,-1.049740,1.050626,-1.050592,-0.800066,-0.000180
cmd,10.735000,22.235000,0.450259,-1.049740,1.050626,-1.050592,-0.800066,-0.000180
cmd,10.740000,22.240000,0.450136,-1.049740,1.050626,-1.050592,-0.800066,-0.000180
cmd,10.745000,22.245000,0.450062,-1.049740,1.050626,-1.050592,-0.800066,-0.000180
cmd,10.750000,22.250000,0.450037,-1.049740,1.050626,-1.050592,-0.800066,-0.000180
cmd,10.755000,22.255000,0.450062,-1.049740,1.050626,-1.050592,-0.800066,-0.000180
cmd,10.760000,22.260000,0.450136,-1.049740,1.050626,-1.050592,-0.800066,-0.000180
cmd,10.765000,22.265000,0.450259,-1.049740,1.050626,-1.050592,-0.800066,-0.000180
cmd,10.770000,22.270000,0.450432,-1.049740,1.050626,-1.050592,-0.800066,-0.000180
cmd,10.775000,22.275000,0.450653,-1.049740,1.050626,-1.050592,-0.800066,-0.000180
cmd,10.780000,22.280000,0.450923,-1.049740,1.050626,-1.050592,-0.800066,-0.000180
cmd,10.785000,22.285000,0.451242,-1.049740,1.050626,-1.050592,-0.800066,-0.000180
cmd,10.790000,22.290000,0.451608,-1.049740,1.050626,-1.050592,-0.800066,-0.000180
cmd,10.795000,22.295000,0.452023,-1.049740,1.050626,-1.050592,-0.800066,-0.000180
cmd,10.800000,22.300000,0.452485,-1.049740,1.050626,-1.050592,-0.800066,-0.000180
cmd,10.805000,22.305000,0.452993,-1.049740,1.050626,-1.050592,-0.800066,-0.000180
cmd,10.810000,22.310000,0.453549,-1.049740,1.050626,-1.050592,-0.800066,-0.000180
cmd,10.815000,22.315000,0.454150,-1.049740,1.050626,-1.050592,-0.800066,-0.000180
cmd,10.820000,22.320000,0.454796,-1.049740,1.050626,-1.050592,-0.800066,-0.000180
cmd,10.825000,22.325000,0.455487,-1.049740,1.050626,-1.050592,-0.800066,-0.000180
cmd,10.830000,22.330000,0.456222,-1.049740,1.050626,-1.050592,-0.800066,-0.000180
cmd,10.835000,22.335000,0.457000,-1.049740,1.050626,-1.050592,-0.800066,-0.000180
cmd,10.840000,22.340000,0.457821,-1.049740,1.050626,-1.050592,-0.800066,-0.000180
cmd,10.845000,22.345000,0.458683,-1.049740,1.050626,-1.050592,-0.800066,-0.000180
cmd,10.850000,22.350000,0.459587,-1.049740,1.050626,-1.050592,-0.800066,-0.000180
cmd,10.855000,22.355000,0.460530,-1.049740,1.050626,-1.050592,-0.800066,-0.000180
cmd,10.860000,22.360000,0.461512,-1.049740,1.050626,-1.050592,-0.800066,-0.000180
cmd,10.865000,22.365000,0.462532,-1.049740,1.050626,-1.050592,-0.800066,-0.000180
cmd,10.870000,22.370000,0.463589,-1.049740,1.050626,-1.050592,-0.800066,-0.000180
cmd,10.875000,22.375000,0.464682,-1.049740,1.050626,-1.050592,-0.800066,-0.000180
cmd,10.880000,22.380000,0.465810,-1.049740,1.050626,-1.050592,-0.800066,-0.000180
cmd,10.885000,22.385000,0.466972,-1.049740,1.050626,-1.050592,-0.800066,-0.000180
cmd,10.890000,22.390000,0.468166,-1.049740,1.050626,-1.050592,-0.800066,-0.000180
cmd,10.895000,22.395000,0.469392,-1.049740,1.050626,-1.050592,-0.800066,-0.000180
cmd,10.900000,22.400000,0.470648,-1.049740,1.050626,-1.050592,-0.800066,-0.000180
cmd,10.905000,22.405000,0.471933,-1.049740,1.050626,-1.050592,-0.800066,-0.000180
cmd,10.910000,22.410000,0.473246,-1.049740,1.050626,-1.050592,-0.800066,-0.000180
cmd,10.915000,22.415000,0.474585,-1.049740,1.050626,-1.050592,-0.800066,-0.000180
cmd,10.920000,22.420000,0.475950,-1.049740,1.050626,-1.050592,-0.800066,-0.000180
cmd,10.925000,22.425000,0.477338,-1.049740,1.050626,-1.050592,-0.800066,-0.000180
cmd,10.930000,22.430000,0.478748,-1.049740,1.050626,-1.050592,-0.800066,-0.000180
cmd,10.935000,22.435000,0.480180,-1.049740,1.050626,-1.050592,-0.800066,-0.000180
cmd,10.940000,22.440000,0.481631,-1.049740,1.050626,-1.050592,-0.800066,-0.000180
cmd,10.945000,22.445000,0.483101,-1.049740,1.050626,-1.050592,-0.800066,-0.000180
cmd,10.950000,22.450000,0.484587,-1.049740,1.050626,-1.050592,-0.800066,-0.000180
cmd,10.955000,22.455000,0.486088,-1.049740,1.050626,-1.050592,-0.800066,-0.000180
cmd,10.960000,22.460000,0.487603,-1.049740,1.050626,-1.050592,-0.800066,-0.000180
cmd,10.965000,22.465000,0.489130,-1.049740,1.050626,-1.050592,-0.800066,-0.000180
cmd,10.970000,22.470000,0.490668,-1.049740,1.050626,-1.050592,-0.800066,-0.000180
cmd,10.975000,22.475000,0.492216,-1.049740,1.050626,-1.050592,-0.800066,-0.000180
cmd,10.980000,22.480000,0.493771,-1.049740,1.050626,-1.050592,-0.800066,-0.000180
cmd,10.985000,22.485000,0.495332,-1.049740,1.050626,-1.050592,-0.800066,-0.000180
cmd,10.990000,22.490000,0.496898,-1.049740,1.050626,-1.050592,-0.800066,-0.000180
cmd,10.995000,22.495000,0.498467,-1.049740,1.050626,-1.050592,-0.800066,-0.000180
cmd,11.000000,22.500000,0.500037,-1.049740,1.050626,-1.050592,-0.800066,-0.000180
cmd,11.005000,22.505000,0.501608,-1.049740,1.050626,-1.050592,-0.800066,-0.000180
cmd,11.010000,22.510000,0.503177,-1.049740,1.050626,-1.050592,-0.800066,-0.000180
cmd,11.015000,22.515000,0.504743,-1.049740,1.050626,-1.050592,-0.800066,-0.000180
cmd,11.020000,22.520000,0.506304,-1.049740,1.050626,-1.050592,-0.800066,-0.000180
cmd,11.025000,22.525000,0.507859,-1.049740,1.050626,-1.050592,-0.800066,-0.000180
cmd,11.030000,22.530000,0.509407,-1.049740,1.050626,-1.050592,-0.800066,-0.000180
cmd,11.035000,22.535000,0.510945,-1.049740,1.050626,-1.050592,-0.800066,-0.000180
cmd,11.040000,22.540000,0.512472,-1.049740,1.050626,-1.050592,-0.800066,-0.000180
cmd,11.045000,22.545000,0.513987,-1.049740,1.050626,-1.050592,-0.800066,-0.000180
cmd,11.050000,22.550000,0.515488,-1.049740,1.050626,-1.050592,-0.800066,-0.000180
cmd,11.055000,22.555000,0.516974,-1.049740,1.050626,-1.050592,-0.800066,-0.000180
cmd,11.060000,22.560000,0.518444,-1.049740,1.050626,-1.050592,-0.800066,-0.000180
cmd,11.065000,22.565000,0.519895,-1.049740,1.050626,-1.050592,-0.800066,-0.000180
cmd,11.070000,22.570000,0.521326,-1.049740,1.050626,-1.050592,-0.800066,-0.000180
cmd,11.075000,22.575000,0.522737,-1.049740,1.050626,-1.050592,-0.800066,-0.000180
cmd,11.080000,22.580000,0.524125,-1.049740,1.050626,-1.050592,-0.800066,-0.000180
cmd,11.085000,22.585000,0.525490,-1.049740,1.050626,-1.050592,-0.800066,-0.000180
cmd,11.090000,22.590000,0.526829,-1.049740,1.050626,-1.050592,-0.800066,-0.000180
cmd,11.095000,22.595000,0.528142,-1.049740,1.050626,-1.050592,-0.800066,-0.000180
cmd,11.100000,22.600000,0.529427,-1.049740,1.050626,-1.050592,-0.800066,-0.000180
cmd,11.105000,22.605000,0.530683,-1.049740,1.050626,-1.050592,-0.800066,-0.000180
cmd,11.110000,22.610000,0.531909,-1.049740,1.050626,-1.050592,-0.800066,-0.000180
cmd,11.115000,22.615000,0.533103,-1.049740,1.050626,-1.050592,-0.800066,-0.000180
cmd,11.120000,22.620000,0.534265,-1.049740,1.050626,-1.050592,-0.800066,-0.000180
cmd,11.125000,22.625000,0.535393,-1.049740,1.050626,-1.050592,-0.800066,-0.000180
cmd,11.130000,22.630000,0.536486,-1.049740,1.050626,-1.050592,-0.800066,-0.000180
cmd,11.135000,22.635000,0.537543,-1.049740,1.050626,-1.050592,-0.800066,-0.000180
cmd,11.140000,22.640000,0.538563,-1.049740,1.050626,-1.050592,-0.800066,-0.000180
cmd,11.145000,22.645000,0.539545,-1.049740,1.050626,-1.050592,-0.800066,-0.000180
cmd,11.150000,22.650000,0.540488,-1.049740,1.050626,-1.050592,-0.800066,-0.000180
cmd,11.155000,22.655000,0.541391,-1.049740,1.050626,-1.050592,-0.800066,-0.000180
cmd,11.160000,22.660000,0.542254,-1.049740,1.050626,-1.050592,-0.800066,-0.000180
cmd,11.165000,22.665000,0.543075,-1.049740,1.050626,-1.050592,-0.800066,-0.000180
cmd,11.170000,22.670000,0.543853,-1.049740,1.050626,-1.050592,-0.800066,-0.000180
cmd,11.175000,22.675000,0.544588,-1.049740,1.050626,-1.050592,-0.800066,-0.000180
cmd,11.180000,22.680000,0.545279,-1.049740,1.050626,-1.050592,-0.800066,-0.000180
cmd,11.185000,22.685000,0.545925,-1.049740,1.050626,-1.050592,-0.800066,-0.000180
cmd,11.190000,22.690000,0.546526,-1.049740,1.050626,-1.050592,-0.800066,-0.000180
cmd,11.195000,22.695000,0.547081,-1.049740,1.050626,-1.050592,-0.800066,-0.000180
cmd,11.200000,22.700000,0.547590,-1.049740,1.050626,-1.050592,-0.800066,-0.000180
cmd,11.205000,22.705000,0.548052,-1.049740,1.050626,-1.050592,-0.800066,-0.000180
cmd,11.210000,22.710000,0.548467,-1.049740,1.050626,-1.050592,-0.800066,-0.000180
cmd,11.215000,22.715000,0.548833,-1.049740,1.050626,-1.050592,-0.800066,-0.000180
cmd,11.220000,22.720000,0.549152,-1.049740,1.050626,-1.050592,-0.800066,-0.000180
cmd,11.225000,22.725000,0.549422,-1.049740,1.050626,-1.050592,-0.800066,-0.000180
cmd,11.230000,22.730000,0.549643,-1.049740,1.050626,-1.050592,-0.800066,-0.000180
cmd,11.235000,22.735000,0.549816,-1.049740,1.050626,-1.050592,-0.800066,-0.000180
cmd,11.240000,22.740000,0.549939,-1.049740,1.050626,-1.050592,-0.800066,-0.000180
cmd,11.245000,22.745000,0.550013,-1.049740,1.050626,-1.050592,-0.800066,-0.000180
cmd,11.250000,22.750000,0.550037,-1.049740,1.050626,-1.050592,-0.800066,-0.000180
cmd,11.255000,22.755000,0.550013,-1.049740,1.050626,-1.050592,-0.800066,-0.000180
cmd,11.260000,22.760000,0.549939,-1.049740,1.050626,-1.050592,-0.800066,-0.000180
cmd,11.265000,22.765000,0.549816,-1.049740,1.050626,-1.050592,-0.800066,-0.000180
cmd,11.270000,22.770000,0.549643,-1.049740,1.050626,-1.050592,-0.800066,-0.000180
cmd,11.275000,22.775000,0.549422,-1.049740,1.050626,-1.050592,-0.800066,-0.000180
cmd,11.280000,22.780000,0.549152,-1.049740,1.050626,-1.050592,-0.800066,-0.000180
cmd,11.285000,22.785000,0.548833,-1.049740,1.050626,-1.050592,-0.800066,-0.000180
cmd,11.290000,22.790000,0.548467,-1.049740,1.050626,-1.050592,-0.800066,-0.000180
cmd,11.295000,22.795000,0.548052,-1.049740,1.050626,-1.050592,-0.800066,-0.000180
cmd,11.300000,22.800000,0.547590,-1.049740,1.050626,-1.050592,-0.800066,-0.000180
cmd,11.305000,22.805000,0.547081,-1.049740,1.050626,-1.050592,-0.800066,-0.000180
cmd,11.310000,22.810000,0.546526,-1.049740,1.050626,-1.050592,-0.800066,-0.000180
cmd,11.315000,22.815000,0.545925,-1.049740,1.050626,-1.050592,-0.800066,-0.000180
cmd,11.320000,22.820000,0.545279,-1.049740,1.050626,-1.050592,-0.800066,-0.000180
cmd,11.325000,22.825000,0.544588,-1.049740,1.050626,-1.050592,-0.800066,-0.000180
cmd,11.330000,22.830000,0.543853,-1.049740,1.050626,-1.050592,-0.800066,-0.000180
cmd,11.335000,22.835000,0.543075,-1.049740,1.050626,-1.050592,-0.800066,-0.000180
cmd,11.340000,22.840000,0.542254,-1.049740,1.050626,-1.050592,-0.800066,-0.000180
cmd,11.345000,22.845000,0.541391,-1.049740,1.050626,-1.050592,-0.800066,-0.000180
cmd,11.350000,22.850000,0.540488,-1.049740,1.050626,-1.050592,-0.800066,-0.000180
cmd,11.355000,22.855000,0.539545,-1.049740,1.050626,-1.050592,-0.800066,-0.000180
cmd,11.360000,22.860000,0.538563,-1.049740,1.050626,-1.050592,-0.800066,-0.000180
cmd,11.365000,22.865000,0.537543,-1.049740,1.050626,-1.050592,-0.800066,-0.000180
cmd,11.370000,22.870000,0.536486,-1.049740,1.050626,-1.050592,-0.800066,-0.000180
cmd,11.375000,22.875000,0.535393,-1.049740,1.050626,-1.050592,-0.800066,-0.000180
cmd,11.380000,22.880000,0.534265,-1.049740,1.050626,-1.050592,-0.800066,-0.000180
cmd,11.385000,22.885000,0.533103,-1.049740,1.050626,-1.050592,-0.800066,-0.000180
cmd,11.390000,22.890000,0.531909,-1.049740,1.050626,-1.050592,-0.800066,-0.000180
cmd,11.395000,22.895000,0.530683,-1.049740,1.050626,-1.050592,-0.800066,-0.000180
cmd,11.400000,22.900000,0.529427,-1.049740,1.050626,-1.050592,-0.800066,-0.000180
cmd,11.405000,22.905000,0.528142,-1.049740,1.050626,-1.050592,-0.800066,-0.000180
cmd,11.410000,22.910000,0.526829,-1.049740,1.050626,-1.050592,-0.800066,-0.000180
cmd,11.415000,22.915000,0.525490,-1.049740,1.050626,-1.050592,-0.800066,-0.000180
cmd,11.420000,22.920000,0.524125,-1.049740,1.050626,-1.050592,-0.800066,-0.000180
cmd,11.425000,22.925000,0.522737,-1.049740,1.050626,-1.050592,-0.800066,-0.000180
cmd,11.430000,22.930000,0.521326,-1.049740,1.050626,-1.050592,-0.800066,-0.000180
cmd,11.435000,22.935000,0.519895,-1.049740,1.050626,-1.050592,-0.800066,-0.000180
cmd,11.440000,22.940000,0.518444,-1.049740,1.050626,-1.050592,-0.800066,-0.000180
cmd,11.445000,22.945000,0.516974,-1.049740,1.050626,-1.050592,-0.800066,-0.000180
cmd,11.450000,22.950000,0.515488,-1.049740,1.050626,-1.050592,-0.800066,-0.000180
cmd,11.455000,22.955000,0.513987,-1.049740,1.050626,-1.050592,-0.800066,-0.000180
cmd,11.460000,22.960000,0.512472,-1.049740,1.050626,-1.050592,-0.800066,-0.000180
cmd,11.465000,22.965000,0.510945,-1.049740,1.050626,-1.050592,-0.800066,-0.000180
cmd,11.470000,22.970000,0.509407,-1.049740,1.050626,-1.050592,-0.800066,-0.000180
cmd,11.475000,22.975000,0.507859,-1.049740,1.050626,-1.050592,-0.800066,-0.000180
cmd,11.480000,22.980000,0.506304,-1.049740,1.050626,-1.050592,-0.800066,-0.000180
cmd,11.485000,22.985000,0.504743,-1.049740,1.050626,-1.050592,-0.800066,-0.000180
cmd,11.490000,22.990000,0.503177,-1.049740,1.050626,-1.050592,-0.800066,-0.000180
cmd,11.495000,22.995000,0.501608,-1.049740,1.050626,-1.050592,-0.800066,-0.000180
cmd,11.500000,23.000000,0.500037,-1.049740,1.050626,-1.050592,-0.800066,-0.000180
cmd,11.505000,23.005000,0.498467,-1.049740,1.050626,-1.050592,-0.800066,-0.000180
cmd,11.510000,23.010000,0.496898,-1.049740,1.050626,-1.050592,-0.800066,-0.000180
cmd,11.515000,23.015000,0.495332,-1.049740,1.050626,-1.050592,-0.800066,-0.000180
cmd,11.520000,23.020000,0.493771,-1.049740,1.050626,-1.050592,-0.800066,-0.000180
cmd,11.525000,23.025000,0.492216,-1.049740,1.050626,-1.050592,-0.800066,-0.000180
cmd,11.530000,23.030000,0.490668,-1.049740,1.050626,-1.050592,-0.800066,-0.000180
cmd,11.535000,23.035000,0.489130,-1.049740,1.050626,-1.050592,-0.800066,-0.000180
cmd,11.540000,23.040000,0.487603,-1.049740,1.050626,-1.050592,-0.800066,-0.000180
cmd,11.545000,23.045000,0.486088,-1.049740,1.050626,-1.050592,-0.800066,-0.000180
cmd,11.550000,23.050000,0.484587,-1.049740,1.050626,-1.050592,-0.800066,-0.000180
cmd,11.555000,23.055000,0.483101,-1.049740,1.050626,-1.050592,-0.800066,-0.000180
cmd,11.560000,23.060000,0.481631,-1.049740,1.050626,-1.050592,-0.800066,-0.000180
cmd,11.565000,23.065000,0.480180,-1.049740,1.050626,-1.050592,-0.800066,-0.000180
cmd,11.570000,23.070000,0.478748,-1.049740,1.050626,-1.050592,-0.800066,-0.000180
cmd,11.575000,23.075000,0.477338,-1.049740,1.050626,-1.050592,-0.800066,-0.000180
cmd,11.580000,23.080000,0.475950,-1.049740,1.050626,-1.050592,-0.800066,-0.000180
cmd,11.585000,23.085000,0.474585,-1.049740,1.050626,-1.050592,-0.800066,-0.000180
cmd,11.590000,23.090000,0.473246,-1.049740,1.050626,-1.050592,-0.800066,-0.000180
cmd,11.595000,23.095000,0.471933,-1.049740,1.050626,-1.050592,-0.800066,-0.000180
cmd,11.600000,23.100000,0.470648,-1.049740,1.050626,-1.050592,-0.800066,-0.000180
cmd,11.605000,23.105000,0.469392,-1.049740,1.050626,-1.050592,-0.800066,-0.000180
cmd,11.610000,23.110000,0.468166,-1.049740,1.050626,-1.050592,-0.800066,-0.000180
cmd,11.615000,23.115000,0.466972,-1.049740,1.050626,-1.050592,-0.800066,-0.000180
cmd,11.620000,23.120000,0.465810,-1.049740,1.050626,-1.050592,-0.800066,-0.000180
cmd,11.625000,23.125000,0.464682,-1.049740,1.050626,-1.050592,-0.800066,-0.000180
cmd,11.630000,23.130000,0.463589,-1.049740,1.050626,-1.050592,-0.800066,-0.000180
cmd,11.635000,23.135000,0.462532,-1.049740,1.050626,-1.050592,-0.800066,-0.000180
cmd,11.640000,23.140000,0.461512,-1.049740,1.050626,-1.050592,-0.800066,-0.000180
cmd,11.645000,23.145000,0.460530,-1.049740,1.050626,-1.050592,-0.800066,-0.000180
cmd,11.650000,23.150000,0.459587,-1.049740,1.050626,-1.050592,-0.800066,-0.000180
cmd,11.655000,23.155000,0.458683,-1.049740,1.050626,-1.050592,-0.800066,-0.000180
cmd,11.660000,23.160000,0.457821,-1.049740,1.050626,-1.050592,-0.800066,-0.000180
cmd,11.665000,23.165000,0.457000,-1.049740,1.050626,-1.050592,-0.800066,-0.000180
cmd,11.670000,23.170000,0.456222,-1.049740,1.050626,-1.050592,-0.800066,-0.000180
cmd,11.675000,23.175000,0.455487,-1.049740,1.050626,-1.050592,-0.800066,-0.000180
cmd,11.680000,23.180000,0.454796,-1.049740,1.050626,-1.050592,-0.800066,-0.000180
cmd,11.685000,23.185000,0.454150,-1.049740,1.050626,-1.050592,-0.800066,-0.000180
cmd,11.690000,23.190000,0.453549,-1.049740,1.050626,-1.050592,-0.800066,-0.000180
cmd,11.695000,23.195000,0.452993,-1.049740,1.050626,-1.050592,-0.800066,-0.000180
cmd,11.700000,23.200000,0.452485,-1.049740,1.050626,-1.050592,-0.800066,-0.000180
cmd,11.705000,23.205000,0.452023,-1.049740,1.050626,-1.050592,-0.800066,-0.000180
cmd,11.710000,23.210000,0.451608,-1.049740,1.050626,-1.050592,-0.800066,-0.000180
cmd,11.715000,23.215000,0.451242,-1.049740,1.050626,-1.050592,-0.800066,-0.000180
cmd,11.720000,23.220000,0.450923,-1.049740,1.050626,-1.050592,-0.800066,-0.000180
cmd,11.725000,23.225000,0.450653,-1.049740,1.050626,-1.050592,-0.800066,-0.000180
cmd,11.730000,23.230000,0.450432,-1.049740,1.050626,-1.050592,-0.800066,-0.000180
cmd,11.735000,23.235000,0.450259,-1.049740,1.050626,-1.050592,-0.800066,-0.000180
cmd,11.740000,23.240000,0.450136,-1.049740,1.050626,-1.050592,-0.800066,-0.000180
cmd,11.745000,23.245000,0.450062,-1.049740,1.050626,-1.050592,-0.800066,-0.000180
cmd,11.750000,23.250000,0.450037,-1.049740,1.050626,-1.050592,-0.800066,-0.000180
cmd,11.755000,23.255000,0.450062,-1.049740,1.050626,-1.050592,-0.800066,-0.000180
cmd,11.760000,23.260000,0.450136,-1.049740,1.050626,-1.050592,-0.800066,-0.000180
cmd,11.765000,23.265000,0.450259,-1.049740,1.050626,-1.050592,-0.800066,-0.000180
cmd,11.770000,23.270000,0.450432,-1.049740,1.050626,-1.050592,-0.800066,-0.000180
cmd,11.775000,23.275000,0.450653,-1.049740,1.050626,-1.050592,-0.800066,-0.000180
cmd,11.780000,23.280000,0.450923,-1.049740,1.050626,-1.050592,-0.800066,-0.000180
cmd,11.785000,23.285000,0.451242,-1.049740,1.050626,-1.050592,-0.800066,-0.000180
cmd,11.790000,23.290000,0.451608,-1.049740,1.050626,-1.050592,-0.800066,-0.000180
cmd,11.795000,23.295000,0.452023,-1.049740,1.050626,-1.050592,-0.800066,-0.000180
cmd,11.800000,23.300000,0.452485,-1.049740,1.050626,-1.050592,-0.800066,-0.000180
cmd,11.805000,23.305000,0.452993,-1.049740,1.050626,-1.050592,-0.800066,-0.000180
cmd,11.810000,23.310000,0.453549,-1.049740,1.050626,-1.050592,-0.800066,-0.000180
cmd,11.815000,23.315000,0.454150,-1.049740,1.050626,-1.050592,-0.800066,-0.000180
cmd,11.820000,23.320000,0.454796,-1.049740,1.050626,-1.050592,-0.800066,-0.000180
cmd,11.825000,23.325000,0.455487,-1.049740,1.050626,-1.050592,-0.800066,-0.000180
cmd,11.830000,23.330000,0.456222,-1.049740,1.050626,-1.050592,-0.800066,-0.000180
cmd,11.835000,23.335000,0.457000,-1.049740,1.050626,-1.050592,-0.800066,-0.000180
cmd,11.840000,23.340000,0.457821,-1.049740,1.050626,-1.050592,-0.800066,-0.000180
cmd,11.845000,23.345000,0.458683,-1.049740,1.050626,-1.050592,-0.800066,-0.000180
cmd,11.850000,23.350000,0.459587,-1.049740,1.050626,-1.050592,-0.800066,-0.000180
cmd,11.855000,23.355000,0.460530,-1.049740,1.050626,-1.050592,-0.800066,-0.000180
cmd,11.860000,23.360000,0.461512,-1.049740,1.050626,-1.050592,-0.800066,-0.000180
cmd,11.865000,23.365000,0.462532,-1.049740,1.050626,-1.050592,-0.800066,-0.000180
cmd,11.870000,23.370000,0.463589,-1.049740,1.050626,-1.050592,-0.800066,-0.000180
cmd,11.875000,23.375000,0.464682,-1.049740,1.050626,-1.050592,-0.800066,-0.000180
cmd,11.880000,23.380000,0.465810,-1.049740,1.050626,-1.050592,-0.800066,-0.000180
cmd,11.885000,23.385000,0.466972,-1.049740,1.050626,-1.050592,-0.800066,-0.000180
cmd,11.890000,23.390000,0.468166,-1.049740,1.050626,-1.050592,-0.800066,-0.000180
cmd,11.895000,23.395000,0.469392,-1.049740,1.050626,-1.050592,-0.800066,-0.000180
cmd,11.900000,23.400000,0.470648,-1.049740,1.050626,-1.050592,-0.800066,-0.000180
cmd,11.905000,23.405000,0.471933,-1.049740,1.050626,-1.050592,-0.800066,-0.000180
cmd,11.910000,23.410000,0.473246,-1.049740,1.050626,-1.050592,-0.800066,-0.000180
cmd,11.915000,23.415000,0.474585,-1.049740,1.050626,-1.050592,-0.800066,-0.000180
cmd,11.920000,23.420000,0.475950,-1.049740,1.050626,-1.050592,-0.800066,-0.000180
cmd,11.925000,23.425000,0.477338,-1.049740,1.050626,-1.050592,-0.800066,-0.000180
cmd,11.930000,23.430000,0.478748,-1.049740,1.050626,-1.050592,-0.800066,-0.000180
cmd,11.935000,23.435000,0.480180,-1.049740,1.050626,-1.050592,-0.800066,-0.000180
cmd,11.940000,23.440000,0.481631,-1.049740,1.050626,-1.050592,-0.800066,-0.000180
cmd,11.945000,23.445000,0.483101,-1.049740,1.050626,-1.050592,-0.800066,-0.000180
cmd,11.950000,23.450000,0.484587,-1.049740,1.050626,-1.050592,-0.800066,-0.000180
cmd,11.955000,23.455000,0.486088,-1.049740,1.050626,-1.050592,-0.800066,-0.000180
cmd,11.960000,23.460000,0.487603,-1.049740,1.050626,-1.050592,-0.800066,-0.000180
cmd,11.965000,23.465000,0.489130,-1.049740,1.050626,-1.050592,-0.800066,-0.000180
cmd,11.970000,23.470000,0.490668,-1.049740,1.050626,-1.050592,-0.800066,-0.000180
cmd,11.975000,23.475000,0.492216,-1.049740,1.050626,-1.050592,-0.800066,-0.000180
cmd,11.980000,23.480000,0.493771,-1.049740,1.050626,-1.050592,-0.800066,-0.000180
cmd,11.985000,23.485000,0.495332,-1.049740,1.050626,-1.050592,-0.800066,-0.000180
cmd,11.990000,23.490000,0.496898,-1.049740,1.050626,-1.050592,-0.800066,-0.000180
cmd,11.995000,23.495000,0.498467,-1.049740,1.050626,-1.050592,-0.800066,-0.000180
cmd,12.000000,23.500000,0.500037,-1.049740,1.050626,-1.050592,-0.800066,-0.000180
cmd,12.005000,23.505000,0.501608,-1.049740,1.050626,-1.050592,-0.800066,-0.000180
cmd,12.010000,23.510000,0.503177,-1.049740,1.050626,-1.050592,-0.800066,-0.000180
cmd,12.015000,23.515000,0.504743,-1.049740,1.050626,-1.050592,-0.800066,-0.000180
cmd,12.020000,23.520000,0.506304,-1.049740,1.050626,-1.050592,-0.800066,-0.000180
cmd,12.025000,23.525000,0.507859,-1.049740,1.050626,-1.050592,-0.800066,-0.000180
cmd,12.030000,23.530000,0.509407,-1.049740,1.050626,-1.050592,-0.800066,-0.000180
cmd,12.035000,23.535000,0.510945,-1.049740,1.050626,-1.050592,-0.800066,-0.000180
cmd,12.040000,23.540000,0.512472,-1.049740,1.050626,-1.050592,-0.800066,-0.000180
cmd,12.045000,23.545000,0.513987,-1.049740,1.050626,-1.050592,-0.800066,-0.000180
cmd,12.050000,23.550000,0.515488,-1.049740,1.050626,-1.050592,-0.800066,-0.000180
cmd,12.055000,23.555000,0.516974,-1.049740,1.050626,-1.050592,-0.800066,-0.000180
cmd,12.060000,23.560000,0.518444,-1.049740,1.050626,-1.050592,-0.800066,-0.000180
cmd,12.065000,23.565000,0.519895,-1.049740,1.050626,-1.050592,-0.800066,-0.000180
cmd,12.070000,23.570000,0.521326,-1.049740,1.050626,-1.050592,-0.800066,-0.000180
cmd,12.075000,23.575000,0.522737,-1.049740,1.050626,-1.050592,-0.800066,-0.000180
cmd,12.080000,23.580000,0.524125,-1.049740,1.050626,-1.050592,-0.800066,-0.000180
cmd,12.085000,23.585000,0.525490,-1.049740,1.050626,-1.050592,-0.800066,-0.000180
cmd,12.090000,23.590000,0.526829,-1.049740,1.050626,-1.050592,-0.800066,-0.000180
cmd,12.095000,23.595000,0.528142,-1.049740,1.050626,-1.050592,-0.800066,-0.000180
cmd,12.100000,23.600000,0.529427,-1.049740,1.050626,-1.050592,-0.800066,-0.000180
cmd,12.105000,23.605000,0.530683,-1.049740,1.050626,-1.050592,-0.800066,-0.000180
cmd,12.110000,23.610000,0.531909,-1.049740,1.050626,-1.050592,-0.800066,-0.000180
cmd,12.115000,23.615000,0.533103,-1.049740,1.050626,-1.050592,-0.800066,-0.000180
cmd,12.120000,23.620000,0.534265,-1.049740,1.050626,-1.050592,-0.800066,-0.000180
cmd,12.125000,23.625000,0.535393,-1.049740,1.050626,-1.050592,-0.800066,-0.000180
cmd,12.130000,23.630000,0.536486,-1.049740,1.050626,-1.050592,-0.800066,-0.000180
cmd,12.135000,23.635000,0.537543,-1.049740,1.050626,-1.050592,-0.800066,-0.000180
cmd,12.140000,23.640000,0.538563,-1.049740,1.050626,-1.050592,-0.800066,-0.000180
cmd,12.145000,23.645000,0.539545,-1.049740,1.050626,-1.050592,-0.800066,-0.000180
cmd,12.150000,23.650000,0.540488,-1.049740,1.050626,-1.050592,-0.800066,-0.000180
cmd,12.155000,23.655000,0.541391,-1.049740,1.050626,-1.050592,-0.800066,-0.000180
cmd,12.160000,23.660000,0.542254,-1.049740,1.050626,-1.050592,-0.800066,-0.000180
cmd,12.165000,23.665000,0.543075,-1.049740,1.050626,-1.050592,-0.800066,-0.000180
cmd,12.170000,23.670000,0.543853,-1.049740,1.050626,-1.050592,-0.800066,-0.000180
cmd,12.175000,23.675000,0.544588,-1.049740,1.050626,-1.050592,-0.800066,-0.000180
cmd,12.180000,23.680000,0.545279,-1.049740,1.050626,-1.050592,-0.800066,-0.000180
cmd,12.185000,23.685000,0.545925,-1.049740,1.050626,-1.050592,-0.800066,-0.000180
cmd,12.190000,23.690000,0.546526,-1.049740,1.050626,-1.050592,-0.800066,-0.000180
cmd,12.195000,23.695000,0.547081,-1.049740,1.050626,-1.050592,-0.800066,-0.000180
cmd,12.200000,23.700000,0.547590,-1.049740,1.050626,-1.050592,-0.800066,-0.000180
cmd,12.205000,23.705000,0.548052,-1.049740,1.050626,-1.050592,-0.800066,-0.000180
cmd,12.210000,23.710000,0.548467,-1.049740,1.050626,-1.050592,-0.800066,-0.000180
cmd,12.215000,23.715000,0.548833,-1.049740,1.050626,-1.050592,-0.800066,-0.000180
cmd,12.220000,23.720000,0.549152,-1.049740,1.050626,-1.050592,-0.800066,-0.000180
cmd,12.225000,23.725000,0.549422,-1.049740,1.050626,-1.050592,-0.800066,-0.000180
cmd,12.230000,23.730000,0.549643,-1.049740,1.050626,-1.050592,-0.800066,-0.000180
cmd,12.235000,23.735000,0.549816,-1.049740,1.050626,-1.050592,-0.800066,-0.000180
cmd,12.240000,23.740000,0.549939,-1.049740,1.050626,-1.050592,-0.800066,-0.000180
cmd,12.245000,23.745000,0.550013,-1.049740,1.050626,-1.050592,-0.800066,-0.000180
cmd,12.250000,23.750000,0.550037,-1.049740,1.050626,-1.050592,-0.800066,-0.000180
cmd,12.255000,23.755000,0.550013,-1.049740,1.050626,-1.050592,-0.800066,-0.000180
cmd,12.260000,23.760000,0.549939,-1.049740,1.050626,-1.050592,-0.800066,-0.000180
cmd,12.265000,23.765000,0.549816,-1.049740,1.050626,-1.050592,-0.800066,-0.000180
cmd,12.270000,23.770000,0.549643,-1.049740,1.050626,-1.050592,-0.800066,-0.000180
cmd,12.275000,23.775000,0.549422,-1.049740,1.050626,-1.050592,-0.800066,-0.000180
cmd,12.280000,23.780000,0.549152,-1.049740,1.050626,-1.050592,-0.800066,-0.000180
cmd,12.285000,23.785000,0.548833,-1.049740,1.050626,-1.050592,-0.800066,-0.000180
cmd,12.290000,23.790000,0.548467,-1.049740,1.050626,-1.050592,-0.800066,-0.000180
cmd,12.295000,23.795000,0.548052,-1.049740,1.050626,-1.050592,-0.800066,-0.000180
cmd,12.300000,23.800000,0.547590,-1.049740,1.050626,-1.050592,-0.800066,-0.000180
cmd,12.305000,23.805000,0.547081,-1.049740,1.050626,-1.050592,-0.800066,-0.000180
cmd,12.310000,23.810000,0.546526,-1.049740,1.050626,-1.050592,-0.800066,-0.000180
cmd,12.315000,23.815000,0.545925,-1.049740,1.050626,-1.050592,-0.800066,-0.000180
cmd,12.320000,23.820000,0.545279,-1.049740,1.050626,-1.050592,-0.800066,-0.000180
cmd,12.325000,23.825000,0.544588,-1.049740,1.050626,-1.050592,-0.800066,-0.000180
cmd,12.330000,23.830000,0.543853,-1.049740,1.050626,-1.050592,-0.800066,-0.000180
cmd,12.335000,23.835000,0.543075,-1.049740,1.050626,-1.050592,-0.800066,-0.000180
cmd,12.340000,23.840000,0.542254,-1.049740,1.050626,-1.050592,-0.800066,-0.000180
cmd,12.345000,23.845000,0.541391,-1.049740,1.050626,-1.050592,-0.800066,-0.000180
cmd,12.350000,23.850000,0.540488,-1.049740,1.050626,-1.050592,-0.800066,-0.000180
cmd,12.355000,23.855000,0.539545,-1.049740,1.050626,-1.050592,-0.800066,-0.000180
cmd,12.360000,23.860000,0.538563,-1.049740,1.050626,-1.050592,-0.800066,-0.000180
cmd,12.365000,23.865000,0.537543,-1.049740,1.050626,-1.050592,-0.800066,-0.000180
cmd,12.370000,23.870000,0.536486,-1.049740,1.050626,-1.050592,-0.800066,-0.000180
cmd,12.375000,23.875000,0.535393,-1.049740,1.050626,-1.050592,-0.800066,-0.000180
cmd,12.380000,23.880000,0.534265,-1.049740,1.050626,-1.050592,-0.800066,-0.000180
cmd,12.385000,23.885000,0.533103,-1.049740,1.050626,-1.050592,-0.800066,-0.000180
cmd,12.390000,23.890000,0.531909,-1.049740,1.050626,-1.050592,-0.800066,-0.000180
cmd,12.395000,23.895000,0.530683,-1.049740,1.050626,-1.050592,-0.800066,-0.000180
cmd,12.400000,23.900000,0.529427,-1.049740,1.050626,-1.050592,-0.800066,-0.000180
cmd,12.405000,23.905000,0.528142,-1.049740,1.050626,-1.050592,-0.800066,-0.000180
cmd,12.410000,23.910000,0.526829,-1.049740,1.050626,-1.050592,-0.800066,-0.000180
cmd,12.415000,23.915000,0.525490,-1.049740,1.050626,-1.050592,-0.800066,-0.000180
cmd,12.420000,23.920000,0.524125,-1.049740,1.050626,-1.050592,-0.800066,-0.000180
cmd,12.425000,23.925000,0.522737,-1.049740,1.050626,-1.050592,-0.800066,-0.000180
cmd,12.430000,23.930000,0.521326,-1.049740,1.050626,-1.050592,-0.800066,-0.000180
cmd,12.435000,23.935000,0.519895,-1.049740,1.050626,-1.050592,-0.800066,-0.000180
cmd,12.440000,23.940000,0.518444,-1.049740,1.050626,-1.050592,-0.800066,-0.000180
cmd,12.445000,23.945000,0.516974,-1.049740,1.050626,-1.050592,-0.800066,-0.000180
cmd,12.450000,23.950000,0.515488,-1.049740,1.050626,-1.050592,-0.800066,-0.000180
cmd,12.455000,23.955000,0.513987,-1.049740,1.050626,-1.050592,-0.800066,-0.000180
cmd,12.460000,23.960000,0.512472,-1.049740,1.050626,-1.050592,-0.800066,-0.000180
cmd,12.465000,23.965000,0.510945,-1.049740,1.050626,-1.050592,-0.800066,-0.000180
cmd,12.470000,23.970000,0.509407,-1.049740,1.050626,-1.050592,-0.800066,-0.000180
cmd,12.475000,23.975000,0.507859,-1.049740,1.050626,-1.050592,-0.800066,-0.000180
cmd,12.480000,23.980000,0.506304,-1.049740,1.050626,-1.050592,-0.800066,-0.000180
cmd,12.485000,23.985000,0.504743,-1.049740,1.050626,-1.050592,-0.800066,-0.000180
cmd,12.490000,23.990000,0.503177,-1.049740,1.050626,-1.050592,-0.800066,-0.000180
cmd,12.495000,23.995000,0.501608,-1.049740,1.050626,-1.050592,-0.800066,-0.000180
cmd,12.500000,24.000000,0.500037,-1.049740,1.050626,-1.050592,-0.800066,-0.000180
cmd,12.505000,24.005000,0.498467,-1.049740,1.050626,-1.050592,-0.800066,-0.000180
cmd,12.510000,24.010000,0.496898,-1.049740,1.050626,-1.050592,-0.800066,-0.000180
cmd,12.515000,24.015000,0.495332,-1.049740,1.050626,-1.050592,-0.800066,-0.000180
cmd,12.520000,24.020000,0.493771,-1.049740,1.050626,-1.050592,-0.800066,-0.000180
cmd,12.525000,24.025000,0.492216,-1.049740,1.050626,-1.050592,-0.800066,-0.000180
cmd,12.530000,24.030000,0.490668,-1.049740,1.050626,-1.050592,-0.800066,-0.000180
cmd,12.535000,24.035000,0.489130,-1.049740,1.050626,-1.050592,-0.800066,-0.000180
cmd,12.540000,24.040000,0.487603,-1.049740,1.050626,-1.050592,-0.800066,-0.000180
cmd,12.545000,24.045000,0.486088,-1.049740,1.050626,-1.050592,-0.800066,-0.000180
cmd,12.550000,24.050000,0.484587,-1.049740,1.050626,-1.050592,-0.800066,-0.000180
cmd,12.555000,24.055000,0.483101,-1.049740,1.050626,-1.050592,-0.800066,-0.000180
cmd,12.560000,24.060000,0.481631,-1.049740,1.050626,-1.050592,-0.800066,-0.000180
cmd,12.565000,24.065000,0.480180,-1.049740,1.050626,-1.050592,-0.800066,-0.000180
cmd,12.570000,24.070000,0.478748,-1.049740,1.050626,-1.050592,-0.800066,-0.000180
cmd,12.575000,24.075000,0.477338,-1.049740,1.050626,-1.050592,-0.800066,-0.000180
cmd,12.580000,24.080000,0.475950,-1.049740,1.050626,-1.050592,-0.800066,-0.000180
cmd,12.585000,24.085000,0.474585,-1.049740,1.050626,-1.050592,-0.800066,-0.000180
cmd,12.590000,24.090000,0.473246,-1.049740,1.050626,-1.050592,-0.800066,-0.000180
cmd,12.595000,24.095000,0.471933,-1.049740,1.050626,-1.050592,-0.800066,-0.000180
cmd,12.600000,24.100000,0.470648,-1.049740,1.050626,-1.050592,-0.800066,-0.000180
cmd,12.605000,24.105000,0.469392,-1.049740,1.050626,-1.050592,-0.800066,-0.000180
cmd,12.610000,24.110000,0.468166,-1.049740,1.050626,-1.050592,-0.800066,-0.000180
cmd,12.615000,24.115000,0.466972,-1.049740,1.050626,-1.050592,-0.800066,-0.000180
cmd,12.620000,24.120000,0.465810,-1.049740,1.050626,-1.050592,-0.800066,-0.000180
cmd,12.625000,24.125000,0.464682,-1.049740,1.050626,-1.050592,-0.800066,-0.000180
cmd,12.630000,24.130000,0.463589,-1.049740,1.050626,-1.050592,-0.800066,-0.000180
cmd,12.635000,24.135000,0.462532,-1.049740,1.050626,-1.050592,-0.800066,-0.000180
cmd,12.640000,24.140000,0.461512,-1.049740,1.050626,-1.050592,-0.800066,-0.000180
cmd,12.645000,24.145000,0.460530,-1.049740,1.050626,-1.050592,-0.800066,-0.000180
cmd,12.650000,24.150000,0.459587,-1.049740,1.050626,-1.050592,-0.800066,-0.000180
cmd,12.655000,24.155000,0.458683,-1.049740,1.050626,-1.050592,-0.800066,-0.000180
cmd,12.660000,24.160000,0.457821,-1.049740,1.050626,-1.050592,-0.800066,-0.000180
cmd,12.665000,24.165000,0.457000,-1.049740,1.050626,-1.050592,-0.800066,-0.000180
cmd,12.670000,24.170000,0.456222,-1.049740,1.050626,-1.050592,-0.800066,-0.000180
cmd,12.675000,24.175000,0.455487,-1.049740,1.050626,-1.050592,-0.800066,-0.000180
cmd,12.680000,24.180000,0.454796,-1.049740,1.050626,-1.050592,-0.800066,-0.000180
cmd,12.685000,24.185000,0.454150,-1.049740,1.050626,-1.050592,-0.800066,-0.000180
cmd,12.690000,24.190000,0.453549,-1.049740,1.050626,-1.050592,-0.800066,-0.000180
cmd,12.695000,24.195000,0.452993,-1.049740,1.050626,-1.050592,-0.800066,-0.000180
cmd,12.700000,24.200000,0.452485,-1.049740,1.050626,-1.050592,-0.800066,-0.000180
cmd,12.705000,24.205000,0.452023,-1.049740,1.050626,-1.050592,-0.800066,-0.000180
cmd,12.710000,24.210000,0.451608,-1.049740,1.050626,-1.050592,-0.800066,-0.000180
cmd,12.715000,24.215000,0.451242,-1.049740,1.050626,-1.050592,-0.800066,-0.000180
cmd,12.720000,24.220000,0.450923,-1.049740,1.050626,-1.050592,-0.800066,-0.000180
cmd,12.725000,24.225000,0.450653,-1.049740,1.050626,-1.050592,-0.800066,-0.000180
cmd,12.730000,24.230000,0.450432,-1.049740,1.050626,-1.050592,-0.800066,-0.000180
cmd,12.735000,24.235000,0.450259,-1.049740,1.050626,-1.050592,-0.800066,-0.000180
cmd,12.740000,24.240000,0.450136,-1.049740,1.050626,-1.050592,-0.800066,-0.000180
cmd,12.745000,24.245000,0.450062,-1.049740,1.050626,-1.050592,-0.800066,-0.000180
cmd,12.750000,24.250000,0.450037,-1.049740,1.050626,-1.050592,-0.800066,-0.000180
cmd,12.755000,24.255000,0.450062,-1.049740,1.050626,-1.050592,-0.800066,-0.000180
cmd,12.760000,24.260000,0.450136,-1.049740,1.050626,-1.050592,-0.800066,-0.000180
cmd,12.765000,24.265000,0.450259,-1.049740,1.050626,-1.050592,-0.800066,-0.000180
cmd,12.770000,24.270000,0.450432,-1.049740,1.050626,-1.050592,-0.800066,-0.000180
cmd,12.775000,24.275000,0.450653,-1.049740,1.050626,-1.050592,-0.800066,-0.000180
cmd,12.780000,24.280000,0.450923,-1.049740,1.050626,-1.050592,-0.800066,-0.000180
cmd,12.785000,24.285000,0.451242,-1.049740,1.050626,-1.050592,-0.800066,-0.000180
cmd,12.790000,24.290000,0.451608,-1.049740,1.050626,-1.050592,-0.800066,-0.000180
cmd,12.795000,24.295000,0.452023,-1.049740,1.050626,-1.050592,-0.800066,-0.000180
cmd,12.800000,24.300000,0.452485,-1.049740,1.050626,-1.050592,-0.800066,-0.000180
cmd,12.805000,24.305000,0.452993,-1.049740,1.050626,-1.050592,-0.800066,-0.000180
cmd,12.810000,24.310000,0.453549,-1.049740,1.050626,-1.050592,-0.800066,-0.000180
cmd,12.815000,24.315000,0.454150,-1.049740,1.050626,-1.050592,-0.800066,-0.000180
cmd,12.820000,24.320000,0.454796,-1.049740,1.050626,-1.050592,-0.800066,-0.000180
cmd,12.825000,24.325000,0.455487,-1.049740,1.050626,-1.050592,-0.800066,-0.000180
cmd,12.830000,24.330000,0.456222,-1.049740,1.050626,-1.050592,-0.800066,-0.000180
cmd,12.835000,24.335000,0.457000,-1.049740,1.050626,-1.050592,-0.800066,-0.000180
cmd,12.840000,24.340000,0.457821,-1.049740,1.050626,-1.050592,-0.800066,-0.000180
cmd,12.845000,24.345000,0.458683,-1.049740,1.050626,-1.050592,-0.800066,-0.000180
cmd,12.850000,24.350000,0.459587,-1.049740,1.050626,-1.050592,-0.800066,-0.000180
cmd,12.855000,24.355000,0.460530,-1.049740,1.050626,-1.050592,-0.800066,-0.000180
cmd,12.860000,24.360000,0.461512,-1.049740,1.050626,-1.050592,-0.800066,-0.000180
cmd,12.865000,24.365000,0.462532,-1.049740,1.050626,-1.050592,-0.800066,-0.000180
cmd,12.870000,24.370000,0.463589,-1.049740,1.050626,-1.050592,-0.800066,-0.000180
cmd,12.875000,24.375000,0.464682,-1.049740,1.050626,-1.050592,-0.800066,-0.000180
cmd,12.880000,24.380000,0.465810,-1.049740,1.050626,-1.050592,-0.800066,-0.000180
cmd,12.885000,24.385000,0.466972,-1.049740,1.050626,-1.050592,-0.800066,-0.000180
cmd,12.890000,24.390000,0.468166,-1.049740,1.050626,-1.050592,-0.800066,-0.000180
cmd,12.895000,24.395000,0.469392,-1.049740,1.050626,-1.050592,-0.800066,-0.000180
cmd,12.900000,24.400000,0.470648,-1.049740,1.050626,-1.050592,-0.800066,-0.000180
cmd,12.905000,24.405000,0.471933,-1.049740,1.050626,-1.050592,-0.800066,-0.000180
cmd,12.910000,24.410000,0.473246,-1.049740,1.050626,-1.050592,-0.800066,-0.000180
cmd,12.915000,24.415000,0.474585,-1.049740,1.050626,-1.050592,-0.800066,-0.000180
cmd,12.920000,24.420000,0.475950,-1.049740,1.050626,-1.050592,-0.800066,-0.000180
cmd,12.925000,24.425000,0.477338,-1.049740,1.050626,-1.050592,-0.800066,-0.000180
cmd,12.930000,24.430000,0.478748,-1.049740,1.050626,-1.050592,-0.800066,-0.000180
cmd,12.935000,24.435000,0.480180,-1.049740,1.050626,-1.050592,-0.800066,-0.000180
cmd,12.940000,24.440000,0.481631,-1.049740,1.050626,-1.050592,-0.800066,-0.000180
cmd,12.945000,24.445000,0.483101,-1.049740,1.050626,-1.050592,-0.800066,-0.000180
cmd,12.950000,24.450000,0.484587,-1.049740,1.050626,-1.050592,-0.800066,-0.000180
cmd,12.955000,24.455000,0.486088,-1.049740,1.050626,-1.050592,-0.800066,-0.000180
cmd,12.960000,24.460000,0.487603,-1.049740,1.050626,-1.050592,-0.800066,-0.000180
cmd,12.965000,24.465000,0.489130,-1.049740,1.050626,-1.050592,-0.800066,-0.000180
cmd,12.970000,24.470000,0.490668,-1.049740,1.050626,-1.050592,-0.800066,-0.000180
cmd,12.975000,24.475000,0.492216,-1.049740,1.050626,-1.050592,-0.800066,-0.000180
cmd,12.980000,24.480000,0.493771,-1.049740,1.050626,-1.050592,-0.800066,-0.000180
cmd,12.985000,24.485000,0.495332,-1.049740,1.050626,-1.050592,-0.800066,-0.000180
cmd,12.990000,24.490000,0.496898,-1.049740,1.050626,-1.050592,-0.800066,-0.000180
cmd,12.995000,24.495000,0.498467,-1.049740,1.050626,-1.050592,-0.800066,-0.000180
cmd,13.000000,24.500000,0.500037,-1.049740,1.050626,-1.050592,-0.800066,-0.000180
cmd,13.005000,24.505000,0.501608,-1.049740,1.050626,-1.050592,-0.800066,-0.000180
cmd,13.010000,24.510000,0.503177,-1.049740,1.050626,-1.050592,-0.800066,-0.000180
cmd,13.015000,24.515000,0.504743,-1.049740,1.050626,-1.050592,-0.800066,-0.000180
cmd,13.020000,24.520000,0.506304,-1.049740,1.050626,-1.050592,-0.800066,-0.000180
cmd,13.025000,24.525000,0.507859,-1.049740,1.050626,-1.050592,-0.800066,-0.000180
cmd,13.030000,24.530000,0.509407,-1.049740,1.050626,-1.050592,-0.800066,-0.000180
cmd,13.035000,24.535000,0.510945,-1.049740,1.050626,-1.050592,-0.800066,-0.000180
cmd,13.040000,24.540000,0.512472,-1.049740,1.050626,-1.050592,-0.800066,-0.000180
cmd,13.045000,24.545000,0.513987,-1.049740,1.050626,-1.050592,-0.800066,-0.000180
cmd,13.050000,24.550000,0.515488,-1.049740,1.050626,-1.050592,-0.800066,-0.000180
cmd,13.055000,24.555000,0.516974,-1.049740,1.050626,-1.050592,-0.800066,-0.000180
cmd,13.060000,24.560000,0.518444,-1.049740,1.050626,-1.050592,-0.800066,-0.000180
cmd,13.065000,24.565000,0.519895,-1.049740,1.050626,-1.050592,-0.800066,-0.000180
cmd,13.070000,24.570000,0.521326,-1.049740,1.050626,-1.050592,-0.800066,-0.000180
cmd,13.075000,24.575000,0.522737,-1.049740,1.050626,-1.050592,-0.800066,-0.000180
cmd,13.080000,24.580000,0.524125,-1.049740,1.050626,-1.050592,-0.800066,-0.000180
cmd,13.085000,24.585000,0.525490,-1.049740,1.050626,-1.050592,-0.800066,-0.000180
cmd,13.090000,24.590000,0.526829,-1.049740,1.050626,-1.050592,-0.800066,-0.000180
cmd,13.095000,24.595000,0.528142,-1.049740,1.050626,-1.050592,-0.800066,-0.000180
cmd,13.100000,24.600000,0.529427,-1.049740,1.050626,-1.050592,-0.800066,-0.000180
cmd,13.105000,24.605000,0.530683,-1.049740,1.050626,-1.050592,-0.800066,-0.000180
cmd,13.110000,24.610000,0.531909,-1.049740,1.050626,-1.050592,-0.800066,-0.000180
cmd,13.115000,24.615000,0.533103,-1.049740,1.050626,-1.050592,-0.800066,-0.000180
cmd,13.120000,24.620000,0.534265,-1.049740,1.050626,-1.050592,-0.800066,-0.000180
cmd,13.125000,24.625000,0.535393,-1.049740,1.050626,-1.050592,-0.800066,-0.000180
cmd,13.130000,24.630000,0.536486,-1.049740,1.050626,-1.050592,-0.800066,-0.000180
cmd,13.135000,24.635000,0.537543,-1.049740,1.050626,-1.050592,-0.800066,-0.000180
cmd,13.140000,24.640000,0.538563,-1.049740,1.050626,-1.050592,-0.800066,-0.000180
cmd,13.145000,24.645000,0.539545,-1.049740,1.050626,-1.050592,-0.800066,-0.000180
cmd,13.150000,24.650000,0.540488,-1.049740,1.050626,-1.050592,-0.800066,-0.000180
cmd,13.155000,24.655000,0.541391,-1.049740,1.050626,-1.050592,-0.800066,-0.000180
cmd,13.160000,24.660000,0.542254,-1.049740,1.050626,-1.050592,-0.800066,-0.000180
cmd,13.165000,24.665000,0.543075,-1.049740,1.050626,-1.050592,-0.800066,-0.000180
cmd,13.170000,24.670000,0.543853,-1.049740,1.050626,-1.050592,-0.800066,-0.000180
cmd,13.175000,24.675000,0.544588,-1.049740,1.050626,-1.050592,-0.800066,-0.000180
cmd,13.180000,24.680000,0.545279,-1.049740,1.050626,-1.050592,-0.800066,-0.000180
cmd,13.185000,24.685000,0.545925,-1.049740,1.050626,-1.050592,-0.800066,-0.000180
cmd,13.190000,24.690000,0.546526,-1.049740,1.050626,-1.050592,-0.800066,-0.000180
cmd,13.195000,24.695000,0.547081,-1.049740,1.050626,-1.050592,-0.800066,-0.000180
cmd,13.200000,24.700000,0.547590,-1.049740,1.050626,-1.050592,-0.800066,-0.000180
cmd,13.205000,24.705000,0.548052,-1.049740,1.050626,-1.050592,-0.800066,-0.000180
cmd,13.210000,24.710000,0.548467,-1.049740,1.050626,-1.050592,-0.800066,-0.000180
cmd,13.215000,24.715000,0.548833,-1.049740,1.050626,-1.050592,-0.800066,-0.000180
cmd,13.220000,24.720000,0.549152,-1.049740,1.050626,-1.050592,-0.800066,-0.000180
cmd,13.225000,24.725000,0.549422,-1.049740,1.050626,-1.050592,-0.800066,-0.000180
cmd,13.230000,24.730000,0.549643,-1.049740,1.050626,-1.050592,-0.800066,-0.000180
cmd,13.235000,24.735000,0.549816,-1.049740,1.050626,-1.050592,-0.800066,-0.000180
cmd,13.240000,24.740000,0.549939,-1.049740,1.050626,-1.050592,-0.800066,-0.000180
cmd,13.245000,24.745000,0.550013,-1.049740,1.050626,-1.050592,-0.800066,-0.000180
cmd,13.250000,24.750000,0.550037,-1.049740,1.050626,-1.050592,-0.800066,-0.000180
cmd,13.255000,24.755000,0.550013,-1.049740,1.050626,-1.050592,-0.800066,-0.000180
cmd,13.260000,24.760000,0.549939,-1.049740,1.050626,-1.050592,-0.800066,-0.000180
cmd,13.265000,24.765000,0.549816,-1.049740,1.050626,-1.050592,-0.800066,-0.000180
cmd,13.270000,24.770000,0.549643,-1.049740,1.050626,-1.050592,-0.800066,-0.000180
cmd,13.275000,24.775000,0.549422,-1.049740,1.050626,-1.050592,-0.800066,-0.000180
cmd,13.280000,24.780000,0.549152,-1.049740,1.050626,-1.050592,-0.800066,-0.000180
cmd,13.285000,24.785000,0.548833,-1.049740,1.050626,-1.050592,-0.800066,-0.000180
cmd,13.290000,24.790000,0.548467,-1.049740,1.050626,-1.050592,-0.800066,-0.000180
cmd,13.295000,24.795000,0.548052,-1.049740,1.050626,-1.050592,-0.800066,-0.000180
cmd,13.300000,24.800000,0.547590,-1.049740,1.050626,-1.050592,-0.800066,-0.000180
cmd,13.305000,24.805000,0.547081,-1.049740,1.050626,-1.050592,-0.800066,-0.000180
cmd,13.310000,24.810000,0.546526,-1.049740,1.050626,-1.050592,-0.800066,-0.000180
cmd,13.315000,24.815000,0.545925,-1.049740,1.050626,-1.050592,-0.800066,-0.000180
cmd,13.320000,24.820000,0.545279,-1.049740,1.050626,-1.050592,-0.800066,-0.000180
cmd,13.325000,24.825000,0.544588,-1.049740,1.050626,-1.050592,-0.800066,-0.000180
cmd,13.330000,24.830000,0.543853,-1.049740,1.050626,-1.050592,-0.800066,-0.000180
cmd,13.335000,24.835000,0.543075,-1.049740,1.050626,-1.050592,-0.800066,-0.000180
cmd,13.340000,24.840000,0.542254,-1.049740,1.050626,-1.050592,-0.800066,-0.000180
cmd,13.345000,24.845000,0.541391,-1.049740,1.050626,-1.050592,-0.800066,-0.000180
cmd,13.350000,24.850000,0.540488,-1.049740,1.050626,-1.050592,-0.800066,-0.000180
cmd,13.355000,24.855000,0.539545,-1.049740,1.050626,-1.050592,-0.800066,-0.000180
cmd,13.360000,24.860000,0.538563,-1.049740,1.050626,-1.050592,-0.800066,-0.000180
cmd,13.365000,24.865000,0.537543,-1.049740,1.050626,-1.050592,-0.800066,-0.000180
cmd,13.370000,24.870000,0.536486,-1.049740,1.050626,-1.050592,-0.800066,-0.000180
cmd,13.375000,24.875000,0.535393,-1.049740,1.050626,-1.050592,-0.800066,-0.000180
cmd,13.380000,24.880000,0.534265,-1.049740,1.050626,-1.050592,-0.800066,-0.000180
cmd,13.385000,24.885000,0.533103,-1.049740,1.050626,-1.050592,-0.800066,-0.000180
cmd,13.390000,24.890000,0.531909,-1.049740,1.050626,-1.050592,-0.800066,-0.000180
cmd,13.395000,24.895000,0.530683,-1.049740,1.050626,-1.050592,-0.800066,-0.000180
cmd,13.400000,24.900000,0.529427,-1.049740,1.050626,-1.050592,-0.800066,-0.000180
cmd,13.405000,24.905000,0.528142,-1.049740,1.050626,-1.050592,-0.800066,-0.000180
cmd,13.410000,24.910000,0.526829,-1.049740,1.050626,-1.050592,-0.800066,-0.000180
cmd,13.415000,24.915000,0.525490,-1.049740,1.050626,-1.050592,-0.800066,-0.000180
cmd,13.420000,24.920000,0.524125,-1.049740,1.050626,-1.050592,-0.800066,-0.000180
cmd,13.425000,24.925000,0.522737,-1.049740,1.050626,-1.050592,-0.800066,-0.000180
cmd,13.430000,24.930000,0.521326,-1.049740,1.050626,-1.050592,-0.800066,-0.000180
cmd,13.435000,24.935000,0.519895,-1.049740,1.050626,-1.050592,-0.800066,-0.000180
cmd,13.440000,24.940000,0.518444,-1.049740,1.050626,-1.050592,-0.800066,-0.000180
cmd,13.445000,24.945000,0.516974,-1.049740,1.050626,-1.050592,-0.800066,-0.000180
cmd,13.450000,24.950000,0.515488,-1.049740,1.050626,-1.050592,-0.800066,-0.000180
cmd,13.455000,24.955000,0.513987,-1.049740,1.050626,-1.050592,-0.800066,-0.000180
cmd,13.460000,24.960000,0.512472,-1.049740,1.050626,-1.050592,-0.800066,-0.000180
cmd,13.465000,24.965000,0.510945,-1.049740,1.050626,-1.050592,-0.800066,-0.000180
cmd,13.470000,24.970000,0.509407,-1.049740,1.050626,-1.050592,-0.800066,-0.000180
cmd,13.475000,24.975000,0.507859,-1.049740,1.050626,-1.050592,-0.800066,-0.000180
cmd,13.480000,24.980000,0.506304,-1.049740,1.050626,-1.050592,-0.800066,-0.000180
cmd,13.485000,24.985000,0.504743,-1.049740,1.050626,-1.050592,-0.800066,-0.000180
cmd,13.490000,24.990000,0.503177,-1.049740,1.050626,-1.050592,-0.800066,-0.000180
cmd,13.495000,24.995000,0.501608,-1.049740,1.050626,-1.050592,-0.800066,-0.000180
cmd,13.500000,25.000000,0.500037,-1.049740,1.050626,-1.050592,-0.800066,-0.000180
cmd,13.505000,25.005000,0.498467,-1.049740,1.050626,-1.050592,-0.800066,-0.000180
cmd,13.510000,25.010000,0.496898,-1.049740,1.050626,-1.050592,-0.800066,-0.000180
cmd,13.515000,25.015000,0.495332,-1.049740,1.050626,-1.050592,-0.800066,-0.000180
cmd,13.520000,25.020000,0.493771,-1.049740,1.050626,-1.050592,-0.800066,-0.000180
cmd,13.525000,25.025000,0.492216,-1.049740,1.050626,-1.050592,-0.800066,-0.000180
cmd,13.530000,25.030000,0.490668,-1.049740,1.050626,-1.050592,-0.800066,-0.000180
cmd,13.535000,25.035000,0.489130,-1.049740,1.050626,-1.050592,-0.800066,-0.000180
cmd,13.540000,25.040000,0.487603,-1.049740,1.050626,-1.050592,-0.800066,-0.000180
cmd,13.545000,25.045000,0.486088,-1.049740,1.050626,-1.050592,-0.800066,-0.000180
cmd,13.550000,25.050000,0.484587,-1.049740,1.050626,-1.050592,-0.800066,-0.000180
cmd,13.555000,25.055000,0.483101,-1.049740,1.050626,-1.050592,-0.800066,-0.000180
cmd,13.560000,25.060000,0.481631,-1.049740,1.050626,-1.050592,-0.800066,-0.000180
cmd,13.565000,25.065000,0.480180,-1.049740,1.050626,-1.050592,-0.800066,-0.000180
cmd,13.570000,25.070000,0.478748,-1.049740,1.050626,-1.050592,-0.800066,-0.000180
cmd,13.575000,25.075000,0.477338,-1.049740,1.050626,-1.050592,-0.800066,-0.000180
cmd,13.580000,25.080000,0.475950,-1.049740,1.050626,-1.050592,-0.800066,-0.000180
cmd,13.585000,25.085000,0.474585,-1.049740,1.050626,-1.050592,-0.800066,-0.000180
cmd,13.590000,25.090000,0.473246,-1.049740,1.050626,-1.050592,-0.800066,-0.000180
cmd,13.595000,25.095000,0.471933,-1.049740,1.050626,-1.050592,-0.800066,-0.000180
cmd,13.600000,25.100000,0.470648,-1.049740,1.050626,-1.050592,-0.800066,-0.000180
cmd,13.605000,25.105000,0.469392,-1.049740,1.050626,-1.050592,-0.800066,-0.000180
cmd,13.610000,25.110000,0.468166,-1.049740,1.050626,-1.050592,-0.800066,-0.000180
cmd,13.615000,25.115000,0.466972,-1.049740,1.050626,-1.050592,-0.800066,-0.000180
cmd,13.620000,25.120000,0.465810,-1.049740,1.050626,-1.050592,-0.800066,-0.000180
cmd,13.625000,25.125000,0.464682,-1.049740,1.050626,-1.050592,-0.800066,-0.000180
cmd,13.630000,25.130000,0.463589,-1.049740,1.050626,-1.050592,-0.800066,-0.000180
cmd,13.635000,25.135000,0.462532,-1.049740,1.050626,-1.050592,-0.800066,-0.000180
cmd,13.640000,25.140000,0.461512,-1.049740,1.050626,-1.050592,-0.800066,-0.000180
cmd,13.645000,25.145000,0.460530,-1.049740,1.050626,-1.050592,-0.800066,-0.000180
cmd,13.650000,25.150000,0.459587,-1.049740,1.050626,-1.050592,-0.800066,-0.000180
cmd,13.655000,25.155000,0.458683,-1.049740,1.050626,-1.050592,-0.800066,-0.000180
cmd,13.660000,25.160000,0.457821,-1.049740,1.050626,-1.050592,-0.800066,-0.000180
cmd,13.665000,25.165000,0.457000,-1.049740,1.050626,-1.050592,-0.800066,-0.000180
cmd,13.670000,25.170000,0.456222,-1.049740,1.050626,-1.050592,-0.800066,-0.000180
cmd,13.675000,25.175000,0.455487,-1.049740,1.050626,-1.050592,-0.800066,-0.000180
cmd,13.680000,25.180000,0.454796,-1.049740,1.050626,-1.050592,-0.800066,-0.000180
cmd,13.685000,25.185000,0.454150,-1.049740,1.050626,-1.050592,-0.800066,-0.000180
cmd,13.690000,25.190000,0.453549,-1.049740,1.050626,-1.050592,-0.800066,-0.000180
cmd,13.695000,25.195000,0.452993,-1.049740,1.050626,-1.050592,-0.800066,-0.000180
cmd,13.700000,25.200000,0.452485,-1.049740,1.050626,-1.050592,-0.800066,-0.000180
cmd,13.705000,25.205000,0.452023,-1.049740,1.050626,-1.050592,-0.800066,-0.000180
cmd,13.710000,25.210000,0.451608,-1.049740,1.050626,-1.050592,-0.800066,-0.000180
cmd,13.715000,25.215000,0.451242,-1.049740,1.050626,-1.050592,-0.800066,-0.000180
cmd,13.720000,25.220000,0.450923,-1.049740,1.050626,-1.050592,-0.800066,-0.000180
cmd,13.725000,25.225000,0.450653,-1.049740,1.050626,-1.050592,-0.800066,-0.000180
cmd,13.730000,25.230000,0.450432,-1.049740,1.050626,-1.050592,-0.800066,-0.000180
cmd,13.735000,25.235000,0.450259,-1.049740,1.050626,-1.050592,-0.800066,-0.000180
cmd,13.740000,25.240000,0.450136,-1.049740,1.050626,-1.050592,-0.800066,-0.000180
cmd,13.745000,25.245000,0.450062,-1.049740,1.050626,-1.050592,-0.800066,-0.000180
cmd,13.750000,25.250000,0.450037,-1.049740,1.050626,-1.050592,-0.800066,-0.000180
cmd,13.755000,25.255000,0.450062,-1.049740,1.050626,-1.050592,-0.800066,-0.000180
cmd,13.760000,25.260000,0.450136,-1.049740,1.050626,-1.050592,-0.800066,-0.000180
cmd,13.765000,25.265000,0.450259,-1.049740,1.050626,-1.050592,-0.800066,-0.000180
cmd,13.770000,25.270000,0.450432,-1.049740,1.050626,-1.050592,-0.800066,-0.000180
cmd,13.775000,25.275000,0.450653,-1.049740,1.050626,-1.050592,-0.800066,-0.000180
cmd,13.780000,25.280000,0.450923,-1.049740,1.050626,-1.050592,-0.800066,-0.000180
cmd,13.785000,25.285000,0.451242,-1.049740,1.050626,-1.050592,-0.800066,-0.000180
cmd,13.790000,25.290000,0.451608,-1.049740,1.050626,-1.050592,-0.800066,-0.000180
cmd,13.795000,25.295000,0.452023,-1.049740,1.050626,-1.050592,-0.800066,-0.000180
cmd,13.800000,25.300000,0.452485,-1.049740,1.050626,-1.050592,-0.800066,-0.000180
cmd,13.805000,25.305000,0.452993,-1.049740,1.050626,-1.050592,-0.800066,-0.000180
cmd,13.810000,25.310000,0.453549,-1.049740,1.050626,-1.050592,-0.800066,-0.000180
cmd,13.815000,25.315000,0.454150,-1.049740,1.050626,-1.050592,-0.800066,-0.000180
cmd,13.820000,25.320000,0.454796,-1.049740,1.050626,-1.050592,-0.800066,-0.000180
cmd,13.825000,25.325000,0.455487,-1.049740,1.050626,-1.050592,-0.800066,-0.000180
cmd,13.830000,25.330000,0.456222,-1.049740,1.050626,-1.050592,-0.800066,-0.000180
cmd,13.835000,25.335000,0.457000,-1.049740,1.050626,-1.050592,-0.800066,-0.000180
cmd,13.840000,25.340000,0.457821,-1.049740,1.050626,-1.050592,-0.800066,-0.000180
cmd,13.845000,25.345000,0.458683,-1.049740,1.050626,-1.050592,-0.800066,-0.000180
cmd,13.850000,25.350000,0.459587,-1.049740,1.050626,-1.050592,-0.800066,-0.000180
cmd,13.855000,25.355000,0.460530,-1.049740,1.050626,-1.050592,-0.800066,-0.000180
cmd,13.860000,25.360000,0.461512,-1.049740,1.050626,-1.050592,-0.800066,-0.000180
cmd,13.865000,25.365000,0.462532,-1.049740,1.050626,-1.050592,-0.800066,-0.000180
cmd,13.870000,25.370000,0.463589,-1.049740,1.050626,-1.050592,-0.800066,-0.000180
cmd,13.875000,25.375000,0.464682,-1.049740,1.050626,-1.050592,-0.800066,-0.000180
cmd,13.880000,25.380000,0.465810,-1.049740,1.050626,-1.050592,-0.800066,-0.000180
cmd,13.885000,25.385000,0.466972,-1.049740,1.050626,-1.050592,-0.800066,-0.000180
cmd,13.890000,25.390000,0.468166,-1.049740,1.050626,-1.050592,-0.800066,-0.000180
cmd,13.895000,25.395000,0.469392,-1.049740,1.050626,-1.050592,-0.800066,-0.000180
cmd,13.900000,25.400000,0.470648,-1.049740,1.050626,-1.050592,-0.800066,-0.000180
cmd,13.905000,25.405000,0.471933,-1.049740,1.050626,-1.050592,-0.800066,-0.000180
cmd,13.910000,25.410000,0.473246,-1.049740,1.050626,-1.050592,-0.800066,-0.000180
cmd,13.915000,25.415000,0.474585,-1.049740,1.050626,-1.050592,-0.800066,-0.000180
cmd,13.920000,25.420000,0.475950,-1.049740,1.050626,-1.050592,-0.800066,-0.000180
cmd,13.925000,25.425000,0.477338,-1.049740,1.050626,-1.050592,-0.800066,-0.000180
cmd,13.930000,25.430000,0.478748,-1.049740,1.050626,-1.050592,-0.800066,-0.000180
cmd,13.935000,25.435000,0.480180,-1.049740,1.050626,-1.050592,-0.800066,-0.000180
cmd,13.940000,25.440000,0.481631,-1.049740,1.050626,-1.050592,-0.800066,-0.000180
cmd,13.945000,25.445000,0.483101,-1.049740,1.050626,-1.050592,-0.800066,-0.000180
cmd,13.950000,25.450000,0.484587,-1.049740,1.050626,-1.050592,-0.800066,-0.000180
cmd,13.955000,25.455000,0.486088,-1.049740,1.050626,-1.050592,-0.800066,-0.000180
cmd,13.960000,25.460000,0.487603,-1.049740,1.050626,-1.050592,-0.800066,-0.000180
cmd,13.965000,25.465000,0.489130,-1.049740,1.050626,-1.050592,-0.800066,-0.000180
cmd,13.970000,25.470000,0.490668,-1.049740,1.050626,-1.050592,-0.800066,-0.000180
cmd,13.975000,25.475000,0.492216,-1.049740,1.050626,-1.050592,-0.800066,-0.000180
cmd,13.980000,25.480000,0.493771,-1.049740,1.050626,-1.050592,-0.800066,-0.000180
cmd,13.985000,25.485000,0.495332,-1.049740,1.050626,-1.050592,-0.800066,-0.000180
cmd,13.990000,25.490000,0.496898,-1.049740,1.050626,-1.050592,-0.800066,-0.000180
cmd,13.995000,25.495000,0.498467,-1.049740,1.050626,-1.050592,-0.800066,-0.000180
cmd,14.000000,25.500000,0.500037,-1.049740,1.050626,-1.050592,-0.800066,-0.000180
cmd,14.005000,25.505000,0.501608,-1.049740,1.050626,-1.050592,-0.800066,-0.000180
cmd,14.010000,25.510000,0.503177,-1.049740,1.050626,-1.050592,-0.800066,-0.000180
cmd,14.015000,25.515000,0.504743,-1.049740,1.050626,-1.050592,-0.800066,-0.000180
cmd,14.020000,25.520000,0.506304,-1.049740,1.050626,-1.050592,-0.800066,-0.000180
cmd,14.025000,25.525000,0.507859,-1.049740,1.050626,-1.050592,-0.800066,-0.000180
cmd,14.030000,25.530000,0.509407,-1.049740,1.050626,-1.050592,-0.800066,-0.000180
cmd,14.035000,25.535000,0.510945,-1.049740,1.050626,-1.050592,-0.800066,-0.000180
cmd,14.040000,25.540000,0.512472,-1.049740,1.050626,-1.050592,-0.800066,-0.000180
cmd,14.045000,25.545000,0.513987,-1.049740,1.050626,-1.050592,-0.800066,-0.000180
cmd,14.050000,25.550000,0.515488,-1.049740,1.050626,-1.050592,-0.800066,-0.000180
cmd,14.055000,25.555000,0.516974,-1.049740,1.050626,-1.050592,-0.800066,-0.000180
cmd,14.060000,25.560000,0.518444,-1.049740,1.050626,-1.050592,-0.800066,-0.000180
cmd,14.065000,25.565000,0.519895,-1.049740,1.050626,-1.050592,-0.800066,-0.000180
cmd,14.070000,25.570000,0.521326,-1.049740,1.050626,-1.050592,-0.800066,-0.000180
cmd,14.075000,25.575000,0.522737,-1.049740,1.050626,-1.050592,-0.800066,-0.000180
cmd,14.080000,25.580000,0.524125,-1.049740,1.050626,-1.050592,-0.800066,-0.000180
cmd,14.085000,25.585000,0.525490,-1.049740,1.050626,-1.050592,-0.800066,-0.000180
cmd,14.090000,25.590000,0.526829,-1.049740,1.050626,-1.050592,-0.800066,-0.000180
cmd,14.095000,25.595000,0.528142,-1.049740,1.050626,-1.050592,-0.800066,-0.000180
cmd,14.100000,25.600000,0.529427,-1.049740,1.050626,-1.050592,-0.800066,-0.000180
cmd,14.105000,25.605000,0.530683,-1.049740,1.050626,-1.050592,-0.800066,-0.000180
cmd,14.110000,25.610000,0.531909,-1.049740,1.050626,-1.050592,-0.800066,-0.000180
cmd,14.115000,25.615000,0.533103,-1.049740,1.050626,-1.050592,-0.800066,-0.000180
cmd,14.120000,25.620000,0.534265,-1.049740,1.050626,-1.050592,-0.800066,-0.000180
cmd,14.125000,25.625000,0.535393,-1.049740,1.050626,-1.050592,-0.800066,-0.000180
cmd,14.130000,25.630000,0.536486,-1.049740,1.050626,-1.050592,-0.800066,-0.000180
cmd,14.135000,25.635000,0.537543,-1.049740,1.050626,-1.050592,-0.800066,-0.000180
cmd,14.140000,25.640000,0.538563,-1.049740,1.050626,-1.050592,-0.800066,-0.000180
cmd,14.145000,25.645000,0.539545,-1.049740,1.050626,-1.050592,-0.800066,-0.000180
cmd,14.150000,25.650000,0.540488,-1.049740,1.050626,-1.050592,-0.800066,-0.000180
cmd,14.155000,25.655000,0.541391,-1.049740,1.050626,-1.050592,-0.800066,-0.000180
cmd,14.160000,25.660000,0.542254,-1.049740,1.050626,-1.050592,-0.800066,-0.000180
cmd,14.165000,25.665000,0.543075,-1.049740,1.050626,-1.050592,-0.800066,-0.000180
cmd,14.170000,25.670000,0.543853,-1.049740,1.050626,-1.050592,-0.800066,-0.000180
cmd,14.175000,25.675000,0.544588,-1.049740,1.050626,-1.050592,-0.800066,-0.000180
cmd,14.180000,25.680000,0.545279,-1.049740,1.050626,-1.050592,-0.800066,-0.000180
cmd,14.185000,25.685000,0.545925,-1.049740,1.050626,-1.050592,-0.800066,-0.000180
cmd,14.190000,25.690000,0.546526,-1.049740,1.050626,-1.050592,-0.800066,-0.000180
cmd,14.195000,25.695000,0.547081,-1.049740,1.050626,-1.050592,-0.800066,-0.000180
cmd,14.200000,25.700000,0.547590,-1.049740,1.050626,-1.050592,-0.800066,-0.000180
cmd,14.205000,25.705000,0.548052,-1.049740,1.050626,-1.050592,-0.800066,-0.000180
cmd,14.210000,25.710000,0.548467,-1.049740,1.050626,-1.050592,-0.800066,-0.000180
cmd,14.215000,25.715000,0.548833,-1.049740,1.050626,-1.050592,-0.800066,-0.000180
cmd,14.220000,25.720000,0.549152,-1.049740,1.050626,-1.050592,-0.800066,-0.000180
cmd,14.225000,25.725000,0.549422,-1.049740,1.050626,-1.050592,-0.800066,-0.000180
cmd,14.230000,25.730000,0.549643,-1.049740,1.050626,-1.050592,-0.800066,-0.000180
cmd,14.235000,25.735000,0.549816,-1.049740,1.050626,-1.050592,-0.800066,-0.000180
cmd,14.240000,25.740000,0.549939,-1.049740,1.050626,-1.050592,-0.800066,-0.000180
cmd,14.245000,25.745000,0.550013,-1.049740,1.050626,-1.050592,-0.800066,-0.000180
cmd,14.250000,25.750000,0.550037,-1.049740,1.050626,-1.050592,-0.800066,-0.000180
cmd,14.255000,25.755000,0.550013,-1.049740,1.050626,-1.050592,-0.800066,-0.000180
cmd,14.260000,25.760000,0.549939,-1.049740,1.050626,-1.050592,-0.800066,-0.000180
cmd,14.265000,25.765000,0.549816,-1.049740,1.050626,-1.050592,-0.800066,-0.000180
cmd,14.270000,25.770000,0.549643,-1.049740,1.050626,-1.050592,-0.800066,-0.000180
cmd,14.275000,25.775000,0.549422,-1.049740,1.050626,-1.050592,-0.800066,-0.000180
cmd,14.280000,25.780000,0.549152,-1.049740,1.050626,-1.050592,-0.800066,-0.000180
cmd,14.285000,25.785000,0.548833,-1.049740,1.050626,-1.050592,-0.800066,-0.000180
cmd,14.290000,25.790000,0.548467,-1.049740,1.050626,-1.050592,-0.800066,-0.000180
cmd,14.295000,25.795000,0.548052,-1.049740,1.050626,-1.050592,-0.800066,-0.000180
cmd,14.300000,25.800000,0.547590,-1.049740,1.050626,-1.050592,-0.800066,-0.000180
cmd,14.305000,25.805000,0.547081,-1.049740,1.050626,-1.050592,-0.800066,-0.000180
cmd,14.310000,25.810000,0.546526,-1.049740,1.050626,-1.050592,-0.800066,-0.000180
cmd,14.315000,25.815000,0.545925,-1.049740,1.050626,-1.050592,-0.800066,-0.000180
cmd,14.320000,25.820000,0.545279,-1.049740,1.050626,-1.050592,-0.800066,-0.000180
cmd,14.325000,25.825000,0.544588,-1.049740,1.050626,-1.050592,-0.800066,-0.000180
cmd,14.330000,25.830000,0.543853,-1.049740,1.050626,-1.050592,-0.800066,-0.000180
cmd,14.335000,25.835000,0.543075,-1.049740,1.050626,-1.050592,-0.800066,-0.000180
cmd,14.340000,25.840000,0.542254,-1.049740,1.050626,-1.050592,-0.800066,-0.000180
cmd,14.345000,25.845000,0.541391,-1.049740,1.050626,-1.050592,-0.800066,-0.000180
cmd,14.350000,25.850000,0.540488,-1.049740,1.050626,-1.050592,-0.800066,-0.000180
cmd,14.355000,25.855000,0.539545,-1.049740,1.050626,-1.050592,-0.800066,-0.000180
cmd,14.360000,25.860000,0.538563,-1.049740,1.050626,-1.050592,-0.800066,-0.000180
cmd,14.365000,25.865000,0.537543,-1.049740,1.050626,-1.050592,-0.800066,-0.000180
cmd,14.370000,25.870000,0.536486,-1.049740,1.050626,-1.050592,-0.800066,-0.000180
cmd,14.375000,25.875000,0.535393,-1.049740,1.050626,-1.050592,-0.800066,-0.000180
cmd,14.380000,25.880000,0.534265,-1.049740,1.050626,-1.050592,-0.800066,-0.000180
cmd,14.385000,25.885000,0.533103,-1.049740,1.050626,-1.050592,-0.800066,-0.000180
cmd,14.390000,25.890000,0.531909,-1.049740,1.050626,-1.050592,-0.800066,-0.000180
cmd,14.395000,25.895000,0.530683,-1.049740,1.050626,-1.050592,-0.800066,-0.000180
cmd,14.400000,25.900000,0.529427,-1.049740,1.050626,-1.050592,-0.800066,-0.000180
cmd,14.405000,25.905000,0.528142,-1.049740,1.050626,-1.050592,-0.800066,-0.000180
cmd,14.410000,25.910000,0.526829,-1.049740,1.050626,-1.050592,-0.800066,-0.000180
cmd,14.415000,25.915000,0.525490,-1.049740,1.050626,-1.050592,-0.800066,-0.000180
cmd,14.420000,25.920000,0.524125,-1.049740,1.050626,-1.050592,-0.800066,-0.000180
cmd,14.425000,25.925000,0.522737,-1.049740,1.050626,-1.050592,-0.800066,-0.000180
cmd,14.430000,25.930000,0.521326,-1.049740,1.050626,-1.050592,-0.800066,-0.000180
cmd,14.435000,25.935000,0.519895,-1.049740,1.050626,-1.050592,-0.800066,-0.000180
cmd,14.440000,25.940000,0.518444,-1.049740,1.050626,-1.050592,-0.800066,-0.000180
cmd,14.445000,25.945000,0.516974,-1.049740,1.050626,-1.050592,-0.800066,-0.000180
cmd,14.450000,25.950000,0.515488,-1.049740,1.050626,-1.050592,-0.800066,-0.000180
cmd,14.455000,25.955000,0.513987,-1.049740,1.050626,-1.050592,-0.800066,-0.000180
cmd,14.460000,25.960000,0.512472,-1.049740,1.050626,-1.050592,-0.800066,-0.000180
cmd,14.465000,25.965000,0.510945,-1.049740,1.050626,-1.050592,-0.800066,-0.000180
cmd,14.470000,25.970000,0.509407,-1.049740,1.050626,-1.050592,-0.800066,-0.000180
cmd,14.475000,25.975000,0.507859,-1.049740,1.050626,-1.050592,-0.800066,-0.000180
cmd,14.480000,25.980000,0.506304,-1.049740,1.050626,-1.050592,-0.800066,-0.000180
cmd,14.485000,25.985000,0.504743,-1.049740,1.050626,-1.050592,-0.800066,-0.000180
cmd,14.490000,25.990000,0.503177,-1.049740,1.050626,-1.050592,-0.800066,-0.000180
cmd,14.495000,25.995000,0.501608,-1.049740,1.050626,-1.050592,-0.800066,-0.000180
cmd,14.500000,26.000000,0.500037,-1.049740,1.050626,-1.050592,-0.800066,-0.000180
cmd,14.505000,26.005000,0.498467,-1.049740,1.050626,-1.050592,-0.800066,-0.000180
cmd,14.510000,26.010000,0.496898,-1.049740,1.050626,-1.050592,-0.800066,-0.000180
cmd,14.515000,26.015000,0.495332,-1.049740,1.050626,-1.050592,-0.800066,-0.000180
cmd,14.520000,26.020000,0.493771,-1.049740,1.050626,-1.050592,-0.800066,-0.000180
cmd,14.525000,26.025000,0.492216,-1.049740,1.050626,-1.050592,-0.800066,-0.000180
cmd,14.530000,26.030000,0.490668,-1.049740,1.050626,-1.050592,-0.800066,-0.000180
cmd,14.535000,26.035000,0.489130,-1.049740,1.050626,-1.050592,-0.800066,-0.000180
cmd,14.540000,26.040000,0.487603,-1.049740,1.050626,-1.050592,-0.800066,-0.000180
cmd,14.545000,26.045000,0.486088,-1.049740,1.050626,-1.050592,-0.800066,-0.000180
cmd,14.550000,26.050000,0.484587,-1.049740,1.050626,-1.050592,-0.800066,-0.000180
cmd,14.555000,26.055000,0.483101,-1.049740,1.050626,-1.050592,-0.800066,-0.000180
cmd,14.560000,26.060000,0.481631,-1.049740,1.050626,-1.050592,-0.800066,-0.000180
cmd,14.565000,26.065000,0.480180,-1.049740,1.050626,-1.050592,-0.800066,-0.000180
cmd,14.570000,26.070000,0.478748,-1.049740,1.050626,-1.050592,-0.800066,-0.000180
cmd,14.575000,26.075000,0.477338,-1.049740,1.050626,-1.050592,-0.800066,-0.000180
cmd,14.580000,26.080000,0.475950,-1.049740,1.050626,-1.050592,-0.800066,-0.000180
cmd,14.585000,26.085000,0.474585,-1.049740,1.050626,-1.050592,-0.800066,-0.000180
cmd,14.590000,26.090000,0.473246,-1.049740,1.050626,-1.050592,-0.800066,-0.000180
cmd,14.595000,26.095000,0.471933,-1.049740,1.050626,-1.050592,-0.800066,-0.000180
cmd,14.600000,26.100000,0.470648,-1.049740,1.050626,-1.050592,-0.800066,-0.000180
cmd,14.605000,26.105000,0.469392,-1.049740,1.050626,-1.050592,-0.800066,-0.000180
cmd,14.610000,26.110000,0.468166,-1.049740,1.050626,-1.050592,-0.800066,-0.000180
cmd,14.615000,26.115000,0.466972,-1.049740,1.050626,-1.050592,-0.800066,-0.000180
cmd,14.620000,26.120000,0.465810,-1.049740,1.050626,-1.050592,-0.800066,-0.000180
cmd,14.625000,26.125000,0.464682,-1.049740,1.050626,-1.050592,-0.800066,-0.000180
cmd,14.630000,26.130000,0.463589,-1.049740,1.050626,-1.050592,-0.800066,-0.000180
cmd,14.635000,26.135000,0.462532,-1.049740,1.050626,-1.050592,-0.800066,-0.000180
cmd,14.640000,26.140000,0.461512,-1.049740,1.050626,-1.050592,-0.800066,-0.000180
cmd,14.645000,26.145000,0.460530,-1.049740,1.050626,-1.050592,-0.800066,-0.000180
cmd,14.650000,26.150000,0.459587,-1.049740,1.050626,-1.050592,-0.800066,-0.000180
cmd,14.655000,26.155000,0.458683,-1.049740,1.050626,-1.050592,-0.800066,-0.000180
cmd,14.660000,26.160000,0.457821,-1.049740,1.050626,-1.050592,-0.800066,-0.000180
cmd,14.665000,26.165000,0.457000,-1.049740,1.050626,-1.050592,-0.800066,-0.000180
cmd,14.670000,26.170000,0.456222,-1.049740,1.050626,-1.050592,-0.800066,-0.000180
cmd,14.675000,26.175000,0.455487,-1.049740,1.050626,-1.050592,-0.800066,-0.000180
cmd,14.680000,26.180000,0.454796,-1.049740,1.050626,-1.050592,-0.800066,-0.000180
cmd,14.685000,26.185000,0.454150,-1.049740,1.050626,-1.050592,-0.800066,-0.000180
cmd,14.690000,26.190000,0.453549,-1.049740,1.050626,-1.050592,-0.800066,-0.000180
cmd,14.695000,26.195000,0.452993,-1.049740,1.050626,-1.050592,-0.800066,-0.000180
cmd,14.700000,26.200000,0.452485,-1.049740,1.050626,-1.050592,-0.800066,-0.000180
cmd,14.705000,26.205000,0.452023,-1.049740,1.050626,-1.050592,-0.800066,-0.000180
cmd,14.710000,26.210000,0.451608,-1.049740,1.050626,-1.050592,-0.800066,-0.000180
cmd,14.715000,26.215000,0.451242,-1.049740,1.050626,-1.050592,-0.800066,-0.000180
cmd,14.720000,26.220000,0.450923,-1.049740,1.050626,-1.050592,-0.800066,-0.000180
cmd,14.725000,26.225000,0.450653,-1.049740,1.050626,-1.050592,-0.800066,-0.000180
cmd,14.730000,26.230000,0.450432,-1.049740,1.050626,-1.050592,-0.800066,-0.000180
cmd,14.735000,26.235000,0.450259,-1.049740,1.050626,-1.050592,-0.800066,-0.000180
cmd,14.740000,26.240000,0.450136,-1.049740,1.050626,-1.050592,-0.800066,-0.000180
cmd,14.745000,26.245000,0.450062,-1.049740,1.050626,-1.050592,-0.800066,-0.000180
cmd,14.750000,26.250000,0.450037,-1.049740,1.050626,-1.050592,-0.800066,-0.000180
cmd,14.755000,26.255000,0.450062,-1.049740,1.050626,-1.050592,-0.800066,-0.000180
cmd,14.760000,26.260000,0.450136,-1.049740,1.050626,-1.050592,-0.800066,-0.000180
cmd,14.765000,26.265000,0.450259,-1.049740,1.050626,-1.050592,-0.800066,-0.000180
cmd,14.770000,26.270000,0.450432,-1.049740,1.050626,-1.050592,-0.800066,-0.000180
cmd,14.775000,26.275000,0.450653,-1.049740,1.050626,-1.050592,-0.800066,-0.000180
cmd,14.780000,26.280000,0.450923,-1.049740,1.050626,-1.050592,-0.800066,-0.000180
cmd,14.785000,26.285000,0.451242,-1.049740,1.050626,-1.050592,-0.800066,-0.000180
cmd,14.790000,26.290000,0.451608,-1.049740,1.050626,-1.050592,-0.800066,-0.000180
cmd,14.795000,26.295000,0.452023,-1.049740,1.050626,-1.050592,-0.800066,-0.000180
cmd,14.800000,26.300000,0.452485,-1.049740,1.050626,-1.050592,-0.800066,-0.000180
cmd,14.805000,26.305000,0.452993,-1.049740,1.050626,-1.050592,-0.800066,-0.000180
cmd,14.810000,26.310000,0.453549,-1.049740,1.050626,-1.050592,-0.800066,-0.000180
cmd,14.815000,26.315000,0.454150,-1.049740,1.050626,-1.050592,-0.800066,-0.000180
cmd,14.820000,26.320000,0.454796,-1.049740,1.050626,-1.050592,-0.800066,-0.000180
cmd,14.825000,26.325000,0.455487,-1.049740,1.050626,-1.050592,-0.800066,-0.000180
cmd,14.830000,26.330000,0.456222,-1.049740,1.050626,-1.050592,-0.800066,-0.000180
cmd,14.835000,26.335000,0.457000,-1.049740,1.050626,-1.050592,-0.800066,-0.000180
cmd,14.840000,26.340000,0.457821,-1.049740,1.050626,-1.050592,-0.800066,-0.000180
cmd,14.845000,26.345000,0.458683,-1.049740,1.050626,-1.050592,-0.800066,-0.000180
cmd,14.850000,26.350000,0.459587,-1.049740,1.050626,-1.050592,-0.800066,-0.000180
cmd,14.855000,26.355000,0.460530,-1.049740,1.050626,-1.050592,-0.800066,-0.000180
cmd,14.860000,26.360000,0.461512,-1.049740,1.050626,-1.050592,-0.800066,-0.000180
cmd,14.865000,26.365000,0.462532,-1.049740,1.050626,-1.050592,-0.800066,-0.000180
cmd,14.870000,26.370000,0.463589,-1.049740,1.050626,-1.050592,-0.800066,-0.000180
cmd,14.875000,26.375000,0.464682,-1.049740,1.050626,-1.050592,-0.800066,-0.000180
cmd,14.880000,26.380000,0.465810,-1.049740,1.050626,-1.050592,-0.800066,-0.000180
cmd,14.885000,26.385000,0.466972,-1.049740,1.050626,-1.050592,-0.800066,-0.000180
cmd,14.890000,26.390000,0.468166,-1.049740,1.050626,-1.050592,-0.800066,-0.000180
cmd,14.895000,26.395000,0.469392,-1.049740,1.050626,-1.050592,-0.800066,-0.000180
cmd,14.900000,26.400000,0.470648,-1.049740,1.050626,-1.050592,-0.800066,-0.000180
cmd,14.905000,26.405000,0.471933,-1.049740,1.050626,-1.050592,-0.800066,-0.000180
cmd,14.910000,26.410000,0.473246,-1.049740,1.050626,-1.050592,-0.800066,-0.000180
cmd,14.915000,26.415000,0.474585,-1.049740,1.050626,-1.050592,-0.800066,-0.000180
cmd,14.920000,26.420000,0.475950,-1.049740,1.050626,-1.050592,-0.800066,-0.000180
cmd,14.925000,26.425000,0.477338,-1.049740,1.050626,-1.050592,-0.800066,-0.000180
cmd,14.930000,26.430000,0.478748,-1.049740,1.050626,-1.050592,-0.800066,-0.000180
cmd,14.935000,26.435000,0.480180,-1.049740,1.050626,-1.050592,-0.800066,-0.000180
cmd,14.940000,26.440000,0.481631,-1.049740,1.050626,-1.050592,-0.800066,-0.000180
cmd,14.945000,26.445000,0.483101,-1.049740,1.050626,-1.050592,-0.800066,-0.000180
cmd,14.950000,26.450000,0.484587,-1.049740,1.050626,-1.050592,-0.800066,-0.000180
cmd,14.955000,26.455000,0.486088,-1.049740,1.050626,-1.050592,-0.800066,-0.000180
cmd,14.960000,26.460000,0.487603,-1.049740,1.050626,-1.050592,-0.800066,-0.000180
cmd,14.965000,26.465000,0.489130,-1.049740,1.050626,-1.050592,-0.800066,-0.000180
cmd,14.970000,26.470000,0.490668,-1.049740,1.050626,-1.050592,-0.800066,-0.000180
cmd,14.975000,26.475000,0.492216,-1.049740,1.050626,-1.050592,-0.800066,-0.000180
cmd,14.980000,26.480000,0.493771,-1.049740,1.050626,-1.050592,-0.800066,-0.000180
cmd,14.985000,26.485000,0.495332,-1.049740,1.050626,-1.050592,-0.800066,-0.000180
cmd,14.990000,26.490000,0.496898,-1.049740,1.050626,-1.050592,-0.800066,-0.000180
cmd,14.995000,26.495000,0.498467,-1.049740,1.050626,-1.050592,-0.800066,-0.000180
cmd,15.000000,26.500000,0.500037,-1.049740,1.050626,-1.050592,-0.800066,-0.000180
cmd,15.005000,26.505000,0.501608,-1.049740,1.050626,-1.050592,-0.800066,-0.000180
cmd,15.010000,26.510000,0.503177,-1.049740,1.050626,-1.050592,-0.800066,-0.000180
cmd,15.015000,26.515000,0.504743,-1.049740,1.050626,-1.050592,-0.800066,-0.000180
cmd,15.020000,26.520000,0.506304,-1.049740,1.050626,-1.050592,-0.800066,-0.000180
cmd,15.025000,26.525000,0.507859,-1.049740,1.050626,-1.050592,-0.800066,-0.000180
cmd,15.030000,26.530000,0.509407,-1.049740,1.050626,-1.050592,-0.800066,-0.000180
cmd,15.035000,26.535000,0.510945,-1.049740,1.050626,-1.050592,-0.800066,-0.000180
cmd,15.040000,26.540000,0.512472,-1.049740,1.050626,-1.050592,-0.800066,-0.000180
cmd,15.045000,26.545000,0.513987,-1.049740,1.050626,-1.050592,-0.800066,-0.000180
cmd,15.050000,26.550000,0.515488,-1.049740,1.050626,-1.050592,-0.800066,-0.000180
cmd,15.055000,26.555000,0.516974,-1.049740,1.050626,-1.050592,-0.800066,-0.000180
cmd,15.060000,26.560000,0.518444,-1.049740,1.050626,-1.050592,-0.800066,-0.000180
cmd,15.065000,26.565000,0.519895,-1.049740,1.050626,-1.050592,-0.800066,-0.000180
cmd,15.070000,26.570000,0.521326,-1.049740,1.050626,-1.050592,-0.800066,-0.000180
cmd,15.075000,26.575000,0.522737,-1.049740,1.050626,-1.050592,-0.800066,-0.000180
cmd,15.080000,26.580000,0.524125,-1.049740,1.050626,-1.050592,-0.800066,-0.000180
cmd,15.085000,26.585000,0.525490,-1.049740,1.050626,-1.050592,-0.800066,-0.000180
cmd,15.090000,26.590000,0.526829,-1.049740,1.050626,-1.050592,-0.800066,-0.000180
cmd,15.095000,26.595000,0.528142,-1.049740,1.050626,-1.050592,-0.800066,-0.000180
cmd,15.100000,26.600000,0.529427,-1.049740,1.050626,-1.050592,-0.800066,-0.000180
cmd,15.105000,26.605000,0.530683,-1.049740,1.050626,-1.050592,-0.800066,-0.000180
cmd,15.110000,26.610000,0.531909,-1.049740,1.050626,-1.050592,-0.800066,-0.000180
cmd,15.115000,26.615000,0.533103,-1.049740,1.050626,-1.050592,-0.800066,-0.000180
cmd,15.120000,26.620000,0.534265,-1.049740,1.050626,-1.050592,-0.800066,-0.000180
cmd,15.125000,26.625000,0.535393,-1.049740,1.050626,-1.050592,-0.800066,-0.000180
cmd,15.130000,26.630000,0.536486,-1.049740,1.050626,-1.050592,-0.800066,-0.000180
cmd,15.135000,26.635000,0.537543,-1.049740,1.050626,-1.050592,-0.800066,-0.000180
cmd,15.140000,26.640000,0.538563,-1.049740,1.050626,-1.050592,-0.800066,-0.000180
cmd,15.145000,26.645000,0.539545,-1.049740,1.050626,-1.050592,-0.800066,-0.000180
cmd,15.150000,26.650000,0.540488,-1.049740,1.050626,-1.050592,-0.800066,-0.000180
cmd,15.155000,26.655000,0.541391,-1.049740,1.050626,-1.050592,-0.800066,-0.000180
cmd,15.160000,26.660000,0.542254,-1.049740,1.050626,-1.050592,-0.800066,-0.000180
cmd,15.165000,26.665000,0.543075,-1.049740,1.050626,-1.050592,-0.800066,-0.000180
cmd,15.170000,26.670000,0.543853,-1.049740,1.050626,-1.050592,-0.800066,-0.000180
cmd,15.175000,26.675000,0.544588,-1.049740,1.050626,-1.050592,-0.800066,-0.000180
cmd,15.180000,26.680000,0.545279,-1.049740,1.050626,-1.050592,-0.800066,-0.000180
cmd,15.185000,26.685000,0.545925,-1.049740,1.050626,-1.050592,-0.800066,-0.000180
cmd,15.190000,26.690000,0.546526,-1.049740,1.050626,-1.050592,-0.800066,-0.000180
cmd,15.195000,26.695000,0.547081,-1.049740,1.050626,-1.050592,-0.800066,-0.000180
cmd,15.200000,26.700000,0.547590,-1.049740,1.050626,-1.050592,-0.800066,-0.000180
cmd,15.205000,26.705000,0.548052,-1.049740,1.050626,-1.050592,-0.800066,-0.000180
cmd,15.210000,26.710000,0.548467,-1.049740,1.050626,-1.050592,-0.800066,-0.000180
cmd,15.215000,26.715000,0.548833,-1.049740,1.050626,-1.050592,-0.800066,-0.000180
cmd,15.220000,26.720000,0.549152,-1.049740,1.050626,-1.050592,-0.800066,-0.000180
cmd,15.225000,26.725000,0.549422,-1.049740,1.050626,-1.050592,-0.800066,-0.000180
cmd,15.230000,26.730000,0.549643,-1.049740,1.050626,-1.050592,-0.800066,-0.000180
cmd,15.235000,26.735000,0.549816,-1.049740,1.050626,-1.050592,-0.800066,-0.000180
cmd,15.240000,26.740000,0.549939,-1.049740,1.050626,-1.050592,-0.800066,-0.000180
cmd,15.245000,26.745000,0.550013,-1.049740,1.050626,-1.050592,-0.800066,-0.000180
cmd,15.250000,26.750000,0.550037,-1.049740,1.050626,-1.050592,-0.800066,-0.000180
cmd,15.255000,26.755000,0.550013,-1.049740,1.050626,-1.050592,-0.800066,-0.000180
cmd,15.260000,26.760000,0.549939,-1.049740,1.050626,-1.050592,-0.800066,-0.000180
cmd,15.265000,26.765000,0.549816,-1.049740,1.050626,-1.050592,-0.800066,-0.000180
cmd,15.270000,26.770000,0.549643,-1.049740,1.050626,-1.050592,-0.800066,-0.000180
cmd,15.275000,26.775000,0.549422,-1.049740,1.050626,-1.050592,-0.800066,-0.000180
cmd,15.280000,26.780000,0.549152,-1.049740,1.050626,-1.050592,-0.800066,-0.000180
cmd,15.285000,26.785000,0.548833,-1.049740,1.050626,-1.050592,-0.800066,-0.000180
cmd,15.290000,26.790000,0.548467,-1.049740,1.050626,-1.050592,-0.800066,-0.000180
cmd,15.295000,26.795000,0.548052,-1.049740,1.050626,-1.050592,-0.800066,-0.000180
cmd,15.300000,26.800000,0.547590,-1.049740,1.050626,-1.050592,-0.800066,-0.000180
cmd,15.305000,26.805000,0.547081,-1.049740,1.050626,-1.050592,-0.800066,-0.000180
cmd,15.310000,26.810000,0.546526,-1.049740,1.050626,-1.050592,-0.800066,-0.000180
cmd,15.315000,26.815000,0.545925,-1.049740,1.050626,-1.050592,-0.800066,-0.000180
cmd,15.320000,26.820000,0.545279,-1.049740,1.050626,-1.050592,-0.800066,-0.000180
cmd,15.325000,26.825000,0.544588,-1.049740,1.050626,-1.050592,-0.800066,-0.000180
cmd,15.330000,26.830000,0.543853,-1.049740,1.050626,-1.050592,-0.800066,-0.000180
cmd,15.335000,26.835000,0.543075,-1.049740,1.050626,-1.050592,-0.800066,-0.000180
cmd,15.340000,26.840000,0.542254,-1.049740,1.050626,-1.050592,-0.800066,-0.000180
cmd,15.345000,26.845000,0.541391,-1.049740,1.050626,-1.050592,-0.800066,-0.000180
cmd,15.350000,26.850000,0.540488,-1.049740,1.050626,-1.050592,-0.800066,-0.000180
cmd,15.355000,26.855000,0.539545,-1.049740,1.050626,-1.050592,-0.800066,-0.000180
cmd,15.360000,26.860000,0.538563,-1.049740,1.050626,-1.050592,-0.800066,-0.000180
cmd,15.365000,26.865000,0.537543,-1.049740,1.050626,-1.050592,-0.800066,-0.000180
cmd,15.370000,26.870000,0.536486,-1.049740,1.050626,-1.050592,-0.800066,-0.000180
cmd,15.375000,26.875000,0.535393,-1.049740,1.050626,-1.050592,-0.800066,-0.000180
cmd,15.380000,26.880000,0.534265,-1.049740,1.050626,-1.050592,-0.800066,-0.000180
cmd,15.385000,26.885000,0.533103,-1.049740,1.050626,-1.050592,-0.800066,-0.000180
cmd,15.390000,26.890000,0.531909,-1.049740,1.050626,-1.050592,-0.800066,-0.000180
cmd,15.395000,26.895000,0.530683,-1.049740,1.050626,-1.050592,-0.800066,-0.000180
cmd,15.400000,26.900000,0.529427,-1.049740,1.050626,-1.050592,-0.800066,-0.000180
cmd,15.405000,26.905000,0.528142,-1.049740,1.050626,-1.050592,-0.800066,-0.000180
cmd,15.410000,26.910000,0.526829,-1.049740,1.050626,-1.050592,-0.800066,-0.000180
cmd,15.415000,26.915000,0.525490,-1.049740,1.050626,-1.050592,-0.800066,-0.000180
cmd,15.420000,26.920000,0.524125,-1.049740,1.050626,-1.050592,-0.800066,-0.000180
cmd,15.425000,26.925000,0.522737,-1.049740,1.050626,-1.050592,-0.800066,-0.000180
cmd,15.430000,26.930000,0.521326,-1.049740,1.050626,-1.050592,-0.800066,-0.000180
cmd,15.435000,26.935000,0.519895,-1.049740,1.050626,-1.050592,-0.800066,-0.000180
cmd,15.440000,26.940000,0.518444,-1.049740,1.050626,-1.050592,-0.800066,-0.000180
cmd,15.445000,26.945000,0.516974,-1.049740,1.050626,-1.050592,-0.800066,-0.000180
cmd,15.450000,26.950000,0.515488,-1.049740,1.050626,-1.050592,-0.800066,-0.000180
cmd,15.455000,26.955000,0.513987,-1.049740,1.050626,-1.050592,-0.800066,-0.000180
cmd,15.460000,26.960000,0.512472,-1.049740,1.050626,-1.050592,-0.800066,-0.000180
cmd,15.465000,26.965000,0.510945,-1.049740,1.050626,-1.050592,-0.800066,-0.000180
cmd,15.470000,26.970000,0.509407,-1.049740,1.050626,-1.050592,-0.800066,-0.000180
cmd,15.475000,26.975000,0.507859,-1.049740,1.050626,-1.050592,-0.800066,-0.000180
cmd,15.480000,26.980000,0.506304,-1.049740,1.050626,-1.050592,-0.800066,-0.000180
cmd,15.485000,26.985000,0.504743,-1.049740,1.050626,-1.050592,-0.800066,-0.000180
cmd,15.490000,26.990000,0.503177,-1.049740,1.050626,-1.050592,-0.800066,-0.000180
cmd,15.495000,26.995000,0.501608,-1.049740,1.050626,-1.050592,-0.800066,-0.000180
cmd,15.500000,27.000000,0.500037,-1.049740,1.050626,-1.050592,-0.800066,-0.000180
cmd,15.505000,27.005000,0.498467,-1.049740,1.050626,-1.050592,-0.800066,-0.000180
cmd,15.510000,27.010000,0.496898,-1.049740,1.050626,-1.050592,-0.800066,-0.000180
cmd,15.515000,27.015000,0.495332,-1.049740,1.050626,-1.050592,-0.800066,-0.000180
cmd,15.520000,27.020000,0.493771,-1.049740,1.050626,-1.050592,-0.800066,-0.000180
cmd,15.525000,27.025000,0.492216,-1.049740,1.050626,-1.050592,-0.800066,-0.000180
cmd,15.530000,27.030000,0.490668,-1.049740,1.050626,-1.050592,-0.800066,-0.000180
cmd,15.535000,27.035000,0.489130,-1.049740,1.050626,-1.050592,-0.800066,-0.000180
cmd,15.540000,27.040000,0.487603,-1.049740,1.050626,-1.050592,-0.800066,-0.000180
cmd,15.545000,27.045000,0.486088,-1.049740,1.050626,-1.050592,-0.800066,-0.000180
cmd,15.550000,27.050000,0.484587,-1.049740,1.050626,-1.050592,-0.800066,-0.000180
cmd,15.555000,27.055000,0.483101,-1.049740,1.050626,-1.050592,-0.800066,-0.000180
cmd,15.560000,27.060000,0.481631,-1.049740,1.050626,-1.050592,-0.800066,-0.000180
cmd,15.565000,27.065000,0.480180,-1.049740,1.050626,-1.050592,-0.800066,-0.000180
cmd,15.570000,27.070000,0.478748,-1.049740,1.050626,-1.050592,-0.800066,-0.000180
cmd,15.575000,27.075000,0.477338,-1.049740,1.050626,-1.050592,-0.800066,-0.000180
cmd,15.580000,27.080000,0.475950,-1.049740,1.050626,-1.050592,-0.800066,-0.000180
cmd,15.585000,27.085000,0.474585,-1.049740,1.050626,-1.050592,-0.800066,-0.000180
cmd,15.590000,27.090000,0.473246,-1.049740,1.050626,-1.050592,-0.800066,-0.000180
cmd,15.595000,27.095000,0.471933,-1.049740,1.050626,-1.050592,-0.800066,-0.000180
cmd,15.600000,27.100000,0.470648,-1.049740,1.050626,-1.050592,-0.800066,-0.000180
cmd,15.605000,27.105000,0.469392,-1.049740,1.050626,-1.050592,-0.800066,-0.000180
cmd,15.610000,27.110000,0.468166,-1.049740,1.050626,-1.050592,-0.800066,-0.000180
cmd,15.615000,27.115000,0.466972,-1.049740,1.050626,-1.050592,-0.800066,-0.000180
cmd,15.620000,27.120000,0.465810,-1.049740,1.050626,-1.050592,-0.800066,-0.000180
cmd,15.625000,27.125000,0.464682,-1.049740,1.050626,-1.050592,-0.800066,-0.000180
cmd,15.630000,27.130000,0.463589,-1.049740,1.050626,-1.050592,-0.800066,-0.000180
cmd,15.635000,27.135000,0.462532,-1.049740,1.050626,-1.050592,-0.800066,-0.000180
cmd,15.640000,27.140000,0.461512,-1.049740,1.050626,-1.050592,-0.800066,-0.000180
cmd,15.645000,27.145000,0.460530,-1.049740,1.050626,-1.050592,-0.800066,-0.000180
cmd,15.650000,27.150000,0.459587,-1.049740,1.050626,-1.050592,-0.800066,-0.000180
cmd,15.655000,27.155000,0.458683,-1.049740,1.050626,-1.050592,-0.800066,-0.000180
cmd,15.660000,27.160000,0.457821,-1.049740,1.050626,-1.050592,-0.800066,-0.000180
cmd,15.665000,27.165000,0.457000,-1.049740,1.050626,-1.050592,-0.800066,-0.000180
cmd,15.670000,27.170000,0.456222,-1.049740,1.050626,-1.050592,-0.800066,-0.000180
cmd,15.675000,27.175000,0.455487,-1.049740,1.050626,-1.050592,-0.800066,-0.000180
cmd,15.680000,27.180000,0.454796,-1.049740,1.050626,-1.050592,-0.800066,-0.000180
cmd,15.685000,27.185000,0.454150,-1.049740,1.050626,-1.050592,-0.800066,-0.000180
cmd,15.690000,27.190000,0.453549,-1.049740,1.050626,-1.050592,-0.800066,-0.000180
cmd,15.695000,27.195000,0.452993,-1.049740,1.050626,-1.050592,-0.800066,-0.000180
cmd,15.700000,27.200000,0.452485,-1.049740,1.050626,-1.050592,-0.800066,-0.000180
cmd,15.705000,27.205000,0.452023,-1.049740,1.050626,-1.050592,-0.800066,-0.000180
cmd,15.710000,27.210000,0.451608,-1.049740,1.050626,-1.050592,-0.800066,-0.000180
cmd,15.715000,27.215000,0.451242,-1.049740,1.050626,-1.050592,-0.800066,-0.000180
cmd,15.720000,27.220000,0.450923,-1.049740,1.050626,-1.050592,-0.800066,-0.000180
cmd,15.725000,27.225000,0.450653,-1.049740,1.050626,-1.050592,-0.800066,-0.000180
cmd,15.730000,27.230000,0.450432,-1.049740,1.050626,-1.050592,-0.800066,-0.000180
cmd,15.735000,27.235000,0.450259,-1.049740,1.050626,-1.050592,-0.800066,-0.000180
cmd,15.740000,27.240000,0.450136,-1.049740,1.050626,-1.050592,-0.800066,-0.000180
cmd,15.745000,27.245000,0.450062,-1.049740,1.050626,-1.050592,-0.800066,-0.000180
cmd,15.750000,27.250000,0.450037,-1.049740,1.050626,-1.050592,-0.800066,-0.000180
cmd,15.755000,27.255000,0.450062,-1.049740,1.050626,-1.050592,-0.800066,-0.000180
cmd,15.760000,27.260000,0.450136,-1.049740,1.050626,-1.050592,-0.800066,-0.000180
cmd,15.765000,27.265000,0.450259,-1.049740,1.050626,-1.050592,-0.800066,-0.000180
cmd,15.770000,27.270000,0.450432,-1.049740,1.050626,-1.050592,-0.800066,-0.000180
cmd,15.775000,27.275000,0.450653,-1.049740,1.050626,-1.050592,-0.800066,-0.000180
cmd,15.780000,27.280000,0.450923,-1.049740,1.050626,-1.050592,-0.800066,-0.000180
cmd,15.785000,27.285000,0.451242,-1.049740,1.050626,-1.050592,-0.800066,-0.000180
cmd,15.790000,27.290000,0.451608,-1.049740,1.050626,-1.050592,-0.800066,-0.000180
cmd,15.795000,27.295000,0.452023,-1.049740,1.050626,-1.050592,-0.800066,-0.000180
cmd,15.800000,27.300000,0.452485,-1.049740,1.050626,-1.050592,-0.800066,-0.000180
cmd,15.805000,27.305000,0.452993,-1.049740,1.050626,-1.050592,-0.800066,-0.000180
cmd,15.810000,27.310000,0.453549,-1.049740,1.050626,-1.050592,-0.800066,-0.000180
cmd,15.815000,27.315000,0.454150,-1.049740,1.050626,-1.050592,-0.800066,-0.000180
cmd,15.820000,27.320000,0.454796,-1.049740,1.050626,-1.050592,-0.800066,-0.000180
cmd,15.825000,27.325000,0.455487,-1.049740,1.050626,-1.050592,-0.800066,-0.000180
cmd,15.830000,27.330000,0.456222,-1.049740,1.050626,-1.050592,-0.800066,-0.000180
cmd,15.835000,27.335000,0.457000,-1.049740,1.050626,-1.050592,-0.800066,-0.000180
cmd,15.840000,27.340000,0.457821,-1.049740,1.050626,-1.050592,-0.800066,-0.000180
cmd,15.845000,27.345000,0.458683,-1.049740,1.050626,-1.050592,-0.800066,-0.000180
cmd,15.850000,27.350000,0.459587,-1.049740,1.050626,-1.050592,-0.800066,-0.000180
cmd,15.855000,27.355000,0.460530,-1.049740,1.050626,-1.050592,-0.800066,-0.000180
cmd,15.860000,27.360000,0.461512,-1.049740,1.050626,-1.050592,-0.800066,-0.000180
cmd,15.865000,27.365000,0.462532,-1.049740,1.050626,-1.050592,-0.800066,-0.000180
cmd,15.870000,27.370000,0.463589,-1.049740,1.050626,-1.050592,-0.800066,-0.000180
cmd,15.875000,27.375000,0.464682,-1.049740,1.050626,-1.050592,-0.800066,-0.000180
cmd,15.880000,27.380000,0.465810,-1.049740,1.050626,-1.050592,-0.800066,-0.000180
cmd,15.885000,27.385000,0.466972,-1.049740,1.050626,-1.050592,-0.800066,-0.000180
cmd,15.890000,27.390000,0.468166,-1.049740,1.050626,-1.050592,-0.800066,-0.000180
cmd,15.895000,27.395000,0.469392,-1.049740,1.050626,-1.050592,-0.800066,-0.000180
cmd,15.900000,27.400000,0.470648,-1.049740,1.050626,-1.050592,-0.800066,-0.000180
cmd,15.905000,27.405000,0.471933,-1.049740,1.050626,-1.050592,-0.800066,-0.000180
cmd,15.910000,27.410000,0.473246,-1.049740,1.050626,-1.050592,-0.800066,-0.000180
cmd,15.915000,27.415000,0.474585,-1.049740,1.050626,-1.050592,-0.800066,-0.000180
cmd,15.920000,27.420000,0.475950,-1.049740,1.050626,-1.050592,-0.800066,-0.000180
cmd,15.925000,27.425000,0.477338,-1.049740,1.050626,-1.050592,-0.800066,-0.000180
cmd,15.930000,27.430000,0.478748,-1.049740,1.050626,-1.050592,-0.800066,-0.000180
cmd,15.935000,27.435000,0.480180,-1.049740,1.050626,-1.050592,-0.800066,-0.000180
cmd,15.940000,27.440000,0.481631,-1.049740,1.050626,-1.050592,-0.800066,-0.000180
cmd,15.945000,27.445000,0.483101,-1.049740,1.050626,-1.050592,-0.800066,-0.000180
cmd,15.950000,27.450000,0.484587,-1.049740,1.050626,-1.050592,-0.800066,-0.000180
cmd,15.955000,27.455000,0.486088,-1.049740,1.050626,-1.050592,-0.800066,-0.000180
cmd,15.960000,27.460000,0.487603,-1.049740,1.050626,-1.050592,-0.800066,-0.000180
cmd,15.965000,27.465000,0.489130,-1.049740,1.050626,-1.050592,-0.800066,-0.000180
cmd,15.970000,27.470000,0.490668,-1.049740,1.050626,-1.050592,-0.800066,-0.000180
cmd,15.975000,27.475000,0.492216,-1.049740,1.050626,-1.050592,-0.800066,-0.000180
cmd,15.980000,27.480000,0.493771,-1.049740,1.050626,-1.050592,-0.800066,-0.000180
cmd,15.985000,27.485000,0.495332,-1.049740,1.050626,-1.050592,-0.800066,-0.000180
cmd,15.990000,27.490000,0.496898,-1.049740,1.050626,-1.050592,-0.800066,-0.000180
cmd,15.995000,27.495000,0.498467,-1.049740,1.050626,-1.050592,-0.800066,-0.000180
cmd,16.000000,27.500000,0.500037,-1.049740,1.050626,-1.050592,-0.800066,-0.000180
cmd,16.005000,27.505000,0.501608,-1.049740,1.050626,-1.050592,-0.800066,-0.000180
cmd,16.010000,27.510000,0.503177,-1.049740,1.050626,-1.050592,-0.800066,-0.000180
cmd,16.015000,27.515000,0.504743,-1.049740,1.050626,-1.050592,-0.800066,-0.000180
cmd,16.020000,27.520000,0.506304,-1.049740,1.050626,-1.050592,-0.800066,-0.000180
cmd,16.025000,27.525000,0.507859,-1.049740,1.050626,-1.050592,-0.800066,-0.000180
cmd,16.030000,27.530000,0.509407,-1.049740,1.050626,-1.050592,-0.800066,-0.000180
cmd,16.035000,27.535000,0.510945,-1.049740,1.050626,-1.050592,-0.800066,-0.000180
cmd,16.040000,27.540000,0.512472,-1.049740,1.050626,-1.050592,-0.800066,-0.000180
cmd,16.045000,27.545000,0.513987,-1.049740,1.050626,-1.050592,-0.800066,-0.000180
cmd,16.050000,27.550000,0.515488,-1.049740,1.050626,-1.050592,-0.800066,-0.000180
cmd,16.055000,27.555000,0.516974,-1.049740,1.050626,-1.050592,-0.800066,-0.000180
cmd,16.060000,27.560000,0.518444,-1.049740,1.050626,-1.050592,-0.800066,-0.000180
cmd,16.065000,27.565000,0.519895,-1.049740,1.050626,-1.050592,-0.800066,-0.000180
cmd,16.070000,27.570000,0.521326,-1.049740,1.050626,-1.050592,-0.800066,-0.000180
cmd,16.075000,27.575000,0.522737,-1.049740,1.050626,-1.050592,-0.800066,-0.000180
cmd,16.080000,27.580000,0.524125,-1.049740,1.050626,-1.050592,-0.800066,-0.000180
cmd,16.085000,27.585000,0.525490,-1.049740,1.050626,-1.050592,-0.800066,-0.000180
cmd,16.090000,27.590000,0.526829,-1.049740,1.050626,-1.050592,-0.800066,-0.000180
cmd,16.095000,27.595000,0.528142,-1.049740,1.050626,-1.050592,-0.800066,-0.000180
cmd,16.100000,27.600000,0.529427,-1.049740,1.050626,-1.050592,-0.800066,-0.000180
cmd,16.105000,27.605000,0.530683,-1.049740,1.050626,-1.050592,-0.800066,-0.000180
cmd,16.110000,27.610000,0.531909,-1.049740,1.050626,-1.050592,-0.800066,-0.000180
cmd,16.115000,27.615000,0.533103,-1.049740,1.050626,-1.050592,-0.800066,-0.000180
cmd,16.120000,27.620000,0.534265,-1.049740,1.050626,-1.050592,-0.800066,-0.000180
cmd,16.125000,27.625000,0.535393,-1.049740,1.050626,-1.050592,-0.800066,-0.000180
cmd,16.130000,27.630000,0.536486,-1.049740,1.050626,-1.050592,-0.800066,-0.000180
cmd,16.135000,27.635000,0.537543,-1.049740,1.050626,-1.050592,-0.800066,-0.000180
cmd,16.140000,27.640000,0.538563,-1.049740,1.050626,-1.050592,-0.800066,-0.000180
cmd,16.145000,27.645000,0.539545,-1.049740,1.050626,-1.050592,-0.800066,-0.000180
cmd,16.150000,27.650000,0.540488,-1.049740,1.050626,-1.050592,-0.800066,-0.000180
cmd,16.155000,27.655000,0.541391,-1.049740,1.050626,-1.050592,-0.800066,-0.000180
cmd,16.160000,27.660000,0.542254,-1.049740,1.050626,-1.050592,-0.800066,-0.000180
cmd,16.165000,27.665000,0.543075,-1.049740,1.050626,-1.050592,-0.800066,-0.000180
cmd,16.170000,27.670000,0.543853,-1.049740,1.050626,-1.050592,-0.800066,-0.000180
cmd,16.175000,27.675000,0.544588,-1.049740,1.050626,-1.050592,-0.800066,-0.000180
cmd,16.180000,27.680000,0.545279,-1.049740,1.050626,-1.050592,-0.800066,-0.000180
cmd,16.185000,27.685000,0.545925,-1.049740,1.050626,-1.050592,-0.800066,-0.000180
cmd,16.190000,27.690000,0.546526,-1.049740,1.050626,-1.050592,-0.800066,-0.000180
cmd,16.195000,27.695000,0.547081,-1.049740,1.050626,-1.050592,-0.800066,-0.000180
cmd,16.200000,27.700000,0.547590,-1.049740,1.050626,-1.050592,-0.800066,-0.000180
cmd,16.205000,27.705000,0.548052,-1.049740,1.050626,-1.050592,-0.800066,-0.000180
cmd,16.210000,27.710000,0.548467,-1.049740,1.050626,-1.050592,-0.800066,-0.000180
cmd,16.215000,27.715000,0.548833,-1.049740,1.050626,-1.050592,-0.800066,-0.000180
cmd,16.220000,27.720000,0.549152,-1.049740,1.050626,-1.050592,-0.800066,-0.000180
cmd,16.225000,27.725000,0.549422,-1.049740,1.050626,-1.050592,-0.800066,-0.000180
cmd,16.230000,27.730000,0.549643,-1.049740,1.050626,-1.050592,-0.800066,-0.000180
cmd,16.235000,27.735000,0.549816,-1.049740,1.050626,-1.050592,-0.800066,-0.000180
cmd,16.240000,27.740000,0.549939,-1.049740,1.050626,-1.050592,-0.800066,-0.000180
cmd,16.245000,27.745000,0.550013,-1.049740,1.050626,-1.050592,-0.800066,-0.000180
cmd,16.250000,27.750000,0.550037,-1.049740,1.050626,-1.050592,-0.800066,-0.000180
cmd,16.255000,27.755000,0.550013,-1.049740,1.050626,-1.050592,-0.800066,-0.000180
cmd,16.260000,27.760000,0.549939,-1.049740,1.050626,-1.050592,-0.800066,-0.000180
cmd,16.265000,27.765000,0.549816,-1.049740,1.050626,-1.050592,-0.800066,-0.000180
cmd,16.270000,27.770000,0.549643,-1.049740,1.050626,-1.050592,-0.800066,-0.000180
cmd,16.275000,27.775000,0.549422,-1.049740,1.050626,-1.050592,-0.800066,-0.000180
cmd,16.280000,27.780000,0.549152,-1.049740,1.050626,-1.050592,-0.800066,-0.000180
cmd,16.285000,27.785000,0.548833,-1.049740,1.050626,-1.050592,-0.800066,-0.000180
cmd,16.290000,27.790000,0.548467,-1.049740,1.050626,-1.050592,-0.800066,-0.000180
cmd,16.295000,27.795000,0.548052,-1.049740,1.050626,-1.050592,-0.800066,-0.000180
cmd,16.300000,27.800000,0.547590,-1.049740,1.050626,-1.050592,-0.800066,-0.000180
cmd,16.305000,27.805000,0.547081,-1.049740,1.050626,-1.050592,-0.800066,-0.000180
cmd,16.310000,27.810000,0.546526,-1.049740,1.050626,-1.050592,-0.800066,-0.000180
cmd,16.315000,27.815000,0.545925,-1.049740,1.050626,-1.050592,-0.800066,-0.000180
cmd,16.320000,27.820000,0.545279,-1.049740,1.050626,-1.050592,-0.800066,-0.000180
cmd,16.325000,27.825000,0.544588,-1.049740,1.050626,-1.050592,-0.800066,-0.000180
cmd,16.330000,27.830000,0.543853,-1.049740,1.050626,-1.050592,-0.800066,-0.000180
cmd,16.335000,27.835000,0.543075,-1.049740,1.050626,-1.050592,-0.800066,-0.000180
cmd,16.340000,27.840000,0.542254,-1.049740,1.050626,-1.050592,-0.800066,-0.000180
cmd,16.345000,27.845000,0.541391,-1.049740,1.050626,-1.050592,-0.800066,-0.000180
cmd,16.350000,27.850000,0.540488,-1.049740,1.050626,-1.050592,-0.800066,-0.000180
cmd,16.355000,27.855000,0.539545,-1.049740,1.050626,-1.050592,-0.800066,-0.000180
cmd,16.360000,27.860000,0.538563,-1.049740,1.050626,-1.050592,-0.800066,-0.000180
cmd,16.365000,27.865000,0.537543,-1.049740,1.050626,-1.050592,-0.800066,-0.000180
cmd,16.370000,27.870000,0.536486,-1.049740,1.050626,-1.050592,-0.800066,-0.000180
cmd,16.375000,27.875000,0.535393,-1.049740,1.050626,-1.050592,-0.800066,-0.000180
cmd,16.380000,27.880000,0.534265,-1.049740,1.050626,-1.050592,-0.800066,-0.000180
cmd,16.385000,27.885000,0.533103,-1.049740,1.050626,-1.050592,-0.800066,-0.000180
cmd,16.390000,27.890000,0.531909,-1.049740,1.050626,-1.050592,-0.800066,-0.000180
cmd,16.395000,27.895000,0.530683,-1.049740,1.050626,-1.050592,-0.800066,-0.000180
cmd,16.400000,27.900000,0.529427,-1.049740,1.050626,-1.050592,-0.800066,-0.000180
cmd,16.405000,27.905000,0.528142,-1.049740,1.050626,-1.050592,-0.800066,-0.000180
cmd,16.410000,27.910000,0.526829,-1.049740,1.050626,-1.050592,-0.800066,-0.000180
cmd,16.415000,27.915000,0.525490,-1.049740,1.050626,-1.050592,-0.800066,-0.000180
cmd,16.420000,27.920000,0.524125,-1.049740,1.050626,-1.050592,-0.800066,-0.000180
cmd,16.425000,27.925000,0.522737,-1.049740,1.050626,-1.050592,-0.800066,-0.000180
cmd,16.430000,27.930000,0.521326,-1.049740,1.050626,-1.050592,-0.800066,-0.000180
cmd,16.435000,27.935000,0.519895,-1.049740,1.050626,-1.050592,-0.800066,-0.000180
cmd,16.440000,27.940000,0.518444,-1.049740,1.050626,-1.050592,-0.800066,-0.000180
cmd,16.445000,27.945000,0.516974,-1.049740,1.050626,-1.050592,-0.800066,-0.000180
cmd,16.450000,27.950000,0.515488,-1.049740,1.050626,-1.050592,-0.800066,-0.000180
cmd,16.455000,27.955000,0.513987,-1.049740,1.050626,-1.050592,-0.800066,-0.000180
cmd,16.460000,27.960000,0.512472,-1.049740,1.050626,-1.050592,-0.800066,-0.000180
cmd,16.465000,27.965000,0.510945,-1.049740,1.050626,-1.050592,-0.800066,-0.000180
cmd,16.470000,27.970000,0.509407,-1.049740,1.050626,-1.050592,-0.800066,-0.000180
cmd,16.475000,27.975000,0.507859,-1.049740,1.050626,-1.050592,-0.800066,-0.000180
cmd,16.480000,27.980000,0.506304,-1.049740,1.050626,-1.050592,-0.800066,-0.000180
cmd,16.485000,27.985000,0.504743,-1.049740,1.050626,-1.050592,-0.800066,-0.000180
cmd,16.490000,27.990000,0.503177,-1.049740,1.050626,-1.050592,-0.800066,-0.000180
cmd,16.495000,27.995000,0.501608,-1.049740,1.050626,-1.050592,-0.800066,-0.000180
cmd,16.500000,28.000000,0.500037,-1.049740,1.050626,-1.050592,-0.800066,-0.000180
cmd,16.505000,28.005000,0.498467,-1.049740,1.050626,-1.050592,-0.800066,-0.000180
cmd,16.510000,28.010000,0.496898,-1.049740,1.050626,-1.050592,-0.800066,-0.000180
cmd,16.515000,28.015000,0.495332,-1.049740,1.050626,-1.050592,-0.800066,-0.000180
cmd,16.520000,28.020000,0.493771,-1.049740,1.050626,-1.050592,-0.800066,-0.000180
cmd,16.525000,28.025000,0.492216,-1.049740,1.050626,-1.050592,-0.800066,-0.000180
cmd,16.530000,28.030000,0.490668,-1.049740,1.050626,-1.050592,-0.800066,-0.000180
cmd,16.535000,28.035000,0.489130,-1.049740,1.050626,-1.050592,-0.800066,-0.000180
cmd,16.540000,28.040000,0.487603,-1.049740,1.050626,-1.050592,-0.800066,-0.000180
cmd,16.545000,28.045000,0.486088,-1.049740,1.050626,-1.050592,-0.800066,-0.000180
cmd,16.550000,28.050000,0.484587,-1.049740,1.050626,-1.050592,-0.800066,-0.000180
cmd,16.555000,28.055000,0.483101,-1.049740,1.050626,-1.050592,-0.800066,-0.000180
cmd,16.560000,28.060000,0.481631,-1.049740,1.050626,-1.050592,-0.800066,-0.000180
cmd,16.565000,28.065000,0.480180,-1.049740,1.050626,-1.050592,-0.800066,-0.000180
cmd,16.570000,28.070000,0.478748,-1.049740,1.050626,-1.050592,-0.800066,-0.000180
cmd,16.575000,28.075000,0.477338,-1.049740,1.050626,-1.050592,-0.800066,-0.000180
cmd,16.580000,28.080000,0.475950,-1.049740,1.050626,-1.050592,-0.800066,-0.000180
cmd,16.585000,28.085000,0.474585,-1.049740,1.050626,-1.050592,-0.800066,-0.000180
cmd,16.590000,28.090000,0.473246,-1.049740,1.050626,-1.050592,-0.800066,-0.000180
cmd,16.595000,28.095000,0.471933,-1.049740,1.050626,-1.050592,-0.800066,-0.000180
cmd,16.600000,28.100000,0.470648,-1.049740,1.050626,-1.050592,-0.800066,-0.000180
cmd,16.605000,28.105000,0.469392,-1.049740,1.050626,-1.050592,-0.800066,-0.000180
cmd,16.610000,28.110000,0.468166,-1.049740,1.050626,-1.050592,-0.800066,-0.000180
cmd,16.615000,28.115000,0.466972,-1.049740,1.050626,-1.050592,-0.800066,-0.000180
cmd,16.620000,28.120000,0.465810,-1.049740,1.050626,-1.050592,-0.800066,-0.000180
cmd,16.625000,28.125000,0.464682,-1.049740,1.050626,-1.050592,-0.800066,-0.000180
cmd,16.630000,28.130000,0.463589,-1.049740,1.050626,-1.050592,-0.800066,-0.000180
cmd,16.635000,28.135000,0.462532,-1.049740,1.050626,-1.050592,-0.800066,-0.000180
cmd,16.640000,28.140000,0.461512,-1.049740,1.050626,-1.050592,-0.800066,-0.000180
cmd,16.645000,28.145000,0.460530,-1.049740,1.050626,-1.050592,-0.800066,-0.000180
cmd,16.650000,28.150000,0.459587,-1.049740,1.050626,-1.050592,-0.800066,-0.000180
cmd,16.655000,28.155000,0.458683,-1.049740,1.050626,-1.050592,-0.800066,-0.000180
cmd,16.660000,28.160000,0.457821,-1.049740,1.050626,-1.050592,-0.800066,-0.000180
cmd,16.665000,28.165000,0.457000,-1.049740,1.050626,-1.050592,-0.800066,-0.000180
cmd,16.670000,28.170000,0.456222,-1.049740,1.050626,-1.050592,-0.800066,-0.000180
cmd,16.675000,28.175000,0.455487,-1.049740,1.050626,-1.050592,-0.800066,-0.000180
cmd,16.680000,28.180000,0.454796,-1.049740,1.050626,-1.050592,-0.800066,-0.000180
cmd,16.685000,28.185000,0.454150,-1.049740,1.050626,-1.050592,-0.800066,-0.000180
cmd,16.690000,28.190000,0.453549,-1.049740,1.050626,-1.050592,-0.800066,-0.000180
cmd,16.695000,28.195000,0.452993,-1.049740,1.050626,-1.050592,-0.800066,-0.000180
cmd,16.700000,28.200000,0.452485,-1.049740,1.050626,-1.050592,-0.800066,-0.000180
cmd,16.705000,28.205000,0.452023,-1.049740,1.050626,-1.050592,-0.800066,-0.000180
cmd,16.710000,28.210000,0.451608,-1.049740,1.050626,-1.050592,-0.800066,-0.000180
cmd,16.715000,28.215000,0.451242,-1.049740,1.050626,-1.050592,-0.800066,-0.000180
cmd,16.720000,28.220000,0.450923,-1.049740,1.050626,-1.050592,-0.800066,-0.000180
cmd,16.725000,28.225000,0.450653,-1.049740,1.050626,-1.050592,-0.800066,-0.000180
cmd,16.730000,28.230000,0.450432,-1.049740,1.050626,-1.050592,-0.800066,-0.000180
cmd,16.735000,28.235000,0.450259,-1.049740,1.050626,-1.050592,-0.800066,-0.000180
cmd,16.740000,28.240000,0.450136,-1.049740,1.050626,-1.050592,-0.800066,-0.000180
cmd,16.745000,28.245000,0.450062,-1.049740,1.050626,-1.050592,-0.800066,-0.000180
cmd,16.750000,28.250000,0.450037,-1.049740,1.050626,-1.050592,-0.800066,-0.000180
cmd,16.755000,28.255000,0.450062,-1.049740,1.050626,-1.050592,-0.800066,-0.000180
cmd,16.760000,28.260000,0.450136,-1.049740,1.050626,-1.050592,-0.800066,-0.000180
cmd,16.765000,28.265000,0.450259,-1.049740,1.050626,-1.050592,-0.800066,-0.000180
cmd,16.770000,28.270000,0.450432,-1.049740,1.050626,-1.050592,-0.800066,-0.000180
cmd,16.775000,28.275000,0.450653,-1.049740,1.050626,-1.050592,-0.800066,-0.000180
cmd,16.780000,28.280000,0.450923,-1.049740,1.050626,-1.050592,-0.800066,-0.000180
cmd,16.785000,28.285000,0.451242,-1.049740,1.050626,-1.050592,-0.800066,-0.000180
cmd,16.790000,28.290000,0.451608,-1.049740,1.050626,-1.050592,-0.800066,-0.000180
cmd,16.795000,28.295000,0.452023,-1.049740,1.050626,-1.050592,-0.800066,-0.000180
cmd,16.800000,28.300000,0.452485,-1.049740,1.050626,-1.050592,-0.800066,-0.000180
cmd,16.805000,28.305000,0.452993,-1.049740,1.050626,-1.050592,-0.800066,-0.000180
cmd,16.810000,28.310000,0.453549,-1.049740,1.050626,-1.050592,-0.800066,-0.000180
cmd,16.815000,28.315000,0.454150,-1.049740,1.050626,-1.050592,-0.800066,-0.000180
cmd,16.820000,28.320000,0.454796,-1.049740,1.050626,-1.050592,-0.800066,-0.000180
cmd,16.825000,28.325000,0.455487,-1.049740,1.050626,-1.050592,-0.800066,-0.000180
cmd,16.830000,28.330000,0.456222,-1.049740,1.050626,-1.050592,-0.800066,-0.000180
cmd,16.835000,28.335000,0.457000,-1.049740,1.050626,-1.050592,-0.800066,-0.000180
cmd,16.840000,28.340000,0.457821,-1.049740,1.050626,-1.050592,-0.800066,-0.000180
cmd,16.845000,28.345000,0.458683,-1.049740,1.050626,-1.050592,-0.800066,-0.000180
cmd,16.850000,28.350000,0.459587,-1.049740,1.050626,-1.050592,-0.800066,-0.000180
cmd,16.855000,28.355000,0.460530,-1.049740,1.050626,-1.050592,-0.800066,-0.000180
cmd,16.860000,28.360000,0.461512,-1.049740,1.050626,-1.050592,-0.800066,-0.000180
cmd,16.865000,28.365000,0.462532,-1.049740,1.050626,-1.050592,-0.800066,-0.000180
cmd,16.870000,28.370000,0.463589,-1.049740,1.050626,-1.050592,-0.800066,-0.000180
cmd,16.875000,28.375000,0.464682,-1.049740,1.050626,-1.050592,-0.800066,-0.000180
cmd,16.880000,28.380000,0.465810,-1.049740,1.050626,-1.050592,-0.800066,-0.000180
cmd,16.885000,28.385000,0.466972,-1.049740,1.050626,-1.050592,-0.800066,-0.000180
cmd,16.890000,28.390000,0.468166,-1.049740,1.050626,-1.050592,-0.800066,-0.000180
cmd,16.895000,28.395000,0.469392,-1.049740,1.050626,-1.050592,-0.800066,-0.000180
cmd,16.900000,28.400000,0.470648,-1.049740,1.050626,-1.050592,-0.800066,-0.000180
cmd,16.905000,28.405000,0.471933,-1.049740,1.050626,-1.050592,-0.800066,-0.000180
cmd,16.910000,28.410000,0.473246,-1.049740,1.050626,-1.050592,-0.800066,-0.000180
cmd,16.915000,28.415000,0.474585,-1.049740,1.050626,-1.050592,-0.800066,-0.000180
cmd,16.920000,28.420000,0.475950,-1.049740,1.050626,-1.050592,-0.800066,-0.000180
cmd,16.925000,28.425000,0.477338,-1.049740,1.050626,-1.050592,-0.800066,-0.000180
cmd,16.930000,28.430000,0.478748,-1.049740,1.050626,-1.050592,-0.800066,-0.000180
cmd,16.935000,28.435000,0.480180,-1.049740,1.050626,-1.050592,-0.800066,-0.000180
cmd,16.940000,28.440000,0.481631,-1.049740,1.050626,-1.050592,-0.800066,-0.000180
cmd,16.945000,28.445000,0.483101,-1.049740,1.050626,-1.050592,-0.800066,-0.000180
cmd,16.950000,28.450000,0.484587,-1.049740,1.050626,-1.050592,-0.800066,-0.000180
cmd,16.955000,28.455000,0.486088,-1.049740,1.050626,-1.050592,-0.800066,-0.000180
cmd,16.960000,28.460000,0.487603,-1.049740,1.050626,-1.050592,-0.800066,-0.000180
cmd,16.965000,28.465000,0.489130,-1.049740,1.050626,-1.050592,-0.800066,-0.000180
cmd,16.970000,28.470000,0.490668,-1.049740,1.050626,-1.050592,-0.800066,-0.000180
cmd,16.975000,28.475000,0.492216,-1.049740,1.050626,-1.050592,-0.800066,-0.000180
cmd,16.980000,28.480000,0.493771,-1.049740,1.050626,-1.050592,-0.800066,-0.000180
cmd,16.985000,28.485000,0.495332,-1.049740,1.050626,-1.050592,-0.800066,-0.000180
cmd,16.990000,28.490000,0.496898,-1.049740,1.050626,-1.050592,-0.800066,-0.000180
cmd,16.995000,28.495000,0.498467,-1.049740,1.050626,-1.050592,-0.800066,-0.000180
cmd,17.000000,28.500000,0.500037,-1.049740,1.050626,-1.050592,-0.800066,-0.000180
cmd,17.005000,28.505000,0.501608,-1.049740,1.050626,-1.050592,-0.800066,-0.000180
cmd,17.010000,28.510000,0.503177,-1.049740,1.050626,-1.050592,-0.800066,-0.000180
cmd,17.015000,28.515000,0.504743,-1.049740,1.050626,-1.050592,-0.800066,-0.000180
cmd,17.020000,28.520000,0.506304,-1.049740,1.050626,-1.050592,-0.800066,-0.000180
cmd,17.025000,28.525000,0.507859,-1.049740,1.050626,-1.050592,-0.800066,-0.000180
cmd,17.030000,28.530000,0.509407,-1.049740,1.050626,-1.050592,-0.800066,-0.000180
cmd,17.035000,28.535000,0.510945,-1.049740,1.050626,-1.050592,-0.800066,-0.000180
cmd,17.040000,28.540000,0.512472,-1.049740,1.050626,-1.050592,-0.800066,-0.000180
cmd,17.045000,28.545000,0.513987,-1.049740,1.050626,-1.050592,-0.800066,-0.000180
cmd,17.050000,28.550000,0.515488,-1.049740,1.050626,-1.050592,-0.800066,-0.000180
cmd,17.055000,28.555000,0.516974,-1.049740,1.050626,-1.050592,-0.800066,-0.000180
cmd,17.060000,28.560000,0.518444,-1.049740,1.050626,-1.050592,-0.800066,-0.000180
cmd,17.065000,28.565000,0.519895,-1.049740,1.050626,-1.050592,-0.800066,-0.000180
cmd,17.070000,28.570000,0.521326,-1.049740,1.050626,-1.050592,-0.800066,-0.000180
cmd,17.075000,28.575000,0.522737,-1.049740,1.050626,-1.050592,-0.800066,-0.000180
cmd,17.080000,28.580000,0.524125,-1.049740,1.050626,-1.050592,-0.800066,-0.000180
cmd,17.085000,28.585000,0.525490,-1.049740,1.050626,-1.050592,-0.800066,-0.000180
cmd,17.090000,28.590000,0.526829,-1.049740,1.050626,-1.050592,-0.800066,-0.000180
cmd,17.095000,28.595000,0.528142,-1.049740,1.050626,-1.050592,-0.800066,-0.000180
cmd,17.100000,28.600000,0.529427,-1.049740,1.050626,-1.050592,-0.800066,-0.000180
cmd,17.105000,28.605000,0.530683,-1.049740,1.050626,-1.050592,-0.800066,-0.000180
cmd,17.110000,28.610000,0.531909,-1.049740,1.050626,-1.050592,-0.800066,-0.000180
cmd,17.115000,28.615000,0.533103,-1.049740,1.050626,-1.050592,-0.800066,-0.000180
cmd,17.120000,28.620000,0.534265,-1.049740,1.050626,-1.050592,-0.800066,-0.000180
cmd,17.125000,28.625000,0.535393,-1.049740,1.050626,-1.050592,-0.800066,-0.000180
cmd,17.130000,28.630000,0.536486,-1.049740,1.050626,-1.050592,-0.800066,-0.000180
cmd,17.135000,28.635000,0.537543,-1.049740,1.050626,-1.050592,-0.800066,-0.000180
cmd,17.140000,28.640000,0.538563,-1.049740,1.050626,-1.050592,-0.800066,-0.000180
cmd,17.145000,28.645000,0.539545,-1.049740,1.050626,-1.050592,-0.800066,-0.000180
cmd,17.150000,28.650000,0.540488,-1.049740,1.050626,-1.050592,-0.800066,-0.000180
cmd,17.155000,28.655000,0.541391,-1.049740,1.050626,-1.050592,-0.800066,-0.000180
cmd,17.160000,28.660000,0.542254,-1.049740,1.050626,-1.050592,-0.800066,-0.000180
cmd,17.165000,28.665000,0.543075,-1.049740,1.050626,-1.050592,-0.800066,-0.000180
cmd,17.170000,28.670000,0.543853,-1.049740,1.050626,-1.050592,-0.800066,-0.000180
cmd,17.175000,28.675000,0.544588,-1.049740,1.050626,-1.050592,-0.800066,-0.000180
cmd,17.180000,28.680000,0.545279,-1.049740,1.050626,-1.050592,-0.800066,-0.000180
cmd,17.185000,28.685000,0.545925,-1.049740,1.050626,-1.050592,-0.800066,-0.000180
cmd,17.190000,28.690000,0.546526,-1.049740,1.050626,-1.050592,-0.800066,-0.000180
cmd,17.195000,28.695000,0.547081,-1.049740,1.050626,-1.050592,-0.800066,-0.000180
cmd,17.200000,28.700000,0.547590,-1.049740,1.050626,-1.050592,-0.800066,-0.000180
cmd,17.205000,28.705000,0.548052,-1.049740,1.050626,-1.050592,-0.800066,-0.000180
cmd,17.210000,28.710000,0.548467,-1.049740,1.050626,-1.050592,-0.800066,-0.000180
cmd,17.215000,28.715000,0.548833,-1.049740,1.050626,-1.050592,-0.800066,-0.000180
cmd,17.220000,28.720000,0.549152,-1.049740,1.050626,-1.050592,-0.800066,-0.000180
cmd,17.225000,28.725000,0.549422,-1.049740,1.050626,-1.050592,-0.800066,-0.000180
cmd,17.230000,28.730000,0.549643,-1.049740,1.050626,-1.050592,-0.800066,-0.000180
cmd,17.235000,28.735000,0.549816,-1.049740,1.050626,-1.050592,-0.800066,-0.000180
cmd,17.240000,28.740000,0.549939,-1.049740,1.050626,-1.050592,-0.800066,-0.000180
cmd,17.245000,28.745000,0.550013,-1.049740,1.050626,-1.050592,-0.800066,-0.000180
cmd,17.250000,28.750000,0.550037,-1.049740,1.050626,-1.050592,-0.800066,-0.000180
cmd,17.255000,28.755000,0.550013,-1.049740,1.050626,-1.050592,-0.800066,-0.000180
cmd,17.260000,28.760000,0.549939,-1.049740,1.050626,-1.050592,-0.800066,-0.000180
cmd,17.265000,28.765000,0.549816,-1.049740,1.050626,-1.050592,-0.800066,-0.000180
cmd,17.270000,28.770000,0.549643,-1.049740,1.050626,-1.050592,-0.800066,-0.000180
cmd,17.275000,28.775000,0.549422,-1.049740,1.050626,-1.050592,-0.800066,-0.000180
cmd,17.280000,28.780000,0.549152,-1.049740,1.050626,-1.050592,-0.800066,-0.000180
cmd,17.285000,28.785000,0.548833,-1.049740,1.050626,-1.050592,-0.800066,-0.000180
cmd,17.290000,28.790000,0.548467,-1.049740,1.050626,-1.050592,-0.800066,-0.000180
cmd,17.295000,28.795000,0.548052,-1.049740,1.050626,-1.050592,-0.800066,-0.000180
cmd,17.300000,28.800000,0.547590,-1.049740,1.050626,-1.050592,-0.800066,-0.000180
cmd,17.305000,28.805000,0.547081,-1.049740,1.050626,-1.050592,-0.800066,-0.000180
cmd,17.310000,28.810000,0.546526,-1.049740,1.050626,-1.050592,-0.800066,-0.000180
cmd,17.315000,28.815000,0.545925,-1.049740,1.050626,-1.050592,-0.800066,-0.000180
cmd,17.320000,28.820000,0.545279,-1.049740,1.050626,-1.050592,-0.800066,-0.000180
cmd,17.325000,28.825000,0.544588,-1.049740,1.050626,-1.050592,-0.800066,-0.000180
cmd,17.330000,28.830000,0.543853,-1.049740,1.050626,-1.050592,-0.800066,-0.000180
cmd,17.335000,28.835000,0.543075,-1.049740,1.050626,-1.050592,-0.800066,-0.000180
cmd,17.340000,28.840000,0.542254,-1.049740,1.050626,-1.050592,-0.800066,-0.000180
cmd,17.345000,28.845000,0.541391,-1.049740,1.050626,-1.050592,-0.800066,-0.000180
cmd,17.350000,28.850000,0.540488,-1.049740,1.050626,-1.050592,-0.800066,-0.000180
cmd,17.355000,28.855000,0.539545,-1.049740,1.050626,-1.050592,-0.800066,-0.000180
cmd,17.360000,28.860000,0.538563,-1.049740,1.050626,-1.050592,-0.800066,-0.000180
cmd,17.365000,28.865000,0.537543,-1.049740,1.050626,-1.050592,-0.800066,-0.000180
cmd,17.370000,28.870000,0.536486,-1.049740,1.050626,-1.050592,-0.800066,-0.000180
cmd,17.375000,28.875000,0.535393,-1.049740,1.050626,-1.050592,-0.800066,-0.000180
cmd,17.380000,28.880000,0.534265,-1.049740,1.050626,-1.050592,-0.800066,-0.000180
cmd,17.385000,28.885000,0.533103,-1.049740,1.050626,-1.050592,-0.800066,-0.000180
cmd,17.390000,28.890000,0.531909,-1.049740,1.050626,-1.050592,-0.800066,-0.000180
cmd,17.395000,28.895000,0.530683,-1.049740,1.050626,-1.050592,-0.800066,-0.000180
cmd,17.400000,28.900000,0.529427,-1.049740,1.050626,-1.050592,-0.800066,-0.000180
cmd,17.405000,28.905000,0.528142,-1.049740,1.050626,-1.050592,-0.800066,-0.000180
cmd,17.410000,28.910000,0.526829,-1.049740,1.050626,-1.050592,-0.800066,-0.000180
cmd,17.415000,28.915000,0.525490,-1.049740,1.050626,-1.050592,-0.800066,-0.000180
cmd,17.420000,28.920000,0.524125,-1.049740,1.050626,-1.050592,-0.800066,-0.000180
cmd,17.425000,28.925000,0.522737,-1.049740,1.050626,-1.050592,-0.800066,-0.000180
cmd,17.430000,28.930000,0.521326,-1.049740,1.050626,-1.050592,-0.800066,-0.000180
cmd,17.435000,28.935000,0.519895,-1.049740,1.050626,-1.050592,-0.800066,-0.000180
cmd,17.440000,28.940000,0.518444,-1.049740,1.050626,-1.050592,-0.800066,-0.000180
cmd,17.445000,28.945000,0.516974,-1.049740,1.050626,-1.050592,-0.800066,-0.000180
cmd,17.450000,28.950000,0.515488,-1.049740,1.050626,-1.050592,-0.800066,-0.000180
cmd,17.455000,28.955000,0.513987,-1.049740,1.050626,-1.050592,-0.800066,-0.000180
cmd,17.460000,28.960000,0.512472,-1.049740,1.050626,-1.050592,-0.800066,-0.000180
cmd,17.465000,28.965000,0.510945,-1.049740,1.050626,-1.050592,-0.800066,-0.000180
cmd,17.470000,28.970000,0.509407,-1.049740,1.050626,-1.050592,-0.800066,-0.000180
cmd,17.475000,28.975000,0.507859,-1.049740,1.050626,-1.050592,-0.800066,-0.000180
cmd,17.480000,28.980000,0.506304,-1.049740,1.050626,-1.050592,-0.800066,-0.000180
cmd,17.485000,28.985000,0.504743,-1.049740,1.050626,-1.050592,-0.800066,-0.000180
cmd,17.490000,28.990000,0.503177,-1.049740,1.050626,-1.050592,-0.800066,-0.000180
cmd,17.495000,28.995000,0.501608,-1.049740,1.050626,-1.050592,-0.800066,-0.000180
cmd,17.500000,29.000000,0.500037,-1.049740,1.050626,-1.050592,-0.800066,-0.000180
cmd,17.505000,29.005000,0.498467,-1.049740,1.050626,-1.050592,-0.800066,-0.000180
cmd,17.510000,29.010000,0.496898,-1.049740,1.050626,-1.050592,-0.800066,-0.000180
cmd,17.515000,29.015000,0.495332,-1.049740,1.050626,-1.050592,-0.800066,-0.000180
cmd,17.520000,29.020000,0.493771,-1.049740,1.050626,-1.050592,-0.800066,-0.000180
cmd,17.525000,29.025000,0.492216,-1.049740,1.050626,-1.050592,-0.800066,-0.000180
cmd,17.530000,29.030000,0.490668,-1.049740,1.050626,-1.050592,-0.800066,-0.000180
cmd,17.535000,29.035000,0.489130,-1.049740,1.050626,-1.050592,-0.800066,-0.000180
cmd,17.540000,29.040000,0.487603,-1.049740,1.050626,-1.050592,-0.800066,-0.000180
cmd,17.545000,29.045000,0.486088,-1.049740,1.050626,-1.050592,-0.800066,-0.000180
cmd,17.550000,29.050000,0.484587,-1.049740,1.050626,-1.050592,-0.800066,-0.000180
cmd,17.555000,29.055000,0.483101,-1.049740,1.050626,-1.050592,-0.800066,-0.000180
cmd,17.560000,29.060000,0.481631,-1.049740,1.050626,-1.050592,-0.800066,-0.000180
cmd,17.565000,29.065000,0.480180,-1.049740,1.050626,-1.050592,-0.800066,-0.000180
cmd,17.570000,29.070000,0.478748,-1.049740,1.050626,-1.050592,-0.800066,-0.000180
cmd,17.575000,29.075000,0.477338,-1.049740,1.050626,-1.050592,-0.800066,-0.000180
cmd,17.580000,29.080000,0.475950,-1.049740,1.050626,-1.050592,-0.800066,-0.000180
cmd,17.585000,29.085000,0.474585,-1.049740,1.050626,-1.050592,-0.800066,-0.000180
cmd,17.590000,29.090000,0.473246,-1.049740,1.050626,-1.050592,-0.800066,-0.000180
cmd,17.595000,29.095000,0.471933,-1.049740,1.050626,-1.050592,-0.800066,-0.000180
cmd,17.600000,29.100000,0.470648,-1.049740,1.050626,-1.050592,-0.800066,-0.000180
cmd,17.605000,29.105000,0.469392,-1.049740,1.050626,-1.050592,-0.800066,-0.000180
cmd,17.610000,29.110000,0.468166,-1.049740,1.050626,-1.050592,-0.800066,-0.000180
cmd,17.615000,29.115000,0.466972,-1.049740,1.050626,-1.050592,-0.800066,-0.000180
cmd,17.620000,29.120000,0.465810,-1.049740,1.050626,-1.050592,-0.800066,-0.000180
cmd,17.625000,29.125000,0.464682,-1.049740,1.050626,-1.050592,-0.800066,-0.000180
cmd,17.630000,29.130000,0.463589,-1.049740,1.050626,-1.050592,-0.800066,-0.000180
cmd,17.635000,29.135000,0.462532,-1.049740,1.050626,-1.050592,-0.800066,-0.000180
cmd,17.640000,29.140000,0.461512,-1.049740,1.050626,-1.050592,-0.800066,-0.000180
cmd,17.645000,29.145000,0.460530,-1.049740,1.050626,-1.050592,-0.800066,-0.000180
cmd,17.650000,29.150000,0.459587,-1.049740,1.050626,-1.050592,-0.800066,-0.000180
cmd,17.655000,29.155000,0.458683,-1.049740,1.050626,-1.050592,-0.800066,-0.000180
cmd,17.660000,29.160000,0.457821,-1.049740,1.050626,-1.050592,-0.800066,-0.000180
cmd,17.665000,29.165000,0.457000,-1.049740,1.050626,-1.050592,-0.800066,-0.000180
cmd,17.670000,29.170000,0.456222,-1.049740,1.050626,-1.050592,-0.800066,-0.000180
cmd,17.675000,29.175000,0.455487,-1.049740,1.050626,-1.050592,-0.800066,-0.000180
cmd,17.680000,29.180000,0.454796,-1.049740,1.050626,-1.050592,-0.800066,-0.000180
cmd,17.685000,29.185000,0.454150,-1.049740,1.050626,-1.050592,-0.800066,-0.000180
cmd,17.690000,29.190000,0.453549,-1.049740,1.050626,-1.050592,-0.800066,-0.000180
cmd,17.695000,29.195000,0.452993,-1.049740,1.050626,-1.050592,-0.800066,-0.000180
cmd,17.700000,29.200000,0.452485,-1.049740,1.050626,-1.050592,-0.800066,-0.000180
cmd,17.705000,29.205000,0.452023,-1.049740,1.050626,-1.050592,-0.800066,-0.000180
cmd,17.710000,29.210000,0.451608,-1.049740,1.050626,-1.050592,-0.800066,-0.000180
cmd,17.715000,29.215000,0.451242,-1.049740,1.050626,-1.050592,-0.800066,-0.000180
cmd,17.720000,29.220000,0.450923,-1.049740,1.050626,-1.050592,-0.800066,-0.000180
cmd,17.725000,29.225000,0.450653,-1.049740,1.050626,-1.050592,-0.800066,-0.000180
cmd,17.730000,29.230000,0.450432,-1.049740,1.050626,-1.050592,-0.800066,-0.000180
cmd,17.735000,29.235000,0.450259,-1.049740,1.050626,-1.050592,-0.800066,-0.000180
cmd,17.740000,29.240000,0.450136,-1.049740,1.050626,-1.050592,-0.800066,-0.000180
cmd,17.745000,29.245000,0.450062,-1.049740,1.050626,-1.050592,-0.800066,-0.000180
cmd,17.750000,29.250000,0.450037,-1.049740,1.050626,-1.050592,-0.800066,-0.000180
cmd,17.755000,29.255000,0.450062,-1.049740,1.050626,-1.050592,-0.800066,-0.000180
cmd,17.760000,29.260000,0.450136,-1.049740,1.050626,-1.050592,-0.800066,-0.000180
cmd,17.765000,29.265000,0.450259,-1.049740,1.050626,-1.050592,-0.800066,-0.000180
cmd,17.770000,29.270000,0.450432,-1.049740,1.050626,-1.050592,-0.800066,-0.000180
cmd,17.775000,29.275000,0.450653,-1.049740,1.050626,-1.050592,-0.800066,-0.000180
cmd,17.780000,29.280000,0.450923,-1.049740,1.050626,-1.050592,-0.800066,-0.000180
cmd,17.785000,29.285000,0.451242,-1.049740,1.050626,-1.050592,-0.800066,-0.000180
cmd,17.790000,29.290000,0.451608,-1.049740,1.050626,-1.050592,-0.800066,-0.000180
cmd,17.795000,29.295000,0.452023,-1.049740,1.050626,-1.050592,-0.800066,-0.000180
cmd,17.800000,29.300000,0.452485,-1.049740,1.050626,-1.050592,-0.800066,-0.000180
cmd,17.805000,29.305000,0.452993,-1.049740,1.050626,-1.050592,-0.800066,-0.000180
cmd,17.810000,29.310000,0.453549,-1.049740,1.050626,-1.050592,-0.800066,-0.000180
cmd,17.815000,29.315000,0.454150,-1.049740,1.050626,-1.050592,-0.800066,-0.000180
cmd,17.820000,29.320000,0.454796,-1.049740,1.050626,-1.050592,-0.800066,-0.000180
cmd,17.825000,29.325000,0.455487,-1.049740,1.050626,-1.050592,-0.800066,-0.000180
cmd,17.830000,29.330000,0.456222,-1.049740,1.050626,-1.050592,-0.800066,-0.000180
cmd,17.835000,29.335000,0.457000,-1.049740,1.050626,-1.050592,-0.800066,-0.000180
cmd,17.840000,29.340000,0.457821,-1.049740,1.050626,-1.050592,-0.800066,-0.000180
cmd,17.845000,29.345000,0.458683,-1.049740,1.050626,-1.050592,-0.800066,-0.000180
cmd,17.850000,29.350000,0.459587,-1.049740,1.050626,-1.050592,-0.800066,-0.000180
cmd,17.855000,29.355000,0.460530,-1.049740,1.050626,-1.050592,-0.800066,-0.000180
cmd,17.860000,29.360000,0.461512,-1.049740,1.050626,-1.050592,-0.800066,-0.000180
cmd,17.865000,29.365000,0.462532,-1.049740,1.050626,-1.050592,-0.800066,-0.000180
cmd,17.870000,29.370000,0.463589,-1.049740,1.050626,-1.050592,-0.800066,-0.000180
cmd,17.875000,29.375000,0.464682,-1.049740,1.050626,-1.050592,-0.800066,-0.000180
cmd,17.880000,29.380000,0.465810,-1.049740,1.050626,-1.050592,-0.800066,-0.000180
cmd,17.885000,29.385000,0.466972,-1.049740,1.050626,-1.050592,-0.800066,-0.000180
cmd,17.890000,29.390000,0.468166,-1.049740,1.050626,-1.050592,-0.800066,-0.000180
cmd,17.895000,29.395000,0.469392,-1.049740,1.050626,-1.050592,-0.800066,-0.000180
cmd,17.900000,29.400000,0.470648,-1.049740,1.050626,-1.050592,-0.800066,-0.000180
cmd,17.905000,29.405000,0.471933,-1.049740,1.050626,-1.050592,-0.800066,-0.000180
cmd,17.910000,29.410000,0.473246,-1.049740,1.050626,-1.050592,-0.800066,-0.000180
cmd,17.915000,29.415000,0.474585,-1.049740,1.050626,-1.050592,-0.800066,-0.000180
cmd,17.920000,29.420000,0.475950,-1.049740,1.050626,-1.050592,-0.800066,-0.000180
cmd,17.925000,29.425000,0.477338,-1.049740,1.050626,-1.050592,-0.800066,-0.000180
cmd,17.930000,29.430000,0.478748,-1.049740,1.050626,-1.050592,-0.800066,-0.000180
cmd,17.935000,29.435000,0.480180,-1.049740,1.050626,-1.050592,-0.800066,-0.000180
cmd,17.940000,29.440000,0.481631,-1.049740,1.050626,-1.050592,-0.800066,-0.000180
cmd,17.945000,29.445000,0.483101,-1.049740,1.050626,-1.050592,-0.800066,-0.000180
cmd,17.950000,29.450000,0.484587,-1.049740,1.050626,-1.050592,-0.800066,-0.000180
cmd,17.955000,29.455000,0.486088,-1.049740,1.050626,-1.050592,-0.800066,-0.000180
cmd,17.960000,29.460000,0.487603,-1.049740,1.050626,-1.050592,-0.800066,-0.000180
cmd,17.965000,29.465000,0.489130,-1.049740,1.050626,-1.050592,-0.800066,-0.000180
cmd,17.970000,29.470000,0.490668,-1.049740,1.050626,-1.050592,-0.800066,-0.000180
cmd,17.975000,29.475000,0.492216,-1.049740,1.050626,-1.050592,-0.800066,-0.000180
cmd,17.980000,29.480000,0.493771,-1.049740,1.050626,-1.050592,-0.800066,-0.000180
cmd,17.985000,29.485000,0.495332,-1.049740,1.050626,-1.050592,-0.800066,-0.000180
cmd,17.990000,29.490000,0.496898,-1.049740,1.050626,-1.050592,-0.800066,-0.000180
cmd,17.995000,29.495000,0.498467,-1.049740,1.050626,-1.050592,-0.800066,-0.000180
cmd,18.000000,29.500000,0.500037,-1.049740,1.050626,-1.050592,-0.800066,-0.000180
cmd,18.005000,29.505000,0.501608,-1.049740,1.050626,-1.050592,-0.800066,-0.000180
cmd,18.010000,29.510000,0.503177,-1.049740,1.050626,-1.050592,-0.800066,-0.000180
cmd,18.015000,29.515000,0.504743,-1.049740,1.050626,-1.050592,-0.800066,-0.000180
cmd,18.020000,29.520000,0.506304,-1.049740,1.050626,-1.050592,-0.800066,-0.000180
cmd,18.025000,29.525000,0.507859,-1.049740,1.050626,-1.050592,-0.800066,-0.000180
cmd,18.030000,29.530000,0.509407,-1.049740,1.050626,-1.050592,-0.800066,-0.000180
cmd,18.035000,29.535000,0.510945,-1.049740,1.050626,-1.050592,-0.800066,-0.000180
cmd,18.040000,29.540000,0.512472,-1.049740,1.050626,-1.050592,-0.800066,-0.000180
cmd,18.045000,29.545000,0.513987,-1.049740,1.050626,-1.050592,-0.800066,-0.000180
cmd,18.050000,29.550000,0.515488,-1.049740,1.050626,-1.050592,-0.800066,-0.000180
cmd,18.055000,29.555000,0.516974,-1.049740,1.050626,-1.050592,-0.800066,-0.000180
cmd,18.060000,29.560000,0.518444,-1.049740,1.050626,-1.050592,-0.800066,-0.000180
cmd,18.065000,29.565000,0.519895,-1.049740,1.050626,-1.050592,-0.800066,-0.000180
cmd,18.070000,29.570000,0.521326,-1.049740,1.050626,-1.050592,-0.800066,-0.000180
cmd,18.075000,29.575000,0.522737,-1.049740,1.050626,-1.050592,-0.800066,-0.000180
cmd,18.080000,29.580000,0.524125,-1.049740,1.050626,-1.050592,-0.800066,-0.000180
cmd,18.085000,29.585000,0.525490,-1.049740,1.050626,-1.050592,-0.800066,-0.000180
cmd,18.090000,29.590000,0.526829,-1.049740,1.050626,-1.050592,-0.800066,-0.000180
cmd,18.095000,29.595000,0.528142,-1.049740,1.050626,-1.050592,-0.800066,-0.000180
cmd,18.100000,29.600000,0.529427,-1.049740,1.050626,-1.050592,-0.800066,-0.000180
cmd,18.105000,29.605000,0.530683,-1.049740,1.050626,-1.050592,-0.800066,-0.000180
cmd,18.110000,29.610000,0.531909,-1.049740,1.050626,-1.050592,-0.800066,-0.000180
cmd,18.115000,29.615000,0.533103,-1.049740,1.050626,-1.050592,-0.800066,-0.000180
cmd,18.120000,29.620000,0.534265,-1.049740,1.050626,-1.050592,-0.800066,-0.000180
cmd,18.125000,29.625000,0.535393,-1.049740,1.050626,-1.050592,-0.800066,-0.000180
cmd,18.130000,29.630000,0.536486,-1.049740,1.050626,-1.050592,-0.800066,-0.000180
cmd,18.135000,29.635000,0.537543,-1.049740,1.050626,-1.050592,-0.800066,-0.000180
cmd,18.140000,29.640000,0.538563,-1.049740,1.050626,-1.050592,-0.800066,-0.000180
cmd,18.145000,29.645000,0.539545,-1.049740,1.050626,-1.050592,-0.800066,-0.000180
cmd,18.150000,29.650000,0.540488,-1.049740,1.050626,-1.050592,-0.800066,-0.000180
cmd,18.155000,29.655000,0.541391,-1.049740,1.050626,-1.050592,-0.800066,-0.000180
cmd,18.160000,29.660000,0.542254,-1.049740,1.050626,-1.050592,-0.800066,-0.000180
cmd,18.165000,29.665000,0.543075,-1.049740,1.050626,-1.050592,-0.800066,-0.000180
cmd,18.170000,29.670000,0.543853,-1.049740,1.050626,-1.050592,-0.800066,-0.000180
cmd,18.175000,29.675000,0.544588,-1.049740,1.050626,-1.050592,-0.800066,-0.000180
cmd,18.180000,29.680000,0.545279,-1.049740,1.050626,-1.050592,-0.800066,-0.000180
cmd,18.185000,29.685000,0.545925,-1.049740,1.050626,-1.050592,-0.800066,-0.000180
cmd,18.190000,29.690000,0.546526,-1.049740,1.050626,-1.050592,-0.800066,-0.000180
cmd,18.195000,29.695000,0.547081,-1.049740,1.050626,-1.050592,-0.800066,-0.000180
cmd,18.200000,29.700000,0.547590,-1.049740,1.050626,-1.050592,-0.800066,-0.000180
cmd,18.205000,29.705000,0.548052,-1.049740,1.050626,-1.050592,-0.800066,-0.000180
cmd,18.210000,29.710000,0.548467,-1.049740,1.050626,-1.050592,-0.800066,-0.000180
cmd,18.215000,29.715000,0.548833,-1.049740,1.050626,-1.050592,-0.800066,-0.000180
cmd,18.220000,29.720000,0.549152,-1.049740,1.050626,-1.050592,-0.800066,-0.000180
cmd,18.225000,29.725000,0.549422,-1.049740,1.050626,-1.050592,-0.800066,-0.000180
cmd,18.230000,29.730000,0.549643,-1.049740,1.050626,-1.050592,-0.800066,-0.000180
cmd,18.235000,29.735000,0.549816,-1.049740,1.050626,-1.050592,-0.800066,-0.000180
cmd,18.240000,29.740000,0.549939,-1.049740,1.050626,-1.050592,-0.800066,-0.000180
cmd,18.245000,29.745000,0.550013,-1.049740,1.050626,-1.050592,-0.800066,-0.000180
cmd,18.250000,29.750000,0.550037,-1.049740,1.050626,-1.050592,-0.800066,-0.000180
cmd,18.255000,29.755000,0.550013,-1.049740,1.050626,-1.050592,-0.800066,-0.000180
cmd,18.260000,29.760000,0.549939,-1.049740,1.050626,-1.050592,-0.800066,-0.000180
cmd,18.265000,29.765000,0.549816,-1.049740,1.050626,-1.050592,-0.800066,-0.000180
cmd,18.270000,29.770000,0.549643,-1.049740,1.050626,-1.050592,-0.800066,-0.000180
cmd,18.275000,29.775000,0.549422,-1.049740,1.050626,-1.050592,-0.800066,-0.000180
cmd,18.280000,29.780000,0.549152,-1.049740,1.050626,-1.050592,-0.800066,-0.000180
cmd,18.285000,29.785000,0.548833,-1.049740,1.050626,-1.050592,-0.800066,-0.000180
cmd,18.290000,29.790000,0.548467,-1.049740,1.050626,-1.050592,-0.800066,-0.000180
cmd,18.295000,29.795000,0.548052,-1.049740,1.050626,-1.050592,-0.800066,-0.000180
cmd,18.300000,29.800000,0.547590,-1.049740,1.050626,-1.050592,-0.800066,-0.000180
cmd,18.305000,29.805000,0.547081,-1.049740,1.050626,-1.050592,-0.800066,-0.000180
cmd,18.310000,29.810000,0.546526,-1.049740,1.050626,-1.050592,-0.800066,-0.000180
cmd,18.315000,29.815000,0.545925,-1.049740,1.050626,-1.050592,-0.800066,-0.000180
cmd,18.320000,29.820000,0.545279,-1.049740,1.050626,-1.050592,-0.800066,-0.000180
cmd,18.325000,29.825000,0.544588,-1.049740,1.050626,-1.050592,-0.800066,-0.000180
cmd,18.330000,29.830000,0.543853,-1.049740,1.050626,-1.050592,-0.800066,-0.000180
cmd,18.335000,29.835000,0.543075,-1.049740,1.050626,-1.050592,-0.800066,-0.000180
cmd,18.340000,29.840000,0.542254,-1.049740,1.050626,-1.050592,-0.800066,-0.000180
cmd,18.345000,29.845000,0.541391,-1.049740,1.050626,-1.050592,-0.800066,-0.000180
cmd,18.350000,29.850000,0.540488,-1.049740,1.050626,-1.050592,-0.800066,-0.000180
cmd,18.355000,29.855000,0.539545,-1.049740,1.050626,-1.050592,-0.800066,-0.000180
cmd,18.360000,29.860000,0.538563,-1.049740,1.050626,-1.050592,-0.800066,-0.000180
cmd,18.365000,29.865000,0.537543,-1.049740,1.050626,-1.050592,-0.800066,-0.000180
cmd,18.370000,29.870000,0.536486,-1.049740,1.050626,-1.050592,-0.800066,-0.000180
cmd,18.375000,29.875000,0.535393,-1.049740,1.050626,-1.050592,-0.800066,-0.000180
cmd,18.380000,29.880000,0.534265,-1.049740,1.050626,-1.050592,-0.800066,-0.000180
cmd,18.385000,29.885000,0.533103,-1.049740,1.050626,-1.050592,-0.800066,-0.000180
cmd,18.390000,29.890000,0.531909,-1.049740,1.050626,-1.050592,-0.800066,-0.000180
cmd,18.395000,29.895000,0.530683,-1.049740,1.050626,-1.050592,-0.800066,-0.000180
cmd,18.400000,29.900000,0.529427,-1.049740,1.050626,-1.050592,-0.800066,-0.000180
cmd,18.405000,29.905000,0.528142,-1.049740,1.050626,-1.050592,-0.800066,-0.000180
cmd,18.410000,29.910000,0.526829,-1.049740,1.050626,-1.050592,-0.800066,-0.000180
cmd,18.415000,29.915000,0.525490,-1.049740,1.050626,-1.050592,-0.800066,-0.000180
cmd,18.420000,29.920000,0.524125,-1.049740,1.050626,-1.050592,-0.800066,-0.000180
cmd,18.425000,29.925000,0.522737,-1.049740,1.050626,-1.050592,-0.800066,-0.000180
cmd,18.430000,29.930000,0.521326,-1.049740,1.050626,-1.050592,-0.800066,-0.000180
cmd,18.435000,29.935000,0.519895,-1.049740,1.050626,-1.050592,-0.800066,-0.000180
cmd,18.440000,29.940000,0.518444,-1.049740,1.050626,-1.050592,-0.800066,-0.000180
cmd,18.445000,29.945000,0.516974,-1.049740,1.050626,-1.050592,-0.800066,-0.000180
cmd,18.450000,29.950000,0.515488,-1.049740,1.050626,-1.050592,-0.800066,-0.000180
cmd,18.455000,29.955000,0.513987,-1.049740,1.050626,-1.050592,-0.800066,-0.000180
cmd,18.460000,29.960000,0.512472,-1.049740,1.050626,-1.050592,-0.800066,-0.000180
cmd,18.465000,29.965000,0.510945,-1.049740,1.050626,-1.050592,-0.800066,-0.000180
cmd,18.470000,29.970000,0.509407,-1.049740,1.050626,-1.050592,-0.800066,-0.000180
cmd,18.475000,29.975000,0.507859,-1.049740,1.050626,-1.050592,-0.800066,-0.000180
cmd,18.480000,29.980000,0.506304,-1.049740,1.050626,-1.050592,-0.800066,-0.000180
cmd,18.485000,29.985000,0.504743,-1.049740,1.050626,-1.050592,-0.800066,-0.000180
cmd,18.490000,29.990000,0.503177,-1.049740,1.050626,-1.050592,-0.800066,-0.000180
cmd,18.495000,29.995000,0.501608,-1.049740,1.050626,-1.050592,-0.800066,-0.000180
cmd,18.500000,30.000000,0.500037,-1.049740,1.050626,-1.050592,-0.800066,-0.000180
cmd,18.505000,30.005000,0.498467,-1.049740,1.050626,-1.050592,-0.800066,-0.000180
cmd,18.510000,30.010000,0.496898,-1.049740,1.050626,-1.050592,-0.800066,-0.000180
cmd,18.515000,30.015000,0.495332,-1.049740,1.050626,-1.050592,-0.800066,-0.000180
cmd,18.520000,30.020000,0.493771,-1.049740,1.050626,-1.050592,-0.800066,-0.000180
cmd,18.525000,30.025000,0.492216,-1.049740,1.050626,-1.050592,-0.800066,-0.000180
cmd,18.530000,30.030000,0.490668,-1.049740,1.050626,-1.050592,-0.800066,-0.000180
cmd,18.535000,30.035000,0.489130,-1.049740,1.050626,-1.050592,-0.800066,-0.000180
cmd,18.540000,30.040000,0.487603,-1.049740,1.050626,-1.050592,-0.800066,-0.000180
cmd,18.545000,30.045000,0.486088,-1.049740,1.050626,-1.050592,-0.800066,-0.000180
cmd,18.550000,30.050000,0.484587,-1.049740,1.050626,-1.050592,-0.800066,-0.000180
cmd,18.555000,30.055000,0.483101,-1.049740,1.050626,-1.050592,-0.800066,-0.000180
cmd,18.560000,30.060000,0.481631,-1.049740,1.050626,-1.050592,-0.800066,-0.000180
cmd,18.565000,30.065000,0.480180,-1.049740,1.050626,-1.050592,-0.800066,-0.000180
cmd,18.570000,30.070000,0.478748,-1.049740,1.050626,-1.050592,-0.800066,-0.000180
cmd,18.575000,30.075000,0.477338,-1.049740,1.050626,-1.050592,-0.800066,-0.000180
cmd,18.580000,30.080000,0.475950,-1.049740,1.050626,-1.050592,-0.800066,-0.000180
cmd,18.585000,30.085000,0.474585,-1.049740,1.050626,-1.050592,-0.800066,-0.000180
cmd,18.590000,30.090000,0.473246,-1.049740,1.050626,-1.050592,-0.800066,-0.000180
cmd,18.595000,30.095000,0.471933,-1.049740,1.050626,-1.050592,-0.800066,-0.000180
cmd,18.600000,30.100000,0.470648,-1.049740,1.050626,-1.050592,-0.800066,-0.000180
cmd,18.605000,30.105000,0.469392,-1.049740,1.050626,-1.050592,-0.800066,-0.000180
cmd,18.610000,30.110000,0.468166,-1.049740,1.050626,-1.050592,-0.800066,-0.000180
cmd,18.615000,30.115000,0.466972,-1.049740,1.050626,-1.050592,-0.800066,-0.000180
cmd,18.620000,30.120000,0.465810,-1.049740,1.050626,-1.050592,-0.800066,-0.000180
cmd,18.625000,30.125000,0.464682,-1.049740,1.050626,-1.050592,-0.800066,-0.000180
cmd,18.630000,30.130000,0.463589,-1.049740,1.050626,-1.050592,-0.800066,-0.000180
cmd,18.635000,30.135000,0.462532,-1.049740,1.050626,-1.050592,-0.800066,-0.000180
cmd,18.640000,30.140000,0.461512,-1.049740,1.050626,-1.050592,-0.800066,-0.000180
cmd,18.645000,30.145000,0.460530,-1.049740,1.050626,-1.050592,-0.800066,-0.000180
cmd,18.650000,30.150000,0.459587,-1.049740,1.050626,-1.050592,-0.800066,-0.000180
cmd,18.655000,30.155000,0.458683,-1.049740,1.050626,-1.050592,-0.800066,-0.000180
cmd,18.660000,30.160000,0.457821,-1.049740,1.050626,-1.050592,-0.800066,-0.000180
cmd,18.665000,30.165000,0.457000,-1.049740,1.050626,-1.050592,-0.800066,-0.000180
cmd,18.670000,30.170000,0.456222,-1.049740,1.050626,-1.050592,-0.800066,-0.000180
cmd,18.675000,30.175000,0.455487,-1.049740,1.050626,-1.050592,-0.800066,-0.000180
cmd,18.680000,30.180000,0.454796,-1.049740,1.050626,-1.050592,-0.800066,-0.000180
cmd,18.685000,30.185000,0.454150,-1.049740,1.050626,-1.050592,-0.800066,-0.000180
cmd,18.690000,30.190000,0.453549,-1.049740,1.050626,-1.050592,-0.800066,-0.000180
cmd,18.695000,30.195000,0.452993,-1.049740,1.050626,-1.050592,-0.800066,-0.000180
cmd,18.700000,30.200000,0.452485,-1.049740,1.050626,-1.050592,-0.800066,-0.000180
cmd,18.705000,30.205000,0.452023,-1.049740,1.050626,-1.050592,-0.800066,-0.000180
cmd,18.710000,30.210000,0.451608,-1.049740,1.050626,-1.050592,-0.800066,-0.000180
cmd,18.715000,30.215000,0.451242,-1.049740,1.050626,-1.050592,-0.800066,-0.000180
cmd,18.720000,30.220000,0.450923,-1.049740,1.050626,-1.050592,-0.800066,-0.000180
cmd,18.725000,30.225000,0.450653,-1.049740,1.050626,-1.050592,-0.800066,-0.000180
cmd,18.730000,30.230000,0.450432,-1.049740,1.050626,-1.050592,-0.800066,-0.000180
cmd,18.735000,30.235000,0.450259,-1.049740,1.050626,-1.050592,-0.800066,-0.000180
cmd,18.740000,30.240000,0.450136,-1.049740,1.050626,-1.050592,-0.800066,-0.000180
cmd,18.745000,30.245000,0.450062,-1.049740,1.050626,-1.050592,-0.800066,-0.000180
cmd,18.750000,30.250000,0.450037,-1.049740,1.050626,-1.050592,-0.800066,-0.000180
cmd,18.755000,30.255000,0.450062,-1.049740,1.050626,-1.050592,-0.800066,-0.000180
cmd,18.760000,30.260000,0.450136,-1.049740,1.050626,-1.050592,-0.800066,-0.000180
cmd,18.765000,30.265000,0.450259,-1.049740,1.050626,-1.050592,-0.800066,-0.000180
cmd,18.770000,30.270000,0.450432,-1.049740,1.050626,-1.050592,-0.800066,-0.000180
cmd,18.775000,30.275000,0.450653,-1.049740,1.050626,-1.050592,-0.800066,-0.000180
cmd,18.780000,30.280000,0.450923,-1.049740,1.050626,-1.050592,-0.800066,-0.000180
cmd,18.785000,30.285000,0.451242,-1.049740,1.050626,-1.050592,-0.800066,-0.000180
cmd,18.790000,30.290000,0.451608,-1.049740,1.050626,-1.050592,-0.800066,-0.000180
cmd,18.795000,30.295000,0.452023,-1.049740,1.050626,-1.050592,-0.800066,-0.000180
cmd,18.800000,30.300000,0.452485,-1.049740,1.050626,-1.050592,-0.800066,-0.000180
cmd,18.805000,30.305000,0.452993,-1.049740,1.050626,-1.050592,-0.800066,-0.000180
cmd,18.810000,30.310000,0.453549,-1.049740,1.050626,-1.050592,-0.800066,-0.000180
cmd,18.815000,30.315000,0.454150,-1.049740,1.050626,-1.050592,-0.800066,-0.000180
cmd,18.820000,30.320000,0.454796,-1.049740,1.050626,-1.050592,-0.800066,-0.000180
cmd,18.825000,30.325000,0.455487,-1.049740,1.050626,-1.050592,-0.800066,-0.000180
cmd,18.830000,30.330000,0.456222,-1.049740,1.050626,-1.050592,-0.800066,-0.000180
cmd,18.835000,30.335000,0.457000,-1.049740,1.050626,-1.050592,-0.800066,-0.000180
cmd,18.840000,30.340000,0.457821,-1.049740,1.050626,-1.050592,-0.800066,-0.000180
cmd,18.845000,30.345000,0.458683,-1.049740,1.050626,-1.050592,-0.800066,-0.000180
cmd,18.850000,30.350000,0.459587,-1.049740,1.050626,-1.050592,-0.800066,-0.000180
cmd,18.855000,30.355000,0.460530,-1.049740,1.050626,-1.050592,-0.800066,-0.000180
cmd,18.860000,30.360000,0.461512,-1.049740,1.050626,-1.050592,-0.800066,-0.000180
cmd,18.865000,30.365000,0.462532,-1.049740,1.050626,-1.050592,-0.800066,-0.000180
cmd,18.870000,30.370000,0.463589,-1.049740,1.050626,-1.050592,-0.800066,-0.000180
cmd,18.875000,30.375000,0.464682,-1.049740,1.050626,-1.050592,-0.800066,-0.000180
cmd,18.880000,30.380000,0.465810,-1.049740,1.050626,-1.050592,-0.800066,-0.000180
cmd,18.885000,30.385000,0.466972,-1.049740,1.050626,-1.050592,-0.800066,-0.000180
cmd,18.890000,30.390000,0.468166,-1.049740,1.050626,-1.050592,-0.800066,-0.000180
cmd,18.895000,30.395000,0.469392,-1.049740,1.050626,-1.050592,-0.800066,-0.000180
cmd,18.900000,30.400000,0.470648,-1.049740,1.050626,-1.050592,-0.800066,-0.000180
cmd,18.905000,30.405000,0.471933,-1.049740,1.050626,-1.050592,-0.800066,-0.000180
cmd,18.910000,30.410000,0.473246,-1.049740,1.050626,-1.050592,-0.800066,-0.000180
cmd,18.915000,30.415000,0.474585,-1.049740,1.050626,-1.050592,-0.800066,-0.000180
cmd,18.920000,30.420000,0.475950,-1.049740,1.050626,-1.050592,-0.800066,-0.000180
cmd,18.925000,30.425000,0.477338,-1.049740,1.050626,-1.050592,-0.800066,-0.000180
cmd,18.930000,30.430000,0.478748,-1.049740,1.050626,-1.050592,-0.800066,-0.000180
cmd,18.935000,30.435000,0.480180,-1.049740,1.050626,-1.050592,-0.800066,-0.000180
cmd,18.940000,30.440000,0.481631,-1.049740,1.050626,-1.050592,-0.800066,-0.000180
cmd,18.945000,30.445000,0.483101,-1.049740,1.050626,-1.050592,-0.800066,-0.000180
cmd,18.950000,30.450000,0.484587,-1.049740,1.050626,-1.050592,-0.800066,-0.000180
cmd,18.955000,30.455000,0.486088,-1.049740,1.050626,-1.050592,-0.800066,-0.000180
cmd,18.960000,30.460000,0.487603,-1.049740,1.050626,-1.050592,-0.800066,-0.000180
cmd,18.965000,30.465000,0.489130,-1.049740,1.050626,-1.050592,-0.800066,-0.000180
cmd,18.970000,30.470000,0.490668,-1.049740,1.050626,-1.050592,-0.800066,-0.000180
cmd,18.975000,30.475000,0.492216,-1.049740,1.050626,-1.050592,-0.800066,-0.000180
cmd,18.980000,30.480000,0.493771,-1.049740,1.050626,-1.050592,-0.800066,-0.000180
cmd,18.985000,30.485000,0.495332,-1.049740,1.050626,-1.050592,-0.800066,-0.000180
cmd,18.990000,30.490000,0.496898,-1.049740,1.050626,-1.050592,-0.800066,-0.000180
cmd,18.995000,30.495000,0.498467,-1.049740,1.050626,-1.050592,-0.800066,-0.000180
cmd,19.000000,30.500000,0.500037,-1.049740,1.050626,-1.050592,-0.800066,-0.000180
cmd,19.005000,30.505000,0.501608,-1.049740,1.050626,-1.050592,-0.800066,-0.000180
cmd,19.010000,30.510000,0.503177,-1.049740,1.050626,-1.050592,-0.800066,-0.000180
cmd,19.015000,30.515000,0.504743,-1.049740,1.050626,-1.050592,-0.800066,-0.000180
cmd,19.020000,30.520000,0.506304,-1.049740,1.050626,-1.050592,-0.800066,-0.000180
cmd,19.025000,30.525000,0.507859,-1.049740,1.050626,-1.050592,-0.800066,-0.000180
cmd,19.030000,30.530000,0.509407,-1.049740,1.050626,-1.050592,-0.800066,-0.000180
cmd,19.035000,30.535000,0.510945,-1.049740,1.050626,-1.050592,-0.800066,-0.000180
cmd,19.040000,30.540000,0.512472,-1.049740,1.050626,-1.050592,-0.800066,-0.000180
cmd,19.045000,30.545000,0.513987,-1.049740,1.050626,-1.050592,-0.800066,-0.000180
cmd,19.050000,30.550000,0.515488,-1.049740,1.050626,-1.050592,-0.800066,-0.000180
cmd,19.055000,30.555000,0.516974,-1.049740,1.050626,-1.050592,-0.800066,-0.000180
cmd,19.060000,30.560000,0.518444,-1.049740,1.050626,-1.050592,-0.800066,-0.000180
cmd,19.065000,30.565000,0.519895,-1.049740,1.050626,-1.050592,-0.800066,-0.000180
cmd,19.070000,30.570000,0.521326,-1.049740,1.050626,-1.050592,-0.800066,-0.000180
cmd,19.075000,30.575000,0.522737,-1.049740,1.050626,-1.050592,-0.800066,-0.000180
cmd,19.080000,30.580000,0.524125,-1.049740,1.050626,-1.050592,-0.800066,-0.000180
cmd,19.085000,30.585000,0.525490,-1.049740,1.050626,-1.050592,-0.800066,-0.000180
cmd,19.090000,30.590000,0.526829,-1.049740,1.050626,-1.050592,-0.800066,-0.000180
cmd,19.095000,30.595000,0.528142,-1.049740,1.050626,-1.050592,-0.800066,-0.000180
cmd,19.100000,30.600000,0.529427,-1.049740,1.050626,-1.050592,-0.800066,-0.000180
cmd,19.105000,30.605000,0.530683,-1.049740,1.050626,-1.050592,-0.800066,-0.000180
cmd,19.110000,30.610000,0.531909,-1.049740,1.050626,-1.050592,-0.800066,-0.000180
cmd,19.115000,30.615000,0.533103,-1.049740,1.050626,-1.050592,-0.800066,-0.000180
cmd,19.120000,30.620000,0.534265,-1.049740,1.050626,-1.050592,-0.800066,-0.000180
cmd,19.125000,30.625000,0.535393,-1.049740,1.050626,-1.050592,-0.800066,-0.000180
cmd,19.130000,30.630000,0.536486,-1.049740,1.050626,-1.050592,-0.800066,-0.000180
cmd,19.135000,30.635000,0.537543,-1.049740,1.050626,-1.050592,-0.800066,-0.000180
cmd,19.140000,30.640000,0.538563,-1.049740,1.050626,-1.050592,-0.800066,-0.000180
cmd,19.145000,30.645000,0.539545,-1.049740,1.050626,-1.050592,-0.800066,-0.000180
cmd,19.150000,30.650000,0.540488,-1.049740,1.050626,-1.050592,-0.800066,-0.000180
cmd,19.155000,30.655000,0.541391,-1.049740,1.050626,-1.050592,-0.800066,-0.000180
cmd,19.160000,30.660000,0.542254,-1.049740,1.050626,-1.050592,-0.800066,-0.000180
cmd,19.165000,30.665000,0.543075,-1.049740,1.050626,-1.050592,-0.800066,-0.000180
cmd,19.170000,30.670000,0.543853,-1.049740,1.050626,-1.050592,-0.800066,-0.000180
cmd,19.175000,30.675000,0.544588,-1.049740,1.050626,-1.050592,-0.800066,-0.000180
cmd,19.180000,30.680000,0.545279,-1.049740,1.050626,-1.050592,-0.800066,-0.000180
cmd,19.185000,30.685000,0.545925,-1.049740,1.050626,-1.050592,-0.800066,-0.000180
cmd,19.190000,30.690000,0.546526,-1.049740,1.050626,-1.050592,-0.800066,-0.000180
cmd,19.195000,30.695000,0.547081,-1.049740,1.050626,-1.050592,-0.800066,-0.000180
cmd,19.200000,30.700000,0.547590,-1.049740,1.050626,-1.050592,-0.800066,-0.000180
cmd,19.205000,30.705000,0.548052,-1.049740,1.050626,-1.050592,-0.800066,-0.000180
cmd,19.210000,30.710000,0.548467,-1.049740,1.050626,-1.050592,-0.800066,-0.000180
cmd,19.215000,30.715000,0.548833,-1.049740,1.050626,-1.050592,-0.800066,-0.000180
cmd,19.220000,30.720000,0.549152,-1.049740,1.050626,-1.050592,-0.800066,-0.000180
cmd,19.225000,30.725000,0.549422,-1.049740,1.050626,-1.050592,-0.800066,-0.000180
cmd,19.230000,30.730000,0.549643,-1.049740,1.050626,-1.050592,-0.800066,-0.000180
cmd,19.235000,30.735000,0.549816,-1.049740,1.050626,-1.050592,-0.800066,-0.000180
cmd,19.240000,30.740000,0.549939,-1.049740,1.050626,-1.050592,-0.800066,-0.000180
cmd,19.245000,30.745000,0.550013,-1.049740,1.050626,-1.050592,-0.800066,-0.000180
cmd,19.250000,30.750000,0.550037,-1.049740,1.050626,-1.050592,-0.800066,-0.000180
cmd,19.255000,30.755000,0.550013,-1.049740,1.050626,-1.050592,-0.800066,-0.000180
cmd,19.260000,30.760000,0.549939,-1.049740,1.050626,-1.050592,-0.800066,-0.000180
cmd,19.265000,30.765000,0.549816,-1.049740,1.050626,-1.050592,-0.800066,-0.000180
cmd,19.270000,30.770000,0.549643,-1.049740,1.050626,-1.050592,-0.800066,-0.000180
cmd,19.275000,30.775000,0.549422,-1.049740,1.050626,-1.050592,-0.800066,-0.000180
cmd,19.280000,30.780000,0.549152,-1.049740,1.050626,-1.050592,-0.800066,-0.000180
cmd,19.285000,30.785000,0.548833,-1.049740,1.050626,-1.050592,-0.800066,-0.000180
cmd,19.290000,30.790000,0.548467,-1.049740,1.050626,-1.050592,-0.800066,-0.000180
cmd,19.295000,30.795000,0.548052,-1.049740,1.050626,-1.050592,-0.800066,-0.000180
cmd,19.300000,30.800000,0.547590,-1.049740,1.050626,-1.050592,-0.800066,-0.000180
cmd,19.305000,30.805000,0.547081,-1.049740,1.050626,-1.050592,-0.800066,-0.000180
cmd,19.310000,30.810000,0.546526,-1.049740,1.050626,-1.050592,-0.800066,-0.000180
cmd,19.315000,30.815000,0.545925,-1.049740,1.050626,-1.050592,-0.800066,-0.000180
cmd,19.320000,30.820000,0.545279,-1.049740,1.050626,-1.050592,-0.800066,-0.000180
cmd,19.325000,30.825000,0.544588,-1.049740,1.050626,-1.050592,-0.800066,-0.000180
cmd,19.330000,30.830000,0.543853,-1.049740,1.050626,-1.050592,-0.800066,-0.000180
cmd,19.335000,30.835000,0.543075,-1.049740,1.050626,-1.050592,-0.800066,-0.000180
cmd,19.340000,30.840000,0.542254,-1.049740,1.050626,-1.050592,-0.800066,-0.000180
cmd,19.345000,30.845000,0.541391,-1.049740,1.050626,-1.050592,-0.800066,-0.000180
cmd,19.350000,30.850000,0.540488,-1.049740,1.050626,-1.050592,-0.800066,-0.000180
cmd,19.355000,30.855000,0.539545,-1.049740,1.050626,-1.050592,-0.800066,-0.000180
cmd,19.360000,30.860000,0.538563,-1.049740,1.050626,-1.050592,-0.800066,-0.000180
cmd,19.365000,30.865000,0.537543,-1.049740,1.050626,-1.050592,-0.800066,-0.000180
cmd,19.370000,30.870000,0.536486,-1.049740,1.050626,-1.050592,-0.800066,-0.000180
cmd,19.375000,30.875000,0.535393,-1.049740,1.050626,-1.050592,-0.800066,-0.000180
cmd,19.380000,30.880000,0.534265,-1.049740,1.050626,-1.050592,-0.800066,-0.000180
cmd,19.385000,30.885000,0.533103,-1.049740,1.050626,-1.050592,-0.800066,-0.000180
cmd,19.390000,30.890000,0.531909,-1.049740,1.050626,-1.050592,-0.800066,-0.000180
cmd,19.395000,30.895000,0.530683,-1.049740,1.050626,-1.050592,-0.800066,-0.000180
cmd,19.400000,30.900000,0.529427,-1.049740,1.050626,-1.050592,-0.800066,-0.000180
cmd,19.405000,30.905000,0.528142,-1.049740,1.050626,-1.050592,-0.800066,-0.000180
cmd,19.410000,30.910000,0.526829,-1.049740,1.050626,-1.050592,-0.800066,-0.000180
cmd,19.415000,30.915000,0.525490,-1.049740,1.050626,-1.050592,-0.800066,-0.000180
cmd,19.420000,30.920000,0.524125,-1.049740,1.050626,-1.050592,-0.800066,-0.000180
cmd,19.425000,30.925000,0.522737,-1.049740,1.050626,-1.050592,-0.800066,-0.000180
cmd,19.430000,30.930000,0.521326,-1.049740,1.050626,-1.050592,-0.800066,-0.000180
cmd,19.435000,30.935000,0.519895,-1.049740,1.050626,-1.050592,-0.800066,-0.000180
cmd,19.440000,30.940000,0.518444,-1.049740,1.050626,-1.050592,-0.800066,-0.000180
cmd,19.445000,30.945000,0.516974,-1.049740,1.050626,-1.050592,-0.800066,-0.000180
cmd,19.450000,30.950000,0.515488,-1.049740,1.050626,-1.050592,-0.800066,-0.000180
cmd,19.455000,30.955000,0.513987,-1.049740,1.050626,-1.050592,-0.800066,-0.000180
cmd,19.460000,30.960000,0.512472,-1.049740,1.050626,-1.050592,-0.800066,-0.000180
cmd,19.465000,30.965000,0.510945,-1.049740,1.050626,-1.050592,-0.800066,-0.000180
cmd,19.470000,30.970000,0.509407,-1.049740,1.050626,-1.050592,-0.800066,-0.000180
cmd,19.475000,30.975000,0.507859,-1.049740,1.050626,-1.050592,-0.800066,-0.000180
cmd,19.480000,30.980000,0.506304,-1.049740,1.050626,-1.050592,-0.800066,-0.000180
cmd,19.485000,30.985000,0.504743,-1.049740,1.050626,-1.050592,-0.800066,-0.000180
cmd,19.490000,30.990000,0.503177,-1.049740,1.050626,-1.050592,-0.800066,-0.000180
cmd,19.495000,30.995000,0.501608,-1.049740,1.050626,-1.050592,-0.800066,-0.000180
cmd,19.500000,31.000000,0.500037,-1.049740,1.050626,-1.050592,-0.800066,-0.000180
cmd,19.505000,31.005000,0.498467,-1.049740,1.050626,-1.050592,-0.800066,-0.000180
cmd,19.510000,31.010000,0.496898,-1.049740,1.050626,-1.050592,-0.800066,-0.000180
cmd,19.515000,31.015000,0.495332,-1.049740,1.050626,-1.050592,-0.800066,-0.000180
cmd,19.520000,31.020000,0.493771,-1.049740,1.050626,-1.050592,-0.800066,-0.000180
cmd,19.525000,31.025000,0.492216,-1.049740,1.050626,-1.050592,-0.800066,-0.000180
cmd,19.530000,31.030000,0.490668,-1.049740,1.050626,-1.050592,-0.800066,-0.000180
cmd,19.535000,31.035000,0.489130,-1.049740,1.050626,-1.050592,-0.800066,-0.000180
cmd,19.540000,31.040000,0.487603,-1.049740,1.050626,-1.050592,-0.800066,-0.000180
cmd,19.545000,31.045000,0.486088,-1.049740,1.050626,-1.050592,-0.800066,-0.000180
cmd,19.550000,31.050000,0.484587,-1.049740,1.050626,-1.050592,-0.800066,-0.000180
cmd,19.555000,31.055000,0.483101,-1.049740,1.050626,-1.050592,-0.800066,-0.000180
cmd,19.560000,31.060000,0.481631,-1.049740,1.050626,-1.050592,-0.800066,-0.000180
cmd,19.565000,31.065000,0.480180,-1.049740,1.050626,-1.050592,-0.800066,-0.000180
cmd,19.570000,31.070000,0.478748,-1.049740,1.050626,-1.050592,-0.800066,-0.000180
cmd,19.575000,31.075000,0.477338,-1.049740,1.050626,-1.050592,-0.800066,-0.000180
cmd,19.580000,31.080000,0.475950,-1.049740,1.050626,-1.050592,-0.800066,-0.000180
cmd,19.585000,31.085000,0.474585,-1.049740,1.050626,-1.050592,-0.800066,-0.000180
cmd,19.590000,31.090000,0.473246,-1.049740,1.050626,-1.050592,-0.800066,-0.000180
cmd,19.595000,31.095000,0.471933,-1.049740,1.050626,-1.050592,-0.800066,-0.000180
cmd,19.600000,31.100000,0.470648,-1.049740,1.050626,-1.050592,-0.800066,-0.000180
cmd,19.605000,31.105000,0.469392,-1.049740,1.050626,-1.050592,-0.800066,-0.000180
cmd,19.610000,31.110000,0.468166,-1.049740,1.050626,-1.050592,-0.800066,-0.000180
cmd,19.615000,31.115000,0.466972,-1.049740,1.050626,-1.050592,-0.800066,-0.000180
cmd,19.620000,31.120000,0.465810,-1.049740,1.050626,-1.050592,-0.800066,-0.000180
cmd,19.625000,31.125000,0.464682,-1.049740,1.050626,-1.050592,-0.800066,-0.000180
cmd,19.630000,31.130000,0.463589,-1.049740,1.050626,-1.050592,-0.800066,-0.000180
cmd,19.635000,31.135000,0.462532,-1.049740,1.050626,-1.050592,-0.800066,-0.000180
cmd,19.640000,31.140000,0.461512,-1.049740,1.050626,-1.050592,-0.800066,-0.000180
cmd,19.645000,31.145000,0.460530,-1.049740,1.050626,-1.050592,-0.800066,-0.000180
cmd,19.650000,31.150000,0.459587,-1.049740,1.050626,-1.050592,-0.800066,-0.000180
cmd,19.655000,31.155000,0.458683,-1.049740,1.050626,-1.050592,-0.800066,-0.000180
cmd,19.660000,31.160000,0.457821,-1.049740,1.050626,-1.050592,-0.800066,-0.000180
cmd,19.665000,31.165000,0.457000,-1.049740,1.050626,-1.050592,-0.800066,-0.000180
cmd,19.670000,31.170000,0.456222,-1.049740,1.050626,-1.050592,-0.800066,-0.000180
cmd,19.675000,31.175000,0.455487,-1.049740,1.050626,-1.050592,-0.800066,-0.000180
cmd,19.680000,31.180000,0.454796,-1.049740,1.050626,-1.050592,-0.800066,-0.000180
cmd,19.685000,31.185000,0.454150,-1.049740,1.050626,-1.050592,-0.800066,-0.000180
cmd,19.690000,31.190000,0.453549,-1.049740,1.050626,-1.050592,-0.800066,-0.000180
cmd,19.695000,31.195000,0.452993,-1.049740,1.050626,-1.050592,-0.800066,-0.000180
cmd,19.700000,31.200000,0.452485,-1.049740,1.050626,-1.050592,-0.800066,-0.000180
cmd,19.705000,31.205000,0.452023,-1.049740,1.050626,-1.050592,-0.800066,-0.000180
cmd,19.710000,31.210000,0.451608,-1.049740,1.050626,-1.050592,-0.800066,-0.000180
cmd,19.715000,31.215000,0.451242,-1.049740,1.050626,-1.050592,-0.800066,-0.000180
cmd,19.720000,31.220000,0.450923,-1.049740,1.050626,-1.050592,-0.800066,-0.000180
cmd,19.725000,31.225000,0.450653,-1.049740,1.050626,-1.050592,-0.800066,-0.000180
cmd,19.730000,31.230000,0.450432,-1.049740,1.050626,-1.050592,-0.800066,-0.000180
cmd,19.735000,31.235000,0.450259,-1.049740,1.050626,-1.050592,-0.800066,-0.000180
cmd,19.740000,31.240000,0.450136,-1.049740,1.050626,-1.050592,-0.800066,-0.000180
cmd,19.745000,31.245000,0.450062,-1.049740,1.050626,-1.050592,-0.800066,-0.000180
cmd,19.750000,31.250000,0.450037,-1.049740,1.050626,-1.050592,-0.800066,-0.000180
cmd,19.755000,31.255000,0.450062,-1.049740,1.050626,-1.050592,-0.800066,-0.000180
cmd,19.760000,31.260000,0.450136,-1.049740,1.050626,-1.050592,-0.800066,-0.000180
cmd,19.765000,31.265000,0.450259,-1.049740,1.050626,-1.050592,-0.800066,-0.000180
cmd,19.770000,31.270000,0.450432,-1.049740,1.050626,-1.050592,-0.800066,-0.000180
cmd,19.775000,31.275000,0.450653,-1.049740,1.050626,-1.050592,-0.800066,-0.000180
cmd,19.780000,31.280000,0.450923,-1.049740,1.050626,-1.050592,-0.800066,-0.000180
cmd,19.785000,31.285000,0.451242,-1.049740,1.050626,-1.050592,-0.800066,-0.000180
cmd,19.790000,31.290000,0.451608,-1.049740,1.050626,-1.050592,-0.800066,-0.000180
cmd,19.795000,31.295000,0.452023,-1.049740,1.050626,-1.050592,-0.800066,-0.000180
cmd,19.800000,31.300000,0.452485,-1.049740,1.050626,-1.050592,-0.800066,-0.000180
cmd,19.805000,31.305000,0.452993,-1.049740,1.050626,-1.050592,-0.800066,-0.000180
cmd,19.810000,31.310000,0.453549,-1.049740,1.050626,-1.050592,-0.800066,-0.000180
cmd,19.815000,31.315000,0.454150,-1.049740,1.050626,-1.050592,-0.800066,-0.000180
cmd,19.820000,31.320000,0.454796,-1.049740,1.050626,-1.050592,-0.800066,-0.000180
cmd,19.825000,31.325000,0.455487,-1.049740,1.050626,-1.050592,-0.800066,-0.000180
cmd,19.830000,31.330000,0.456222,-1.049740,1.050626,-1.050592,-0.800066,-0.000180
cmd,19.835000,31.335000,0.457000,-1.049740,1.050626,-1.050592,-0.800066,-0.000180
cmd,19.840000,31.340000,0.457821,-1.049740,1.050626,-1.050592,-0.800066,-0.000180
cmd,19.845000,31.345000,0.458683,-1.049740,1.050626,-1.050592,-0.800066,-0.000180
cmd,19.850000,31.350000,0.459587,-1.049740,1.050626,-1.050592,-0.800066,-0.000180
cmd,19.855000,31.355000,0.460530,-1.049740,1.050626,-1.050592,-0.800066,-0.000180
cmd,19.860000,31.360000,0.461512,-1.049740,1.050626,-1.050592,-0.800066,-0.000180
cmd,19.865000,31.365000,0.462532,-1.049740,1.050626,-1.050592,-0.800066,-0.000180
cmd,19.870000,31.370000,0.463589,-1.049740,1.050626,-1.050592,-0.800066,-0.000180
cmd,19.875000,31.375000,0.464682,-1.049740,1.050626,-1.050592,-0.800066,-0.000180
cmd,19.880000,31.380000,0.465810,-1.049740,1.050626,-1.050592,-0.800066,-0.000180
cmd,19.885000,31.385000,0.466972,-1.049740,1.050626,-1.050592,-0.800066,-0.000180
cmd,19.890000,31.390000,0.468166,-1.049740,1.050626,-1.050592,-0.800066,-0.000180
cmd,19.895000,31.395000,0.469392,-1.049740,1.050626,-1.050592,-0.800066,-0.000180
cmd,19.900000,31.400000,0.470648,-1.049740,1.050626,-1.050592,-0.800066,-0.000180
cmd,19.905000,31.405000,0.471933,-1.049740,1.050626,-1.050592,-0.800066,-0.000180
cmd,19.910000,31.410000,0.473246,-1.049740,1.050626,-1.050592,-0.800066,-0.000180
cmd,19.915000,31.415000,0.474585,-1.049740,1.050626,-1.050592,-0.800066,-0.000180
cmd,19.920000,31.420000,0.475950,-1.049740,1.050626,-1.050592,-0.800066,-0.000180
cmd,19.925000,31.425000,0.477338,-1.049740,1.050626,-1.050592,-0.800066,-0.000180
cmd,19.930000,31.430000,0.478748,-1.049740,1.050626,-1.050592,-0.800066,-0.000180
cmd,19.935000,31.435000,0.480180,-1.049740,1.050626,-1.050592,-0.800066,-0.000180
cmd,19.940000,31.440000,0.481631,-1.049740,1.050626,-1.050592,-0.800066,-0.000180
cmd,19.945000,31.445000,0.483101,-1.049740,1.050626,-1.050592,-0.800066,-0.000180
cmd,19.950000,31.450000,0.484587,-1.049740,1.050626,-1.050592,-0.800066,-0.000180
cmd,19.955000,31.455000,0.486088,-1.049740,1.050626,-1.050592,-0.800066,-0.000180
cmd,19.960000,31.460000,0.487603,-1.049740,1.050626,-1.050592,-0.800066,-0.000180
cmd,19.965000,31.465000,0.489130,-1.049740,1.050626,-1.050592,-0.800066,-0.000180
cmd,19.970000,31.470000,0.490668,-1.049740,1.050626,-1.050592,-0.800066,-0.000180
cmd,19.975000,31.475000,0.492216,-1.049740,1.050626,-1.050592,-0.800066,-0.000180
cmd,19.980000,31.480000,0.493771,-1.049740,1.050626,-1.050592,-0.800066,-0.000180
cmd,19.985000,31.485000,0.495332,-1.049740,1.050626,-1.050592,-0.800066,-0.000180
cmd,19.990000,31.490000,0.496898,-1.049740,1.050626,-1.050592,-0.800066,-0.000180
cmd,19.995000,31.495000,0.498467,-1.049740,1.050626,-1.050592,-0.800066,-0.000180
cmd,20.000000,31.500000,0.500037,-1.049740,1.050626,-1.050592,-0.800066,-0.000180
actual,-0.145000,11.355000,0.500037,-1.049740,1.050626,-1.050592,-0.800066,-0.000180
actual,-0.140000,11.360000,0.500037,-1.049740,1.050626,-1.050592,-0.800066,-0.000180
actual,-0.135000,11.365000,0.500037,-1.049740,1.050626,-1.050592,-0.800066,-0.000180
actual,-0.130000,11.370000,0.500037,-1.049740,1.050626,-1.050592,-0.800066,-0.000180
actual,-0.125000,11.375000,0.500037,-1.049740,1.050626,-1.050592,-0.800066,-0.000180
actual,-0.120000,11.380000,0.500037,-1.049740,1.050626,-1.050592,-0.800066,-0.000180
actual,-0.115000,11.385000,0.500037,-1.049740,1.050626,-1.050592,-0.800066,-0.000180
actual,-0.110000,11.390000,0.500037,-1.049740,1.050626,-1.050592,-0.800066,-0.000180
actual,-0.105000,11.395000,0.500037,-1.049740,1.050626,-1.050592,-0.800066,-0.000180
actual,-0.100000,11.400000,0.500037,-1.049740,1.050626,-1.050592,-0.800066,-0.000180
actual,-0.095000,11.405000,0.500037,-1.049740,1.050626,-1.050592,-0.800066,-0.000180
actual,-0.090000,11.410000,0.500037,-1.049740,1.050626,-1.050592,-0.800066,-0.000180
actual,-0.085000,11.415000,0.500037,-1.049740,1.050626,-1.050592,-0.800066,-0.000180
actual,-0.080000,11.420000,0.500037,-1.049740,1.050626,-1.050592,-0.800066,-0.000180
actual,-0.075000,11.425000,0.500037,-1.049740,1.050626,-1.050592,-0.800066,-0.000180
actual,-0.070000,11.430000,0.500037,-1.049740,1.050626,-1.050592,-0.800066,-0.000180
actual,-0.065000,11.435000,0.500037,-1.049740,1.050626,-1.050592,-0.800066,-0.000180
actual,-0.060000,11.440000,0.500037,-1.049740,1.050626,-1.050592,-0.800066,-0.000180
actual,-0.055000,11.445000,0.500037,-1.049740,1.050626,-1.050592,-0.800066,-0.000180
actual,-0.050000,11.450000,0.500037,-1.049740,1.050626,-1.050592,-0.800066,-0.000180
actual,-0.045000,11.455000,0.500037,-1.049740,1.050626,-1.050592,-0.800066,-0.000180
actual,-0.040000,11.460000,0.500037,-1.049740,1.050626,-1.050592,-0.800066,-0.000180
actual,-0.035000,11.465000,0.500037,-1.049740,1.050626,-1.050592,-0.800066,-0.000180
actual,-0.030000,11.470000,0.500037,-1.049740,1.050626,-1.050592,-0.800066,-0.000180
actual,-0.025000,11.475000,0.500037,-1.049740,1.050626,-1.050592,-0.800066,-0.000180
actual,-0.020000,11.480000,0.500037,-1.049740,1.050626,-1.050592,-0.800066,-0.000180
actual,-0.015000,11.485000,0.500037,-1.049740,1.050626,-1.050592,-0.800066,-0.000180
actual,-0.010000,11.490000,0.500037,-1.049740,1.050626,-1.050592,-0.800066,-0.000180
actual,-0.005000,11.495000,0.500037,-1.049740,1.050626,-1.050592,-0.800066,-0.000180
actual,0.000000,11.500000,0.500037,-1.049740,1.050626,-1.050592,-0.800066,-0.000180
actual,0.005000,11.505000,0.500037,-1.049740,1.050626,-1.050592,-0.800066,-0.000180
actual,0.010000,11.510000,0.500037,-1.049740,1.050626,-1.050592,-0.800066,-0.000180
actual,0.015000,11.515000,0.500037,-1.049740,1.050626,-1.050592,-0.800066,-0.000180
actual,0.020000,11.520000,0.500037,-1.049740,1.050626,-1.050592,-0.800066,-0.000180
actual,0.025000,11.525000,0.500037,-1.049740,1.050626,-1.050592,-0.800066,-0.000180
actual,0.030000,11.530000,0.500037,-1.049740,1.050626,-1.050592,-0.800066,-0.000180
actual,0.035000,11.535000,0.500037,-1.049740,1.050626,-1.050592,-0.800066,-0.000180
actual,0.040000,11.540000,0.500037,-1.049740,1.050626,-1.050592,-0.800066,-0.000180
actual,0.045000,11.545000,0.500037,-1.049740,1.050626,-1.050592,-0.800066,-0.000180
actual,0.050000,11.550000,0.500037,-1.049740,1.050626,-1.050592,-0.800066,-0.000180
actual,0.055000,11.555000,0.500037,-1.049740,1.050626,-1.050592,-0.800066,-0.000180
actual,0.060000,11.560000,0.500037,-1.049740,1.050626,-1.050592,-0.800066,-0.000180
actual,0.065000,11.565000,0.500037,-1.049740,1.050626,-1.050592,-0.800066,-0.000180
actual,0.070000,11.570000,0.500037,-1.049740,1.050626,-1.050592,-0.800066,-0.000180
actual,0.075000,11.575000,0.500037,-1.049740,1.050626,-1.050592,-0.800066,-0.000180
actual,0.080000,11.580000,0.500037,-1.049740,1.050626,-1.050592,-0.800066,-0.000180
actual,0.085000,11.585000,0.500037,-1.049740,1.050626,-1.050592,-0.800066,-0.000180
actual,0.090000,11.590000,0.500037,-1.049740,1.050626,-1.050592,-0.800066,-0.000180
actual,0.095000,11.595000,0.500037,-1.049740,1.050626,-1.050592,-0.800066,-0.000180
actual,0.100000,11.600000,0.500037,-1.049740,1.050626,-1.050592,-0.800066,-0.000180
actual,0.105000,11.605000,0.500037,-1.049740,1.050626,-1.050592,-0.800066,-0.000180
actual,0.110000,11.610000,0.501922,-1.049740,1.050626,-1.050592,-0.800066,-0.000180
actual,0.115000,11.615000,0.503419,-1.049740,1.050626,-1.050592,-0.800066,-0.000180
actual,0.120000,11.620000,0.504991,-1.049740,1.050626,-1.050592,-0.800066,-0.000180
actual,0.125000,11.625000,0.506543,-1.049740,1.050626,-1.050592,-0.800066,-0.000180
actual,0.130000,11.630000,0.508091,-1.049740,1.050626,-1.050592,-0.800066,-0.000180
actual,0.135000,11.635000,0.509631,-1.049740,1.050626,-1.050592,-0.800066,-0.000180
actual,0.140000,11.640000,0.511162,-1.049740,1.050626,-1.050592,-0.800066,-0.000180
actual,0.145000,11.645000,0.512682,-1.049740,1.050626,-1.050592,-0.800066,-0.000180
actual,0.150000,11.650000,0.514190,-1.049740,1.050626,-1.050592,-0.800066,-0.000180
actual,0.155000,11.655000,0.515684,-1.049740,1.050626,-1.050592,-0.800066,-0.000180
actual,0.160000,11.660000,0.517163,-1.049740,1.050626,-1.050592,-0.800066,-0.000180
actual,0.165000,11.665000,0.518624,-1.049740,1.050626,-1.050592,-0.800066,-0.000180
actual,0.170000,11.670000,0.520068,-1.049740,1.050626,-1.050592,-0.800066,-0.000180
actual,0.175000,11.675000,0.521492,-1.049740,1.050626,-1.050592,-0.800066,-0.000180
actual,0.180000,11.680000,0.522895,-1.049740,1.050626,-1.050592,-0.800066,-0.000180
actual,0.185000,11.685000,0.524275,-1.049740,1.050626,-1.050592,-0.800066,-0.000180
actual,0.190000,11.690000,0.525632,-1.049740,1.050626,-1.050592,-0.800066,-0.000180
actual,0.195000,11.695000,0.526964,-1.049740,1.050626,-1.050592,-0.800066,-0.000180
actual,0.200000,11.700000,0.528269,-1.049740,1.050626,-1.050592,-0.800066,-0.000180
actual,0.205000,11.705000,0.529546,-1.049740,1.050626,-1.050592,-0.800066,-0.000180
actual,0.210000,11.710000,0.530794,-1.049740,1.050626,-1.050592,-0.800066,-0.000180
actual,0.215000,11.715000,0.532012,-1.049740,1.050626,-1.050592,-0.800066,-0.000180
actual,0.220000,11.720000,0.533199,-1.049740,1.050626,-1.050592,-0.800066,-0.000180
actual,0.225000,11.725000,0.534353,-1.049740,1.050626,-1.050592,-0.800066,-0.000180
actual,0.235000,11.735000,0.536558,-1.049740,1.050626,-1.050592,-0.800066,-0.000180
actual,0.240000,11.740000,0.537607,-1.049740,1.050626,-1.050592,-0.800066,-0.000180
actual,0.245000,11.745000,0.538620,-1.049740,1.050626,-1.050592,-0.800066,-0.000180
actual,0.250000,11.750000,0.539594,-1.049740,1.050626,-1.050592,-0.800066,-0.000180
actual,0.255000,11.755000,0.540530,-1.049740,1.050626,-1.050592,-0.800066,-0.000180
actual,0.260000,11.760000,0.541425,-1.049740,1.050626,-1.050592,-0.800066,-0.000180
actual,0.265000,11.765000,0.542280,-1.049740,1.050626,-1.050592,-0.800066,-0.000180
actual,0.270000,11.770000,0.543093,-1.049740,1.050626,-1.050592,-0.800066,-0.000180
actual,0.275000,11.775000,0.543864,-1.049740,1.050626,-1.050592,-0.800066,-0.000180
actual,0.280000,11.780000,0.544591,-1.049740,1.050626,-1.050592,-0.800066,-0.000180
actual,0.285000,11.785000,0.545275,-1.049740,1.050626,-1.050592,-0.800066,-0.000180
actual,0.290000,11.790000,0.545914,-1.049740,1.050626,-1.050592,-0.800066,-0.000180
actual,0.295000,11.795000,0.546508,-1.049740,1.050626,-1.050592,-0.800066,-0.000180
actual,0.300000,11.800000,0.547056,-1.049740,1.050626,-1.050592,-0.800066,-0.000180
actual,0.305000,11.805000,0.547557,-1.049740,1.050626,-1.050592,-0.800066,-0.000180
actual,0.310000,11.810000,0.548012,-1.049740,1.050626,-1.050592,-0.800066,-0.000180
actual,0.315000,11.815000,0.548420,-1.049740,1.050626,-1.050592,-0.800066,-0.000180
actual,0.320000,11.820000,0.548780,-1.049740,1.050626,-1.050592,-0.800066,-0.000180
actual,0.325000,11.825000,0.549092,-1.049740,1.050626,-1.050592,-0.800066,-0.000180
actual,0.330000,11.830000,0.549355,-1.049740,1.050626,-1.050592,-0.800066,-0.000180
actual,0.335000,11.835000,0.549570,-1.049740,1.050626,-1.050592,-0.800066,-0.000180
actual,0.340000,11.840000,0.549736,-1.049740,1.050626,-1.050592,-0.800066,-0.000180
actual,0.345000,11.845000,0.549853,-1.049740,1.050626,-1.050592,-0.800066,-0.000180
actual,0.350000,11.850000,0.549921,-1.049740,1.050626,-1.050592,-0.800066,-0.000180
actual,0.355000,11.855000,0.549940,-1.049740,1.050626,-1.050592,-0.800066,-0.000180
actual,0.360000,11.860000,0.549909,-1.049740,1.050626,-1.050592,-0.800066,-0.000180
actual,0.365000,11.865000,0.549830,-1.049740,1.050626,-1.050592,-0.800066,-0.000180
actual,0.370000,11.870000,0.549701,-1.049740,1.050626,-1.050592,-0.800066,-0.000180
actual,0.375000,11.875000,0.549523,-1.049740,1.050626,-1.050592,-0.800066,-0.000180
actual,0.380000,11.880000,0.549297,-1.049740,1.050626,-1.050592,-0.800066,-0.000180
actual,0.385000,11.885000,0.549022,-1.049740,1.050626,-1.050592,-0.800066,-0.000180
actual,0.390000,11.890000,0.548699,-1.049740,1.050626,-1.050592,-0.800066,-0.000180
actual,0.395000,11.895000,0.548327,-1.049740,1.050626,-1.050592,-0.800066,-0.000180
actual,0.400000,11.900000,0.547908,-1.049740,1.050626,-1.050592,-0.800066,-0.000180
actual,0.405000,11.905000,0.547442,-1.049740,1.050626,-1.050592,-0.800066,-0.000180
actual,0.410000,11.910000,0.546929,-1.049740,1.050626,-1.050592,-0.800066,-0.000180
actual,0.415000,11.915000,0.546370,-1.049740,1.050626,-1.050592,-0.800066,-0.000180
actual,0.420000,11.920000,0.545765,-1.049740,1.050626,-1.050592,-0.800066,-0.000180
actual,0.425000,11.925000,0.545116,-1.049740,1.050626,-1.050592,-0.800066,-0.000180
actual,0.430000,11.930000,0.544421,-1.049740,1.050626,-1.050592,-0.800066,-0.000180
actual,0.435000,11.935000,0.543683,-1.049740,1.050626,-1.050592,-0.800066,-0.000180
actual,0.440000,11.940000,0.542902,-1.049740,1.050626,-1.050592,-0.800066,-0.000180
actual,0.445000,11.945000,0.542078,-1.049740,1.050626,-1.050592,-0.800066,-0.000180
actual,0.450000,11.950000,0.541214,-1.049740,1.050626,-1.050592,-0.800066,-0.000180
actual,0.455000,11.955000,0.540308,-1.049740,1.050626,-1.050592,-0.800066,-0.000180
actual,0.460000,11.960000,0.539363,-1.049740,1.050626,-1.050592,-0.800066,-0.000180
actual,0.465000,11.965000,0.538379,-1.049740,1.050626,-1.050592,-0.800066,-0.000180
actual,0.470000,11.970000,0.537357,-1.049740,1.050626,-1.050592,-0.800066,-0.000180
actual,0.475000,11.975000,0.536298,-1.049740,1.050626,-1.050592,-0.800066,-0.000180
actual,0.480000,11.980000,0.535204,-1.049740,1.050626,-1.050592,-0.800066,-0.000180
actual,0.485000,11.985000,0.534075,-1.049740,1.050626,-1.050592,-0.800066,-0.000180
actual,0.490000,11.990000,0.532912,-1.049740,1.050626,-1.050592,-0.800066,-0.000180
actual,0.495000,11.995000,0.531717,-1.049740,1.050626,-1.050592,-0.800066,-0.000180
actual,0.500000,12.000000,0.530491,-1.049740,1.050626,-1.050592,-0.800066,-0.000180
actual,0.505000,12.005000,0.529235,-1.049740,1.050626,-1.050592,-0.800066,-0.000180
actual,0.510000,12.010000,0.527950,-1.049740,1.050626,-1.050592,-0.800066,-0.000180
actual,0.515000,12.015000,0.526637,-1.049740,1.050626,-1.050592,-0.800066,-0.000180
actual,0.520000,12.020000,0.525298,-1.049740,1.050626,-1.050592,-0.800066,-0.000180
actual,0.525000,12.025000,0.523935,-1.049740,1.050626,-1.050592,-0.800066,-0.000180
actual,0.530000,12.030000,0.522547,-1.049740,1.050626,-1.050592,-0.800066,-0.000180
actual,0.535000,12.035000,0.521138,-1.049740,1.050626,-1.050592,-0.800066,-0.000180
actual,0.540000,12.040000,0.519707,-1.049740,1.050626,-1.050592,-0.800066,-0.000180
actual,0.545000,12.045000,0.518258,-1.049740,1.050626,-1.050592,-0.800066,-0.000180
actual,0.550000,12.050000,0.516790,-1.049740,1.050626,-1.050592,-0.800066,-0.000180
actual,0.555000,12.055000,0.515306,-1.049740,1.050626,-1.050592,-0.800066,-0.000180
actual,0.560000,12.060000,0.513807,-1.049740,1.050626,-1.050592,-0.800066,-0.000180
actual,0.565000,12.065000,0.512294,-1.049740,1.050626,-1.050592,-0.800066,-0.000180
actual,0.570000,12.070000,0.510769,-1.049740,1.050626,-1.050592,-0.800066,-0.000180
actual,0.575000,12.075000,0.509233,-1.049740,1.050626,-1.050592,-0.800066,-0.000180
actual,0.580000,12.080000,0.507689,-1.049740,1.050626,-1.050592,-0.800066,-0.000180
actual,0.585000,12.085000,0.506137,-1.049740,1.050626,-1.050592,-0.800066,-0.000180
actual,0.590000,12.090000,0.504579,-1.049740,1.050626,-1.050592,-0.800066,-0.000180
actual,0.595000,12.095000,0.503016,-1.049740,1.050626,-1.050592,-0.800066,-0.000180
actual,0.600000,12.100000,0.501451,-1.049740,1.050626,-1.050592,-0.800066,-0.000180
actual,0.605000,12.105000,0.499884,-1.049740,1.050626,-1.050592,-0.800066,-0.000180
actual,0.610000,12.110000,0.498317,-1.049740,1.050626,-1.050592,-0.800066,-0.000180
actual,0.615000,12.115000,0.496752,-1.049740,1.050626,-1.050592,-0.800066,-0.000180
actual,0.620000,12.120000,0.495191,-1.049740,1.050626,-1.050592,-0.800066,-0.000180
actual,0.625000,12.125000,0.493634,-1.049740,1.050626,-1.050592,-0.800066,-0.000180
actual,0.630000,12.130000,0.492083,-1.049740,1.050626,-1.050592,-0.800066,-0.000180
actual,0.635000,12.135000,0.490540,-1.049740,1.050626,-1.050592,-0.800066,-0.000180
actual,0.640000,12.140000,0.489007,-1.049740,1.050626,-1.050592,-0.800066,-0.000180
actual,0.645000,12.145000,0.487485,-1.049740,1.050626,-1.050592,-0.800066,-0.000180
actual,0.650000,12.150000,0.485975,-1.049740,1.050626,-1.050592,-0.800066,-0.000180
actual,0.655000,12.155000,0.484478,-1.049740,1.050626,-1.050592,-0.800066,-0.000180
actual,0.660000,12.160000,0.482998,-1.049740,1.050626,-1.050592,-0.800066,-0.000180
actual,0.665000,12.165000,0.481534,-1.049740,1.050626,-1.050592,-0.800066,-0.000180
actual,0.670000,12.170000,0.480088,-1.049740,1.050626,-1.050592,-0.800066,-0.000180
actual,0.675000,12.175000,0.478662,-1.049740,1.050626,-1.050592,-0.800066,-0.000180
actual,0.680000,12.180000,0.477257,-1.049740,1.050626,-1.050592,-0.800066,-0.000180
actual,0.685000,12.185000,0.475875,-1.049740,1.050626,-1.050592,-0.800066,-0.000180
actual,0.690000,12.190000,0.474516,-1.049740,1.050626,-1.050592,-0.800066,-0.000180
actual,0.695000,12.195000,0.473183,-1.049740,1.050626,-1.050592,-0.800066,-0.000180
actual,0.700000,12.200000,0.471876,-1.049740,1.050626,-1.050592,-0.800066,-0.000180
actual,0.705000,12.205000,0.470597,-1.049740,1.050626,-1.050592,-0.800066,-0.000180
actual,0.710000,12.210000,0.469347,-1.049740,1.050626,-1.050592,-0.800066,-0.000180
actual,0.715000,12.215000,0.468127,-1.049740,1.050626,-1.050592,-0.800066,-0.000180
actual,0.720000,12.220000,0.466939,-1.049740,1.050626,-1.050592,-0.800066,-0.000180
actual,0.725000,12.225000,0.465784,-1.049740,1.050626,-1.050592,-0.800066,-0.000180
actual,0.730000,12.230000,0.464662,-1.049740,1.050626,-1.050592,-0.800066,-0.000180
actual,0.735000,12.235000,0.463575,-1.049740,1.050626,-1.050592,-0.800066,-0.000180
actual,0.740000,12.240000,0.462524,-1.049740,1.050626,-1.050592,-0.800066,-0.000180
actual,0.745000,12.245000,0.461511,-1.049740,1.050626,-1.050592,-0.800066,-0.000180
actual,0.750000,12.250000,0.460535,-1.049740,1.050626,-1.050592,-0.800066,-0.000180
actual,0.755000,12.255000,0.459598,-1.049740,1.050626,-1.050592,-0.800066,-0.000180
actual,0.760000,12.260000,0.458701,-1.049740,1.050626,-1.050592,-0.800066,-0.000180
actual,0.765000,12.265000,0.457845,-1.049740,1.050626,-1.050592,-0.800066,-0.000180
actual,0.770000,12.270000,0.457031,-1.049740,1.050626,-1.050592,-0.800066,-0.000180
actual,0.775000,12.275000,0.456259,-1.049740,1.050626,-1.050592,-0.800066,-0.000180
actual,0.780000,12.280000,0.455530,-1.049740,1.050626,-1.050592,-0.800066,-0.000180
actual,0.785000,12.285000,0.454846,-1.049740,1.050626,-1.050592,-0.800066,-0.000180
actual,0.790000,12.290000,0.454205,-1.049740,1.050626,-1.050592,-0.800066,-0.000180
actual,0.795000,12.295000,0.453610,-1.049740,1.050626,-1.050592,-0.800066,-0.000180
actual,0.800000,12.300000,0.453061,-1.049740,1.050626,-1.050592,-0.800066,-0.000180
actual,0.805000,12.305000,0.452559,-1.049740,1.050626,-1.050592,-0.800066,-0.000180
actual,0.810000,12.310000,0.452103,-1.049740,1.050626,-1.050592,-0.800066,-0.000180
actual,0.815000,12.315000,0.451694,-1.049740,1.050626,-1.050592,-0.800066,-0.000180
actual,0.820000,12.320000,0.451333,-1.049740,1.050626,-1.050592,-0.800066,-0.000180
actual,0.825000,12.325000,0.451020,-1.049740,1.050626,-1.050592,-0.800066,-0.000180
actual,0.830000,12.330000,0.450756,-1.049740,1.050626,-1.050592,-0.800066,-0.000180
actual,0.835000,12.335000,0.450540,-1.049740,1.050626,-1.050592,-0.800066,-0.000180
actual,0.840000,12.340000,0.450373,-1.049740,1.050626,-1.050592,-0.800066,-0.000180
actual,0.845000,12.345000,0.450255,-1.049740,1.050626,-1.050592,-0.800066,-0.000180
actual,0.850000,12.350000,0.450187,-1.049740,1.050626,-1.050592,-0.800066,-0.000180
actual,0.855000,12.355000,0.450167,-1.049740,1.050626,-1.050592,-0.800066,-0.000180
actual,0.860000,12.360000,0.450197,-1.049740,1.050626,-1.050592,-0.800066,-0.000180
actual,0.865000,12.365000,0.450275,-1.049740,1.050626,-1.050592,-0.800066,-0.000180
actual,0.870000,12.370000,0.450403,-1.049740,1.050626,-1.050592,-0.800066,-0.000180
actual,0.875000,12.375000,0.450580,-1.049740,1.050626,-1.050592,-0.800066,-0.000180
actual,0.880000,12.380000,0.450806,-1.049740,1.050626,-1.050592,-0.800066,-0.000180
actual,0.885000,12.385000,0.451080,-1.049740,1.050626,-1.050592,-0.800066,-0.000180
actual,0.890000,12.390000,0.451403,-1.049740,1.050626,-1.050592,-0.800066,-0.000180
actual,0.895000,12.395000,0.451774,-1.049740,1.050626,-1.050592,-0.800066,-0.000180
actual,0.900000,12.400000,0.452192,-1.049740,1.050626,-1.050592,-0.800066,-0.000180
actual,0.905000,12.405000,0.452657,-1.049740,1.050626,-1.050592,-0.800066,-0.000180
actual,0.910000,12.410000,0.453170,-1.049740,1.050626,-1.050592,-0.800066,-0.000180
actual,0.915000,12.415000,0.453728,-1.049740,1.050626,-1.050592,-0.800066,-0.000180
actual,0.920000,12.420000,0.454332,-1.049740,1.050626,-1.050592,-0.800066,-0.000180
actual,0.925000,12.425000,0.454982,-1.049740,1.050626,-1.050592,-0.800066,-0.000180
actual,0.930000,12.430000,0.455676,-1.049740,1.050626,-1.050592,-0.800066,-0.000180
actual,0.940000,12.440000,0.457194,-1.049740,1.050626,-1.050592,-0.800066,-0.000180
actual,0.945000,12.445000,0.458017,-1.049740,1.050626,-1.050592,-0.800066,-0.000180
actual,0.950000,12.450000,0.458881,-1.049740,1.050626,-1.050592,-0.800066,-0.000180
actual,0.955000,12.455000,0.459786,-1.049740,1.050626,-1.050592,-0.800066,-0.000180
actual,0.960000,12.460000,0.460731,-1.049740,1.050626,-1.050592,-0.800066,-0.000180
actual,0.965000,12.465000,0.461714,-1.049740,1.050626,-1.050592,-0.800066,-0.000180
actual,0.970000,12.470000,0.462736,-1.049740,1.050626,-1.050592,-0.800066,-0.000180
actual,0.980000,12.480000,0.464888,-1.049740,1.050626,-1.050592,-0.800066,-0.000180
actual,0.985000,12.485000,0.466016,-1.049740,1.050626,-1.050592,-0.800066,-0.000180
actual,0.990000,12.490000,0.467179,-1.049740,1.050626,-1.050592,-0.800066,-0.000180
actual,0.995000,12.495000,0.468373,-1.049740,1.050626,-1.050592,-0.800066,-0.000180
actual,1.000000,12.500000,0.469599,-1.049740,1.050626,-1.050592,-0.800066,-0.000180
actual,1.005000,12.505000,0.470855,-1.049740,1.050626,-1.050592,-0.800066,-0.000180
actual,1.010000,12.510000,0.472140,-1.049740,1.050626,-1.050592,-0.800066,-0.000180
actual,1.015000,12.515000,0.473452,-1.049740,1.050626,-1.050592,-0.800066,-0.000180
actual,1.020000,12.520000,0.474791,-1.049740,1.050626,-1.050592,-0.800066,-0.000180
actual,1.025000,12.525000,0.476154,-1.049740,1.050626,-1.050592,-0.800066,-0.000180
actual,1.030000,12.530000,0.477541,-1.049740,1.050626,-1.050592,-0.800066,-0.000180
actual,1.035000,12.535000,0.478950,-1.049740,1.050626,-1.050592,-0.800066,-0.000180
actual,1.040000,12.540000,0.480380,-1.049740,1.050626,-1.050592,-0.800066,-0.000180
actual,1.045000,12.545000,0.481830,-1.049740,1.050626,-1.050592,-0.800066,-0.000180
actual,1.050000,12.550000,0.483297,-1.049740,1.050626,-1.050592,-0.800066,-0.000180
actual,1.055000,12.555000,0.484781,-1.049740,1.050626,-1.050592,-0.800066,-0.000180
actual,1.060000,12.560000,0.486280,-1.049740,1.050626,-1.050592,-0.800066,-0.000180
actual,1.065000,12.565000,0.487792,-1.049740,1.050626,-1.050592,-0.800066,-0.000180
actual,1.070000,12.570000,0.489317,-1.049740,1.050626,-1.050592,-0.800066,-0.000180
actual,1.075000,12.575000,0.490852,-1.049740,1.050626,-1.050592,-0.800066,-0.000180
actual,1.080000,12.580000,0.492396,-1.049740,1.050626,-1.050592,-0.800066,-0.000180
actual,1.085000,12.585000,0.493948,-1.049740,1.050626,-1.050592,-0.800066,-0.000180
actual,1.090000,12.590000,0.495506,-1.049740,1.050626,-1.050592,-0.800066,-0.000180
actual,1.095000,12.595000,0.497068,-1.049740,1.050626,-1.050592,-0.800066,-0.000180
actual,1.100000,12.600000,0.498633,-1.049740,1.050626,-1.050592,-0.800066,-0.000180
actual,1.105000,12.605000,0.500200,-1.049740,1.050626,-1.050592,-0.800066,-0.000180
actual,1.110000,12.610000,0.501767,-1.049740,1.050626,-1.050592,-0.800066,-0.000180
actual,1.115000,12.615000,0.503331,-1.049740,1.050626,-1.050592,-0.800066,-0.000180
actual,1.120000,12.620000,0.504893,-1.049740,1.050626,-1.050592,-0.800066,-0.000180
actual,1.125000,12.625000,0.506449,-1.049740,1.050626,-1.050592,-0.800066,-0.000180
actual,1.130000,12.630000,0.508000,-1.049740,1.050626,-1.050592,-0.800066,-0.000180
actual,1.135000,12.635000,0.509542,-1.049740,1.050626,-1.050592,-0.800066,-0.000180
actual,1.140000,12.640000,0.511075,-1.049740,1.050626,-1.050592,-0.800066,-0.000180
actual,1.145000,12.645000,0.512598,-1.049740,1.050626,-1.050592,-0.800066,-0.000180
actual,1.150000,12.650000,0.514108,-1.049740,1.050626,-1.050592,-0.800066,-0.000180
actual,1.155000,12.655000,0.515604,-1.049740,1.050626,-1.050592,-0.800066,-0.000180
actual,1.160000,12.660000,0.517084,-1.049740,1.050626,-1.050592,-0.800066,-0.000180
actual,1.165000,12.665000,0.518548,-1.049740,1.050626,-1.050592,-0.800066,-0.000180
actual,1.170000,12.670000,0.519993,-1.049740,1.050626,-1.050592,-0.800066,-0.000180
actual,1.175000,12.675000,0.521419,-1.049740,1.050626,-1.050592,-0.800066,-0.000180
actual,1.180000,12.680000,0.522824,-1.049740,1.050626,-1.050592,-0.800066,-0.000180
actual,1.185000,12.685000,0.524206,-1.049740,1.050626,-1.050592,-0.800066,-0.000180
actual,1.190000,12.690000,0.525565,-1.049740,1.050626,-1.050592,-0.800066,-0.000180
actual,1.195000,12.695000,0.526898,-1.049740,1.050626,-1.050592,-0.800066,-0.000180
actual,1.200000,12.700000,0.528204,-1.049740,1.050626,-1.050592,-0.800066,-0.000180
actual,1.205000,12.705000,0.529483,-1.049740,1.050626,-1.050592,-0.800066,-0.000180
actual,1.210000,12.710000,0.530733,-1.049740,1.050626,-1.050592,-0.800066,-0.000180
actual,1.215000,12.715000,0.531953,-1.049740,1.050626,-1.050592,-0.800066,-0.000180
actual,1.220000,12.720000,0.533141,-1.049740,1.050626,-1.050592,-0.800066,-0.000180
actual,1.225000,12.725000,0.534296,-1.049740,1.050626,-1.050592,-0.800066,-0.000180
actual,1.230000,12.730000,0.535418,-1.049740,1.050626,-1.050592,-0.800066,-0.000180
actual,1.235000,12.735000,0.536504,-1.049740,1.050626,-1.050592,-0.800066,-0.000180
actual,1.240000,12.740000,0.537555,-1.049740,1.050626,-1.050592,-0.800066,-0.000180
actual,1.245000,12.745000,0.538569,-1.049740,1.050626,-1.050592,-0.800066,-0.000180
actual,1.250000,12.750000,0.539544,-1.049740,1.050626,-1.050592,-0.800066,-0.000180
actual,1.255000,12.755000,0.540481,-1.049740,1.050626,-1.050592,-0.800066,-0.000180
actual,1.265000,12.765000,0.542234,-1.049740,1.050626,-1.050592,-0.800066,-0.000180
actual,1.270000,12.770000,0.543048,-1.049740,1.050626,-1.050592,-0.800066,-0.000180
actual,1.275000,12.775000,0.543820,-1.049740,1.050626,-1.050592,-0.800066,-0.000180
actual,1.280000,12.780000,0.544548,-1.049740,1.050626,-1.050592,-0.800066,-0.000180
actual,1.285000,12.785000,0.545233,-1.049740,1.050626,-1.050592,-0.800066,-0.000180
actual,1.290000,12.790000,0.545873,-1.049740,1.050626,-1.050592,-0.800066,-0.000180
actual,1.295000,12.795000,0.546468,-1.049740,1.050626,-1.050592,-0.800066,-0.000180
actual,1.300000,12.800000,0.547017,-1.049740,1.050626,-1.050592,-0.800066,-0.000180
actual,1.305000,12.805000,0.547520,-1.049740,1.050626,-1.050592,-0.800066,-0.000180
actual,1.310000,12.810000,0.547975,-1.049740,1.050626,-1.050592,-0.800066,-0.000180
actual,1.315000,12.815000,0.548384,-1.049740,1.050626,-1.050592,-0.800066,-0.000180
actual,1.320000,12.820000,0.548745,-1.049740,1.050626,-1.050592,-0.800066,-0.000180
actual,1.325000,12.825000,0.549057,-1.049740,1.050626,-1.050592,-0.800066,-0.000180
actual,1.330000,12.830000,0.549322,-1.049740,1.050626,-1.050592,-0.800066,-0.000180
actual,1.335000,12.835000,0.549538,-1.049740,1.050626,-1.050592,-0.800066,-0.000180
actual,1.340000,12.840000,0.549704,-1.049740,1.050626,-1.050592,-0.800066,-0.000180
actual,1.345000,12.845000,0.549822,-1.049740,1.050626,-1.050592,-0.800066,-0.000180
actual,1.350000,12.850000,0.549891,-1.049740,1.050626,-1.050592,-0.800066,-0.000180
actual,1.355000,12.855000,0.549910,-1.049740,1.050626,-1.050592,-0.800066,-0.000180
actual,1.360000,12.860000,0.549881,-1.049740,1.050626,-1.050592,-0.800066,-0.000180
actual,1.365000,12.865000,0.549802,-1.049740,1.050626,-1.050592,-0.800066,-0.000180
actual,1.370000,12.870000,0.549674,-1.049740,1.050626,-1.050592,-0.800066,-0.000180
actual,1.375000,12.875000,0.549497,-1.049740,1.050626,-1.050592,-0.800066,-0.000180
actual,1.380000,12.880000,0.549271,-1.049740,1.050626,-1.050592,-0.800066,-0.000180
actual,1.385000,12.885000,0.548997,-1.049740,1.050626,-1.050592,-0.800066,-0.000180
actual,1.390000,12.890000,0.548674,-1.049740,1.050626,-1.050592,-0.800066,-0.000180
actual,1.395000,12.895000,0.548303,-1.049740,1.050626,-1.050592,-0.800066,-0.000180
actual,1.400000,12.900000,0.547885,-1.049740,1.050626,-1.050592,-0.800066,-0.000180
actual,1.405000,12.905000,0.547419,-1.049740,1.050626,-1.050592,-0.800066,-0.000180
actual,1.410000,12.910000,0.546907,-1.049740,1.050626,-1.050592,-0.800066,-0.000180
actual,1.415000,12.915000,0.546349,-1.049740,1.050626,-1.050592,-0.800066,-0.000180
actual,1.420000,12.920000,0.545744,-1.049740,1.050626,-1.050592,-0.800066,-0.000180
actual,1.425000,12.925000,0.545095,-1.049740,1.050626,-1.050592,-0.800066,-0.000180
actual,1.430000,12.930000,0.544401,-1.049740,1.050626,-1.050592,-0.800066,-0.000180
actual,1.435000,12.935000,0.543663,-1.049740,1.050626,-1.050592,-0.800066,-0.000180
actual,1.440000,12.940000,0.542883,-1.049740,1.050626,-1.050592,-0.800066,-0.000180
actual,1.445000,12.945000,0.542060,-1.049740,1.050626,-1.050592,-0.800066,-0.000180
actual,1.450000,12.950000,0.541195,-1.049740,1.050626,-1.050592,-0.800066,-0.000180
actual,1.455000,12.955000,0.540290,-1.049740,1.050626,-1.050592,-0.800066,-0.000180
actual,1.460000,12.960000,0.539346,-1.049740,1.050626,-1.050592,-0.800066,-0.000180
actual,1.465000,12.965000,0.538362,-1.049740,1.050626,-1.050592,-0.800066,-0.000180
actual,1.470000,12.970000,0.537341,-1.049740,1.050626,-1.050592,-0.800066,-0.000180
actual,1.475000,12.975000,0.536282,-1.049740,1.050626,-1.050592,-0.800066,-0.000180
actual,1.480000,12.980000,0.535188,-1.049740,1.050626,-1.050592,-0.800066,-0.000180
actual,1.485000,12.985000,0.534060,-1.049740,1.050626,-1.050592,-0.800066,-0.000180
actual,1.490000,12.990000,0.532898,-1.049740,1.050626,-1.050592,-0.800066,-0.000180
actual,1.495000,12.995000,0.531703,-1.049740,1.050626,-1.050592,-0.800066,-0.000180
actual,1.500000,13.000000,0.530477,-1.049740,1.050626,-1.050592,-0.800066,-0.000180
actual,1.505000,13.005000,0.529221,-1.049740,1.050626,-1.050592,-0.800066,-0.000180
actual,1.510000,13.010000,0.527936,-1.049740,1.050626,-1.050592,-0.800066,-0.000180
actual,1.515000,13.015000,0.526624,-1.049740,1.050626,-1.050592,-0.800066,-0.000180
actual,1.520000,13.020000,0.525285,-1.049740,1.050626,-1.050592,-0.800066,-0.000180
actual,1.525000,13.025000,0.523922,-1.049740,1.050626,-1.050592,-0.800066,-0.000180
actual,1.530000,13.030000,0.522535,-1.049740,1.050626,-1.050592,-0.800066,-0.000180
actual,1.535000,13.035000,0.521126,-1.049740,1.050626,-1.050592,-0.800066,-0.000180
actual,1.540000,13.040000,0.519696,-1.049740,1.050626,-1.050592,-0.800066,-0.000180
actual,1.545000,13.045000,0.518246,-1.049740,1.050626,-1.050592,-0.800066,-0.000180
actual,1.550000,13.050000,0.516779,-1.049740,1.050626,-1.050592,-0.800066,-0.000180
actual,1.555000,13.055000,0.515295,-1.049740,1.050626,-1.050592,-0.800066,-0.000180
actual,1.560000,13.060000,0.513796,-1.049740,1.050626,-1.050592,-0.800066,-0.000180
actual,1.565000,13.065000,0.512284,-1.049740,1.050626,-1.050592,-0.800066,-0.000180
actual,1.570000,13.070000,0.510759,-1.049740,1.050626,-1.050592,-0.800066,-0.000180
actual,1.575000,13.075000,0.509224,-1.049740,1.050626,-1.050592,-0.800066,-0.000180
actual,1.580000,13.080000,0.507679,-1.049740,1.050626,-1.050592,-0.800066,-0.000180
actual,1.585000,13.085000,0.506128,-1.049740,1.050626,-1.050592,-0.800066,-0.000180
actual,1.590000,13.090000,0.504570,-1.049740,1.050626,-1.050592,-0.800066,-0.000180
actual,1.595000,13.095000,0.503007,-1.049740,1.050626,-1.050592,-0.800066,-0.000180
actual,1.600000,13.100000,0.501442,-1.049740,1.050626,-1.050592,-0.800066,-0.000180
actual,1.605000,13.105000,0.499876,-1.049740,1.050626,-1.050592,-0.800066,-0.000180
actual,1.610000,13.110000,0.498309,-1.049740,1.050626,-1.050592,-0.800066,-0.000180
actual,1.615000,13.115000,0.496744,-1.049740,1.050626,-1.050592,-0.800066,-0.000180
actual,1.620000,13.120000,0.495183,-1.049740,1.050626,-1.050592,-0.800066,-0.000180
actual,1.625000,13.125000,0.493626,-1.049740,1.050626,-1.050592,-0.800066,-0.000180
actual,1.630000,13.130000,0.492076,-1.049740,1.050626,-1.050592,-0.800066,-0.000180
actual,1.635000,13.135000,0.490533,-1.049740,1.050626,-1.050592,-0.800066,-0.000180
actual,1.640000,13.140000,0.489000,-1.049740,1.050626,-1.050592,-0.800066,-0.000180
actual,1.645000,13.145000,0.487478,-1.049740,1.050626,-1.050592,-0.800066,-0.000180
actual,1.650000,13.150000,0.485968,-1.049740,1.050626,-1.050592,-0.800066,-0.000180
actual,1.655000,13.155000,0.484472,-1.049740,1.050626,-1.050592,-0.800066,-0.000180
actual,1.660000,13.160000,0.482991,-1.049740,1.050626,-1.050592,-0.800066,-0.000180
actual,1.665000,13.165000,0.481528,-1.049740,1.050626,-1.050592,-0.800066,-0.000180
actual,1.670000,13.170000,0.480082,-1.049740,1.050626,-1.050592,-0.800066,-0.000180
actual,1.675000,13.175000,0.478656,-1.049740,1.050626,-1.050592,-0.800066,-0.000180
actual,1.680000,13.180000,0.477251,-1.049740,1.050626,-1.050592,-0.800066,-0.000180
actual,1.685000,13.185000,0.475869,-1.049740,1.050626,-1.050592,-0.800066,-0.000180
actual,1.690000,13.190000,0.474511,-1.049740,1.050626,-1.050592,-0.800066,-0.000180
actual,1.695000,13.195000,0.473178,-1.049740,1.050626,-1.050592,-0.800066,-0.000180
actual,1.700000,13.200000,0.471871,-1.049740,1.050626,-1.050592,-0.800066,-0.000180
actual,1.705000,13.205000,0.470592,-1.049740,1.050626,-1.050592,-0.800066,-0.000180
actual,1.710000,13.210000,0.469342,-1.049740,1.050626,-1.050592,-0.800066,-0.000180
actual,1.715000,13.215000,0.468123,-1.049740,1.050626,-1.050592,-0.800066,-0.000180
actual,1.720000,13.220000,0.466935,-1.049740,1.050626,-1.050592,-0.800066,-0.000180
actual,1.725000,13.225000,0.465779,-1.049740,1.050626,-1.050592,-0.800066,-0.000180
actual,1.730000,13.230000,0.464658,-1.049740,1.050626,-1.050592,-0.800066,-0.000180
actual,1.735000,13.235000,0.463571,-1.049740,1.050626,-1.050592,-0.800066,-0.000180
actual,1.740000,13.240000,0.462520,-1.049740,1.050626,-1.050592,-0.800066,-0.000180
actual,1.745000,13.245000,0.461507,-1.049740,1.050626,-1.050592,-0.800066,-0.000180
actual,1.750000,13.250000,0.460531,-1.049740,1.050626,-1.050592,-0.800066,-0.000180
actual,1.755000,13.255000,0.459594,-1.049740,1.050626,-1.050592,-0.800066,-0.000180
actual,1.760000,13.260000,0.458698,-1.049740,1.050626,-1.050592,-0.800066,-0.000180
actual,1.765000,13.265000,0.457842,-1.049740,1.050626,-1.050592,-0.800066,-0.000180
actual,1.770000,13.270000,0.457027,-1.049740,1.050626,-1.050592,-0.800066,-0.000180
actual,1.775000,13.275000,0.456256,-1.049740,1.050626,-1.050592,-0.800066,-0.000180
actual,1.780000,13.280000,0.455527,-1.049740,1.050626,-1.050592,-0.800066,-0.000180
actual,1.785000,13.285000,0.454842,-1.049740,1.050626,-1.050592,-0.800066,-0.000180
actual,1.790000,13.290000,0.454202,-1.049740,1.050626,-1.050592,-0.800066,-0.000180
actual,1.795000,13.295000,0.453607,-1.049740,1.050626,-1.050592,-0.800066,-0.000180
actual,1.800000,13.300000,0.453058,-1.049740,1.050626,-1.050592,-0.800066,-0.000180
actual,1.805000,13.305000,0.452556,-1.049740,1.050626,-1.050592,-0.800066,-0.000180
actual,1.810000,13.310000,0.452100,-1.049740,1.050626,-1.050592,-0.800066,-0.000180
actual,1.815000,13.315000,0.451691,-1.049740,1.050626,-1.050592,-0.800066,-0.000180
actual,1.820000,13.320000,0.451330,-1.049740,1.050626,-1.050592,-0.800066,-0.000180
actual,1.825000,13.325000,0.451018,-1.049740,1.050626,-1.050592,-0.800066,-0.000180
actual,1.830000,13.330000,0.450753,-1.049740,1.050626,-1.050592,-0.800066,-0.000180
actual,1.835000,13.335000,0.450538,-1.049740,1.050626,-1.050592,-0.800066,-0.000180
actual,1.840000,13.340000,0.450371,-1.049740,1.050626,-1.050592,-0.800066,-0.000180
actual,1.845000,13.345000,0.450253,-1.049740,1.050626,-1.050592,-0.800066,-0.000180
actual,1.850000,13.350000,0.450184,-1.049740,1.050626,-1.050592,-0.800066,-0.000180
actual,1.855000,13.355000,0.450165,-1.049740,1.050626,-1.050592,-0.800066,-0.000180
actual,1.860000,13.360000,0.450194,-1.049740,1.050626,-1.050592,-0.800066,-0.000180
actual,1.865000,13.365000,0.450273,-1.049740,1.050626,-1.050592,-0.800066,-0.000180
actual,1.870000,13.370000,0.450401,-1.049740,1.050626,-1.050592,-0.800066,-0.000180
actual,1.875000,13.375000,0.450578,-1.049740,1.050626,-1.050592,-0.800066,-0.000180
actual,1.880000,13.380000,0.450804,-1.049740,1.050626,-1.050592,-0.800066,-0.000180
actual,1.885000,13.385000,0.451078,-1.049740,1.050626,-1.050592,-0.800066,-0.000180
actual,1.890000,13.390000,0.451401,-1.049740,1.050626,-1.050592,-0.800066,-0.000180
actual,1.895000,13.395000,0.451772,-1.049740,1.050626,-1.050592,-0.800066,-0.000180
actual,1.900000,13.400000,0.452190,-1.049740,1.050626,-1.050592,-0.800066,-0.000180
actual,1.905000,13.405000,0.452656,-1.049740,1.050626,-1.050592,-0.800066,-0.000180
actual,1.910000,13.410000,0.453168,-1.049740,1.050626,-1.050592,-0.800066,-0.000180
actual,1.915000,13.415000,0.453727,-1.049740,1.050626,-1.050592,-0.800066,-0.000180
actual,1.920000,13.420000,0.454331,-1.049740,1.050626,-1.050592,-0.800066,-0.000180
actual,1.925000,13.425000,0.454980,-1.049740,1.050626,-1.050592,-0.800066,-0.000180
actual,1.930000,13.430000,0.455674,-1.049740,1.050626,-1.050592,-0.800066,-0.000180
actual,1.935000,13.435000,0.456412,-1.049740,1.050626,-1.050592,-0.800066,-0.000180
actual,1.940000,13.440000,0.457192,-1.049740,1.050626,-1.050592,-0.800066,-0.000180
actual,1.945000,13.445000,0.458015,-1.049740,1.050626,-1.050592,-0.800066,-0.000180
actual,1.950000,13.450000,0.458880,-1.049740,1.050626,-1.050592,-0.800066,-0.000180
actual,1.955000,13.455000,0.459785,-1.049740,1.050626,-1.050592,-0.800066,-0.000180
actual,1.960000,13.460000,0.460729,-1.049740,1.050626,-1.050592,-0.800066,-0.000180
actual,1.965000,13.465000,0.461713,-1.049740,1.050626,-1.050592,-0.800066,-0.000180
actual,1.970000,13.470000,0.462734,-1.049740,1.050626,-1.050592,-0.800066,-0.000180
actual,1.975000,13.475000,0.463793,-1.049740,1.050626,-1.050592,-0.800066,-0.000180
actual,1.980000,13.480000,0.464887,-1.049740,1.050626,-1.050592,-0.800066,-0.000180
actual,1.985000,13.485000,0.466015,-1.049740,1.050626,-1.050592,-0.800066,-0.000180
actual,1.990000,13.490000,0.467177,-1.049740,1.050626,-1.050592,-0.800066,-0.000180
actual,1.995000,13.495000,0.468372,-1.049740,1.050626,-1.050592,-0.800066,-0.000180
actual,2.000000,13.500000,0.469598,-1.049740,1.050626,-1.050592,-0.800066,-0.000180
actual,2.005000,13.505000,0.470854,-1.049740,1.050626,-1.050592,-0.800066,-0.000180
actual,2.010000,13.510000,0.472139,-1.049740,1.050626,-1.050592,-0.800066,-0.000180
actual,2.015000,13.515000,0.473451,-1.049740,1.050626,-1.050592,-0.800066,-0.000180
actual,2.020000,13.520000,0.474790,-1.049740,1.050626,-1.050592,-0.800066,-0.000180
actual,2.025000,13.525000,0.476153,-1.049740,1.050626,-1.050592,-0.800066,-0.000180
actual,2.030000,13.530000,0.477540,-1.049740,1.050626,-1.050592,-0.800066,-0.000180
actual,2.035000,13.535000,0.478949,-1.049740,1.050626,-1.050592,-0.800066,-0.000180
actual,2.040000,13.540000,0.480379,-1.049740,1.050626,-1.050592,-0.800066,-0.000180
actual,2.045000,13.545000,0.481829,-1.049740,1.050626,-1.050592,-0.800066,-0.000180
actual,2.050000,13.550000,0.483296,-1.049740,1.050626,-1.050592,-0.800066,-0.000180
actual,2.055000,13.555000,0.484780,-1.049740,1.050626,-1.050592,-0.800066,-0.000180
actual,2.060000,13.560000,0.486279,-1.049740,1.050626,-1.050592,-0.800066,-0.000180
actual,2.065000,13.565000,0.487791,-1.049740,1.050626,-1.050592,-0.800066,-0.000180
actual,2.070000,13.570000,0.489316,-1.049740,1.050626,-1.050592,-0.800066,-0.000180
actual,2.075000,13.575000,0.490851,-1.049740,1.050626,-1.050592,-0.800066,-0.000180
actual,2.080000,13.580000,0.492396,-1.049740,1.050626,-1.050592,-0.800066,-0.000180
actual,2.085000,13.585000,0.493947,-1.049740,1.050626,-1.050592,-0.800066,-0.000180
actual,2.090000,13.590000,0.495505,-1.049740,1.050626,-1.050592,-0.800066,-0.000180
actual,2.095000,13.595000,0.497068,-1.049740,1.050626,-1.050592,-0.800066,-0.000180
actual,2.100000,13.600000,0.498633,-1.049740,1.050626,-1.050592,-0.800066,-0.000180
actual,2.105000,13.605000,0.500199,-1.049740,1.050626,-1.050592,-0.800066,-0.000180
actual,2.110000,13.610000,0.501766,-1.049740,1.050626,-1.050592,-0.800066,-0.000180
actual,2.115000,13.615000,0.503331,-1.049740,1.050626,-1.050592,-0.800066,-0.000180
actual,2.120000,13.620000,0.504892,-1.049740,1.050626,-1.050592,-0.800066,-0.000180
actual,2.125000,13.625000,0.506449,-1.049740,1.050626,-1.050592,-0.800066,-0.000180
actual,2.130000,13.630000,0.507999,-1.049740,1.050626,-1.050592,-0.800066,-0.000180
actual,2.135000,13.635000,0.509542,-1.049740,1.050626,-1.050592,-0.800066,-0.000180
actual,2.140000,13.640000,0.511075,-1.049740,1.050626,-1.050592,-0.800066,-0.000180
actual,2.145000,13.645000,0.512597,-1.049740,1.050626,-1.050592,-0.800066,-0.000180
actual,2.150000,13.650000,0.514107,-1.049740,1.050626,-1.050592,-0.800066,-0.000180
actual,2.155000,13.655000,0.515603,-1.049740,1.050626,-1.050592,-0.800066,-0.000180
actual,2.160000,13.660000,0.517084,-1.049740,1.050626,-1.050592,-0.800066,-0.000180
actual,2.165000,13.665000,0.518547,-1.049740,1.050626,-1.050592,-0.800066,-0.000180
actual,2.170000,13.670000,0.519993,-1.049740,1.050626,-1.050592,-0.800066,-0.000180
actual,2.175000,13.675000,0.521419,-1.049740,1.050626,-1.050592,-0.800066,-0.000180
actual,2.180000,13.680000,0.522824,-1.049740,1.050626,-1.050592,-0.800066,-0.000180
actual,2.185000,13.685000,0.524206,-1.049740,1.050626,-1.050592,-0.800066,-0.000180
actual,2.190000,13.690000,0.525564,-1.049740,1.050626,-1.050592,-0.800066,-0.000180
actual,2.195000,13.695000,0.526897,-1.049740,1.050626,-1.050592,-0.800066,-0.000180
actual,2.200000,13.700000,0.528204,-1.049740,1.050626,-1.050592,-0.800066,-0.000180
actual,2.205000,13.705000,0.529483,-1.049740,1.050626,-1.050592,-0.800066,-0.000180
actual,2.210000,13.710000,0.530733,-1.049740,1.050626,-1.050592,-0.800066,-0.000180
actual,2.215000,13.715000,0.531952,-1.049740,1.050626,-1.050592,-0.800066,-0.000180
actual,2.220000,13.720000,0.533140,-1.049740,1.050626,-1.050592,-0.800066,-0.000180
actual,2.225000,13.725000,0.534296,-1.049740,1.050626,-1.050592,-0.800066,-0.000180
actual,2.230000,13.730000,0.535417,-1.049740,1.050626,-1.050592,-0.800066,-0.000180
actual,2.235000,13.735000,0.536504,-1.049740,1.050626,-1.050592,-0.800066,-0.000180
actual,2.240000,13.740000,0.537555,-1.049740,1.050626,-1.050592,-0.800066,-0.000180
actual,2.245000,13.745000,0.538568,-1.049740,1.050626,-1.050592,-0.800066,-0.000180
actual,2.250000,13.750000,0.539544,-1.049740,1.050626,-1.050592,-0.800066,-0.000180
actual,2.255000,13.755000,0.540481,-1.049740,1.050626,-1.050592,-0.800066,-0.000180
actual,2.260000,13.760000,0.541377,-1.049740,1.050626,-1.050592,-0.800066,-0.000180
actual,2.265000,13.765000,0.542233,-1.049740,1.050626,-1.050592,-0.800066,-0.000180
actual,2.270000,13.770000,0.543048,-1.049740,1.050626,-1.050592,-0.800066,-0.000180
actual,2.275000,13.775000,0.543819,-1.049740,1.050626,-1.050592,-0.800066,-0.000180
actual,2.280000,13.780000,0.544548,-1.049740,1.050626,-1.050592,-0.800066,-0.000180
actual,2.285000,13.785000,0.545233,-1.049740,1.050626,-1.050592,-0.800066,-0.000180
actual,2.290000,13.790000,0.545873,-1.049740,1.050626,-1.050592,-0.800066,-0.000180
actual,2.295000,13.795000,0.546468,-1.049740,1.050626,-1.050592,-0.800066,-0.000180
actual,2.300000,13.800000,0.547017,-1.049740,1.050626,-1.050592,-0.800066,-0.000180
actual,2.305000,13.805000,0.547519,-1.049740,1.050626,-1.050592,-0.800066,-0.000180
actual,2.310000,13.810000,0.547975,-1.049740,1.050626,-1.050592,-0.800066,-0.000180
actual,2.315000,13.815000,0.548384,-1.049740,1.050626,-1.050592,-0.800066,-0.000180
actual,2.320000,13.820000,0.548744,-1.049740,1.050626,-1.050592,-0.800066,-0.000180
actual,2.325000,13.825000,0.549057,-1.049740,1.050626,-1.050592,-0.800066,-0.000180
actual,2.330000,13.830000,0.549322,-1.049740,1.050626,-1.050592,-0.800066,-0.000180
actual,2.335000,13.835000,0.549537,-1.049740,1.050626,-1.050592,-0.800066,-0.000180
actual,2.340000,13.840000,0.549704,-1.049740,1.050626,-1.050592,-0.800066,-0.000180
actual,2.345000,13.845000,0.549822,-1.049740,1.050626,-1.050592,-0.800066,-0.000180
actual,2.350000,13.850000,0.549891,-1.049740,1.050626,-1.050592,-0.800066,-0.000180
actual,2.355000,13.855000,0.549910,-1.049740,1.050626,-1.050592,-0.800066,-0.000180
actual,2.360000,13.860000,0.549881,-1.049740,1.050626,-1.050592,-0.800066,-0.000180
actual,2.365000,13.865000,0.549802,-1.049740,1.050626,-1.050592,-0.800066,-0.000180
actual,2.370000,13.870000,0.549674,-1.049740,1.050626,-1.050592,-0.800066,-0.000180
actual,2.375000,13.875000,0.549497,-1.049740,1.050626,-1.050592,-0.800066,-0.000180
actual,2.380000,13.880000,0.549271,-1.049740,1.050626,-1.050592,-0.800066,-0.000180
actual,2.385000,13.885000,0.548997,-1.049740,1.050626,-1.050592,-0.800066,-0.000180
actual,2.390000,13.890000,0.548674,-1.049740,1.050626,-1.050592,-0.800066,-0.000180
actual,2.395000,13.895000,0.548303,-1.049740,1.050626,-1.050592,-0.800066,-0.000180
actual,2.400000,13.900000,0.547885,-1.049740,1.050626,-1.050592,-0.800066,-0.000180
actual,2.405000,13.905000,0.547419,-1.049740,1.050626,-1.050592,-0.800066,-0.000180
actual,2.410000,13.910000,0.546907,-1.049740,1.050626,-1.050592,-0.800066,-0.000180
actual,2.415000,13.915000,0.546348,-1.049740,1.050626,-1.050592,-0.800066,-0.000180
actual,2.420000,13.920000,0.545744,-1.049740,1.050626,-1.050592,-0.800066,-0.000180
actual,2.425000,13.925000,0.545095,-1.049740,1.050626,-1.050592,-0.800066,-0.000180
actual,2.430000,13.930000,0.544401,-1.049740,1.050626,-1.050592,-0.800066,-0.000180
actual,2.435000,13.935000,0.543663,-1.049740,1.050626,-1.050592,-0.800066,-0.000180
actual,2.440000,13.940000,0.542883,-1.049740,1.050626,-1.050592,-0.800066,-0.000180
actual,2.445000,13.945000,0.542060,-1.049740,1.050626,-1.050592,-0.800066,-0.000180
actual,2.450000,13.950000,0.541195,-1.049740,1.050626,-1.050592,-0.800066,-0.000180
actual,2.455000,13.955000,0.540290,-1.049740,1.050626,-1.050592,-0.800066,-0.000180
actual,2.460000,13.960000,0.539345,-1.049740,1.050626,-1.050592,-0.800066,-0.000180
actual,2.465000,13.965000,0.538362,-1.049740,1.050626,-1.050592,-0.800066,-0.000180
actual,2.470000,13.970000,0.537341,-1.049740,1.050626,-1.050592,-0.800066,-0.000180
actual,2.475000,13.975000,0.536282,-1.049740,1.050626,-1.050592,-0.800066,-0.000180
actual,2.480000,13.980000,0.535188,-1.049740,1.050626,-1.050592,-0.800066,-0.000180
actual,2.485000,13.985000,0.534060,-1.049740,1.050626,-1.050592,-0.800066,-0.000180
actual,2.490000,13.990000,0.532897,-1.049740,1.050626,-1.050592,-0.800066,-0.000180
actual,2.495000,13.995000,0.531703,-1.049740,1.050626,-1.050592,-0.800066,-0.000180
actual,2.500000,14.000000,0.530477,-1.049740,1.050626,-1.050592,-0.800066,-0.000180
actual,2.505000,14.005000,0.529221,-1.049740,1.050626,-1.050592,-0.800066,-0.000180
actual,2.510000,14.010000,0.527936,-1.049740,1.050626,-1.050592,-0.800066,-0.000180
actual,2.515000,14.015000,0.526624,-1.049740,1.050626,-1.050592,-0.800066,-0.000180
actual,2.520000,14.020000,0.525285,-1.049740,1.050626,-1.050592,-0.800066,-0.000180
actual,2.525000,14.025000,0.523922,-1.049740,1.050626,-1.050592,-0.800066,-0.000180
actual,2.530000,14.030000,0.522535,-1.049740,1.050626,-1.050592,-0.800066,-0.000180
actual,2.535000,14.035000,0.521126,-1.049740,1.050626,-1.050592,-0.800066,-0.000180
actual,2.540000,14.040000,0.519696,-1.049740,1.050626,-1.050592,-0.800066,-0.000180
actual,2.545000,14.045000,0.518246,-1.049740,1.050626,-1.050592,-0.800066,-0.000180
actual,2.550000,14.050000,0.516779,-1.049740,1.050626,-1.050592,-0.800066,-0.000180
actual,2.555000,14.055000,0.515295,-1.049740,1.050626,-1.050592,-0.800066,-0.000180
actual,2.560000,14.060000,0.513796,-1.049740,1.050626,-1.050592,-0.800066,-0.000180
actual,2.565000,14.065000,0.512283,-1.049740,1.050626,-1.050592,-0.800066,-0.000180
actual,2.570000,14.070000,0.510759,-1.049740,1.050626,-1.050592,-0.800066,-0.000180
actual,2.575000,14.075000,0.509224,-1.049740,1.050626,-1.050592,-0.800066,-0.000180
actual,2.580000,14.080000,0.507679,-1.049740,1.050626,-1.050592,-0.800066,-0.000180
actual,2.585000,14.085000,0.506128,-1.049740,1.050626,-1.050592,-0.800066,-0.000180
actual,2.590000,14.090000,0.504570,-1.049740,1.050626,-1.050592,-0.800066,-0.000180
actual,2.595000,14.095000,0.503007,-1.049740,1.050626,-1.050592,-0.800066,-0.000180
actual,2.600000,14.100000,0.501442,-1.049740,1.050626,-1.050592,-0.800066,-0.000180
actual,2.605000,14.105000,0.499876,-1.049740,1.050626,-1.050592,-0.800066,-0.000180
actual,2.610000,14.110000,0.498309,-1.049740,1.050626,-1.050592,-0.800066,-0.000180
actual,2.615000,14.115000,0.496744,-1.049740,1.050626,-1.050592,-0.800066,-0.000180
actual,2.620000,14.120000,0.495183,-1.049740,1.050626,-1.050592,-0.800066,-0.000180
actual,2.625000,14.125000,0.493626,-1.049740,1.050626,-1.050592,-0.800066,-0.000180
actual,2.630000,14.130000,0.492076,-1.049740,1.050626,-1.050592,-0.800066,-0.000180
actual,2.635000,14.135000,0.490533,-1.049740,1.050626,-1.050592,-0.800066,-0.000180
actual,2.640000,14.140000,0.489000,-1.049740,1.050626,-1.050592,-0.800066,-0.000180
actual,2.645000,14.145000,0.487478,-1.049740,1.050626,-1.050592,-0.800066,-0.000180
actual,2.650000,14.150000,0.485968,-1.049740,1.050626,-1.050592,-0.800066,-0.000180
actual,2.655000,14.155000,0.484472,-1.049740,1.050626,-1.050592,-0.800066,-0.000180
actual,2.660000,14.160000,0.482991,-1.049740,1.050626,-1.050592,-0.800066,-0.000180
actual,2.665000,14.165000,0.481527,-1.049740,1.050626,-1.050592,-0.800066,-0.000180
actual,2.670000,14.170000,0.480082,-1.049740,1.050626,-1.050592,-0.800066,-0.000180
actual,2.675000,14.175000,0.478656,-1.049740,1.050626,-1.050592,-0.800066,-0.000180
actual,2.680000,14.180000,0.477251,-1.049740,1.050626,-1.050592,-0.800066,-0.000180
actual,2.685000,14.185000,0.475869,-1.049740,1.050626,-1.050592,-0.800066,-0.000180
actual,2.690000,14.190000,0.474511,-1.049740,1.050626,-1.050592,-0.800066,-0.000180
actual,2.695000,14.195000,0.473178,-1.049740,1.050626,-1.050592,-0.800066,-0.000180
actual,2.700000,14.200000,0.471871,-1.049740,1.050626,-1.050592,-0.800066,-0.000180
actual,2.705000,14.205000,0.470592,-1.049740,1.050626,-1.050592,-0.800066,-0.000180
actual,2.710000,14.210000,0.469342,-1.049740,1.050626,-1.050592,-0.800066,-0.000180
actual,2.715000,14.215000,0.468123,-1.049740,1.050626,-1.050592,-0.800066,-0.000180
actual,2.720000,14.220000,0.466935,-1.049740,1.050626,-1.050592,-0.800066,-0.000180
actual,2.725000,14.225000,0.465779,-1.049740,1.050626,-1.050592,-0.800066,-0.000180
actual,2.730000,14.230000,0.464658,-1.049740,1.050626,-1.050592,-0.800066,-0.000180
actual,2.735000,14.235000,0.463571,-1.049740,1.050626,-1.050592,-0.800066,-0.000180
actual,2.740000,14.240000,0.462520,-1.049740,1.050626,-1.050592,-0.800066,-0.000180
actual,2.745000,14.245000,0.461507,-1.049740,1.050626,-1.050592,-0.800066,-0.000180
actual,2.750000,14.250000,0.460531,-1.049740,1.050626,-1.050592,-0.800066,-0.000180
actual,2.755000,14.255000,0.459594,-1.049740,1.050626,-1.050592,-0.800066,-0.000180
actual,2.760000,14.260000,0.458698,-1.049740,1.050626,-1.050592,-0.800066,-0.000180
actual,2.765000,14.265000,0.457842,-1.049740,1.050626,-1.050592,-0.800066,-0.000180
actual,2.770000,14.270000,0.457027,-1.049740,1.050626,-1.050592,-0.800066,-0.000180
actual,2.775000,14.275000,0.456256,-1.049740,1.050626,-1.050592,-0.800066,-0.000180
actual,2.780000,14.280000,0.455527,-1.049740,1.050626,-1.050592,-0.800066,-0.000180
actual,2.785000,14.285000,0.454842,-1.049740,1.050626,-1.050592,-0.800066,-0.000180
actual,2.790000,14.290000,0.454202,-1.049740,1.050626,-1.050592,-0.800066,-0.000180
actual,2.795000,14.295000,0.453607,-1.049740,1.050626,-1.050592,-0.800066,-0.000180
actual,2.800000,14.300000,0.453058,-1.049740,1.050626,-1.050592,-0.800066,-0.000180
actual,2.805000,14.305000,0.452556,-1.049740,1.050626,-1.050592,-0.800066,-0.000180
actual,2.810000,14.310000,0.452100,-1.049740,1.050626,-1.050592,-0.800066,-0.000180
actual,2.815000,14.315000,0.451691,-1.049740,1.050626,-1.050592,-0.800066,-0.000180
actual,2.820000,14.320000,0.451330,-1.049740,1.050626,-1.050592,-0.800066,-0.000180
actual,2.825000,14.325000,0.451018,-1.049740,1.050626,-1.050592,-0.800066,-0.000180
actual,2.830000,14.330000,0.450753,-1.049740,1.050626,-1.050592,-0.800066,-0.000180
actual,2.835000,14.335000,0.450538,-1.049740,1.050626,-1.050592,-0.800066,-0.000180
actual,2.840000,14.340000,0.450371,-1.049740,1.050626,-1.050592,-0.800066,-0.000180
actual,2.845000,14.345000,0.450253,-1.049740,1.050626,-1.050592,-0.800066,-0.000180
actual,2.850000,14.350000,0.450184,-1.049740,1.050626,-1.050592,-0.800066,-0.000180
actual,2.855000,14.355000,0.450165,-1.049740,1.050626,-1.050592,-0.800066,-0.000180
actual,2.860000,14.360000,0.450194,-1.049740,1.050626,-1.050592,-0.800066,-0.000180
actual,2.865000,14.365000,0.450273,-1.049740,1.050626,-1.050592,-0.800066,-0.000180
actual,2.870000,14.370000,0.450401,-1.049740,1.050626,-1.050592,-0.800066,-0.000180
actual,2.875000,14.375000,0.450578,-1.049740,1.050626,-1.050592,-0.800066,-0.000180
actual,2.880000,14.380000,0.450804,-1.049740,1.050626,-1.050592,-0.800066,-0.000180
actual,2.885000,14.385000,0.451078,-1.049740,1.050626,-1.050592,-0.800066,-0.000180
actual,2.890000,14.390000,0.451401,-1.049740,1.050626,-1.050592,-0.800066,-0.000180
actual,2.895000,14.395000,0.451772,-1.049740,1.050626,-1.050592,-0.800066,-0.000180
actual,2.900000,14.400000,0.452190,-1.049740,1.050626,-1.050592,-0.800066,-0.000180
actual,2.905000,14.405000,0.452656,-1.049740,1.050626,-1.050592,-0.800066,-0.000180
actual,2.910000,14.410000,0.453168,-1.049740,1.050626,-1.050592,-0.800066,-0.000180
actual,2.915000,14.415000,0.453726,-1.049740,1.050626,-1.050592,-0.800066,-0.000180
actual,2.920000,14.420000,0.454331,-1.049740,1.050626,-1.050592,-0.800066,-0.000180
actual,2.925000,14.425000,0.454980,-1.049740,1.050626,-1.050592,-0.800066,-0.000180
actual,2.930000,14.430000,0.455674,-1.049740,1.050626,-1.050592,-0.800066,-0.000180
actual,2.935000,14.435000,0.456412,-1.049740,1.050626,-1.050592,-0.800066,-0.000180
actual,2.940000,14.440000,0.457192,-1.049740,1.050626,-1.050592,-0.800066,-0.000180
actual,2.945000,14.445000,0.458015,-1.049740,1.050626,-1.050592,-0.800066,-0.000180
actual,2.950000,14.450000,0.458880,-1.049740,1.050626,-1.050592,-0.800066,-0.000180
actual,2.955000,14.455000,0.459785,-1.049740,1.050626,-1.050592,-0.800066,-0.000180
actual,2.960000,14.460000,0.460729,-1.049740,1.050626,-1.050592,-0.800066,-0.000180
actual,2.965000,14.465000,0.461713,-1.049740,1.050626,-1.050592,-0.800066,-0.000180
actual,2.970000,14.470000,0.462734,-1.049740,1.050626,-1.050592,-0.800066,-0.000180
actual,2.975000,14.475000,0.463793,-1.049740,1.050626,-1.050592,-0.800066,-0.000180
actual,2.980000,14.480000,0.464887,-1.049740,1.050626,-1.050592,-0.800066,-0.000180
actual,2.985000,14.485000,0.466015,-1.049740,1.050626,-1.050592,-0.800066,-0.000180
actual,2.990000,14.490000,0.467177,-1.049740,1.050626,-1.050592,-0.800066,-0.000180
actual,2.995000,14.495000,0.468372,-1.049740,1.050626,-1.050592,-0.800066,-0.000180
actual,3.000000,14.500000,0.469598,-1.049740,1.050626,-1.050592,-0.800066,-0.000180
actual,3.005000,14.505000,0.470854,-1.049740,1.050626,-1.050592,-0.800066,-0.000180
actual,3.010000,14.510000,0.472139,-1.049740,1.050626,-1.050592,-0.800066,-0.000180
actual,3.015000,14.515000,0.473451,-1.049740,1.050626,-1.050592,-0.800066,-0.000180
actual,3.020000,14.520000,0.474790,-1.049740,1.050626,-1.050592,-0.800066,-0.000180
actual,3.025000,14.525000,0.476153,-1.049740,1.050626,-1.050592,-0.800066,-0.000180
actual,3.030000,14.530000,0.477540,-1.049740,1.050626,-1.050592,-0.800066,-0.000180
actual,3.035000,14.535000,0.478949,-1.049740,1.050626,-1.050592,-0.800066,-0.000180
actual,3.040000,14.540000,0.480379,-1.049740,1.050626,-1.050592,-0.800066,-0.000180
actual,3.045000,14.545000,0.481829,-1.049740,1.050626,-1.050592,-0.800066,-0.000180
actual,3.050000,14.550000,0.483296,-1.049740,1.050626,-1.050592,-0.800066,-0.000180
actual,3.055000,14.555000,0.484780,-1.049740,1.050626,-1.050592,-0.800066,-0.000180
actual,3.060000,14.560000,0.486279,-1.049740,1.050626,-1.050592,-0.800066,-0.000180
actual,3.065000,14.565000,0.487791,-1.049740,1.050626,-1.050592,-0.800066,-0.000180
actual,3.070000,14.570000,0.489316,-1.049740,1.050626,-1.050592,-0.800066,-0.000180
actual,3.075000,14.575000,0.490851,-1.049740,1.050626,-1.050592,-0.800066,-0.000180
actual,3.080000,14.580000,0.492396,-1.049740,1.050626,-1.050592,-0.800066,-0.000180
actual,3.085000,14.585000,0.493947,-1.049740,1.050626,-1.050592,-0.800066,-0.000180
actual,3.090000,14.590000,0.495505,-1.049740,1.050626,-1.050592,-0.800066,-0.000180
actual,3.095000,14.595000,0.497068,-1.049740,1.050626,-1.050592,-0.800066,-0.000180
actual,3.100000,14.600000,0.498633,-1.049740,1.050626,-1.050592,-0.800066,-0.000180
actual,3.105000,14.605000,0.500199,-1.049740,1.050626,-1.050592,-0.800066,-0.000180
actual,3.110000,14.610000,0.501766,-1.049740,1.050626,-1.050592,-0.800066,-0.000180
actual,3.115000,14.615000,0.503331,-1.049740,1.050626,-1.050592,-0.800066,-0.000180
actual,3.120000,14.620000,0.504892,-1.049740,1.050626,-1.050592,-0.800066,-0.000180
actual,3.125000,14.625000,0.506449,-1.049740,1.050626,-1.050592,-0.800066,-0.000180
actual,3.130000,14.630000,0.507999,-1.049740,1.050626,-1.050592,-0.800066,-0.000180
actual,3.135000,14.635000,0.509542,-1.049740,1.050626,-1.050592,-0.800066,-0.000180
actual,3.140000,14.640000,0.511075,-1.049740,1.050626,-1.050592,-0.800066,-0.000180
actual,3.145000,14.645000,0.512597,-1.049740,1.050626,-1.050592,-0.800066,-0.000180
actual,3.150000,14.650000,0.514107,-1.049740,1.050626,-1.050592,-0.800066,-0.000180
actual,3.155000,14.655000,0.515603,-1.049740,1.050626,-1.050592,-0.800066,-0.000180
actual,3.160000,14.660000,0.517084,-1.049740,1.050626,-1.050592,-0.800066,-0.000180
actual,3.165000,14.665000,0.518547,-1.049740,1.050626,-1.050592,-0.800066,-0.000180
actual,3.170000,14.670000,0.519993,-1.049740,1.050626,-1.050592,-0.800066,-0.000180
actual,3.175000,14.675000,0.521419,-1.049740,1.050626,-1.050592,-0.800066,-0.000180
actual,3.180000,14.680000,0.522824,-1.049740,1.050626,-1.050592,-0.800066,-0.000180
actual,3.185000,14.685000,0.524206,-1.049740,1.050626,-1.050592,-0.800066,-0.000180
actual,3.190000,14.690000,0.525564,-1.049740,1.050626,-1.050592,-0.800066,-0.000180
actual,3.195000,14.695000,0.526897,-1.049740,1.050626,-1.050592,-0.800066,-0.000180
actual,3.200000,14.700000,0.528204,-1.049740,1.050626,-1.050592,-0.800066,-0.000180
actual,3.205000,14.705000,0.529483,-1.049740,1.050626,-1.050592,-0.800066,-0.000180
actual,3.210000,14.710000,0.530733,-1.049740,1.050626,-1.050592,-0.800066,-0.000180
actual,3.215000,14.715000,0.531952,-1.049740,1.050626,-1.050592,-0.800066,-0.000180
actual,3.220000,14.720000,0.533140,-1.049740,1.050626,-1.050592,-0.800066,-0.000180
actual,3.225000,14.725000,0.534296,-1.049740,1.050626,-1.050592,-0.800066,-0.000180
actual,3.230000,14.730000,0.535417,-1.049740,1.050626,-1.050592,-0.800066,-0.000180
actual,3.235000,14.735000,0.536504,-1.049740,1.050626,-1.050592,-0.800066,-0.000180
actual,3.240000,14.740000,0.537555,-1.049740,1.050626,-1.050592,-0.800066,-0.000180
actual,3.245000,14.745000,0.538568,-1.049740,1.050626,-1.050592,-0.800066,-0.000180
actual,3.250000,14.750000,0.539544,-1.049740,1.050626,-1.050592,-0.800066,-0.000180
actual,3.255000,14.755000,0.540481,-1.049740,1.050626,-1.050592,-0.800066,-0.000180
actual,3.260000,14.760000,0.541377,-1.049740,1.050626,-1.050592,-0.800066,-0.000180
actual,3.265000,14.765000,0.542233,-1.049740,1.050626,-1.050592,-0.800066,-0.000180
actual,3.270000,14.770000,0.543048,-1.049740,1.050626,-1.050592,-0.800066,-0.000180
actual,3.275000,14.775000,0.543819,-1.049740,1.050626,-1.050592,-0.800066,-0.000180
actual,3.280000,14.780000,0.544548,-1.049740,1.050626,-1.050592,-0.800066,-0.000180
actual,3.285000,14.785000,0.545233,-1.049740,1.050626,-1.050592,-0.800066,-0.000180
actual,3.290000,14.790000,0.545873,-1.049740,1.050626,-1.050592,-0.800066,-0.000180
actual,3.295000,14.795000,0.546468,-1.049740,1.050626,-1.050592,-0.800066,-0.000180
actual,3.300000,14.800000,0.547017,-1.049740,1.050626,-1.050592,-0.800066,-0.000180
actual,3.305000,14.805000,0.547519,-1.049740,1.050626,-1.050592,-0.800066,-0.000180
actual,3.310000,14.810000,0.547975,-1.049740,1.050626,-1.050592,-0.800066,-0.000180
actual,3.315000,14.815000,0.548384,-1.049740,1.050626,-1.050592,-0.800066,-0.000180
actual,3.320000,14.820000,0.548744,-1.049740,1.050626,-1.050592,-0.800066,-0.000180
actual,3.325000,14.825000,0.549057,-1.049740,1.050626,-1.050592,-0.800066,-0.000180
actual,3.330000,14.830000,0.549322,-1.049740,1.050626,-1.050592,-0.800066,-0.000180
actual,3.335000,14.835000,0.549537,-1.049740,1.050626,-1.050592,-0.800066,-0.000180
actual,3.340000,14.840000,0.549704,-1.049740,1.050626,-1.050592,-0.800066,-0.000180
actual,3.345000,14.845000,0.549822,-1.049740,1.050626,-1.050592,-0.800066,-0.000180
actual,3.350000,14.850000,0.549891,-1.049740,1.050626,-1.050592,-0.800066,-0.000180
actual,3.355000,14.855000,0.549910,-1.049740,1.050626,-1.050592,-0.800066,-0.000180
actual,3.360000,14.860000,0.549881,-1.049740,1.050626,-1.050592,-0.800066,-0.000180
actual,3.365000,14.865000,0.549802,-1.049740,1.050626,-1.050592,-0.800066,-0.000180
actual,3.370000,14.870000,0.549674,-1.049740,1.050626,-1.050592,-0.800066,-0.000180
actual,3.375000,14.875000,0.549497,-1.049740,1.050626,-1.050592,-0.800066,-0.000180
actual,3.380000,14.880000,0.549271,-1.049740,1.050626,-1.050592,-0.800066,-0.000180
actual,3.385000,14.885000,0.548997,-1.049740,1.050626,-1.050592,-0.800066,-0.000180
actual,3.390000,14.890000,0.548674,-1.049740,1.050626,-1.050592,-0.800066,-0.000180
actual,3.395000,14.895000,0.548303,-1.049740,1.050626,-1.050592,-0.800066,-0.000180
actual,3.400000,14.900000,0.547885,-1.049740,1.050626,-1.050592,-0.800066,-0.000180
actual,3.405000,14.905000,0.547419,-1.049740,1.050626,-1.050592,-0.800066,-0.000180
actual,3.410000,14.910000,0.546907,-1.049740,1.050626,-1.050592,-0.800066,-0.000180
actual,3.415000,14.915000,0.546348,-1.049740,1.050626,-1.050592,-0.800066,-0.000180
actual,3.420000,14.920000,0.545744,-1.049740,1.050626,-1.050592,-0.800066,-0.000180
actual,3.425000,14.925000,0.545095,-1.049740,1.050626,-1.050592,-0.800066,-0.000180
actual,3.430000,14.930000,0.544401,-1.049740,1.050626,-1.050592,-0.800066,-0.000180
actual,3.435000,14.935000,0.543663,-1.049740,1.050626,-1.050592,-0.800066,-0.000180
actual,3.440000,14.940000,0.542883,-1.049740,1.050626,-1.050592,-0.800066,-0.000180
actual,3.445000,14.945000,0.542060,-1.049740,1.050626,-1.050592,-0.800066,-0.000180
actual,3.450000,14.950000,0.541195,-1.049740,1.050626,-1.050592,-0.800066,-0.000180
actual,3.455000,14.955000,0.540290,-1.049740,1.050626,-1.050592,-0.800066,-0.000180
actual,3.460000,14.960000,0.539345,-1.049740,1.050626,-1.050592,-0.800066,-0.000180
actual,3.465000,14.965000,0.538362,-1.049740,1.050626,-1.050592,-0.800066,-0.000180
actual,3.470000,14.970000,0.537341,-1.049740,1.050626,-1.050592,-0.800066,-0.000180
actual,3.475000,14.975000,0.536282,-1.049740,1.050626,-1.050592,-0.800066,-0.000180
actual,3.480000,14.980000,0.535188,-1.049740,1.050626,-1.050592,-0.800066,-0.000180
actual,3.490000,14.990000,0.532897,-1.049740,1.050626,-1.050592,-0.800066,-0.000180
actual,3.495000,14.995000,0.531703,-1.049740,1.050626,-1.050592,-0.800066,-0.000180
actual,3.500000,15.000000,0.530477,-1.049740,1.050626,-1.050592,-0.800066,-0.000180
actual,3.505000,15.005000,0.529221,-1.049740,1.050626,-1.050592,-0.800066,-0.000180
actual,3.510000,15.010000,0.527936,-1.049740,1.050626,-1.050592,-0.800066,-0.000180
actual,3.515000,15.015000,0.526624,-1.049740,1.050626,-1.050592,-0.800066,-0.000180
actual,3.520000,15.020000,0.525285,-1.049740,1.050626,-1.050592,-0.800066,-0.000180
actual,3.525000,15.025000,0.523922,-1.049740,1.050626,-1.050592,-0.800066,-0.000180
actual,3.530000,15.030000,0.522535,-1.049740,1.050626,-1.050592,-0.800066,-0.000180
actual,3.535000,15.035000,0.521126,-1.049740,1.050626,-1.050592,-0.800066,-0.000180
actual,3.540000,15.040000,0.519696,-1.049740,1.050626,-1.050592,-0.800066,-0.000180
actual,3.545000,15.045000,0.518246,-1.049740,1.050626,-1.050592,-0.800066,-0.000180
actual,3.550000,15.050000,0.516779,-1.049740,1.050626,-1.050592,-0.800066,-0.000180
actual,3.555000,15.055000,0.515295,-1.049740,1.050626,-1.050592,-0.800066,-0.000180
actual,3.560000,15.060000,0.513796,-1.049740,1.050626,-1.050592,-0.800066,-0.000180
actual,3.565000,15.065000,0.512283,-1.049740,1.050626,-1.050592,-0.800066,-0.000180
actual,3.570000,15.070000,0.510759,-1.049740,1.050626,-1.050592,-0.800066,-0.000180
actual,3.575000,15.075000,0.509224,-1.049740,1.050626,-1.050592,-0.800066,-0.000180
actual,3.580000,15.080000,0.507679,-1.049740,1.050626,-1.050592,-0.800066,-0.000180
actual,3.585000,15.085000,0.506128,-1.049740,1.050626,-1.050592,-0.800066,-0.000180
actual,3.590000,15.090000,0.504570,-1.049740,1.050626,-1.050592,-0.800066,-0.000180
actual,3.595000,15.095000,0.503007,-1.049740,1.050626,-1.050592,-0.800066,-0.000180
actual,3.600000,15.100000,0.501442,-1.049740,1.050626,-1.050592,-0.800066,-0.000180
actual,3.605000,15.105000,0.499876,-1.049740,1.050626,-1.050592,-0.800066,-0.000180
actual,3.610000,15.110000,0.498309,-1.049740,1.050626,-1.050592,-0.800066,-0.000180
actual,3.615000,15.115000,0.496744,-1.049740,1.050626,-1.050592,-0.800066,-0.000180
actual,3.620000,15.120000,0.495183,-1.049740,1.050626,-1.050592,-0.800066,-0.000180
actual,3.625000,15.125000,0.493626,-1.049740,1.050626,-1.050592,-0.800066,-0.000180
actual,3.630000,15.130000,0.492076,-1.049740,1.050626,-1.050592,-0.800066,-0.000180
actual,3.635000,15.135000,0.490533,-1.049740,1.050626,-1.050592,-0.800066,-0.000180
actual,3.640000,15.140000,0.489000,-1.049740,1.050626,-1.050592,-0.800066,-0.000180
actual,3.645000,15.145000,0.487478,-1.049740,1.050626,-1.050592,-0.800066,-0.000180
actual,3.650000,15.150000,0.485968,-1.049740,1.050626,-1.050592,-0.800066,-0.000180
actual,3.655000,15.155000,0.484472,-1.049740,1.050626,-1.050592,-0.800066,-0.000180
actual,3.660000,15.160000,0.482991,-1.049740,1.050626,-1.050592,-0.800066,-0.000180
actual,3.665000,15.165000,0.481527,-1.049740,1.050626,-1.050592,-0.800066,-0.000180
actual,3.670000,15.170000,0.480082,-1.049740,1.050626,-1.050592,-0.800066,-0.000180
actual,3.675000,15.175000,0.478656,-1.049740,1.050626,-1.050592,-0.800066,-0.000180
actual,3.680000,15.180000,0.477251,-1.049740,1.050626,-1.050592,-0.800066,-0.000180
actual,3.685000,15.185000,0.475869,-1.049740,1.050626,-1.050592,-0.800066,-0.000180
actual,3.690000,15.190000,0.474511,-1.049740,1.050626,-1.050592,-0.800066,-0.000180
actual,3.695000,15.195000,0.473178,-1.049740,1.050626,-1.050592,-0.800066,-0.000180
actual,3.700000,15.200000,0.471871,-1.049740,1.050626,-1.050592,-0.800066,-0.000180
actual,3.705000,15.205000,0.470592,-1.049740,1.050626,-1.050592,-0.800066,-0.000180
actual,3.710000,15.210000,0.469342,-1.049740,1.050626,-1.050592,-0.800066,-0.000180
actual,3.715000,15.215000,0.468123,-1.049740,1.050626,-1.050592,-0.800066,-0.000180
actual,3.720000,15.220000,0.466935,-1.049740,1.050626,-1.050592,-0.800066,-0.000180
actual,3.725000,15.225000,0.465779,-1.049740,1.050626,-1.050592,-0.800066,-0.000180
actual,3.730000,15.230000,0.464658,-1.049740,1.050626,-1.050592,-0.800066,-0.000180
actual,3.735000,15.235000,0.463571,-1.049740,1.050626,-1.050592,-0.800066,-0.000180
actual,3.740000,15.240000,0.462520,-1.049740,1.050626,-1.050592,-0.800066,-0.000180
actual,3.745000,15.245000,0.461507,-1.049740,1.050626,-1.050592,-0.800066,-0.000180
actual,3.750000,15.250000,0.460531,-1.049740,1.050626,-1.050592,-0.800066,-0.000180
actual,3.755000,15.255000,0.459594,-1.049740,1.050626,-1.050592,-0.800066,-0.000180
actual,3.760000,15.260000,0.458698,-1.049740,1.050626,-1.050592,-0.800066,-0.000180
actual,3.765000,15.265000,0.457842,-1.049740,1.050626,-1.050592,-0.800066,-0.000180
actual,3.770000,15.270000,0.457027,-1.049740,1.050626,-1.050592,-0.800066,-0.000180
actual,3.775000,15.275000,0.456256,-1.049740,1.050626,-1.050592,-0.800066,-0.000180
actual,3.780000,15.280000,0.455527,-1.049740,1.050626,-1.050592,-0.800066,-0.000180
actual,3.785000,15.285000,0.454842,-1.049740,1.050626,-1.050592,-0.800066,-0.000180
actual,3.790000,15.290000,0.454202,-1.049740,1.050626,-1.050592,-0.800066,-0.000180
actual,3.795000,15.295000,0.453607,-1.049740,1.050626,-1.050592,-0.800066,-0.000180
actual,3.800000,15.300000,0.453058,-1.049740,1.050626,-1.050592,-0.800066,-0.000180
actual,3.805000,15.305000,0.452556,-1.049740,1.050626,-1.050592,-0.800066,-0.000180
actual,3.810000,15.310000,0.452100,-1.049740,1.050626,-1.050592,-0.800066,-0.000180
actual,3.815000,15.315000,0.451691,-1.049740,1.050626,-1.050592,-0.800066,-0.000180
actual,3.820000,15.320000,0.451330,-1.049740,1.050626,-1.050592,-0.800066,-0.000180
actual,3.825000,15.325000,0.451018,-1.049740,1.050626,-1.050592,-0.800066,-0.000180
actual,3.830000,15.330000,0.450753,-1.049740,1.050626,-1.050592,-0.800066,-0.000180
actual,3.835000,15.335000,0.450538,-1.049740,1.050626,-1.050592,-0.800066,-0.000180
actual,3.840000,15.340000,0.450371,-1.049740,1.050626,-1.050592,-0.800066,-0.000180
actual,3.845000,15.345000,0.450253,-1.049740,1.050626,-1.050592,-0.800066,-0.000180
actual,3.850000,15.350000,0.450184,-1.049740,1.050626,-1.050592,-0.800066,-0.000180
actual,3.855000,15.355000,0.450165,-1.049740,1.050626,-1.050592,-0.800066,-0.000180
actual,3.860000,15.360000,0.450194,-1.049740,1.050626,-1.050592,-0.800066,-0.000180
actual,3.865000,15.365000,0.450273,-1.049740,1.050626,-1.050592,-0.800066,-0.000180
actual,3.870000,15.370000,0.450401,-1.049740,1.050626,-1.050592,-0.800066,-0.000180
actual,3.875000,15.375000,0.450578,-1.049740,1.050626,-1.050592,-0.800066,-0.000180
actual,3.880000,15.380000,0.450804,-1.049740,1.050626,-1.050592,-0.800066,-0.000180
actual,3.885000,15.385000,0.451078,-1.049740,1.050626,-1.050592,-0.800066,-0.000180
actual,3.890000,15.390000,0.451401,-1.049740,1.050626,-1.050592,-0.800066,-0.000180
actual,3.895000,15.395000,0.451772,-1.049740,1.050626,-1.050592,-0.800066,-0.000180
actual,3.900000,15.400000,0.452190,-1.049740,1.050626,-1.050592,-0.800066,-0.000180
actual,3.905000,15.405000,0.452656,-1.049740,1.050626,-1.050592,-0.800066,-0.000180
actual,3.910000,15.410000,0.453168,-1.049740,1.050626,-1.050592,-0.800066,-0.000180
actual,3.915000,15.415000,0.453726,-1.049740,1.050626,-1.050592,-0.800066,-0.000180
actual,3.920000,15.420000,0.454331,-1.049740,1.050626,-1.050592,-0.800066,-0.000180
actual,3.925000,15.425000,0.454980,-1.049740,1.050626,-1.050592,-0.800066,-0.000180
actual,3.930000,15.430000,0.455674,-1.049740,1.050626,-1.050592,-0.800066,-0.000180
actual,3.935000,15.435000,0.456412,-1.049740,1.050626,-1.050592,-0.800066,-0.000180
actual,3.940000,15.440000,0.457192,-1.049740,1.050626,-1.050592,-0.800066,-0.000180
actual,3.945000,15.445000,0.458015,-1.049740,1.050626,-1.050592,-0.800066,-0.000180
actual,3.950000,15.450000,0.458880,-1.049740,1.050626,-1.050592,-0.800066,-0.000180
actual,3.955000,15.455000,0.459785,-1.049740,1.050626,-1.050592,-0.800066,-0.000180
actual,3.960000,15.460000,0.460729,-1.049740,1.050626,-1.050592,-0.800066,-0.000180
actual,3.965000,15.465000,0.461713,-1.049740,1.050626,-1.050592,-0.800066,-0.000180
actual,3.970000,15.470000,0.462734,-1.049740,1.050626,-1.050592,-0.800066,-0.000180
actual,3.975000,15.475000,0.463793,-1.049740,1.050626,-1.050592,-0.800066,-0.000180
actual,3.980000,15.480000,0.464887,-1.049740,1.050626,-1.050592,-0.800066,-0.000180
actual,3.985000,15.485000,0.466015,-1.049740,1.050626,-1.050592,-0.800066,-0.000180
actual,3.990000,15.490000,0.467177,-1.049740,1.050626,-1.050592,-0.800066,-0.000180
actual,3.995000,15.495000,0.468372,-1.049740,1.050626,-1.050592,-0.800066,-0.000180
actual,4.000000,15.500000,0.469598,-1.049740,1.050626,-1.050592,-0.800066,-0.000180
actual,4.005000,15.505000,0.470854,-1.049740,1.050626,-1.050592,-0.800066,-0.000180
actual,4.010000,15.510000,0.472139,-1.049740,1.050626,-1.050592,-0.800066,-0.000180
actual,4.015000,15.515000,0.473451,-1.049740,1.050626,-1.050592,-0.800066,-0.000180
actual,4.020000,15.520000,0.474790,-1.049740,1.050626,-1.050592,-0.800066,-0.000180
actual,4.025000,15.525000,0.476153,-1.049740,1.050626,-1.050592,-0.800066,-0.000180
actual,4.030000,15.530000,0.477540,-1.049740,1.050626,-1.050592,-0.800066,-0.000180
actual,4.035000,15.535000,0.478949,-1.049740,1.050626,-1.050592,-0.800066,-0.000180
actual,4.040000,15.540000,0.480379,-1.049740,1.050626,-1.050592,-0.800066,-0.000180
actual,4.045000,15.545000,0.481829,-1.049740,1.050626,-1.050592,-0.800066,-0.000180
actual,4.050000,15.550000,0.483296,-1.049740,1.050626,-1.050592,-0.800066,-0.000180
actual,4.055000,15.555000,0.484780,-1.049740,1.050626,-1.050592,-0.800066,-0.000180
actual,4.060000,15.560000,0.486279,-1.049740,1.050626,-1.050592,-0.800066,-0.000180
actual,4.065000,15.565000,0.487791,-1.049740,1.050626,-1.050592,-0.800066,-0.000180
actual,4.070000,15.570000,0.489316,-1.049740,1.050626,-1.050592,-0.800066,-0.000180
actual,4.075000,15.575000,0.490851,-1.049740,1.050626,-1.050592,-0.800066,-0.000180
actual,4.080000,15.580000,0.492396,-1.049740,1.050626,-1.050592,-0.800066,-0.000180
actual,4.085000,15.585000,0.493947,-1.049740,1.050626,-1.050592,-0.800066,-0.000180
actual,4.090000,15.590000,0.495505,-1.049740,1.050626,-1.050592,-0.800066,-0.000180
actual,4.095000,15.595000,0.497068,-1.049740,1.050626,-1.050592,-0.800066,-0.000180
actual,4.100000,15.600000,0.498633,-1.049740,1.050626,-1.050592,-0.800066,-0.000180
actual,4.105000,15.605000,0.500199,-1.049740,1.050626,-1.050592,-0.800066,-0.000180
actual,4.110000,15.610000,0.501766,-1.049740,1.050626,-1.050592,-0.800066,-0.000180
actual,4.115000,15.615000,0.503331,-1.049740,1.050626,-1.050592,-0.800066,-0.000180
actual,4.120000,15.620000,0.504892,-1.049740,1.050626,-1.050592,-0.800066,-0.000180
actual,4.125000,15.625000,0.506449,-1.049740,1.050626,-1.050592,-0.800066,-0.000180
actual,4.130000,15.630000,0.507999,-1.049740,1.050626,-1.050592,-0.800066,-0.000180
actual,4.135000,15.635000,0.509542,-1.049740,1.050626,-1.050592,-0.800066,-0.000180
actual,4.140000,15.640000,0.511075,-1.049740,1.050626,-1.050592,-0.800066,-0.000180
actual,4.145000,15.645000,0.512597,-1.049740,1.050626,-1.050592,-0.800066,-0.000180
actual,4.150000,15.650000,0.514107,-1.049740,1.050626,-1.050592,-0.800066,-0.000180
actual,4.155000,15.655000,0.515603,-1.049740,1.050626,-1.050592,-0.800066,-0.000180
actual,4.160000,15.660000,0.517084,-1.049740,1.050626,-1.050592,-0.800066,-0.000180
actual,4.165000,15.665000,0.518547,-1.049740,1.050626,-1.050592,-0.800066,-0.000180
actual,4.170000,15.670000,0.519993,-1.049740,1.050626,-1.050592,-0.800066,-0.000180
actual,4.175000,15.675000,0.521419,-1.049740,1.050626,-1.050592,-0.800066,-0.000180
actual,4.180000,15.680000,0.522824,-1.049740,1.050626,-1.050592,-0.800066,-0.000180
actual,4.185000,15.685000,0.524206,-1.049740,1.050626,-1.050592,-0.800066,-0.000180
actual,4.190000,15.690000,0.525564,-1.049740,1.050626,-1.050592,-0.800066,-0.000180
actual,4.195000,15.695000,0.526897,-1.049740,1.050626,-1.050592,-0.800066,-0.000180
actual,4.200000,15.700000,0.528204,-1.049740,1.050626,-1.050592,-0.800066,-0.000180
actual,4.205000,15.705000,0.529483,-1.049740,1.050626,-1.050592,-0.800066,-0.000180
actual,4.210000,15.710000,0.530733,-1.049740,1.050626,-1.050592,-0.800066,-0.000180
actual,4.215000,15.715000,0.531952,-1.049740,1.050626,-1.050592,-0.800066,-0.000180
actual,4.220000,15.720000,0.533140,-1.049740,1.050626,-1.050592,-0.800066,-0.000180
actual,4.225000,15.725000,0.534296,-1.049740,1.050626,-1.050592,-0.800066,-0.000180
actual,4.230000,15.730000,0.535417,-1.049740,1.050626,-1.050592,-0.800066,-0.000180
actual,4.235000,15.735000,0.536504,-1.049740,1.050626,-1.050592,-0.800066,-0.000180
actual,4.240000,15.740000,0.537555,-1.049740,1.050626,-1.050592,-0.800066,-0.000180
actual,4.245000,15.745000,0.538568,-1.049740,1.050626,-1.050592,-0.800066,-0.000180
actual,4.250000,15.750000,0.539544,-1.049740,1.050626,-1.050592,-0.800066,-0.000180
actual,4.255000,15.755000,0.540481,-1.049740,1.050626,-1.050592,-0.800066,-0.000180
actual,4.260000,15.760000,0.541377,-1.049740,1.050626,-1.050592,-0.800066,-0.000180
actual,4.265000,15.765000,0.542233,-1.049740,1.050626,-1.050592,-0.800066,-0.000180
actual,4.270000,15.770000,0.543048,-1.049740,1.050626,-1.050592,-0.800066,-0.000180
actual,4.275000,15.775000,0.543819,-1.049740,1.050626,-1.050592,-0.800066,-0.000180
actual,4.280000,15.780000,0.544548,-1.049740,1.050626,-1.050592,-0.800066,-0.000180
actual,4.285000,15.785000,0.545233,-1.049740,1.050626,-1.050592,-0.800066,-0.000180
actual,4.290000,15.790000,0.545873,-1.049740,1.050626,-1.050592,-0.800066,-0.000180
actual,4.295000,15.795000,0.546468,-1.049740,1.050626,-1.050592,-0.800066,-0.000180
actual,4.300000,15.800000,0.547017,-1.049740,1.050626,-1.050592,-0.800066,-0.000180
actual,4.305000,15.805000,0.547519,-1.049740,1.050626,-1.050592,-0.800066,-0.000180
actual,4.310000,15.810000,0.547975,-1.049740,1.050626,-1.050592,-0.800066,-0.000180
actual,4.315000,15.815000,0.548384,-1.049740,1.050626,-1.050592,-0.800066,-0.000180
actual,4.320000,15.820000,0.548744,-1.049740,1.050626,-1.050592,-0.800066,-0.000180
actual,4.325000,15.825000,0.549057,-1.049740,1.050626,-1.050592,-0.800066,-0.000180
actual,4.330000,15.830000,0.549322,-1.049740,1.050626,-1.050592,-0.800066,-0.000180
actual,4.335000,15.835000,0.549537,-1.049740,1.050626,-1.050592,-0.800066,-0.000180
actual,4.340000,15.840000,0.549704,-1.049740,1.050626,-1.050592,-0.800066,-0.000180
actual,4.345000,15.845000,0.549822,-1.049740,1.050626,-1.050592,-0.800066,-0.000180
actual,4.350000,15.850000,0.549891,-1.049740,1.050626,-1.050592,-0.800066,-0.000180
actual,4.355000,15.855000,0.549910,-1.049740,1.050626,-1.050592,-0.800066,-0.000180
actual,4.360000,15.860000,0.549881,-1.049740,1.050626,-1.050592,-0.800066,-0.000180
actual,4.365000,15.865000,0.549802,-1.049740,1.050626,-1.050592,-0.800066,-0.000180
actual,4.370000,15.870000,0.549674,-1.049740,1.050626,-1.050592,-0.800066,-0.000180
actual,4.375000,15.875000,0.549497,-1.049740,1.050626,-1.050592,-0.800066,-0.000180
actual,4.380000,15.880000,0.549271,-1.049740,1.050626,-1.050592,-0.800066,-0.000180
actual,4.385000,15.885000,0.548997,-1.049740,1.050626,-1.050592,-0.800066,-0.000180
actual,4.390000,15.890000,0.548674,-1.049740,1.050626,-1.050592,-0.800066,-0.000180
actual,4.395000,15.895000,0.548303,-1.049740,1.050626,-1.050592,-0.800066,-0.000180
actual,4.400000,15.900000,0.547885,-1.049740,1.050626,-1.050592,-0.800066,-0.000180
actual,4.405000,15.905000,0.547419,-1.049740,1.050626,-1.050592,-0.800066,-0.000180
actual,4.410000,15.910000,0.546907,-1.049740,1.050626,-1.050592,-0.800066,-0.000180
actual,4.415000,15.915000,0.546348,-1.049740,1.050626,-1.050592,-0.800066,-0.000180
actual,4.420000,15.920000,0.545744,-1.049740,1.050626,-1.050592,-0.800066,-0.000180
actual,4.425000,15.925000,0.545095,-1.049740,1.050626,-1.050592,-0.800066,-0.000180
actual,4.430000,15.930000,0.544401,-1.049740,1.050626,-1.050592,-0.800066,-0.000180
actual,4.435000,15.935000,0.543663,-1.049740,1.050626,-1.050592,-0.800066,-0.000180
actual,4.440000,15.940000,0.542883,-1.049740,1.050626,-1.050592,-0.800066,-0.000180
actual,4.445000,15.945000,0.542060,-1.049740,1.050626,-1.050592,-0.800066,-0.000180
actual,4.450000,15.950000,0.541195,-1.049740,1.050626,-1.050592,-0.800066,-0.000180
actual,4.455000,15.955000,0.540290,-1.049740,1.050626,-1.050592,-0.800066,-0.000180
actual,4.460000,15.960000,0.539345,-1.049740,1.050626,-1.050592,-0.800066,-0.000180
actual,4.465000,15.965000,0.538362,-1.049740,1.050626,-1.050592,-0.800066,-0.000180
actual,4.470000,15.970000,0.537341,-1.049740,1.050626,-1.050592,-0.800066,-0.000180
actual,4.475000,15.975000,0.536282,-1.049740,1.050626,-1.050592,-0.800066,-0.000180
actual,4.480000,15.980000,0.535188,-1.049740,1.050626,-1.050592,-0.800066,-0.000180
actual,4.485000,15.985000,0.534060,-1.049740,1.050626,-1.050592,-0.800066,-0.000180
actual,4.490000,15.990000,0.532897,-1.049740,1.050626,-1.050592,-0.800066,-0.000180
actual,4.495000,15.995000,0.531703,-1.049740,1.050626,-1.050592,-0.800066,-0.000180
actual,4.500000,16.000000,0.530477,-1.049740,1.050626,-1.050592,-0.800066,-0.000180
actual,4.505000,16.005000,0.529221,-1.049740,1.050626,-1.050592,-0.800066,-0.000180
actual,4.510000,16.010000,0.527936,-1.049740,1.050626,-1.050592,-0.800066,-0.000180
actual,4.515000,16.015000,0.526624,-1.049740,1.050626,-1.050592,-0.800066,-0.000180
actual,4.520000,16.020000,0.525285,-1.049740,1.050626,-1.050592,-0.800066,-0.000180
actual,4.525000,16.025000,0.523922,-1.049740,1.050626,-1.050592,-0.800066,-0.000180
actual,4.530000,16.030000,0.522535,-1.049740,1.050626,-1.050592,-0.800066,-0.000180
actual,4.535000,16.035000,0.521126,-1.049740,1.050626,-1.050592,-0.800066,-0.000180
actual,4.540000,16.040000,0.519696,-1.049740,1.050626,-1.050592,-0.800066,-0.000180
actual,4.545000,16.045000,0.518246,-1.049740,1.050626,-1.050592,-0.800066,-0.000180
actual,4.550000,16.050000,0.516779,-1.049740,1.050626,-1.050592,-0.800066,-0.000180
actual,4.555000,16.055000,0.515295,-1.049740,1.050626,-1.050592,-0.800066,-0.000180
actual,4.560000,16.060000,0.513796,-1.049740,1.050626,-1.050592,-0.800066,-0.000180
actual,4.565000,16.065000,0.512283,-1.049740,1.050626,-1.050592,-0.800066,-0.000180
actual,4.570000,16.070000,0.510759,-1.049740,1.050626,-1.050592,-0.800066,-0.000180
actual,4.575000,16.075000,0.509224,-1.049740,1.050626,-1.050592,-0.800066,-0.000180
actual,4.580000,16.080000,0.507679,-1.049740,1.050626,-1.050592,-0.800066,-0.000180
actual,4.585000,16.085000,0.506128,-1.049740,1.050626,-1.050592,-0.800066,-0.000180
actual,4.590000,16.090000,0.504570,-1.049740,1.050626,-1.050592,-0.800066,-0.000180
actual,4.595000,16.095000,0.503007,-1.049740,1.050626,-1.050592,-0.800066,-0.000180
actual,4.600000,16.100000,0.501442,-1.049740,1.050626,-1.050592,-0.800066,-0.000180
actual,4.605000,16.105000,0.499876,-1.049740,1.050626,-1.050592,-0.800066,-0.000180
actual,4.610000,16.110000,0.498309,-1.049740,1.050626,-1.050592,-0.800066,-0.000180
actual,4.615000,16.115000,0.496744,-1.049740,1.050626,-1.050592,-0.800066,-0.000180
actual,4.620000,16.120000,0.495183,-1.049740,1.050626,-1.050592,-0.800066,-0.000180
actual,4.625000,16.125000,0.493626,-1.049740,1.050626,-1.050592,-0.800066,-0.000180
actual,4.630000,16.130000,0.492076,-1.049740,1.050626,-1.050592,-0.800066,-0.000180
actual,4.635000,16.135000,0.490533,-1.049740,1.050626,-1.050592,-0.800066,-0.000180
actual,4.640000,16.140000,0.489000,-1.049740,1.050626,-1.050592,-0.800066,-0.000180
actual,4.645000,16.145000,0.487478,-1.049740,1.050626,-1.050592,-0.800066,-0.000180
actual,4.650000,16.150000,0.485968,-1.049740,1.050626,-1.050592,-0.800066,-0.000180
actual,4.655000,16.155000,0.484472,-1.049740,1.050626,-1.050592,-0.800066,-0.000180
actual,4.660000,16.160000,0.482991,-1.049740,1.050626,-1.050592,-0.800066,-0.000180
actual,4.665000,16.165000,0.481527,-1.049740,1.050626,-1.050592,-0.800066,-0.000180
actual,4.670000,16.170000,0.480082,-1.049740,1.050626,-1.050592,-0.800066,-0.000180
actual,4.675000,16.175000,0.478656,-1.049740,1.050626,-1.050592,-0.800066,-0.000180
actual,4.680000,16.180000,0.477251,-1.049740,1.050626,-1.050592,-0.800066,-0.000180
actual,4.685000,16.185000,0.475869,-1.049740,1.050626,-1.050592,-0.800066,-0.000180
actual,4.690000,16.190000,0.474511,-1.049740,1.050626,-1.050592,-0.800066,-0.000180
actual,4.695000,16.195000,0.473178,-1.049740,1.050626,-1.050592,-0.800066,-0.000180
actual,4.700000,16.200000,0.471871,-1.049740,1.050626,-1.050592,-0.800066,-0.000180
actual,4.705000,16.205000,0.470592,-1.049740,1.050626,-1.050592,-0.800066,-0.000180
actual,4.710000,16.210000,0.469342,-1.049740,1.050626,-1.050592,-0.800066,-0.000180
actual,4.715000,16.215000,0.468123,-1.049740,1.050626,-1.050592,-0.800066,-0.000180
actual,4.720000,16.220000,0.466935,-1.049740,1.050626,-1.050592,-0.800066,-0.000180
actual,4.725000,16.225000,0.465779,-1.049740,1.050626,-1.050592,-0.800066,-0.000180
actual,4.730000,16.230000,0.464658,-1.049740,1.050626,-1.050592,-0.800066,-0.000180
actual,4.735000,16.235000,0.463571,-1.049740,1.050626,-1.050592,-0.800066,-0.000180
actual,4.740000,16.240000,0.462520,-1.049740,1.050626,-1.050592,-0.800066,-0.000180
actual,4.745000,16.245000,0.461507,-1.049740,1.050626,-1.050592,-0.800066,-0.000180
actual,4.750000,16.250000,0.460531,-1.049740,1.050626,-1.050592,-0.800066,-0.000180
actual,4.755000,16.255000,0.459594,-1.049740,1.050626,-1.050592,-0.800066,-0.000180
actual,4.760000,16.260000,0.458698,-1.049740,1.050626,-1.050592,-0.800066,-0.000180
actual,4.765000,16.265000,0.457842,-1.049740,1.050626,-1.050592,-0.800066,-0.000180
actual,4.770000,16.270000,0.457027,-1.049740,1.050626,-1.050592,-0.800066,-0.000180
actual,4.775000,16.275000,0.456256,-1.049740,1.050626,-1.050592,-0.800066,-0.000180
actual,4.780000,16.280000,0.455527,-1.049740,1.050626,-1.050592,-0.800066,-0.000180
actual,4.785000,16.285000,0.454842,-1.049740,1.050626,-1.050592,-0.800066,-0.000180
actual,4.790000,16.290000,0.454202,-1.049740,1.050626,-1.050592,-0.800066,-0.000180
actual,4.795000,16.295000,0.453607,-1.049740,1.050626,-1.050592,-0.800066,-0.000180
actual,4.800000,16.300000,0.453058,-1.049740,1.050626,-1.050592,-0.800066,-0.000180
actual,4.805000,16.305000,0.452556,-1.049740,1.050626,-1.050592,-0.800066,-0.000180
actual,4.810000,16.310000,0.452100,-1.049740,1.050626,-1.050592,-0.800066,-0.000180
actual,4.815000,16.315000,0.451691,-1.049740,1.050626,-1.050592,-0.800066,-0.000180
actual,4.820000,16.320000,0.451330,-1.049740,1.050626,-1.050592,-0.800066,-0.000180
actual,4.825000,16.325000,0.451018,-1.049740,1.050626,-1.050592,-0.800066,-0.000180
actual,4.830000,16.330000,0.450753,-1.049740,1.050626,-1.050592,-0.800066,-0.000180
actual,4.835000,16.335000,0.450538,-1.049740,1.050626,-1.050592,-0.800066,-0.000180
actual,4.840000,16.340000,0.450371,-1.049740,1.050626,-1.050592,-0.800066,-0.000180
actual,4.845000,16.345000,0.450253,-1.049740,1.050626,-1.050592,-0.800066,-0.000180
actual,4.850000,16.350000,0.450184,-1.049740,1.050626,-1.050592,-0.800066,-0.000180
actual,4.855000,16.355000,0.450165,-1.049740,1.050626,-1.050592,-0.800066,-0.000180
actual,4.860000,16.360000,0.450194,-1.049740,1.050626,-1.050592,-0.800066,-0.000180
actual,4.865000,16.365000,0.450273,-1.049740,1.050626,-1.050592,-0.800066,-0.000180
actual,4.870000,16.370000,0.450401,-1.049740,1.050626,-1.050592,-0.800066,-0.000180
actual,4.875000,16.375000,0.450578,-1.049740,1.050626,-1.050592,-0.800066,-0.000180
actual,4.880000,16.380000,0.450804,-1.049740,1.050626,-1.050592,-0.800066,-0.000180
actual,4.885000,16.385000,0.451078,-1.049740,1.050626,-1.050592,-0.800066,-0.000180
actual,4.890000,16.390000,0.451401,-1.049740,1.050626,-1.050592,-0.800066,-0.000180
actual,4.895000,16.395000,0.451772,-1.049740,1.050626,-1.050592,-0.800066,-0.000180
actual,4.900000,16.400000,0.452190,-1.049740,1.050626,-1.050592,-0.800066,-0.000180
actual,4.905000,16.405000,0.452656,-1.049740,1.050626,-1.050592,-0.800066,-0.000180
actual,4.910000,16.410000,0.453168,-1.049740,1.050626,-1.050592,-0.800066,-0.000180
actual,4.915000,16.415000,0.453726,-1.049740,1.050626,-1.050592,-0.800066,-0.000180
actual,4.920000,16.420000,0.454331,-1.049740,1.050626,-1.050592,-0.800066,-0.000180
actual,4.925000,16.425000,0.454980,-1.049740,1.050626,-1.050592,-0.800066,-0.000180
actual,4.930000,16.430000,0.455674,-1.049740,1.050626,-1.050592,-0.800066,-0.000180
actual,4.935000,16.435000,0.456412,-1.049740,1.050626,-1.050592,-0.800066,-0.000180
actual,4.940000,16.440000,0.457192,-1.049740,1.050626,-1.050592,-0.800066,-0.000180
actual,4.945000,16.445000,0.458015,-1.049740,1.050626,-1.050592,-0.800066,-0.000180
actual,4.950000,16.450000,0.458880,-1.049740,1.050626,-1.050592,-0.800066,-0.000180
actual,4.955000,16.455000,0.459785,-1.049740,1.050626,-1.050592,-0.800066,-0.000180
actual,4.960000,16.460000,0.460729,-1.049740,1.050626,-1.050592,-0.800066,-0.000180
actual,4.965000,16.465000,0.461713,-1.049740,1.050626,-1.050592,-0.800066,-0.000180
actual,4.970000,16.470000,0.462734,-1.049740,1.050626,-1.050592,-0.800066,-0.000180
actual,4.975000,16.475000,0.463793,-1.049740,1.050626,-1.050592,-0.800066,-0.000180
actual,4.980000,16.480000,0.464887,-1.049740,1.050626,-1.050592,-0.800066,-0.000180
actual,4.985000,16.485000,0.466015,-1.049740,1.050626,-1.050592,-0.800066,-0.000180
actual,4.990000,16.490000,0.467177,-1.049740,1.050626,-1.050592,-0.800066,-0.000180
actual,4.995000,16.495000,0.468372,-1.049740,1.050626,-1.050592,-0.800066,-0.000180
actual,5.000000,16.500000,0.469598,-1.049740,1.050626,-1.050592,-0.800066,-0.000180
actual,5.005000,16.505000,0.470854,-1.049740,1.050626,-1.050592,-0.800066,-0.000180
actual,5.010000,16.510000,0.472139,-1.049740,1.050626,-1.050592,-0.800066,-0.000180
actual,5.015000,16.515000,0.473451,-1.049740,1.050626,-1.050592,-0.800066,-0.000180
actual,5.020000,16.520000,0.474790,-1.049740,1.050626,-1.050592,-0.800066,-0.000180
actual,5.025000,16.525000,0.476153,-1.049740,1.050626,-1.050592,-0.800066,-0.000180
actual,5.030000,16.530000,0.477540,-1.049740,1.050626,-1.050592,-0.800066,-0.000180
actual,5.035000,16.535000,0.478949,-1.049740,1.050626,-1.050592,-0.800066,-0.000180
actual,5.040000,16.540000,0.480379,-1.049740,1.050626,-1.050592,-0.800066,-0.000180
actual,5.045000,16.545000,0.481829,-1.049740,1.050626,-1.050592,-0.800066,-0.000180
actual,5.050000,16.550000,0.483296,-1.049740,1.050626,-1.050592,-0.800066,-0.000180
actual,5.055000,16.555000,0.484780,-1.049740,1.050626,-1.050592,-0.800066,-0.000180
actual,5.060000,16.560000,0.486279,-1.049740,1.050626,-1.050592,-0.800066,-0.000180
actual,5.065000,16.565000,0.487791,-1.049740,1.050626,-1.050592,-0.800066,-0.000180
actual,5.070000,16.570000,0.489316,-1.049740,1.050626,-1.050592,-0.800066,-0.000180
actual,5.075000,16.575000,0.490851,-1.049740,1.050626,-1.050592,-0.800066,-0.000180
actual,5.080000,16.580000,0.492396,-1.049740,1.050626,-1.050592,-0.800066,-0.000180
actual,5.085000,16.585000,0.493947,-1.049740,1.050626,-1.050592,-0.800066,-0.000180
actual,5.090000,16.590000,0.495505,-1.049740,1.050626,-1.050592,-0.800066,-0.000180
actual,5.095000,16.595000,0.497068,-1.049740,1.050626,-1.050592,-0.800066,-0.000180
actual,5.100000,16.600000,0.498633,-1.049740,1.050626,-1.050592,-0.800066,-0.000180
actual,5.105000,16.605000,0.500199,-1.049740,1.050626,-1.050592,-0.800066,-0.000180
actual,5.110000,16.610000,0.501766,-1.049740,1.050626,-1.050592,-0.800066,-0.000180
actual,5.115000,16.615000,0.503331,-1.049740,1.050626,-1.050592,-0.800066,-0.000180
actual,5.120000,16.620000,0.504892,-1.049740,1.050626,-1.050592,-0.800066,-0.000180
actual,5.125000,16.625000,0.506449,-1.049740,1.050626,-1.050592,-0.800066,-0.000180
actual,5.130000,16.630000,0.507999,-1.049740,1.050626,-1.050592,-0.800066,-0.000180
actual,5.135000,16.635000,0.509542,-1.049740,1.050626,-1.050592,-0.800066,-0.000180
actual,5.140000,16.640000,0.511075,-1.049740,1.050626,-1.050592,-0.800066,-0.000180
actual,5.145000,16.645000,0.512597,-1.049740,1.050626,-1.050592,-0.800066,-0.000180
actual,5.150000,16.650000,0.514107,-1.049740,1.050626,-1.050592,-0.800066,-0.000180
actual,5.155000,16.655000,0.515603,-1.049740,1.050626,-1.050592,-0.800066,-0.000180
actual,5.160000,16.660000,0.517084,-1.049740,1.050626,-1.050592,-0.800066,-0.000180
actual,5.165000,16.665000,0.518547,-1.049740,1.050626,-1.050592,-0.800066,-0.000180
actual,5.170000,16.670000,0.519993,-1.049740,1.050626,-1.050592,-0.800066,-0.000180
actual,5.175000,16.675000,0.521419,-1.049740,1.050626,-1.050592,-0.800066,-0.000180
actual,5.180000,16.680000,0.522824,-1.049740,1.050626,-1.050592,-0.800066,-0.000180
actual,5.185000,16.685000,0.524206,-1.049740,1.050626,-1.050592,-0.800066,-0.000180
actual,5.190000,16.690000,0.525564,-1.049740,1.050626,-1.050592,-0.800066,-0.000180
actual,5.195000,16.695000,0.526897,-1.049740,1.050626,-1.050592,-0.800066,-0.000180
actual,5.205000,16.705000,0.529483,-1.049740,1.050626,-1.050592,-0.800066,-0.000180
actual,5.210000,16.710000,0.530733,-1.049740,1.050626,-1.050592,-0.800066,-0.000180
actual,5.215000,16.715000,0.531952,-1.049740,1.050626,-1.050592,-0.800066,-0.000180
actual,5.220000,16.720000,0.533140,-1.049740,1.050626,-1.050592,-0.800066,-0.000180
actual,5.225000,16.725000,0.534296,-1.049740,1.050626,-1.050592,-0.800066,-0.000180
actual,5.230000,16.730000,0.535417,-1.049740,1.050626,-1.050592,-0.800066,-0.000180
actual,5.235000,16.735000,0.536504,-1.049740,1.050626,-1.050592,-0.800066,-0.000180
actual,5.240000,16.740000,0.537555,-1.049740,1.050626,-1.050592,-0.800066,-0.000180
actual,5.245000,16.745000,0.538568,-1.049740,1.050626,-1.050592,-0.800066,-0.000180
actual,5.250000,16.750000,0.539544,-1.049740,1.050626,-1.050592,-0.800066,-0.000180
actual,5.255000,16.755000,0.540481,-1.049740,1.050626,-1.050592,-0.800066,-0.000180
actual,5.260000,16.760000,0.541377,-1.049740,1.050626,-1.050592,-0.800066,-0.000180
actual,5.265000,16.765000,0.542233,-1.049740,1.050626,-1.050592,-0.800066,-0.000180
actual,5.270000,16.770000,0.543048,-1.049740,1.050626,-1.050592,-0.800066,-0.000180
actual,5.275000,16.775000,0.543819,-1.049740,1.050626,-1.050592,-0.800066,-0.000180
actual,5.280000,16.780000,0.544548,-1.049740,1.050626,-1.050592,-0.800066,-0.000180
actual,5.285000,16.785000,0.545233,-1.049740,1.050626,-1.050592,-0.800066,-0.000180
actual,5.290000,16.790000,0.545873,-1.049740,1.050626,-1.050592,-0.800066,-0.000180
actual,5.295000,16.795000,0.546468,-1.049740,1.050626,-1.050592,-0.800066,-0.000180
actual,5.300000,16.800000,0.547017,-1.049740,1.050626,-1.050592,-0.800066,-0.000180
actual,5.305000,16.805000,0.547519,-1.049740,1.050626,-1.050592,-0.800066,-0.000180
actual,5.310000,16.810000,0.547975,-1.049740,1.050626,-1.050592,-0.800066,-0.000180
actual,5.315000,16.815000,0.548384,-1.049740,1.050626,-1.050592,-0.800066,-0.000180
actual,5.320000,16.820000,0.548744,-1.049740,1.050626,-1.050592,-0.800066,-0.000180
actual,5.325000,16.825000,0.549057,-1.049740,1.050626,-1.050592,-0.800066,-0.000180
actual,5.330000,16.830000,0.549322,-1.049740,1.050626,-1.050592,-0.800066,-0.000180
actual,5.335000,16.835000,0.549537,-1.049740,1.050626,-1.050592,-0.800066,-0.000180
actual,5.340000,16.840000,0.549704,-1.049740,1.050626,-1.050592,-0.800066,-0.000180
actual,5.345000,16.845000,0.549822,-1.049740,1.050626,-1.050592,-0.800066,-0.000180
actual,5.350000,16.850000,0.549891,-1.049740,1.050626,-1.050592,-0.800066,-0.000180
actual,5.355000,16.855000,0.549910,-1.049740,1.050626,-1.050592,-0.800066,-0.000180
actual,5.360000,16.860000,0.549881,-1.049740,1.050626,-1.050592,-0.800066,-0.000180
actual,5.365000,16.865000,0.549802,-1.049740,1.050626,-1.050592,-0.800066,-0.000180
actual,5.370000,16.870000,0.549674,-1.049740,1.050626,-1.050592,-0.800066,-0.000180
actual,5.375000,16.875000,0.549497,-1.049740,1.050626,-1.050592,-0.800066,-0.000180
actual,5.380000,16.880000,0.549271,-1.049740,1.050626,-1.050592,-0.800066,-0.000180
actual,5.385000,16.885000,0.548997,-1.049740,1.050626,-1.050592,-0.800066,-0.000180
actual,5.390000,16.890000,0.548674,-1.049740,1.050626,-1.050592,-0.800066,-0.000180
actual,5.395000,16.895000,0.548303,-1.049740,1.050626,-1.050592,-0.800066,-0.000180
actual,5.400000,16.900000,0.547885,-1.049740,1.050626,-1.050592,-0.800066,-0.000180
actual,5.405000,16.905000,0.547419,-1.049740,1.050626,-1.050592,-0.800066,-0.000180
actual,5.410000,16.910000,0.546907,-1.049740,1.050626,-1.050592,-0.800066,-0.000180
actual,5.415000,16.915000,0.546348,-1.049740,1.050626,-1.050592,-0.800066,-0.000180
actual,5.420000,16.920000,0.545744,-1.049740,1.050626,-1.050592,-0.800066,-0.000180
actual,5.425000,16.925000,0.545095,-1.049740,1.050626,-1.050592,-0.800066,-0.000180
actual,5.430000,16.930000,0.544401,-1.049740,1.050626,-1.050592,-0.800066,-0.000180
actual,5.435000,16.935000,0.543663,-1.049740,1.050626,-1.050592,-0.800066,-0.000180
actual,5.440000,16.940000,0.542883,-1.049740,1.050626,-1.050592,-0.800066,-0.000180
actual,5.445000,16.945000,0.542060,-1.049740,1.050626,-1.050592,-0.800066,-0.000180
actual,5.450000,16.950000,0.541195,-1.049740,1.050626,-1.050592,-0.800066,-0.000180
actual,5.455000,16.955000,0.540290,-1.049740,1.050626,-1.050592,-0.800066,-0.000180
actual,5.460000,16.960000,0.539345,-1.049740,1.050626,-1.050592,-0.800066,-0.000180
actual,5.465000,16.965000,0.538362,-1.049740,1.050626,-1.050592,-0.800066,-0.000180
actual,5.470000,16.970000,0.537341,-1.049740,1.050626,-1.050592,-0.800066,-0.000180
actual,5.475000,16.975000,0.536282,-1.049740,1.050626,-1.050592,-0.800066,-0.000180
actual,5.480000,16.980000,0.535188,-1.049740,1.050626,-1.050592,-0.800066,-0.000180
actual,5.485000,16.985000,0.534060,-1.049740,1.050626,-1.050592,-0.800066,-0.000180
actual,5.490000,16.990000,0.532897,-1.049740,1.050626,-1.050592,-0.800066,-0.000180
actual,5.495000,16.995000,0.531703,-1.049740,1.050626,-1.050592,-0.800066,-0.000180
actual,5.500000,17.000000,0.530477,-1.049740,1.050626,-1.050592,-0.800066,-0.000180
actual,5.505000,17.005000,0.529221,-1.049740,1.050626,-1.050592,-0.800066,-0.000180
actual,5.510000,17.010000,0.527936,-1.049740,1.050626,-1.050592,-0.800066,-0.000180
actual,5.515000,17.015000,0.526624,-1.049740,1.050626,-1.050592,-0.800066,-0.000180
actual,5.520000,17.020000,0.525285,-1.049740,1.050626,-1.050592,-0.800066,-0.000180
actual,5.525000,17.025000,0.523922,-1.049740,1.050626,-1.050592,-0.800066,-0.000180
actual,5.530000,17.030000,0.522535,-1.049740,1.050626,-1.050592,-0.800066,-0.000180
actual,5.535000,17.035000,0.521126,-1.049740,1.050626,-1.050592,-0.800066,-0.000180
actual,5.540000,17.040000,0.519696,-1.049740,1.050626,-1.050592,-0.800066,-0.000180
actual,5.545000,17.045000,0.518246,-1.049740,1.050626,-1.050592,-0.800066,-0.000180
actual,5.550000,17.050000,0.516779,-1.049740,1.050626,-1.050592,-0.800066,-0.000180
actual,5.555000,17.055000,0.515295,-1.049740,1.050626,-1.050592,-0.800066,-0.000180
actual,5.560000,17.060000,0.513796,-1.049740,1.050626,-1.050592,-0.800066,-0.000180
actual,5.565000,17.065000,0.512283,-1.049740,1.050626,-1.050592,-0.800066,-0.000180
actual,5.570000,17.070000,0.510759,-1.049740,1.050626,-1.050592,-0.800066,-0.000180
actual,5.575000,17.075000,0.509224,-1.049740,1.050626,-1.050592,-0.800066,-0.000180
actual,5.580000,17.080000,0.507679,-1.049740,1.050626,-1.050592,-0.800066,-0.000180
actual,5.585000,17.085000,0.506128,-1.049740,1.050626,-1.050592,-0.800066,-0.000180
actual,5.590000,17.090000,0.504570,-1.049740,1.050626,-1.050592,-0.800066,-0.000180
actual,5.595000,17.095000,0.503007,-1.049740,1.050626,-1.050592,-0.800066,-0.000180
actual,5.600000,17.100000,0.501442,-1.049740,1.050626,-1.050592,-0.800066,-0.000180
actual,5.605000,17.105000,0.499876,-1.049740,1.050626,-1.050592,-0.800066,-0.000180
actual,5.610000,17.110000,0.498309,-1.049740,1.050626,-1.050592,-0.800066,-0.000180
actual,5.615000,17.115000,0.496744,-1.049740,1.050626,-1.050592,-0.800066,-0.000180
actual,5.620000,17.120000,0.495183,-1.049740,1.050626,-1.050592,-0.800066,-0.000180
actual,5.625000,17.125000,0.493626,-1.049740,1.050626,-1.050592,-0.800066,-0.000180
actual,5.630000,17.130000,0.492076,-1.049740,1.050626,-1.050592,-0.800066,-0.000180
actual,5.635000,17.135000,0.490533,-1.049740,1.050626,-1.050592,-0.800066,-0.000180
actual,5.640000,17.140000,0.489000,-1.049740,1.050626,-1.050592,-0.800066,-0.000180
actual,5.645000,17.145000,0.487478,-1.049740,1.050626,-1.050592,-0.800066,-0.000180
actual,5.650000,17.150000,0.485968,-1.049740,1.050626,-1.050592,-0.800066,-0.000180
actual,5.655000,17.155000,0.484472,-1.049740,1.050626,-1.050592,-0.800066,-0.000180
actual,5.660000,17.160000,0.482991,-1.049740,1.050626,-1.050592,-0.800066,-0.000180
actual,5.665000,17.165000,0.481527,-1.049740,1.050626,-1.050592,-0.800066,-0.000180
actual,5.670000,17.170000,0.480082,-1.049740,1.050626,-1.050592,-0.800066,-0.000180
actual,5.675000,17.175000,0.478656,-1.049740,1.050626,-1.050592,-0.800066,-0.000180
actual,5.680000,17.180000,0.477251,-1.049740,1.050626,-1.050592,-0.800066,-0.000180
actual,5.685000,17.185000,0.475869,-1.049740,1.050626,-1.050592,-0.800066,-0.000180
actual,5.690000,17.190000,0.474511,-1.049740,1.050626,-1.050592,-0.800066,-0.000180
actual,5.695000,17.195000,0.473178,-1.049740,1.050626,-1.050592,-0.800066,-0.000180
actual,5.700000,17.200000,0.471871,-1.049740,1.050626,-1.050592,-0.800066,-0.000180
actual,5.705000,17.205000,0.470592,-1.049740,1.050626,-1.050592,-0.800066,-0.000180
actual,5.710000,17.210000,0.469342,-1.049740,1.050626,-1.050592,-0.800066,-0.000180
actual,5.715000,17.215000,0.468123,-1.049740,1.050626,-1.050592,-0.800066,-0.000180
actual,5.720000,17.220000,0.466935,-1.049740,1.050626,-1.050592,-0.800066,-0.000180
actual,5.725000,17.225000,0.465779,-1.049740,1.050626,-1.050592,-0.800066,-0.000180
actual,5.730000,17.230000,0.464658,-1.049740,1.050626,-1.050592,-0.800066,-0.000180
actual,5.735000,17.235000,0.463571,-1.049740,1.050626,-1.050592,-0.800066,-0.000180
actual,5.740000,17.240000,0.462520,-1.049740,1.050626,-1.050592,-0.800066,-0.000180
actual,5.745000,17.245000,0.461507,-1.049740,1.050626,-1.050592,-0.800066,-0.000180
actual,5.750000,17.250000,0.460531,-1.049740,1.050626,-1.050592,-0.800066,-0.000180
actual,5.755000,17.255000,0.459594,-1.049740,1.050626,-1.050592,-0.800066,-0.000180
actual,5.760000,17.260000,0.458698,-1.049740,1.050626,-1.050592,-0.800066,-0.000180
actual,5.765000,17.265000,0.457842,-1.049740,1.050626,-1.050592,-0.800066,-0.000180
actual,5.770000,17.270000,0.457027,-1.049740,1.050626,-1.050592,-0.800066,-0.000180
actual,5.775000,17.275000,0.456256,-1.049740,1.050626,-1.050592,-0.800066,-0.000180
actual,5.780000,17.280000,0.455527,-1.049740,1.050626,-1.050592,-0.800066,-0.000180
actual,5.785000,17.285000,0.454842,-1.049740,1.050626,-1.050592,-0.800066,-0.000180
actual,5.790000,17.290000,0.454202,-1.049740,1.050626,-1.050592,-0.800066,-0.000180
actual,5.795000,17.295000,0.453607,-1.049740,1.050626,-1.050592,-0.800066,-0.000180
actual,5.800000,17.300000,0.453058,-1.049740,1.050626,-1.050592,-0.800066,-0.000180
actual,5.805000,17.305000,0.452556,-1.049740,1.050626,-1.050592,-0.800066,-0.000180
actual,5.810000,17.310000,0.452100,-1.049740,1.050626,-1.050592,-0.800066,-0.000180
actual,5.815000,17.315000,0.451691,-1.049740,1.050626,-1.050592,-0.800066,-0.000180
actual,5.820000,17.320000,0.451330,-1.049740,1.050626,-1.050592,-0.800066,-0.000180
actual,5.825000,17.325000,0.451018,-1.049740,1.050626,-1.050592,-0.800066,-0.000180
actual,5.830000,17.330000,0.450753,-1.049740,1.050626,-1.050592,-0.800066,-0.000180
actual,5.835000,17.335000,0.450538,-1.049740,1.050626,-1.050592,-0.800066,-0.000180
actual,5.840000,17.340000,0.450371,-1.049740,1.050626,-1.050592,-0.800066,-0.000180
actual,5.845000,17.345000,0.450253,-1.049740,1.050626,-1.050592,-0.800066,-0.000180
actual,5.850000,17.350000,0.450184,-1.049740,1.050626,-1.050592,-0.800066,-0.000180
actual,5.855000,17.355000,0.450165,-1.049740,1.050626,-1.050592,-0.800066,-0.000180
actual,5.860000,17.360000,0.450194,-1.049740,1.050626,-1.050592,-0.800066,-0.000180
actual,5.865000,17.365000,0.450273,-1.049740,1.050626,-1.050592,-0.800066,-0.000180
actual,5.870000,17.370000,0.450401,-1.049740,1.050626,-1.050592,-0.800066,-0.000180
actual,5.875000,17.375000,0.450578,-1.049740,1.050626,-1.050592,-0.800066,-0.000180
actual,5.880000,17.380000,0.450804,-1.049740,1.050626,-1.050592,-0.800066,-0.000180
actual,5.885000,17.385000,0.451078,-1.049740,1.050626,-1.050592,-0.800066,-0.000180
actual,5.890000,17.390000,0.451401,-1.049740,1.050626,-1.050592,-0.800066,-0.000180
actual,5.895000,17.395000,0.451772,-1.049740,1.050626,-1.050592,-0.800066,-0.000180
actual,5.900000,17.400000,0.452190,-1.049740,1.050626,-1.050592,-0.800066,-0.000180
actual,5.905000,17.405000,0.452656,-1.049740,1.050626,-1.050592,-0.800066,-0.000180
actual,5.910000,17.410000,0.453168,-1.049740,1.050626,-1.050592,-0.800066,-0.000180
actual,5.915000,17.415000,0.453726,-1.049740,1.050626,-1.050592,-0.800066,-0.000180
actual,5.920000,17.420000,0.454331,-1.049740,1.050626,-1.050592,-0.800066,-0.000180
actual,5.925000,17.425000,0.454980,-1.049740,1.050626,-1.050592,-0.800066,-0.000180
actual,5.930000,17.430000,0.455674,-1.049740,1.050626,-1.050592,-0.800066,-0.000180
actual,5.935000,17.435000,0.456412,-1.049740,1.050626,-1.050592,-0.800066,-0.000180
actual,5.940000,17.440000,0.457192,-1.049740,1.050626,-1.050592,-0.800066,-0.000180
actual,5.945000,17.445000,0.458015,-1.049740,1.050626,-1.050592,-0.800066,-0.000180
actual,5.950000,17.450000,0.458880,-1.049740,1.050626,-1.050592,-0.800066,-0.000180
actual,5.955000,17.455000,0.459785,-1.049740,1.050626,-1.050592,-0.800066,-0.000180
actual,5.960000,17.460000,0.460729,-1.049740,1.050626,-1.050592,-0.800066,-0.000180
actual,5.965000,17.465000,0.461713,-1.049740,1.050626,-1.050592,-0.800066,-0.000180
actual,5.970000,17.470000,0.462734,-1.049740,1.050626,-1.050592,-0.800066,-0.000180
actual,5.975000,17.475000,0.463793,-1.049740,1.050626,-1.050592,-0.800066,-0.000180
actual,5.980000,17.480000,0.464887,-1.049740,1.050626,-1.050592,-0.800066,-0.000180
actual,5.985000,17.485000,0.466015,-1.049740,1.050626,-1.050592,-0.800066,-0.000180
actual,5.990000,17.490000,0.467177,-1.049740,1.050626,-1.050592,-0.800066,-0.000180
actual,5.995000,17.495000,0.468372,-1.049740,1.050626,-1.050592,-0.800066,-0.000180
actual,6.000000,17.500000,0.469598,-1.049740,1.050626,-1.050592,-0.800066,-0.000180
actual,6.005000,17.505000,0.470854,-1.049740,1.050626,-1.050592,-0.800066,-0.000180
actual,6.010000,17.510000,0.472139,-1.049740,1.050626,-1.050592,-0.800066,-0.000180
actual,6.015000,17.515000,0.473451,-1.049740,1.050626,-1.050592,-0.800066,-0.000180
actual,6.020000,17.520000,0.474790,-1.049740,1.050626,-1.050592,-0.800066,-0.000180
actual,6.025000,17.525000,0.476153,-1.049740,1.050626,-1.050592,-0.800066,-0.000180
actual,6.030000,17.530000,0.477540,-1.049740,1.050626,-1.050592,-0.800066,-0.000180
actual,6.035000,17.535000,0.478949,-1.049740,1.050626,-1.050592,-0.800066,-0.000180
actual,6.040000,17.540000,0.480379,-1.049740,1.050626,-1.050592,-0.800066,-0.000180
actual,6.045000,17.545000,0.481829,-1.049740,1.050626,-1.050592,-0.800066,-0.000180
actual,6.050000,17.550000,0.483296,-1.049740,1.050626,-1.050592,-0.800066,-0.000180
actual,6.055000,17.555000,0.484780,-1.049740,1.050626,-1.050592,-0.800066,-0.000180
actual,6.060000,17.560000,0.486279,-1.049740,1.050626,-1.050592,-0.800066,-0.000180
actual,6.065000,17.565000,0.487791,-1.049740,1.050626,-1.050592,-0.800066,-0.000180
actual,6.070000,17.570000,0.489316,-1.049740,1.050626,-1.050592,-0.800066,-0.000180
actual,6.075000,17.575000,0.490851,-1.049740,1.050626,-1.050592,-0.800066,-0.000180
actual,6.080000,17.580000,0.492396,-1.049740,1.050626,-1.050592,-0.800066,-0.000180
actual,6.085000,17.585000,0.493947,-1.049740,1.050626,-1.050592,-0.800066,-0.000180
actual,6.090000,17.590000,0.495505,-1.049740,1.050626,-1.050592,-0.800066,-0.000180
actual,6.095000,17.595000,0.497068,-1.049740,1.050626,-1.050592,-0.800066,-0.000180
actual,6.100000,17.600000,0.498633,-1.049740,1.050626,-1.050592,-0.800066,-0.000180
actual,6.105000,17.605000,0.500199,-1.049740,1.050626,-1.050592,-0.800066,-0.000180
actual,6.110000,17.610000,0.501766,-1.049740,1.050626,-1.050592,-0.800066,-0.000180
actual,6.115000,17.615000,0.503331,-1.049740,1.050626,-1.050592,-0.800066,-0.000180
actual,6.120000,17.620000,0.504892,-1.049740,1.050626,-1.050592,-0.800066,-0.000180
actual,6.125000,17.625000,0.506449,-1.049740,1.050626,-1.050592,-0.800066,-0.000180
actual,6.130000,17.630000,0.507999,-1.049740,1.050626,-1.050592,-0.800066,-0.000180
actual,6.135000,17.635000,0.509542,-1.049740,1.050626,-1.050592,-0.800066,-0.000180
actual,6.140000,17.640000,0.511075,-1.049740,1.050626,-1.050592,-0.800066,-0.000180
actual,6.145000,17.645000,0.512597,-1.049740,1.050626,-1.050592,-0.800066,-0.000180
actual,6.150000,17.650000,0.514107,-1.049740,1.050626,-1.050592,-0.800066,-0.000180
actual,6.155000,17.655000,0.515603,-1.049740,1.050626,-1.050592,-0.800066,-0.000180
actual,6.160000,17.660000,0.517084,-1.049740,1.050626,-1.050592,-0.800066,-0.000180
actual,6.165000,17.665000,0.518547,-1.049740,1.050626,-1.050592,-0.800066,-0.000180
actual,6.170000,17.670000,0.519993,-1.049740,1.050626,-1.050592,-0.800066,-0.000180
actual,6.175000,17.675000,0.521419,-1.049740,1.050626,-1.050592,-0.800066,-0.000180
actual,6.180000,17.680000,0.522824,-1.049740,1.050626,-1.050592,-0.800066,-0.000180
actual,6.185000,17.685000,0.524206,-1.049740,1.050626,-1.050592,-0.800066,-0.000180
actual,6.190000,17.690000,0.525564,-1.049740,1.050626,-1.050592,-0.800066,-0.000180
actual,6.195000,17.695000,0.526897,-1.049740,1.050626,-1.050592,-0.800066,-0.000180
actual,6.200000,17.700000,0.528204,-1.049740,1.050626,-1.050592,-0.800066,-0.000180
actual,6.205000,17.705000,0.529483,-1.049740,1.050626,-1.050592,-0.800066,-0.000180
actual,6.210000,17.710000,0.530733,-1.049740,1.050626,-1.050592,-0.800066,-0.000180
actual,6.215000,17.715000,0.531952,-1.049740,1.050626,-1.050592,-0.800066,-0.000180
actual,6.220000,17.720000,0.533140,-1.049740,1.050626,-1.050592,-0.800066,-0.000180
actual,6.225000,17.725000,0.534296,-1.049740,1.050626,-1.050592,-0.800066,-0.000180
actual,6.230000,17.730000,0.535417,-1.049740,1.050626,-1.050592,-0.800066,-0.000180
actual,6.235000,17.735000,0.536504,-1.049740,1.050626,-1.050592,-0.800066,-0.000180
actual,6.240000,17.740000,0.537555,-1.049740,1.050626,-1.050592,-0.800066,-0.000180
actual,6.245000,17.745000,0.538568,-1.049740,1.050626,-1.050592,-0.800066,-0.000180
actual,6.250000,17.750000,0.539544,-1.049740,1.050626,-1.050592,-0.800066,-0.000180
actual,6.255000,17.755000,0.540481,-1.049740,1.050626,-1.050592,-0.800066,-0.000180
actual,6.260000,17.760000,0.541377,-1.049740,1.050626,-1.050592,-0.800066,-0.000180
actual,6.265000,17.765000,0.542233,-1.049740,1.050626,-1.050592,-0.800066,-0.000180
actual,6.270000,17.770000,0.543048,-1.049740,1.050626,-1.050592,-0.800066,-0.000180
actual,6.275000,17.775000,0.543819,-1.049740,1.050626,-1.050592,-0.800066,-0.000180
actual,6.280000,17.780000,0.544548,-1.049740,1.050626,-1.050592,-0.800066,-0.000180
actual,6.285000,17.785000,0.545233,-1.049740,1.050626,-1.050592,-0.800066,-0.000180
actual,6.290000,17.790000,0.545873,-1.049740,1.050626,-1.050592,-0.800066,-0.000180
actual,6.295000,17.795000,0.546468,-1.049740,1.050626,-1.050592,-0.800066,-0.000180
actual,6.300000,17.800000,0.547017,-1.049740,1.050626,-1.050592,-0.800066,-0.000180
actual,6.305000,17.805000,0.547519,-1.049740,1.050626,-1.050592,-0.800066,-0.000180
actual,6.310000,17.810000,0.547975,-1.049740,1.050626,-1.050592,-0.800066,-0.000180
actual,6.315000,17.815000,0.548384,-1.049740,1.050626,-1.050592,-0.800066,-0.000180
actual,6.320000,17.820000,0.548744,-1.049740,1.050626,-1.050592,-0.800066,-0.000180
actual,6.325000,17.825000,0.549057,-1.049740,1.050626,-1.050592,-0.800066,-0.000180
actual,6.330000,17.830000,0.549322,-1.049740,1.050626,-1.050592,-0.800066,-0.000180
actual,6.335000,17.835000,0.549537,-1.049740,1.050626,-1.050592,-0.800066,-0.000180
actual,6.340000,17.840000,0.549704,-1.049740,1.050626,-1.050592,-0.800066,-0.000180
actual,6.345000,17.845000,0.549822,-1.049740,1.050626,-1.050592,-0.800066,-0.000180
actual,6.350000,17.850000,0.549891,-1.049740,1.050626,-1.050592,-0.800066,-0.000180
actual,6.355000,17.855000,0.549910,-1.049740,1.050626,-1.050592,-0.800066,-0.000180
actual,6.360000,17.860000,0.549881,-1.049740,1.050626,-1.050592,-0.800066,-0.000180
actual,6.365000,17.865000,0.549802,-1.049740,1.050626,-1.050592,-0.800066,-0.000180
actual,6.370000,17.870000,0.549674,-1.049740,1.050626,-1.050592,-0.800066,-0.000180
actual,6.375000,17.875000,0.549497,-1.049740,1.050626,-1.050592,-0.800066,-0.000180
actual,6.380000,17.880000,0.549271,-1.049740,1.050626,-1.050592,-0.800066,-0.000180
actual,6.385000,17.885000,0.548997,-1.049740,1.050626,-1.050592,-0.800066,-0.000180
actual,6.390000,17.890000,0.548674,-1.049740,1.050626,-1.050592,-0.800066,-0.000180
actual,6.395000,17.895000,0.548303,-1.049740,1.050626,-1.050592,-0.800066,-0.000180
actual,6.400000,17.900000,0.547885,-1.049740,1.050626,-1.050592,-0.800066,-0.000180
actual,6.405000,17.905000,0.547419,-1.049740,1.050626,-1.050592,-0.800066,-0.000180
actual,6.410000,17.910000,0.546907,-1.049740,1.050626,-1.050592,-0.800066,-0.000180
actual,6.415000,17.915000,0.546348,-1.049740,1.050626,-1.050592,-0.800066,-0.000180
actual,6.420000,17.920000,0.545744,-1.049740,1.050626,-1.050592,-0.800066,-0.000180
actual,6.425000,17.925000,0.545095,-1.049740,1.050626,-1.050592,-0.800066,-0.000180
actual,6.430000,17.930000,0.544401,-1.049740,1.050626,-1.050592,-0.800066,-0.000180
actual,6.435000,17.935000,0.543663,-1.049740,1.050626,-1.050592,-0.800066,-0.000180
actual,6.440000,17.940000,0.542883,-1.049740,1.050626,-1.050592,-0.800066,-0.000180
actual,6.445000,17.945000,0.542060,-1.049740,1.050626,-1.050592,-0.800066,-0.000180
actual,6.450000,17.950000,0.541195,-1.049740,1.050626,-1.050592,-0.800066,-0.000180
actual,6.455000,17.955000,0.540290,-1.049740,1.050626,-1.050592,-0.800066,-0.000180
actual,6.460000,17.960000,0.539345,-1.049740,1.050626,-1.050592,-0.800066,-0.000180
actual,6.465000,17.965000,0.538362,-1.049740,1.050626,-1.050592,-0.800066,-0.000180
actual,6.470000,17.970000,0.537341,-1.049740,1.050626,-1.050592,-0.800066,-0.000180
actual,6.475000,17.975000,0.536282,-1.049740,1.050626,-1.050592,-0.800066,-0.000180
actual,6.480000,17.980000,0.535188,-1.049740,1.050626,-1.050592,-0.800066,-0.000180
actual,6.485000,17.985000,0.534060,-1.049740,1.050626,-1.050592,-0.800066,-0.000180
actual,6.490000,17.990000,0.532897,-1.049740,1.050626,-1.050592,-0.800066,-0.000180
actual,6.495000,17.995000,0.531703,-1.049740,1.050626,-1.050592,-0.800066,-0.000180
actual,6.500000,18.000000,0.530477,-1.049740,1.050626,-1.050592,-0.800066,-0.000180
actual,6.505000,18.005000,0.529221,-1.049740,1.050626,-1.050592,-0.800066,-0.000180
actual,6.510000,18.010000,0.527936,-1.049740,1.050626,-1.050592,-0.800066,-0.000180
actual,6.515000,18.015000,0.526624,-1.049740,1.050626,-1.050592,-0.800066,-0.000180
actual,6.520000,18.020000,0.525285,-1.049740,1.050626,-1.050592,-0.800066,-0.000180
actual,6.525000,18.025000,0.523922,-1.049740,1.050626,-1.050592,-0.800066,-0.000180
actual,6.530000,18.030000,0.522535,-1.049740,1.050626,-1.050592,-0.800066,-0.000180
actual,6.535000,18.035000,0.521126,-1.049740,1.050626,-1.050592,-0.800066,-0.000180
actual,6.540000,18.040000,0.519696,-1.049740,1.050626,-1.050592,-0.800066,-0.000180
actual,6.545000,18.045000,0.518246,-1.049740,1.050626,-1.050592,-0.800066,-0.000180
actual,6.550000,18.050000,0.516779,-1.049740,1.050626,-1.050592,-0.800066,-0.000180
actual,6.555000,18.055000,0.515295,-1.049740,1.050626,-1.050592,-0.800066,-0.000180
actual,6.560000,18.060000,0.513796,-1.049740,1.050626,-1.050592,-0.800066,-0.000180
actual,6.565000,18.065000,0.512283,-1.049740,1.050626,-1.050592,-0.800066,-0.000180
actual,6.570000,18.070000,0.510759,-1.049740,1.050626,-1.050592,-0.800066,-0.000180
actual,6.575000,18.075000,0.509224,-1.049740,1.050626,-1.050592,-0.800066,-0.000180
actual,6.580000,18.080000,0.507679,-1.049740,1.050626,-1.050592,-0.800066,-0.000180
actual,6.585000,18.085000,0.506128,-1.049740,1.050626,-1.050592,-0.800066,-0.000180
actual,6.590000,18.090000,0.504570,-1.049740,1.050626,-1.050592,-0.800066,-0.000180
actual,6.595000,18.095000,0.503007,-1.049740,1.050626,-1.050592,-0.800066,-0.000180
actual,6.600000,18.100000,0.501442,-1.049740,1.050626,-1.050592,-0.800066,-0.000180
actual,6.605000,18.105000,0.499876,-1.049740,1.050626,-1.050592,-0.800066,-0.000180
actual,6.610000,18.110000,0.498309,-1.049740,1.050626,-1.050592,-0.800066,-0.000180
actual,6.615000,18.115000,0.496744,-1.049740,1.050626,-1.050592,-0.800066,-0.000180
actual,6.620000,18.120000,0.495183,-1.049740,1.050626,-1.050592,-0.800066,-0.000180
actual,6.625000,18.125000,0.493626,-1.049740,1.050626,-1.050592,-0.800066,-0.000180
actual,6.630000,18.130000,0.492076,-1.049740,1.050626,-1.050592,-0.800066,-0.000180
actual,6.635000,18.135000,0.490533,-1.049740,1.050626,-1.050592,-0.800066,-0.000180
actual,6.640000,18.140000,0.489000,-1.049740,1.050626,-1.050592,-0.800066,-0.000180
actual,6.645000,18.145000,0.487478,-1.049740,1.050626,-1.050592,-0.800066,-0.000180
actual,6.650000,18.150000,0.485968,-1.049740,1.050626,-1.050592,-0.800066,-0.000180
actual,6.655000,18.155000,0.484472,-1.049740,1.050626,-1.050592,-0.800066,-0.000180
actual,6.660000,18.160000,0.482991,-1.049740,1.050626,-1.050592,-0.800066,-0.000180
actual,6.665000,18.165000,0.481527,-1.049740,1.050626,-1.050592,-0.800066,-0.000180
actual,6.670000,18.170000,0.480082,-1.049740,1.050626,-1.050592,-0.800066,-0.000180
actual,6.675000,18.175000,0.478656,-1.049740,1.050626,-1.050592,-0.800066,-0.000180
actual,6.680000,18.180000,0.477251,-1.049740,1.050626,-1.050592,-0.800066,-0.000180
actual,6.685000,18.185000,0.475869,-1.049740,1.050626,-1.050592,-0.800066,-0.000180
actual,6.690000,18.190000,0.474511,-1.049740,1.050626,-1.050592,-0.800066,-0.000180
actual,6.695000,18.195000,0.473178,-1.049740,1.050626,-1.050592,-0.800066,-0.000180
actual,6.700000,18.200000,0.471871,-1.049740,1.050626,-1.050592,-0.800066,-0.000180
actual,6.705000,18.205000,0.470592,-1.049740,1.050626,-1.050592,-0.800066,-0.000180
actual,6.710000,18.210000,0.469342,-1.049740,1.050626,-1.050592,-0.800066,-0.000180
actual,6.715000,18.215000,0.468123,-1.049740,1.050626,-1.050592,-0.800066,-0.000180
actual,6.720000,18.220000,0.466935,-1.049740,1.050626,-1.050592,-0.800066,-0.000180
actual,6.725000,18.225000,0.465779,-1.049740,1.050626,-1.050592,-0.800066,-0.000180
actual,6.730000,18.230000,0.464658,-1.049740,1.050626,-1.050592,-0.800066,-0.000180
actual,6.735000,18.235000,0.463571,-1.049740,1.050626,-1.050592,-0.800066,-0.000180
actual,6.740000,18.240000,0.462520,-1.049740,1.050626,-1.050592,-0.800066,-0.000180
actual,6.745000,18.245000,0.461507,-1.049740,1.050626,-1.050592,-0.800066,-0.000180
actual,6.750000,18.250000,0.460531,-1.049740,1.050626,-1.050592,-0.800066,-0.000180
actual,6.755000,18.255000,0.459594,-1.049740,1.050626,-1.050592,-0.800066,-0.000180
actual,6.760000,18.260000,0.458698,-1.049740,1.050626,-1.050592,-0.800066,-0.000180
actual,6.765000,18.265000,0.457842,-1.049740,1.050626,-1.050592,-0.800066,-0.000180
actual,6.770000,18.270000,0.457027,-1.049740,1.050626,-1.050592,-0.800066,-0.000180
actual,6.775000,18.275000,0.456256,-1.049740,1.050626,-1.050592,-0.800066,-0.000180
actual,6.780000,18.280000,0.455527,-1.049740,1.050626,-1.050592,-0.800066,-0.000180
actual,6.785000,18.285000,0.454842,-1.049740,1.050626,-1.050592,-0.800066,-0.000180
actual,6.790000,18.290000,0.454202,-1.049740,1.050626,-1.050592,-0.800066,-0.000180
actual,6.795000,18.295000,0.453607,-1.049740,1.050626,-1.050592,-0.800066,-0.000180
actual,6.800000,18.300000,0.453058,-1.049740,1.050626,-1.050592,-0.800066,-0.000180
actual,6.805000,18.305000,0.452556,-1.049740,1.050626,-1.050592,-0.800066,-0.000180
actual,6.810000,18.310000,0.452100,-1.049740,1.050626,-1.050592,-0.800066,-0.000180
actual,6.815000,18.315000,0.451691,-1.049740,1.050626,-1.050592,-0.800066,-0.000180
actual,6.820000,18.320000,0.451330,-1.049740,1.050626,-1.050592,-0.800066,-0.000180
actual,6.825000,18.325000,0.451018,-1.049740,1.050626,-1.050592,-0.800066,-0.000180
actual,6.830000,18.330000,0.450753,-1.049740,1.050626,-1.050592,-0.800066,-0.000180
actual,6.835000,18.335000,0.450538,-1.049740,1.050626,-1.050592,-0.800066,-0.000180
actual,6.840000,18.340000,0.450371,-1.049740,1.050626,-1.050592,-0.800066,-0.000180
actual,6.845000,18.345000,0.450253,-1.049740,1.050626,-1.050592,-0.800066,-0.000180
actual,6.850000,18.350000,0.450184,-1.049740,1.050626,-1.050592,-0.800066,-0.000180
actual,6.855000,18.355000,0.450165,-1.049740,1.050626,-1.050592,-0.800066,-0.000180
actual,6.860000,18.360000,0.450194,-1.049740,1.050626,-1.050592,-0.800066,-0.000180
actual,6.865000,18.365000,0.450273,-1.049740,1.050626,-1.050592,-0.800066,-0.000180
actual,6.870000,18.370000,0.450401,-1.049740,1.050626,-1.050592,-0.800066,-0.000180
actual,6.875000,18.375000,0.450578,-1.049740,1.050626,-1.050592,-0.800066,-0.000180
actual,6.880000,18.380000,0.450804,-1.049740,1.050626,-1.050592,-0.800066,-0.000180
actual,6.885000,18.385000,0.451078,-1.049740,1.050626,-1.050592,-0.800066,-0.000180
actual,6.890000,18.390000,0.451401,-1.049740,1.050626,-1.050592,-0.800066,-0.000180
actual,6.895000,18.395000,0.451772,-1.049740,1.050626,-1.050592,-0.800066,-0.000180
actual,6.900000,18.400000,0.452190,-1.049740,1.050626,-1.050592,-0.800066,-0.000180
actual,6.905000,18.405000,0.452656,-1.049740,1.050626,-1.050592,-0.800066,-0.000180
actual,6.910000,18.410000,0.453168,-1.049740,1.050626,-1.050592,-0.800066,-0.000180
actual,6.915000,18.415000,0.453726,-1.049740,1.050626,-1.050592,-0.800066,-0.000180
actual,6.920000,18.420000,0.454331,-1.049740,1.050626,-1.050592,-0.800066,-0.000180
actual,6.925000,18.425000,0.454980,-1.049740,1.050626,-1.050592,-0.800066,-0.000180
actual,6.930000,18.430000,0.455674,-1.049740,1.050626,-1.050592,-0.800066,-0.000180
actual,6.935000,18.435000,0.456412,-1.049740,1.050626,-1.050592,-0.800066,-0.000180
actual,6.940000,18.440000,0.457192,-1.049740,1.050626,-1.050592,-0.800066,-0.000180
actual,6.945000,18.445000,0.458015,-1.049740,1.050626,-1.050592,-0.800066,-0.000180
actual,6.950000,18.450000,0.458880,-1.049740,1.050626,-1.050592,-0.800066,-0.000180
actual,6.955000,18.455000,0.459785,-1.049740,1.050626,-1.050592,-0.800066,-0.000180
actual,6.960000,18.460000,0.460729,-1.049740,1.050626,-1.050592,-0.800066,-0.000180
actual,6.965000,18.465000,0.461713,-1.049740,1.050626,-1.050592,-0.800066,-0.000180
actual,6.970000,18.470000,0.462734,-1.049740,1.050626,-1.050592,-0.800066,-0.000180
actual,6.975000,18.475000,0.463793,-1.049740,1.050626,-1.050592,-0.800066,-0.000180
actual,6.980000,18.480000,0.464887,-1.049740,1.050626,-1.050592,-0.800066,-0.000180
actual,6.985000,18.485000,0.466015,-1.049740,1.050626,-1.050592,-0.800066,-0.000180
actual,6.990000,18.490000,0.467177,-1.049740,1.050626,-1.050592,-0.800066,-0.000180
actual,6.995000,18.495000,0.468372,-1.049740,1.050626,-1.050592,-0.800066,-0.000180
actual,7.000000,18.500000,0.469598,-1.049740,1.050626,-1.050592,-0.800066,-0.000180
actual,7.005000,18.505000,0.470854,-1.049740,1.050626,-1.050592,-0.800066,-0.000180
actual,7.010000,18.510000,0.472139,-1.049740,1.050626,-1.050592,-0.800066,-0.000180
actual,7.015000,18.515000,0.473451,-1.049740,1.050626,-1.050592,-0.800066,-0.000180
actual,7.020000,18.520000,0.474790,-1.049740,1.050626,-1.050592,-0.800066,-0.000180
actual,7.025000,18.525000,0.476153,-1.049740,1.050626,-1.050592,-0.800066,-0.000180
actual,7.030000,18.530000,0.477540,-1.049740,1.050626,-1.050592,-0.800066,-0.000180
actual,7.035000,18.535000,0.478949,-1.049740,1.050626,-1.050592,-0.800066,-0.000180
actual,7.040000,18.540000,0.480379,-1.049740,1.050626,-1.050592,-0.800066,-0.000180
actual,7.045000,18.545000,0.481829,-1.049740,1.050626,-1.050592,-0.800066,-0.000180
actual,7.050000,18.550000,0.483296,-1.049740,1.050626,-1.050592,-0.800066,-0.000180
actual,7.055000,18.555000,0.484780,-1.049740,1.050626,-1.050592,-0.800066,-0.000180
actual,7.060000,18.560000,0.486279,-1.049740,1.050626,-1.050592,-0.800066,-0.000180
actual,7.065000,18.565000,0.487791,-1.049740,1.050626,-1.050592,-0.800066,-0.000180
actual,7.070000,18.570000,0.489316,-1.049740,1.050626,-1.050592,-0.800066,-0.000180
actual,7.075000,18.575000,0.490851,-1.049740,1.050626,-1.050592,-0.800066,-0.000180
actual,7.080000,18.580000,0.492396,-1.049740,1.050626,-1.050592,-0.800066,-0.000180
actual,7.085000,18.585000,0.493947,-1.049740,1.050626,-1.050592,-0.800066,-0.000180
actual,7.090000,18.590000,0.495505,-1.049740,1.050626,-1.050592,-0.800066,-0.000180
actual,7.095000,18.595000,0.497068,-1.049740,1.050626,-1.050592,-0.800066,-0.000180
actual,7.100000,18.600000,0.498633,-1.049740,1.050626,-1.050592,-0.800066,-0.000180
actual,7.105000,18.605000,0.500199,-1.049740,1.050626,-1.050592,-0.800066,-0.000180
actual,7.110000,18.610000,0.501766,-1.049740,1.050626,-1.050592,-0.800066,-0.000180
actual,7.115000,18.615000,0.503331,-1.049740,1.050626,-1.050592,-0.800066,-0.000180
actual,7.120000,18.620000,0.504892,-1.049740,1.050626,-1.050592,-0.800066,-0.000180
actual,7.125000,18.625000,0.506449,-1.049740,1.050626,-1.050592,-0.800066,-0.000180
actual,7.130000,18.630000,0.507999,-1.049740,1.050626,-1.050592,-0.800066,-0.000180
actual,7.135000,18.635000,0.509542,-1.049740,1.050626,-1.050592,-0.800066,-0.000180
actual,7.140000,18.640000,0.511075,-1.049740,1.050626,-1.050592,-0.800066,-0.000180
actual,7.145000,18.645000,0.512597,-1.049740,1.050626,-1.050592,-0.800066,-0.000180
actual,7.150000,18.650000,0.514107,-1.049740,1.050626,-1.050592,-0.800066,-0.000180
actual,7.155000,18.655000,0.515603,-1.049740,1.050626,-1.050592,-0.800066,-0.000180
actual,7.160000,18.660000,0.517084,-1.049740,1.050626,-1.050592,-0.800066,-0.000180
actual,7.165000,18.665000,0.518547,-1.049740,1.050626,-1.050592,-0.800066,-0.000180
actual,7.170000,18.670000,0.519993,-1.049740,1.050626,-1.050592,-0.800066,-0.000180
actual,7.175000,18.675000,0.521419,-1.049740,1.050626,-1.050592,-0.800066,-0.000180
actual,7.180000,18.680000,0.522824,-1.049740,1.050626,-1.050592,-0.800066,-0.000180
actual,7.185000,18.685000,0.524206,-1.049740,1.050626,-1.050592,-0.800066,-0.000180
actual,7.190000,18.690000,0.525564,-1.049740,1.050626,-1.050592,-0.800066,-0.000180
actual,7.195000,18.695000,0.526897,-1.049740,1.050626,-1.050592,-0.800066,-0.000180
actual,7.200000,18.700000,0.528204,-1.049740,1.050626,-1.050592,-0.800066,-0.000180
actual,7.205000,18.705000,0.529483,-1.049740,1.050626,-1.050592,-0.800066,-0.000180
actual,7.210000,18.710000,0.530733,-1.049740,1.050626,-1.050592,-0.800066,-0.000180
actual,7.215000,18.715000,0.531952,-1.049740,1.050626,-1.050592,-0.800066,-0.000180
actual,7.220000,18.720000,0.533140,-1.049740,1.050626,-1.050592,-0.800066,-0.000180
actual,7.225000,18.725000,0.534296,-1.049740,1.050626,-1.050592,-0.800066,-0.000180
actual,7.230000,18.730000,0.535417,-1.049740,1.050626,-1.050592,-0.800066,-0.000180
actual,7.235000,18.735000,0.536504,-1.049740,1.050626,-1.050592,-0.800066,-0.000180
actual,7.240000,18.740000,0.537555,-1.049740,1.050626,-1.050592,-0.800066,-0.000180
actual,7.245000,18.745000,0.538568,-1.049740,1.050626,-1.050592,-0.800066,-0.000180
actual,7.250000,18.750000,0.539544,-1.049740,1.050626,-1.050592,-0.800066,-0.000180
actual,7.255000,18.755000,0.540481,-1.049740,1.050626,-1.050592,-0.800066,-0.000180
actual,7.260000,18.760000,0.541377,-1.049740,1.050626,-1.050592,-0.800066,-0.000180
actual,7.265000,18.765000,0.542233,-1.049740,1.050626,-1.050592,-0.800066,-0.000180
actual,7.270000,18.770000,0.543048,-1.049740,1.050626,-1.050592,-0.800066,-0.000180
actual,7.275000,18.775000,0.543819,-1.049740,1.050626,-1.050592,-0.800066,-0.000180
actual,7.280000,18.780000,0.544548,-1.049740,1.050626,-1.050592,-0.800066,-0.000180
actual,7.285000,18.785000,0.545233,-1.049740,1.050626,-1.050592,-0.800066,-0.000180
actual,7.290000,18.790000,0.545873,-1.049740,1.050626,-1.050592,-0.800066,-0.000180
actual,7.295000,18.795000,0.546468,-1.049740,1.050626,-1.050592,-0.800066,-0.000180
actual,7.300000,18.800000,0.547017,-1.049740,1.050626,-1.050592,-0.800066,-0.000180
actual,7.305000,18.805000,0.547519,-1.049740,1.050626,-1.050592,-0.800066,-0.000180
actual,7.310000,18.810000,0.547975,-1.049740,1.050626,-1.050592,-0.800066,-0.000180
actual,7.315000,18.815000,0.548384,-1.049740,1.050626,-1.050592,-0.800066,-0.000180
actual,7.320000,18.820000,0.548744,-1.049740,1.050626,-1.050592,-0.800066,-0.000180
actual,7.325000,18.825000,0.549057,-1.049740,1.050626,-1.050592,-0.800066,-0.000180
actual,7.330000,18.830000,0.549322,-1.049740,1.050626,-1.050592,-0.800066,-0.000180
actual,7.335000,18.835000,0.549537,-1.049740,1.050626,-1.050592,-0.800066,-0.000180
actual,7.340000,18.840000,0.549704,-1.049740,1.050626,-1.050592,-0.800066,-0.000180
actual,7.345000,18.845000,0.549822,-1.049740,1.050626,-1.050592,-0.800066,-0.000180
actual,7.350000,18.850000,0.549891,-1.049740,1.050626,-1.050592,-0.800066,-0.000180
actual,7.355000,18.855000,0.549910,-1.049740,1.050626,-1.050592,-0.800066,-0.000180
actual,7.360000,18.860000,0.549881,-1.049740,1.050626,-1.050592,-0.800066,-0.000180
actual,7.365000,18.865000,0.549802,-1.049740,1.050626,-1.050592,-0.800066,-0.000180
actual,7.370000,18.870000,0.549674,-1.049740,1.050626,-1.050592,-0.800066,-0.000180
actual,7.375000,18.875000,0.549497,-1.049740,1.050626,-1.050592,-0.800066,-0.000180
actual,7.380000,18.880000,0.549271,-1.049740,1.050626,-1.050592,-0.800066,-0.000180
actual,7.385000,18.885000,0.548997,-1.049740,1.050626,-1.050592,-0.800066,-0.000180
actual,7.390000,18.890000,0.548674,-1.049740,1.050626,-1.050592,-0.800066,-0.000180
actual,7.395000,18.895000,0.548303,-1.049740,1.050626,-1.050592,-0.800066,-0.000180
actual,7.400000,18.900000,0.547885,-1.049740,1.050626,-1.050592,-0.800066,-0.000180
actual,7.405000,18.905000,0.547419,-1.049740,1.050626,-1.050592,-0.800066,-0.000180
actual,7.410000,18.910000,0.546907,-1.049740,1.050626,-1.050592,-0.800066,-0.000180
actual,7.415000,18.915000,0.546348,-1.049740,1.050626,-1.050592,-0.800066,-0.000180
actual,7.420000,18.920000,0.545744,-1.049740,1.050626,-1.050592,-0.800066,-0.000180
actual,7.425000,18.925000,0.545095,-1.049740,1.050626,-1.050592,-0.800066,-0.000180
actual,7.430000,18.930000,0.544401,-1.049740,1.050626,-1.050592,-0.800066,-0.000180
actual,7.435000,18.935000,0.543663,-1.049740,1.050626,-1.050592,-0.800066,-0.000180
actual,7.440000,18.940000,0.542883,-1.049740,1.050626,-1.050592,-0.800066,-0.000180
actual,7.445000,18.945000,0.542060,-1.049740,1.050626,-1.050592,-0.800066,-0.000180
actual,7.450000,18.950000,0.541195,-1.049740,1.050626,-1.050592,-0.800066,-0.000180
actual,7.455000,18.955000,0.540290,-1.049740,1.050626,-1.050592,-0.800066,-0.000180
actual,7.460000,18.960000,0.539345,-1.049740,1.050626,-1.050592,-0.800066,-0.000180
actual,7.465000,18.965000,0.538362,-1.049740,1.050626,-1.050592,-0.800066,-0.000180
actual,7.470000,18.970000,0.537341,-1.049740,1.050626,-1.050592,-0.800066,-0.000180
actual,7.475000,18.975000,0.536282,-1.049740,1.050626,-1.050592,-0.800066,-0.000180
actual,7.480000,18.980000,0.535188,-1.049740,1.050626,-1.050592,-0.800066,-0.000180
actual,7.485000,18.985000,0.534060,-1.049740,1.050626,-1.050592,-0.800066,-0.000180
actual,7.490000,18.990000,0.532897,-1.049740,1.050626,-1.050592,-0.800066,-0.000180
actual,7.495000,18.995000,0.531703,-1.049740,1.050626,-1.050592,-0.800066,-0.000180
actual,7.500000,19.000000,0.530477,-1.049740,1.050626,-1.050592,-0.800066,-0.000180
actual,7.505000,19.005000,0.529221,-1.049740,1.050626,-1.050592,-0.800066,-0.000180
actual,7.510000,19.010000,0.527936,-1.049740,1.050626,-1.050592,-0.800066,-0.000180
actual,7.515000,19.015000,0.526624,-1.049740,1.050626,-1.050592,-0.800066,-0.000180
actual,7.520000,19.020000,0.525285,-1.049740,1.050626,-1.050592,-0.800066,-0.000180
actual,7.525000,19.025000,0.523922,-1.049740,1.050626,-1.050592,-0.800066,-0.000180
actual,7.530000,19.030000,0.522535,-1.049740,1.050626,-1.050592,-0.800066,-0.000180
actual,7.535000,19.035000,0.521126,-1.049740,1.050626,-1.050592,-0.800066,-0.000180
actual,7.540000,19.040000,0.519696,-1.049740,1.050626,-1.050592,-0.800066,-0.000180
actual,7.545000,19.045000,0.518246,-1.049740,1.050626,-1.050592,-0.800066,-0.000180
actual,7.550000,19.050000,0.516779,-1.049740,1.050626,-1.050592,-0.800066,-0.000180
actual,7.555000,19.055000,0.515295,-1.049740,1.050626,-1.050592,-0.800066,-0.000180
actual,7.560000,19.060000,0.513796,-1.049740,1.050626,-1.050592,-0.800066,-0.000180
actual,7.565000,19.065000,0.512283,-1.049740,1.050626,-1.050592,-0.800066,-0.000180
actual,7.570000,19.070000,0.510759,-1.049740,1.050626,-1.050592,-0.800066,-0.000180
actual,7.575000,19.075000,0.509224,-1.049740,1.050626,-1.050592,-0.800066,-0.000180
actual,7.580000,19.080000,0.507679,-1.049740,1.050626,-1.050592,-0.800066,-0.000180
actual,7.585000,19.085000,0.506128,-1.049740,1.050626,-1.050592,-0.800066,-0.000180
actual,7.590000,19.090000,0.504570,-1.049740,1.050626,-1.050592,-0.800066,-0.000180
actual,7.595000,19.095000,0.503007,-1.049740,1.050626,-1.050592,-0.800066,-0.000180
actual,7.600000,19.100000,0.501442,-1.049740,1.050626,-1.050592,-0.800066,-0.000180
actual,7.605000,19.105000,0.499876,-1.049740,1.050626,-1.050592,-0.800066,-0.000180
actual,7.610000,19.110000,0.498309,-1.049740,1.050626,-1.050592,-0.800066,-0.000180
actual,7.615000,19.115000,0.496744,-1.049740,1.050626,-1.050592,-0.800066,-0.000180
actual,7.620000,19.120000,0.495183,-1.049740,1.050626,-1.050592,-0.800066,-0.000180
actual,7.625000,19.125000,0.493626,-1.049740,1.050626,-1.050592,-0.800066,-0.000180
actual,7.630000,19.130000,0.492076,-1.049740,1.050626,-1.050592,-0.800066,-0.000180
actual,7.635000,19.135000,0.490533,-1.049740,1.050626,-1.050592,-0.800066,-0.000180
actual,7.640000,19.140000,0.489000,-1.049740,1.050626,-1.050592,-0.800066,-0.000180
actual,7.645000,19.145000,0.487478,-1.049740,1.050626,-1.050592,-0.800066,-0.000180
actual,7.650000,19.150000,0.485968,-1.049740,1.050626,-1.050592,-0.800066,-0.000180
actual,7.655000,19.155000,0.484472,-1.049740,1.050626,-1.050592,-0.800066,-0.000180
actual,7.660000,19.160000,0.482991,-1.049740,1.050626,-1.050592,-0.800066,-0.000180
actual,7.665000,19.165000,0.481527,-1.049740,1.050626,-1.050592,-0.800066,-0.000180
actual,7.670000,19.170000,0.480082,-1.049740,1.050626,-1.050592,-0.800066,-0.000180
actual,7.675000,19.175000,0.478656,-1.049740,1.050626,-1.050592,-0.800066,-0.000180
actual,7.680000,19.180000,0.477251,-1.049740,1.050626,-1.050592,-0.800066,-0.000180
actual,7.685000,19.185000,0.475869,-1.049740,1.050626,-1.050592,-0.800066,-0.000180
actual,7.690000,19.190000,0.474511,-1.049740,1.050626,-1.050592,-0.800066,-0.000180
actual,7.695000,19.195000,0.473178,-1.049740,1.050626,-1.050592,-0.800066,-0.000180
actual,7.700000,19.200000,0.471871,-1.049740,1.050626,-1.050592,-0.800066,-0.000180
actual,7.705000,19.205000,0.470592,-1.049740,1.050626,-1.050592,-0.800066,-0.000180
actual,7.710000,19.210000,0.469342,-1.049740,1.050626,-1.050592,-0.800066,-0.000180
actual,7.715000,19.215000,0.468123,-1.049740,1.050626,-1.050592,-0.800066,-0.000180
actual,7.720000,19.220000,0.466935,-1.049740,1.050626,-1.050592,-0.800066,-0.000180
actual,7.725000,19.225000,0.465779,-1.049740,1.050626,-1.050592,-0.800066,-0.000180
actual,7.730000,19.230000,0.464658,-1.049740,1.050626,-1.050592,-0.800066,-0.000180
actual,7.735000,19.235000,0.463571,-1.049740,1.050626,-1.050592,-0.800066,-0.000180
actual,7.740000,19.240000,0.462520,-1.049740,1.050626,-1.050592,-0.800066,-0.000180
actual,7.745000,19.245000,0.461507,-1.049740,1.050626,-1.050592,-0.800066,-0.000180
actual,7.750000,19.250000,0.460531,-1.049740,1.050626,-1.050592,-0.800066,-0.000180
actual,7.755000,19.255000,0.459594,-1.049740,1.050626,-1.050592,-0.800066,-0.000180
actual,7.760000,19.260000,0.458698,-1.049740,1.050626,-1.050592,-0.800066,-0.000180
actual,7.765000,19.265000,0.457842,-1.049740,1.050626,-1.050592,-0.800066,-0.000180
actual,7.770000,19.270000,0.457027,-1.049740,1.050626,-1.050592,-0.800066,-0.000180
actual,7.775000,19.275000,0.456256,-1.049740,1.050626,-1.050592,-0.800066,-0.000180
actual,7.780000,19.280000,0.455527,-1.049740,1.050626,-1.050592,-0.800066,-0.000180
actual,7.785000,19.285000,0.454842,-1.049740,1.050626,-1.050592,-0.800066,-0.000180
actual,7.790000,19.290000,0.454202,-1.049740,1.050626,-1.050592,-0.800066,-0.000180
actual,7.795000,19.295000,0.453607,-1.049740,1.050626,-1.050592,-0.800066,-0.000180
actual,7.800000,19.300000,0.453058,-1.049740,1.050626,-1.050592,-0.800066,-0.000180
actual,7.805000,19.305000,0.452556,-1.049740,1.050626,-1.050592,-0.800066,-0.000180
actual,7.810000,19.310000,0.452100,-1.049740,1.050626,-1.050592,-0.800066,-0.000180
actual,7.815000,19.315000,0.451691,-1.049740,1.050626,-1.050592,-0.800066,-0.000180
actual,7.820000,19.320000,0.451330,-1.049740,1.050626,-1.050592,-0.800066,-0.000180
actual,7.825000,19.325000,0.451018,-1.049740,1.050626,-1.050592,-0.800066,-0.000180
actual,7.830000,19.330000,0.450753,-1.049740,1.050626,-1.050592,-0.800066,-0.000180
actual,7.835000,19.335000,0.450538,-1.049740,1.050626,-1.050592,-0.800066,-0.000180
actual,7.840000,19.340000,0.450371,-1.049740,1.050626,-1.050592,-0.800066,-0.000180
actual,7.845000,19.345000,0.450253,-1.049740,1.050626,-1.050592,-0.800066,-0.000180
actual,7.850000,19.350000,0.450184,-1.049740,1.050626,-1.050592,-0.800066,-0.000180
actual,7.855000,19.355000,0.450165,-1.049740,1.050626,-1.050592,-0.800066,-0.000180
actual,7.860000,19.360000,0.450194,-1.049740,1.050626,-1.050592,-0.800066,-0.000180
actual,7.865000,19.365000,0.450273,-1.049740,1.050626,-1.050592,-0.800066,-0.000180
actual,7.870000,19.370000,0.450401,-1.049740,1.050626,-1.050592,-0.800066,-0.000180
actual,7.875000,19.375000,0.450578,-1.049740,1.050626,-1.050592,-0.800066,-0.000180
actual,7.880000,19.380000,0.450804,-1.049740,1.050626,-1.050592,-0.800066,-0.000180
actual,7.885000,19.385000,0.451078,-1.049740,1.050626,-1.050592,-0.800066,-0.000180
actual,7.890000,19.390000,0.451401,-1.049740,1.050626,-1.050592,-0.800066,-0.000180
actual,7.895000,19.395000,0.451772,-1.049740,1.050626,-1.050592,-0.800066,-0.000180
actual,7.900000,19.400000,0.452190,-1.049740,1.050626,-1.050592,-0.800066,-0.000180
actual,7.905000,19.405000,0.452656,-1.049740,1.050626,-1.050592,-0.800066,-0.000180
actual,7.910000,19.410000,0.453168,-1.049740,1.050626,-1.050592,-0.800066,-0.000180
actual,7.915000,19.415000,0.453726,-1.049740,1.050626,-1.050592,-0.800066,-0.000180
actual,7.920000,19.420000,0.454331,-1.049740,1.050626,-1.050592,-0.800066,-0.000180
actual,7.925000,19.425000,0.454980,-1.049740,1.050626,-1.050592,-0.800066,-0.000180
actual,7.930000,19.430000,0.455674,-1.049740,1.050626,-1.050592,-0.800066,-0.000180
actual,7.935000,19.435000,0.456412,-1.049740,1.050626,-1.050592,-0.800066,-0.000180
actual,7.940000,19.440000,0.457192,-1.049740,1.050626,-1.050592,-0.800066,-0.000180
actual,7.945000,19.445000,0.458015,-1.049740,1.050626,-1.050592,-0.800066,-0.000180
actual,7.950000,19.450000,0.458880,-1.049740,1.050626,-1.050592,-0.800066,-0.000180
actual,7.955000,19.455000,0.459785,-1.049740,1.050626,-1.050592,-0.800066,-0.000180
actual,7.960000,19.460000,0.460729,-1.049740,1.050626,-1.050592,-0.800066,-0.000180
actual,7.965000,19.465000,0.461713,-1.049740,1.050626,-1.050592,-0.800066,-0.000180
actual,7.970000,19.470000,0.462734,-1.049740,1.050626,-1.050592,-0.800066,-0.000180
actual,7.975000,19.475000,0.463793,-1.049740,1.050626,-1.050592,-0.800066,-0.000180
actual,7.980000,19.480000,0.464887,-1.049740,1.050626,-1.050592,-0.800066,-0.000180
actual,7.985000,19.485000,0.466015,-1.049740,1.050626,-1.050592,-0.800066,-0.000180
actual,7.990000,19.490000,0.467177,-1.049740,1.050626,-1.050592,-0.800066,-0.000180
actual,7.995000,19.495000,0.468372,-1.049740,1.050626,-1.050592,-0.800066,-0.000180
actual,8.000000,19.500000,0.469598,-1.049740,1.050626,-1.050592,-0.800066,-0.000180
actual,8.005000,19.505000,0.470854,-1.049740,1.050626,-1.050592,-0.800066,-0.000180
actual,8.010000,19.510000,0.472139,-1.049740,1.050626,-1.050592,-0.800066,-0.000180
actual,8.015000,19.515000,0.473451,-1.049740,1.050626,-1.050592,-0.800066,-0.000180
actual,8.020000,19.520000,0.474790,-1.049740,1.050626,-1.050592,-0.800066,-0.000180
actual,8.025000,19.525000,0.476153,-1.049740,1.050626,-1.050592,-0.800066,-0.000180
actual,8.030000,19.530000,0.477540,-1.049740,1.050626,-1.050592,-0.800066,-0.000180
actual,8.035000,19.535000,0.478949,-1.049740,1.050626,-1.050592,-0.800066,-0.000180
actual,8.040000,19.540000,0.480379,-1.049740,1.050626,-1.050592,-0.800066,-0.000180
actual,8.045000,19.545000,0.481829,-1.049740,1.050626,-1.050592,-0.800066,-0.000180
actual,8.050000,19.550000,0.483296,-1.049740,1.050626,-1.050592,-0.800066,-0.000180
actual,8.055000,19.555000,0.484780,-1.049740,1.050626,-1.050592,-0.800066,-0.000180
actual,8.060000,19.560000,0.486279,-1.049740,1.050626,-1.050592,-0.800066,-0.000180
actual,8.065000,19.565000,0.487791,-1.049740,1.050626,-1.050592,-0.800066,-0.000180
actual,8.070000,19.570000,0.489316,-1.049740,1.050626,-1.050592,-0.800066,-0.000180
actual,8.075000,19.575000,0.490851,-1.049740,1.050626,-1.050592,-0.800066,-0.000180
actual,8.080000,19.580000,0.492396,-1.049740,1.050626,-1.050592,-0.800066,-0.000180
actual,8.085000,19.585000,0.493947,-1.049740,1.050626,-1.050592,-0.800066,-0.000180
actual,8.090000,19.590000,0.495505,-1.049740,1.050626,-1.050592,-0.800066,-0.000180
actual,8.095000,19.595000,0.497068,-1.049740,1.050626,-1.050592,-0.800066,-0.000180
actual,8.100000,19.600000,0.498633,-1.049740,1.050626,-1.050592,-0.800066,-0.000180
actual,8.105000,19.605000,0.500199,-1.049740,1.050626,-1.050592,-0.800066,-0.000180
actual,8.110000,19.610000,0.501766,-1.049740,1.050626,-1.050592,-0.800066,-0.000180
actual,8.115000,19.615000,0.503331,-1.049740,1.050626,-1.050592,-0.800066,-0.000180
actual,8.120000,19.620000,0.504892,-1.049740,1.050626,-1.050592,-0.800066,-0.000180
actual,8.125000,19.625000,0.506449,-1.049740,1.050626,-1.050592,-0.800066,-0.000180
actual,8.130000,19.630000,0.507999,-1.049740,1.050626,-1.050592,-0.800066,-0.000180
actual,8.135000,19.635000,0.509542,-1.049740,1.050626,-1.050592,-0.800066,-0.000180
actual,8.140000,19.640000,0.511075,-1.049740,1.050626,-1.050592,-0.800066,-0.000180
actual,8.145000,19.645000,0.512597,-1.049740,1.050626,-1.050592,-0.800066,-0.000180
actual,8.150000,19.650000,0.514107,-1.049740,1.050626,-1.050592,-0.800066,-0.000180
actual,8.155000,19.655000,0.515603,-1.049740,1.050626,-1.050592,-0.800066,-0.000180
actual,8.160000,19.660000,0.517084,-1.049740,1.050626,-1.050592,-0.800066,-0.000180
actual,8.165000,19.665000,0.518547,-1.049740,1.050626,-1.050592,-0.800066,-0.000180
actual,8.170000,19.670000,0.519993,-1.049740,1.050626,-1.050592,-0.800066,-0.000180
actual,8.175000,19.675000,0.521419,-1.049740,1.050626,-1.050592,-0.800066,-0.000180
actual,8.180000,19.680000,0.522824,-1.049740,1.050626,-1.050592,-0.800066,-0.000180
actual,8.185000,19.685000,0.524206,-1.049740,1.050626,-1.050592,-0.800066,-0.000180
actual,8.190000,19.690000,0.525564,-1.049740,1.050626,-1.050592,-0.800066,-0.000180
actual,8.195000,19.695000,0.526897,-1.049740,1.050626,-1.050592,-0.800066,-0.000180
actual,8.200000,19.700000,0.528204,-1.049740,1.050626,-1.050592,-0.800066,-0.000180
actual,8.205000,19.705000,0.529483,-1.049740,1.050626,-1.050592,-0.800066,-0.000180
actual,8.210000,19.710000,0.530733,-1.049740,1.050626,-1.050592,-0.800066,-0.000180
actual,8.215000,19.715000,0.531952,-1.049740,1.050626,-1.050592,-0.800066,-0.000180
actual,8.220000,19.720000,0.533140,-1.049740,1.050626,-1.050592,-0.800066,-0.000180
actual,8.225000,19.725000,0.534296,-1.049740,1.050626,-1.050592,-0.800066,-0.000180
actual,8.230000,19.730000,0.535417,-1.049740,1.050626,-1.050592,-0.800066,-0.000180
actual,8.235000,19.735000,0.536504,-1.049740,1.050626,-1.050592,-0.800066,-0.000180
actual,8.240000,19.740000,0.537555,-1.049740,1.050626,-1.050592,-0.800066,-0.000180
actual,8.245000,19.745000,0.538568,-1.049740,1.050626,-1.050592,-0.800066,-0.000180
actual,8.250000,19.750000,0.539544,-1.049740,1.050626,-1.050592,-0.800066,-0.000180
actual,8.255000,19.755000,0.540481,-1.049740,1.050626,-1.050592,-0.800066,-0.000180
actual,8.260000,19.760000,0.541377,-1.049740,1.050626,-1.050592,-0.800066,-0.000180
actual,8.265000,19.765000,0.542233,-1.049740,1.050626,-1.050592,-0.800066,-0.000180
actual,8.270000,19.770000,0.543048,-1.049740,1.050626,-1.050592,-0.800066,-0.000180
actual,8.275000,19.775000,0.543819,-1.049740,1.050626,-1.050592,-0.800066,-0.000180
actual,8.280000,19.780000,0.544548,-1.049740,1.050626,-1.050592,-0.800066,-0.000180
actual,8.285000,19.785000,0.545233,-1.049740,1.050626,-1.050592,-0.800066,-0.000180
actual,8.290000,19.790000,0.545873,-1.049740,1.050626,-1.050592,-0.800066,-0.000180
actual,8.295000,19.795000,0.546468,-1.049740,1.050626,-1.050592,-0.800066,-0.000180
actual,8.300000,19.800000,0.547017,-1.049740,1.050626,-1.050592,-0.800066,-0.000180
actual,8.305000,19.805000,0.547519,-1.049740,1.050626,-1.050592,-0.800066,-0.000180
actual,8.310000,19.810000,0.547975,-1.049740,1.050626,-1.050592,-0.800066,-0.000180
actual,8.315000,19.815000,0.548384,-1.049740,1.050626,-1.050592,-0.800066,-0.000180
actual,8.320000,19.820000,0.548744,-1.049740,1.050626,-1.050592,-0.800066,-0.000180
actual,8.325000,19.825000,0.549057,-1.049740,1.050626,-1.050592,-0.800066,-0.000180
actual,8.330000,19.830000,0.549322,-1.049740,1.050626,-1.050592,-0.800066,-0.000180
actual,8.335000,19.835000,0.549537,-1.049740,1.050626,-1.050592,-0.800066,-0.000180
actual,8.340000,19.840000,0.549704,-1.049740,1.050626,-1.050592,-0.800066,-0.000180
actual,8.345000,19.845000,0.549822,-1.049740,1.050626,-1.050592,-0.800066,-0.000180
actual,8.350000,19.850000,0.549891,-1.049740,1.050626,-1.050592,-0.800066,-0.000180
actual,8.355000,19.855000,0.549910,-1.049740,1.050626,-1.050592,-0.800066,-0.000180
actual,8.360000,19.860000,0.549881,-1.049740,1.050626,-1.050592,-0.800066,-0.000180
actual,8.365000,19.865000,0.549802,-1.049740,1.050626,-1.050592,-0.800066,-0.000180
actual,8.370000,19.870000,0.549674,-1.049740,1.050626,-1.050592,-0.800066,-0.000180
actual,8.375000,19.875000,0.549497,-1.049740,1.050626,-1.050592,-0.800066,-0.000180
actual,8.385000,19.885000,0.548997,-1.049740,1.050626,-1.050592,-0.800066,-0.000180
actual,8.390000,19.890000,0.548674,-1.049740,1.050626,-1.050592,-0.800066,-0.000180
actual,8.395000,19.895000,0.548303,-1.049740,1.050626,-1.050592,-0.800066,-0.000180
actual,8.400000,19.900000,0.547885,-1.049740,1.050626,-1.050592,-0.800066,-0.000180
actual,8.405000,19.905000,0.547419,-1.049740,1.050626,-1.050592,-0.800066,-0.000180
actual,8.410000,19.910000,0.546907,-1.049740,1.050626,-1.050592,-0.800066,-0.000180
actual,8.415000,19.915000,0.546348,-1.049740,1.050626,-1.050592,-0.800066,-0.000180
actual,8.420000,19.920000,0.545744,-1.049740,1.050626,-1.050592,-0.800066,-0.000180
actual,8.425000,19.925000,0.545095,-1.049740,1.050626,-1.050592,-0.800066,-0.000180
actual,8.430000,19.930000,0.544401,-1.049740,1.050626,-1.050592,-0.800066,-0.000180
actual,8.435000,19.935000,0.543663,-1.049740,1.050626,-1.050592,-0.800066,-0.000180
actual,8.440000,19.940000,0.542883,-1.049740,1.050626,-1.050592,-0.800066,-0.000180
actual,8.445000,19.945000,0.542060,-1.049740,1.050626,-1.050592,-0.800066,-0.000180
actual,8.450000,19.950000,0.541195,-1.049740,1.050626,-1.050592,-0.800066,-0.000180
actual,8.455000,19.955000,0.540290,-1.049740,1.050626,-1.050592,-0.800066,-0.000180
actual,8.460000,19.960000,0.539345,-1.049740,1.050626,-1.050592,-0.800066,-0.000180
actual,8.465000,19.965000,0.538362,-1.049740,1.050626,-1.050592,-0.800066,-0.000180
actual,8.470000,19.970000,0.537341,-1.049740,1.050626,-1.050592,-0.800066,-0.000180
actual,8.475000,19.975000,0.536282,-1.049740,1.050626,-1.050592,-0.800066,-0.000180
actual,8.480000,19.980000,0.535188,-1.049740,1.050626,-1.050592,-0.800066,-0.000180
actual,8.485000,19.985000,0.534060,-1.049740,1.050626,-1.050592,-0.800066,-0.000180
actual,8.490000,19.990000,0.532897,-1.049740,1.050626,-1.050592,-0.800066,-0.000180
actual,8.495000,19.995000,0.531703,-1.049740,1.050626,-1.050592,-0.800066,-0.000180
actual,8.505000,20.005000,0.529221,-1.049740,1.050626,-1.050592,-0.800066,-0.000180
actual,8.510000,20.010000,0.527936,-1.049740,1.050626,-1.050592,-0.800066,-0.000180
actual,8.515000,20.015000,0.526624,-1.049740,1.050626,-1.050592,-0.800066,-0.000180
actual,8.520000,20.020000,0.525285,-1.049740,1.050626,-1.050592,-0.800066,-0.000180
actual,8.525000,20.025000,0.523922,-1.049740,1.050626,-1.050592,-0.800066,-0.000180
actual,8.530000,20.030000,0.522535,-1.049740,1.050626,-1.050592,-0.800066,-0.000180
actual,8.535000,20.035000,0.521126,-1.049740,1.050626,-1.050592,-0.800066,-0.000180
actual,8.540000,20.040000,0.519696,-1.049740,1.050626,-1.050592,-0.800066,-0.000180
actual,8.545000,20.045000,0.518246,-1.049740,1.050626,-1.050592,-0.800066,-0.000180
actual,8.550000,20.050000,0.516779,-1.049740,1.050626,-1.050592,-0.800066,-0.000180
actual,8.555000,20.055000,0.515295,-1.049740,1.050626,-1.050592,-0.800066,-0.000180
actual,8.560000,20.060000,0.513796,-1.049740,1.050626,-1.050592,-0.800066,-0.000180
actual,8.565000,20.065000,0.512283,-1.049740,1.050626,-1.050592,-0.800066,-0.000180
actual,8.570000,20.070000,0.510759,-1.049740,1.050626,-1.050592,-0.800066,-0.000180
actual,8.575000,20.075000,0.509224,-1.049740,1.050626,-1.050592,-0.800066,-0.000180
actual,8.580000,20.080000,0.507679,-1.049740,1.050626,-1.050592,-0.800066,-0.000180
actual,8.585000,20.085000,0.506128,-1.049740,1.050626,-1.050592,-0.800066,-0.000180
actual,8.590000,20.090000,0.504570,-1.049740,1.050626,-1.050592,-0.800066,-0.000180
actual,8.595000,20.095000,0.503007,-1.049740,1.050626,-1.050592,-0.800066,-0.000180
actual,8.600000,20.100000,0.501442,-1.049740,1.050626,-1.050592,-0.800066,-0.000180
actual,8.605000,20.105000,0.499876,-1.049740,1.050626,-1.050592,-0.800066,-0.000180
actual,8.610000,20.110000,0.498309,-1.049740,1.050626,-1.050592,-0.800066,-0.000180
actual,8.615000,20.115000,0.496744,-1.049740,1.050626,-1.050592,-0.800066,-0.000180
actual,8.620000,20.120000,0.495183,-1.049740,1.050626,-1.050592,-0.800066,-0.000180
actual,8.625000,20.125000,0.493626,-1.049740,1.050626,-1.050592,-0.800066,-0.000180
actual,8.630000,20.130000,0.492076,-1.049740,1.050626,-1.050592,-0.800066,-0.000180
actual,8.635000,20.135000,0.490533,-1.049740,1.050626,-1.050592,-0.800066,-0.000180
actual,8.640000,20.140000,0.489000,-1.049740,1.050626,-1.050592,-0.800066,-0.000180
actual,8.645000,20.145000,0.487478,-1.049740,1.050626,-1.050592,-0.800066,-0.000180
actual,8.650000,20.150000,0.485968,-1.049740,1.050626,-1.050592,-0.800066,-0.000180
actual,8.655000,20.155000,0.484472,-1.049740,1.050626,-1.050592,-0.800066,-0.000180
actual,8.660000,20.160000,0.482991,-1.049740,1.050626,-1.050592,-0.800066,-0.000180
actual,8.665000,20.165000,0.481527,-1.049740,1.050626,-1.050592,-0.800066,-0.000180
actual,8.670000,20.170000,0.480082,-1.049740,1.050626,-1.050592,-0.800066,-0.000180
actual,8.675000,20.175000,0.478656,-1.049740,1.050626,-1.050592,-0.800066,-0.000180
actual,8.680000,20.180000,0.477251,-1.049740,1.050626,-1.050592,-0.800066,-0.000180
actual,8.685000,20.185000,0.475869,-1.049740,1.050626,-1.050592,-0.800066,-0.000180
actual,8.690000,20.190000,0.474511,-1.049740,1.050626,-1.050592,-0.800066,-0.000180
actual,8.695000,20.195000,0.473178,-1.049740,1.050626,-1.050592,-0.800066,-0.000180
actual,8.700000,20.200000,0.471871,-1.049740,1.050626,-1.050592,-0.800066,-0.000180
actual,8.705000,20.205000,0.470592,-1.049740,1.050626,-1.050592,-0.800066,-0.000180
actual,8.710000,20.210000,0.469342,-1.049740,1.050626,-1.050592,-0.800066,-0.000180
actual,8.715000,20.215000,0.468123,-1.049740,1.050626,-1.050592,-0.800066,-0.000180
actual,8.720000,20.220000,0.466935,-1.049740,1.050626,-1.050592,-0.800066,-0.000180
actual,8.725000,20.225000,0.465779,-1.049740,1.050626,-1.050592,-0.800066,-0.000180
actual,8.730000,20.230000,0.464658,-1.049740,1.050626,-1.050592,-0.800066,-0.000180
actual,8.735000,20.235000,0.463571,-1.049740,1.050626,-1.050592,-0.800066,-0.000180
actual,8.740000,20.240000,0.462520,-1.049740,1.050626,-1.050592,-0.800066,-0.000180
actual,8.745000,20.245000,0.461507,-1.049740,1.050626,-1.050592,-0.800066,-0.000180
actual,8.750000,20.250000,0.460531,-1.049740,1.050626,-1.050592,-0.800066,-0.000180
actual,8.755000,20.255000,0.459594,-1.049740,1.050626,-1.050592,-0.800066,-0.000180
actual,8.760000,20.260000,0.458698,-1.049740,1.050626,-1.050592,-0.800066,-0.000180
actual,8.765000,20.265000,0.457842,-1.049740,1.050626,-1.050592,-0.800066,-0.000180
actual,8.770000,20.270000,0.457027,-1.049740,1.050626,-1.050592,-0.800066,-0.000180
actual,8.775000,20.275000,0.456256,-1.049740,1.050626,-1.050592,-0.800066,-0.000180
actual,8.780000,20.280000,0.455527,-1.049740,1.050626,-1.050592,-0.800066,-0.000180
actual,8.785000,20.285000,0.454842,-1.049740,1.050626,-1.050592,-0.800066,-0.000180
actual,8.790000,20.290000,0.454202,-1.049740,1.050626,-1.050592,-0.800066,-0.000180
actual,8.795000,20.295000,0.453607,-1.049740,1.050626,-1.050592,-0.800066,-0.000180
actual,8.800000,20.300000,0.453058,-1.049740,1.050626,-1.050592,-0.800066,-0.000180
actual,8.805000,20.305000,0.452556,-1.049740,1.050626,-1.050592,-0.800066,-0.000180
actual,8.810000,20.310000,0.452100,-1.049740,1.050626,-1.050592,-0.800066,-0.000180
actual,8.815000,20.315000,0.451691,-1.049740,1.050626,-1.050592,-0.800066,-0.000180
actual,8.820000,20.320000,0.451330,-1.049740,1.050626,-1.050592,-0.800066,-0.000180
actual,8.825000,20.325000,0.451018,-1.049740,1.050626,-1.050592,-0.800066,-0.000180
actual,8.830000,20.330000,0.450753,-1.049740,1.050626,-1.050592,-0.800066,-0.000180
actual,8.835000,20.335000,0.450538,-1.049740,1.050626,-1.050592,-0.800066,-0.000180
actual,8.840000,20.340000,0.450371,-1.049740,1.050626,-1.050592,-0.800066,-0.000180
actual,8.845000,20.345000,0.450253,-1.049740,1.050626,-1.050592,-0.800066,-0.000180
actual,8.850000,20.350000,0.450184,-1.049740,1.050626,-1.050592,-0.800066,-0.000180
actual,8.855000,20.355000,0.450165,-1.049740,1.050626,-1.050592,-0.800066,-0.000180
actual,8.860000,20.360000,0.450194,-1.049740,1.050626,-1.050592,-0.800066,-0.000180
actual,8.865000,20.365000,0.450273,-1.049740,1.050626,-1.050592,-0.800066,-0.000180
actual,8.870000,20.370000,0.450401,-1.049740,1.050626,-1.050592,-0.800066,-0.000180
actual,8.875000,20.375000,0.450578,-1.049740,1.050626,-1.050592,-0.800066,-0.000180
actual,8.880000,20.380000,0.450804,-1.049740,1.050626,-1.050592,-0.800066,-0.000180
actual,8.885000,20.385000,0.451078,-1.049740,1.050626,-1.050592,-0.800066,-0.000180
actual,8.890000,20.390000,0.451401,-1.049740,1.050626,-1.050592,-0.800066,-0.000180
actual,8.895000,20.395000,0.451772,-1.049740,1.050626,-1.050592,-0.800066,-0.000180
actual,8.900000,20.400000,0.452190,-1.049740,1.050626,-1.050592,-0.800066,-0.000180
actual,8.905000,20.405000,0.452656,-1.049740,1.050626,-1.050592,-0.800066,-0.000180
actual,8.910000,20.410000,0.453168,-1.049740,1.050626,-1.050592,-0.800066,-0.000180
actual,8.915000,20.415000,0.453726,-1.049740,1.050626,-1.050592,-0.800066,-0.000180
actual,8.920000,20.420000,0.454331,-1.049740,1.050626,-1.050592,-0.800066,-0.000180
actual,8.925000,20.425000,0.454980,-1.049740,1.050626,-1.050592,-0.800066,-0.000180
actual,8.930000,20.430000,0.455674,-1.049740,1.050626,-1.050592,-0.800066,-0.000180
actual,8.935000,20.435000,0.456412,-1.049740,1.050626,-1.050592,-0.800066,-0.000180
actual,8.940000,20.440000,0.457192,-1.049740,1.050626,-1.050592,-0.800066,-0.000180
actual,8.945000,20.445000,0.458015,-1.049740,1.050626,-1.050592,-0.800066,-0.000180
actual,8.950000,20.450000,0.458880,-1.049740,1.050626,-1.050592,-0.800066,-0.000180
actual,8.955000,20.455000,0.459785,-1.049740,1.050626,-1.050592,-0.800066,-0.000180
actual,8.960000,20.460000,0.460729,-1.049740,1.050626,-1.050592,-0.800066,-0.000180
actual,8.965000,20.465000,0.461713,-1.049740,1.050626,-1.050592,-0.800066,-0.000180
actual,8.970000,20.470000,0.462734,-1.049740,1.050626,-1.050592,-0.800066,-0.000180
actual,8.975000,20.475000,0.463793,-1.049740,1.050626,-1.050592,-0.800066,-0.000180
actual,8.980000,20.480000,0.464887,-1.049740,1.050626,-1.050592,-0.800066,-0.000180
actual,8.985000,20.485000,0.466015,-1.049740,1.050626,-1.050592,-0.800066,-0.000180
actual,8.990000,20.490000,0.467177,-1.049740,1.050626,-1.050592,-0.800066,-0.000180
actual,8.995000,20.495000,0.468372,-1.049740,1.050626,-1.050592,-0.800066,-0.000180
actual,9.000000,20.500000,0.469598,-1.049740,1.050626,-1.050592,-0.800066,-0.000180
actual,9.005000,20.505000,0.470854,-1.049740,1.050626,-1.050592,-0.800066,-0.000180
actual,9.010000,20.510000,0.472139,-1.049740,1.050626,-1.050592,-0.800066,-0.000180
actual,9.015000,20.515000,0.473451,-1.049740,1.050626,-1.050592,-0.800066,-0.000180
actual,9.020000,20.520000,0.474790,-1.049740,1.050626,-1.050592,-0.800066,-0.000180
actual,9.025000,20.525000,0.476153,-1.049740,1.050626,-1.050592,-0.800066,-0.000180
actual,9.030000,20.530000,0.477540,-1.049740,1.050626,-1.050592,-0.800066,-0.000180
actual,9.035000,20.535000,0.478949,-1.049740,1.050626,-1.050592,-0.800066,-0.000180
actual,9.040000,20.540000,0.480379,-1.049740,1.050626,-1.050592,-0.800066,-0.000180
actual,9.045000,20.545000,0.481829,-1.049740,1.050626,-1.050592,-0.800066,-0.000180
actual,9.050000,20.550000,0.483296,-1.049740,1.050626,-1.050592,-0.800066,-0.000180
actual,9.055000,20.555000,0.484780,-1.049740,1.050626,-1.050592,-0.800066,-0.000180
actual,9.060000,20.560000,0.486279,-1.049740,1.050626,-1.050592,-0.800066,-0.000180
actual,9.065000,20.565000,0.487791,-1.049740,1.050626,-1.050592,-0.800066,-0.000180
actual,9.070000,20.570000,0.489316,-1.049740,1.050626,-1.050592,-0.800066,-0.000180
actual,9.075000,20.575000,0.490851,-1.049740,1.050626,-1.050592,-0.800066,-0.000180
actual,9.080000,20.580000,0.492396,-1.049740,1.050626,-1.050592,-0.800066,-0.000180
actual,9.085000,20.585000,0.493947,-1.049740,1.050626,-1.050592,-0.800066,-0.000180
actual,9.090000,20.590000,0.495505,-1.049740,1.050626,-1.050592,-0.800066,-0.000180
actual,9.095000,20.595000,0.497068,-1.049740,1.050626,-1.050592,-0.800066,-0.000180
actual,9.100000,20.600000,0.498633,-1.049740,1.050626,-1.050592,-0.800066,-0.000180
actual,9.105000,20.605000,0.500199,-1.049740,1.050626,-1.050592,-0.800066,-0.000180
actual,9.110000,20.610000,0.501766,-1.049740,1.050626,-1.050592,-0.800066,-0.000180
actual,9.115000,20.615000,0.503331,-1.049740,1.050626,-1.050592,-0.800066,-0.000180
actual,9.120000,20.620000,0.504892,-1.049740,1.050626,-1.050592,-0.800066,-0.000180
actual,9.125000,20.625000,0.506449,-1.049740,1.050626,-1.050592,-0.800066,-0.000180
actual,9.130000,20.630000,0.507999,-1.049740,1.050626,-1.050592,-0.800066,-0.000180
actual,9.135000,20.635000,0.509542,-1.049740,1.050626,-1.050592,-0.800066,-0.000180
actual,9.140000,20.640000,0.511075,-1.049740,1.050626,-1.050592,-0.800066,-0.000180
actual,9.145000,20.645000,0.512597,-1.049740,1.050626,-1.050592,-0.800066,-0.000180
actual,9.150000,20.650000,0.514107,-1.049740,1.050626,-1.050592,-0.800066,-0.000180
actual,9.155000,20.655000,0.515603,-1.049740,1.050626,-1.050592,-0.800066,-0.000180
actual,9.160000,20.660000,0.517084,-1.049740,1.050626,-1.050592,-0.800066,-0.000180
actual,9.165000,20.665000,0.518547,-1.049740,1.050626,-1.050592,-0.800066,-0.000180
actual,9.170000,20.670000,0.519993,-1.049740,1.050626,-1.050592,-0.800066,-0.000180
actual,9.175000,20.675000,0.521419,-1.049740,1.050626,-1.050592,-0.800066,-0.000180
actual,9.180000,20.680000,0.522824,-1.049740,1.050626,-1.050592,-0.800066,-0.000180
actual,9.185000,20.685000,0.524206,-1.049740,1.050626,-1.050592,-0.800066,-0.000180
actual,9.190000,20.690000,0.525564,-1.049740,1.050626,-1.050592,-0.800066,-0.000180
actual,9.195000,20.695000,0.526897,-1.049740,1.050626,-1.050592,-0.800066,-0.000180
actual,9.200000,20.700000,0.528204,-1.049740,1.050626,-1.050592,-0.800066,-0.000180
actual,9.205000,20.705000,0.529483,-1.049740,1.050626,-1.050592,-0.800066,-0.000180
actual,9.210000,20.710000,0.530733,-1.049740,1.050626,-1.050592,-0.800066,-0.000180
actual,9.215000,20.715000,0.531952,-1.049740,1.050626,-1.050592,-0.800066,-0.000180
actual,9.220000,20.720000,0.533140,-1.049740,1.050626,-1.050592,-0.800066,-0.000180
actual,9.225000,20.725000,0.534296,-1.049740,1.050626,-1.050592,-0.800066,-0.000180
actual,9.230000,20.730000,0.535417,-1.049740,1.050626,-1.050592,-0.800066,-0.000180
actual,9.235000,20.735000,0.536504,-1.049740,1.050626,-1.050592,-0.800066,-0.000180
actual,9.240000,20.740000,0.537555,-1.049740,1.050626,-1.050592,-0.800066,-0.000180
actual,9.245000,20.745000,0.538568,-1.049740,1.050626,-1.050592,-0.800066,-0.000180
actual,9.250000,20.750000,0.539544,-1.049740,1.050626,-1.050592,-0.800066,-0.000180
actual,9.255000,20.755000,0.540481,-1.049740,1.050626,-1.050592,-0.800066,-0.000180
actual,9.260000,20.760000,0.541377,-1.049740,1.050626,-1.050592,-0.800066,-0.000180
actual,9.265000,20.765000,0.542233,-1.049740,1.050626,-1.050592,-0.800066,-0.000180
actual,9.270000,20.770000,0.543048,-1.049740,1.050626,-1.050592,-0.800066,-0.000180
actual,9.275000,20.775000,0.543819,-1.049740,1.050626,-1.050592,-0.800066,-0.000180
actual,9.280000,20.780000,0.544548,-1.049740,1.050626,-1.050592,-0.800066,-0.000180
actual,9.285000,20.785000,0.545233,-1.049740,1.050626,-1.050592,-0.800066,-0.000180
actual,9.290000,20.790000,0.545873,-1.049740,1.050626,-1.050592,-0.800066,-0.000180
actual,9.295000,20.795000,0.546468,-1.049740,1.050626,-1.050592,-0.800066,-0.000180
actual,9.300000,20.800000,0.547017,-1.049740,1.050626,-1.050592,-0.800066,-0.000180
actual,9.305000,20.805000,0.547519,-1.049740,1.050626,-1.050592,-0.800066,-0.000180
actual,9.310000,20.810000,0.547975,-1.049740,1.050626,-1.050592,-0.800066,-0.000180
actual,9.315000,20.815000,0.548384,-1.049740,1.050626,-1.050592,-0.800066,-0.000180
actual,9.320000,20.820000,0.548744,-1.049740,1.050626,-1.050592,-0.800066,-0.000180
actual,9.325000,20.825000,0.549057,-1.049740,1.050626,-1.050592,-0.800066,-0.000180
actual,9.330000,20.830000,0.549322,-1.049740,1.050626,-1.050592,-0.800066,-0.000180
actual,9.335000,20.835000,0.549537,-1.049740,1.050626,-1.050592,-0.800066,-0.000180
actual,9.340000,20.840000,0.549704,-1.049740,1.050626,-1.050592,-0.800066,-0.000180
actual,9.345000,20.845000,0.549822,-1.049740,1.050626,-1.050592,-0.800066,-0.000180
actual,9.350000,20.850000,0.549891,-1.049740,1.050626,-1.050592,-0.800066,-0.000180
actual,9.355000,20.855000,0.549910,-1.049740,1.050626,-1.050592,-0.800066,-0.000180
actual,9.360000,20.860000,0.549881,-1.049740,1.050626,-1.050592,-0.800066,-0.000180
actual,9.365000,20.865000,0.549802,-1.049740,1.050626,-1.050592,-0.800066,-0.000180
actual,9.370000,20.870000,0.549674,-1.049740,1.050626,-1.050592,-0.800066,-0.000180
actual,9.375000,20.875000,0.549497,-1.049740,1.050626,-1.050592,-0.800066,-0.000180
actual,9.380000,20.880000,0.549271,-1.049740,1.050626,-1.050592,-0.800066,-0.000180
actual,9.385000,20.885000,0.548997,-1.049740,1.050626,-1.050592,-0.800066,-0.000180
actual,9.390000,20.890000,0.548674,-1.049740,1.050626,-1.050592,-0.800066,-0.000180
actual,9.395000,20.895000,0.548303,-1.049740,1.050626,-1.050592,-0.800066,-0.000180
actual,9.400000,20.900000,0.547885,-1.049740,1.050626,-1.050592,-0.800066,-0.000180
actual,9.405000,20.905000,0.547419,-1.049740,1.050626,-1.050592,-0.800066,-0.000180
actual,9.410000,20.910000,0.546907,-1.049740,1.050626,-1.050592,-0.800066,-0.000180
actual,9.415000,20.915000,0.546348,-1.049740,1.050626,-1.050592,-0.800066,-0.000180
actual,9.420000,20.920000,0.545744,-1.049740,1.050626,-1.050592,-0.800066,-0.000180
actual,9.425000,20.925000,0.545095,-1.049740,1.050626,-1.050592,-0.800066,-0.000180
actual,9.430000,20.930000,0.544401,-1.049740,1.050626,-1.050592,-0.800066,-0.000180
actual,9.435000,20.935000,0.543663,-1.049740,1.050626,-1.050592,-0.800066,-0.000180
actual,9.440000,20.940000,0.542883,-1.049740,1.050626,-1.050592,-0.800066,-0.000180
actual,9.445000,20.945000,0.542060,-1.049740,1.050626,-1.050592,-0.800066,-0.000180
actual,9.450000,20.950000,0.541195,-1.049740,1.050626,-1.050592,-0.800066,-0.000180
actual,9.455000,20.955000,0.540290,-1.049740,1.050626,-1.050592,-0.800066,-0.000180
actual,9.460000,20.960000,0.539345,-1.049740,1.050626,-1.050592,-0.800066,-0.000180
actual,9.465000,20.965000,0.538362,-1.049740,1.050626,-1.050592,-0.800066,-0.000180
actual,9.470000,20.970000,0.537341,-1.049740,1.050626,-1.050592,-0.800066,-0.000180
actual,9.475000,20.975000,0.536282,-1.049740,1.050626,-1.050592,-0.800066,-0.000180
actual,9.480000,20.980000,0.535188,-1.049740,1.050626,-1.050592,-0.800066,-0.000180
actual,9.485000,20.985000,0.534060,-1.049740,1.050626,-1.050592,-0.800066,-0.000180
actual,9.490000,20.990000,0.532897,-1.049740,1.050626,-1.050592,-0.800066,-0.000180
actual,9.495000,20.995000,0.531703,-1.049740,1.050626,-1.050592,-0.800066,-0.000180
actual,9.500000,21.000000,0.530477,-1.049740,1.050626,-1.050592,-0.800066,-0.000180
actual,9.505000,21.005000,0.529221,-1.049740,1.050626,-1.050592,-0.800066,-0.000180
actual,9.510000,21.010000,0.527936,-1.049740,1.050626,-1.050592,-0.800066,-0.000180
actual,9.515000,21.015000,0.526624,-1.049740,1.050626,-1.050592,-0.800066,-0.000180
actual,9.520000,21.020000,0.525285,-1.049740,1.050626,-1.050592,-0.800066,-0.000180
actual,9.525000,21.025000,0.523922,-1.049740,1.050626,-1.050592,-0.800066,-0.000180
actual,9.530000,21.030000,0.522535,-1.049740,1.050626,-1.050592,-0.800066,-0.000180
actual,9.535000,21.035000,0.521126,-1.049740,1.050626,-1.050592,-0.800066,-0.000180
actual,9.540000,21.040000,0.519696,-1.049740,1.050626,-1.050592,-0.800066,-0.000180
actual,9.545000,21.045000,0.518246,-1.049740,1.050626,-1.050592,-0.800066,-0.000180
actual,9.550000,21.050000,0.516779,-1.049740,1.050626,-1.050592,-0.800066,-0.000180
actual,9.555000,21.055000,0.515295,-1.049740,1.050626,-1.050592,-0.800066,-0.000180
actual,9.560000,21.060000,0.513796,-1.049740,1.050626,-1.050592,-0.800066,-0.000180
actual,9.565000,21.065000,0.512283,-1.049740,1.050626,-1.050592,-0.800066,-0.000180
actual,9.570000,21.070000,0.510759,-1.049740,1.050626,-1.050592,-0.800066,-0.000180
actual,9.575000,21.075000,0.509224,-1.049740,1.050626,-1.050592,-0.800066,-0.000180
actual,9.580000,21.080000,0.507679,-1.049740,1.050626,-1.050592,-0.800066,-0.000180
actual,9.585000,21.085000,0.506128,-1.049740,1.050626,-1.050592,-0.800066,-0.000180
actual,9.590000,21.090000,0.504570,-1.049740,1.050626,-1.050592,-0.800066,-0.000180
actual,9.595000,21.095000,0.503007,-1.049740,1.050626,-1.050592,-0.800066,-0.000180
actual,9.600000,21.100000,0.501442,-1.049740,1.050626,-1.050592,-0.800066,-0.000180
actual,9.605000,21.105000,0.499876,-1.049740,1.050626,-1.050592,-0.800066,-0.000180
actual,9.610000,21.110000,0.498309,-1.049740,1.050626,-1.050592,-0.800066,-0.000180
actual,9.615000,21.115000,0.496744,-1.049740,1.050626,-1.050592,-0.800066,-0.000180
actual,9.620000,21.120000,0.495183,-1.049740,1.050626,-1.050592,-0.800066,-0.000180
actual,9.625000,21.125000,0.493626,-1.049740,1.050626,-1.050592,-0.800066,-0.000180
actual,9.630000,21.130000,0.492076,-1.049740,1.050626,-1.050592,-0.800066,-0.000180
actual,9.635000,21.135000,0.490533,-1.049740,1.050626,-1.050592,-0.800066,-0.000180
actual,9.640000,21.140000,0.489000,-1.049740,1.050626,-1.050592,-0.800066,-0.000180
actual,9.645000,21.145000,0.487478,-1.049740,1.050626,-1.050592,-0.800066,-0.000180
actual,9.650000,21.150000,0.485968,-1.049740,1.050626,-1.050592,-0.800066,-0.000180
actual,9.655000,21.155000,0.484472,-1.049740,1.050626,-1.050592,-0.800066,-0.000180
actual,9.660000,21.160000,0.482991,-1.049740,1.050626,-1.050592,-0.800066,-0.000180
actual,9.665000,21.165000,0.481527,-1.049740,1.050626,-1.050592,-0.800066,-0.000180
actual,9.670000,21.170000,0.480082,-1.049740,1.050626,-1.050592,-0.800066,-0.000180
actual,9.675000,21.175000,0.478656,-1.049740,1.050626,-1.050592,-0.800066,-0.000180
actual,9.680000,21.180000,0.477251,-1.049740,1.050626,-1.050592,-0.800066,-0.000180
actual,9.685000,21.185000,0.475869,-1.049740,1.050626,-1.050592,-0.800066,-0.000180
actual,9.690000,21.190000,0.474511,-1.049740,1.050626,-1.050592,-0.800066,-0.000180
actual,9.695000,21.195000,0.473178,-1.049740,1.050626,-1.050592,-0.800066,-0.000180
actual,9.700000,21.200000,0.471871,-1.049740,1.050626,-1.050592,-0.800066,-0.000180
actual,9.705000,21.205000,0.470592,-1.049740,1.050626,-1.050592,-0.800066,-0.000180
actual,9.710000,21.210000,0.469342,-1.049740,1.050626,-1.050592,-0.800066,-0.000180
actual,9.715000,21.215000,0.468123,-1.049740,1.050626,-1.050592,-0.800066,-0.000180
actual,9.720000,21.220000,0.466935,-1.049740,1.050626,-1.050592,-0.800066,-0.000180
actual,9.725000,21.225000,0.465779,-1.049740,1.050626,-1.050592,-0.800066,-0.000180
actual,9.730000,21.230000,0.464658,-1.049740,1.050626,-1.050592,-0.800066,-0.000180
actual,9.735000,21.235000,0.463571,-1.049740,1.050626,-1.050592,-0.800066,-0.000180
actual,9.740000,21.240000,0.462520,-1.049740,1.050626,-1.050592,-0.800066,-0.000180
actual,9.745000,21.245000,0.461507,-1.049740,1.050626,-1.050592,-0.800066,-0.000180
actual,9.750000,21.250000,0.460531,-1.049740,1.050626,-1.050592,-0.800066,-0.000180
actual,9.755000,21.255000,0.459594,-1.049740,1.050626,-1.050592,-0.800066,-0.000180
actual,9.760000,21.260000,0.458698,-1.049740,1.050626,-1.050592,-0.800066,-0.000180
actual,9.765000,21.265000,0.457842,-1.049740,1.050626,-1.050592,-0.800066,-0.000180
actual,9.770000,21.270000,0.457027,-1.049740,1.050626,-1.050592,-0.800066,-0.000180
actual,9.775000,21.275000,0.456256,-1.049740,1.050626,-1.050592,-0.800066,-0.000180
actual,9.780000,21.280000,0.455527,-1.049740,1.050626,-1.050592,-0.800066,-0.000180
actual,9.785000,21.285000,0.454842,-1.049740,1.050626,-1.050592,-0.800066,-0.000180
actual,9.790000,21.290000,0.454202,-1.049740,1.050626,-1.050592,-0.800066,-0.000180
actual,9.795000,21.295000,0.453607,-1.049740,1.050626,-1.050592,-0.800066,-0.000180
actual,9.800000,21.300000,0.453058,-1.049740,1.050626,-1.050592,-0.800066,-0.000180
actual,9.805000,21.305000,0.452556,-1.049740,1.050626,-1.050592,-0.800066,-0.000180
actual,9.810000,21.310000,0.452100,-1.049740,1.050626,-1.050592,-0.800066,-0.000180
actual,9.815000,21.315000,0.451691,-1.049740,1.050626,-1.050592,-0.800066,-0.000180
actual,9.820000,21.320000,0.451330,-1.049740,1.050626,-1.050592,-0.800066,-0.000180
actual,9.825000,21.325000,0.451018,-1.049740,1.050626,-1.050592,-0.800066,-0.000180
actual,9.830000,21.330000,0.450753,-1.049740,1.050626,-1.050592,-0.800066,-0.000180
actual,9.835000,21.335000,0.450538,-1.049740,1.050626,-1.050592,-0.800066,-0.000180
actual,9.840000,21.340000,0.450371,-1.049740,1.050626,-1.050592,-0.800066,-0.000180
actual,9.845000,21.345000,0.450253,-1.049740,1.050626,-1.050592,-0.800066,-0.000180
actual,9.850000,21.350000,0.450184,-1.049740,1.050626,-1.050592,-0.800066,-0.000180
actual,9.855000,21.355000,0.450165,-1.049740,1.050626,-1.050592,-0.800066,-0.000180
actual,9.860000,21.360000,0.450194,-1.049740,1.050626,-1.050592,-0.800066,-0.000180
actual,9.865000,21.365000,0.450273,-1.049740,1.050626,-1.050592,-0.800066,-0.000180
actual,9.870000,21.370000,0.450401,-1.049740,1.050626,-1.050592,-0.800066,-0.000180
actual,9.875000,21.375000,0.450578,-1.049740,1.050626,-1.050592,-0.800066,-0.000180
actual,9.880000,21.380000,0.450804,-1.049740,1.050626,-1.050592,-0.800066,-0.000180
actual,9.885000,21.385000,0.451078,-1.049740,1.050626,-1.050592,-0.800066,-0.000180
actual,9.890000,21.390000,0.451401,-1.049740,1.050626,-1.050592,-0.800066,-0.000180
actual,9.895000,21.395000,0.451772,-1.049740,1.050626,-1.050592,-0.800066,-0.000180
actual,9.900000,21.400000,0.452190,-1.049740,1.050626,-1.050592,-0.800066,-0.000180
actual,9.905000,21.405000,0.452656,-1.049740,1.050626,-1.050592,-0.800066,-0.000180
actual,9.910000,21.410000,0.453168,-1.049740,1.050626,-1.050592,-0.800066,-0.000180
actual,9.915000,21.415000,0.453726,-1.049740,1.050626,-1.050592,-0.800066,-0.000180
actual,9.920000,21.420000,0.454331,-1.049740,1.050626,-1.050592,-0.800066,-0.000180
actual,9.925000,21.425000,0.454980,-1.049740,1.050626,-1.050592,-0.800066,-0.000180
actual,9.930000,21.430000,0.455674,-1.049740,1.050626,-1.050592,-0.800066,-0.000180
actual,9.935000,21.435000,0.456412,-1.049740,1.050626,-1.050592,-0.800066,-0.000180
actual,9.940000,21.440000,0.457192,-1.049740,1.050626,-1.050592,-0.800066,-0.000180
actual,9.945000,21.445000,0.458015,-1.049740,1.050626,-1.050592,-0.800066,-0.000180
actual,9.950000,21.450000,0.458880,-1.049740,1.050626,-1.050592,-0.800066,-0.000180
actual,9.955000,21.455000,0.459785,-1.049740,1.050626,-1.050592,-0.800066,-0.000180
actual,9.960000,21.460000,0.460729,-1.049740,1.050626,-1.050592,-0.800066,-0.000180
actual,9.965000,21.465000,0.461713,-1.049740,1.050626,-1.050592,-0.800066,-0.000180
actual,9.970000,21.470000,0.462734,-1.049740,1.050626,-1.050592,-0.800066,-0.000180
actual,9.975000,21.475000,0.463793,-1.049740,1.050626,-1.050592,-0.800066,-0.000180
actual,9.980000,21.480000,0.464887,-1.049740,1.050626,-1.050592,-0.800066,-0.000180
actual,9.985000,21.485000,0.466015,-1.049740,1.050626,-1.050592,-0.800066,-0.000180
actual,9.990000,21.490000,0.467177,-1.049740,1.050626,-1.050592,-0.800066,-0.000180
actual,9.995000,21.495000,0.468372,-1.049740,1.050626,-1.050592,-0.800066,-0.000180
actual,10.000000,21.500000,0.469598,-1.049740,1.050626,-1.050592,-0.800066,-0.000180
actual,10.005000,21.505000,0.470854,-1.049740,1.050626,-1.050592,-0.800066,-0.000180
actual,10.010000,21.510000,0.472139,-1.049740,1.050626,-1.050592,-0.800066,-0.000180
actual,10.015000,21.515000,0.473451,-1.049740,1.050626,-1.050592,-0.800066,-0.000180
actual,10.020000,21.520000,0.474790,-1.049740,1.050626,-1.050592,-0.800066,-0.000180
actual,10.025000,21.525000,0.476153,-1.049740,1.050626,-1.050592,-0.800066,-0.000180
actual,10.030000,21.530000,0.477540,-1.049740,1.050626,-1.050592,-0.800066,-0.000180
actual,10.035000,21.535000,0.478949,-1.049740,1.050626,-1.050592,-0.800066,-0.000180
actual,10.040000,21.540000,0.480379,-1.049740,1.050626,-1.050592,-0.800066,-0.000180
actual,10.045000,21.545000,0.481829,-1.049740,1.050626,-1.050592,-0.800066,-0.000180
actual,10.050000,21.550000,0.483296,-1.049740,1.050626,-1.050592,-0.800066,-0.000180
actual,10.055000,21.555000,0.484780,-1.049740,1.050626,-1.050592,-0.800066,-0.000180
actual,10.060000,21.560000,0.486279,-1.049740,1.050626,-1.050592,-0.800066,-0.000180
actual,10.065000,21.565000,0.487791,-1.049740,1.050626,-1.050592,-0.800066,-0.000180
actual,10.070000,21.570000,0.489316,-1.049740,1.050626,-1.050592,-0.800066,-0.000180
actual,10.075000,21.575000,0.490851,-1.049740,1.050626,-1.050592,-0.800066,-0.000180
actual,10.080000,21.580000,0.492396,-1.049740,1.050626,-1.050592,-0.800066,-0.000180
actual,10.085000,21.585000,0.493947,-1.049740,1.050626,-1.050592,-0.800066,-0.000180
actual,10.090000,21.590000,0.495505,-1.049740,1.050626,-1.050592,-0.800066,-0.000180
actual,10.095000,21.595000,0.497068,-1.049740,1.050626,-1.050592,-0.800066,-0.000180
actual,10.100000,21.600000,0.498633,-1.049740,1.050626,-1.050592,-0.800066,-0.000180
actual,10.105000,21.605000,0.500199,-1.049740,1.050626,-1.050592,-0.800066,-0.000180
actual,10.110000,21.610000,0.501766,-1.049740,1.050626,-1.050592,-0.800066,-0.000180
actual,10.115000,21.615000,0.503331,-1.049740,1.050626,-1.050592,-0.800066,-0.000180
actual,10.120000,21.620000,0.504892,-1.049740,1.050626,-1.050592,-0.800066,-0.000180
actual,10.125000,21.625000,0.506449,-1.049740,1.050626,-1.050592,-0.800066,-0.000180
actual,10.130000,21.630000,0.507999,-1.049740,1.050626,-1.050592,-0.800066,-0.000180
actual,10.135000,21.635000,0.509542,-1.049740,1.050626,-1.050592,-0.800066,-0.000180
actual,10.140000,21.640000,0.511075,-1.049740,1.050626,-1.050592,-0.800066,-0.000180
actual,10.145000,21.645000,0.512597,-1.049740,1.050626,-1.050592,-0.800066,-0.000180
actual,10.150000,21.650000,0.514107,-1.049740,1.050626,-1.050592,-0.800066,-0.000180
actual,10.155000,21.655000,0.515603,-1.049740,1.050626,-1.050592,-0.800066,-0.000180
actual,10.160000,21.660000,0.517084,-1.049740,1.050626,-1.050592,-0.800066,-0.000180
actual,10.165000,21.665000,0.518547,-1.049740,1.050626,-1.050592,-0.800066,-0.000180
actual,10.170000,21.670000,0.519993,-1.049740,1.050626,-1.050592,-0.800066,-0.000180
actual,10.175000,21.675000,0.521419,-1.049740,1.050626,-1.050592,-0.800066,-0.000180
actual,10.180000,21.680000,0.522824,-1.049740,1.050626,-1.050592,-0.800066,-0.000180
actual,10.185000,21.685000,0.524206,-1.049740,1.050626,-1.050592,-0.800066,-0.000180
actual,10.190000,21.690000,0.525564,-1.049740,1.050626,-1.050592,-0.800066,-0.000180
actual,10.195000,21.695000,0.526897,-1.049740,1.050626,-1.050592,-0.800066,-0.000180
actual,10.200000,21.700000,0.528204,-1.049740,1.050626,-1.050592,-0.800066,-0.000180
actual,10.205000,21.705000,0.529483,-1.049740,1.050626,-1.050592,-0.800066,-0.000180
actual,10.210000,21.710000,0.530733,-1.049740,1.050626,-1.050592,-0.800066,-0.000180
actual,10.215000,21.715000,0.531952,-1.049740,1.050626,-1.050592,-0.800066,-0.000180
actual,10.220000,21.720000,0.533140,-1.049740,1.050626,-1.050592,-0.800066,-0.000180
actual,10.225000,21.725000,0.534296,-1.049740,1.050626,-1.050592,-0.800066,-0.000180
actual,10.230000,21.730000,0.535417,-1.049740,1.050626,-1.050592,-0.800066,-0.000180
actual,10.235000,21.735000,0.536504,-1.049740,1.050626,-1.050592,-0.800066,-0.000180
actual,10.240000,21.740000,0.537555,-1.049740,1.050626,-1.050592,-0.800066,-0.000180
actual,10.245000,21.745000,0.538568,-1.049740,1.050626,-1.050592,-0.800066,-0.000180
actual,10.250000,21.750000,0.539544,-1.049740,1.050626,-1.050592,-0.800066,-0.000180
actual,10.255000,21.755000,0.540481,-1.049740,1.050626,-1.050592,-0.800066,-0.000180
actual,10.260000,21.760000,0.541377,-1.049740,1.050626,-1.050592,-0.800066,-0.000180
actual,10.265000,21.765000,0.542233,-1.049740,1.050626,-1.050592,-0.800066,-0.000180
actual,10.270000,21.770000,0.543048,-1.049740,1.050626,-1.050592,-0.800066,-0.000180
actual,10.275000,21.775000,0.543819,-1.049740,1.050626,-1.050592,-0.800066,-0.000180
actual,10.280000,21.780000,0.544548,-1.049740,1.050626,-1.050592,-0.800066,-0.000180
actual,10.285000,21.785000,0.545233,-1.049740,1.050626,-1.050592,-0.800066,-0.000180
actual,10.290000,21.790000,0.545873,-1.049740,1.050626,-1.050592,-0.800066,-0.000180
actual,10.295000,21.795000,0.546468,-1.049740,1.050626,-1.050592,-0.800066,-0.000180
actual,10.300000,21.800000,0.547017,-1.049740,1.050626,-1.050592,-0.800066,-0.000180
actual,10.305000,21.805000,0.547519,-1.049740,1.050626,-1.050592,-0.800066,-0.000180
actual,10.310000,21.810000,0.547975,-1.049740,1.050626,-1.050592,-0.800066,-0.000180
actual,10.315000,21.815000,0.548384,-1.049740,1.050626,-1.050592,-0.800066,-0.000180
actual,10.320000,21.820000,0.548744,-1.049740,1.050626,-1.050592,-0.800066,-0.000180
actual,10.325000,21.825000,0.549057,-1.049740,1.050626,-1.050592,-0.800066,-0.000180
actual,10.330000,21.830000,0.549322,-1.049740,1.050626,-1.050592,-0.800066,-0.000180
actual,10.335000,21.835000,0.549537,-1.049740,1.050626,-1.050592,-0.800066,-0.000180
actual,10.340000,21.840000,0.549704,-1.049740,1.050626,-1.050592,-0.800066,-0.000180
actual,10.345000,21.845000,0.549822,-1.049740,1.050626,-1.050592,-0.800066,-0.000180
actual,10.350000,21.850000,0.549891,-1.049740,1.050626,-1.050592,-0.800066,-0.000180
actual,10.355000,21.855000,0.549910,-1.049740,1.050626,-1.050592,-0.800066,-0.000180
actual,10.360000,21.860000,0.549881,-1.049740,1.050626,-1.050592,-0.800066,-0.000180
actual,10.365000,21.865000,0.549802,-1.049740,1.050626,-1.050592,-0.800066,-0.000180
actual,10.370000,21.870000,0.549674,-1.049740,1.050626,-1.050592,-0.800066,-0.000180
actual,10.375000,21.875000,0.549497,-1.049740,1.050626,-1.050592,-0.800066,-0.000180
actual,10.380000,21.880000,0.549271,-1.049740,1.050626,-1.050592,-0.800066,-0.000180
actual,10.385000,21.885000,0.548997,-1.049740,1.050626,-1.050592,-0.800066,-0.000180
actual,10.390000,21.890000,0.548674,-1.049740,1.050626,-1.050592,-0.800066,-0.000180
actual,10.395000,21.895000,0.548303,-1.049740,1.050626,-1.050592,-0.800066,-0.000180
actual,10.400000,21.900000,0.547885,-1.049740,1.050626,-1.050592,-0.800066,-0.000180
actual,10.405000,21.905000,0.547419,-1.049740,1.050626,-1.050592,-0.800066,-0.000180
actual,10.410000,21.910000,0.546907,-1.049740,1.050626,-1.050592,-0.800066,-0.000180
actual,10.415000,21.915000,0.546348,-1.049740,1.050626,-1.050592,-0.800066,-0.000180
actual,10.420000,21.920000,0.545744,-1.049740,1.050626,-1.050592,-0.800066,-0.000180
actual,10.425000,21.925000,0.545095,-1.049740,1.050626,-1.050592,-0.800066,-0.000180
actual,10.430000,21.930000,0.544401,-1.049740,1.050626,-1.050592,-0.800066,-0.000180
actual,10.435000,21.935000,0.543663,-1.049740,1.050626,-1.050592,-0.800066,-0.000180
actual,10.440000,21.940000,0.542883,-1.049740,1.050626,-1.050592,-0.800066,-0.000180
actual,10.445000,21.945000,0.542060,-1.049740,1.050626,-1.050592,-0.800066,-0.000180
actual,10.450000,21.950000,0.541195,-1.049740,1.050626,-1.050592,-0.800066,-0.000180
actual,10.455000,21.955000,0.540290,-1.049740,1.050626,-1.050592,-0.800066,-0.000180
actual,10.460000,21.960000,0.539345,-1.049740,1.050626,-1.050592,-0.800066,-0.000180
actual,10.465000,21.965000,0.538362,-1.049740,1.050626,-1.050592,-0.800066,-0.000180
actual,10.470000,21.970000,0.537341,-1.049740,1.050626,-1.050592,-0.800066,-0.000180
actual,10.475000,21.975000,0.536282,-1.049740,1.050626,-1.050592,-0.800066,-0.000180
actual,10.480000,21.980000,0.535188,-1.049740,1.050626,-1.050592,-0.800066,-0.000180
actual,10.485000,21.985000,0.534060,-1.049740,1.050626,-1.050592,-0.800066,-0.000180
actual,10.490000,21.990000,0.532897,-1.049740,1.050626,-1.050592,-0.800066,-0.000180
actual,10.495000,21.995000,0.531703,-1.049740,1.050626,-1.050592,-0.800066,-0.000180
actual,10.500000,22.000000,0.530477,-1.049740,1.050626,-1.050592,-0.800066,-0.000180
actual,10.505000,22.005000,0.529221,-1.049740,1.050626,-1.050592,-0.800066,-0.000180
actual,10.510000,22.010000,0.527936,-1.049740,1.050626,-1.050592,-0.800066,-0.000180
actual,10.515000,22.015000,0.526624,-1.049740,1.050626,-1.050592,-0.800066,-0.000180
actual,10.520000,22.020000,0.525285,-1.049740,1.050626,-1.050592,-0.800066,-0.000180
actual,10.525000,22.025000,0.523922,-1.049740,1.050626,-1.050592,-0.800066,-0.000180
actual,10.530000,22.030000,0.522535,-1.049740,1.050626,-1.050592,-0.800066,-0.000180
actual,10.535000,22.035000,0.521126,-1.049740,1.050626,-1.050592,-0.800066,-0.000180
actual,10.540000,22.040000,0.519696,-1.049740,1.050626,-1.050592,-0.800066,-0.000180
actual,10.545000,22.045000,0.518246,-1.049740,1.050626,-1.050592,-0.800066,-0.000180
actual,10.550000,22.050000,0.516779,-1.049740,1.050626,-1.050592,-0.800066,-0.000180
actual,10.555000,22.055000,0.515295,-1.049740,1.050626,-1.050592,-0.800066,-0.000180
actual,10.560000,22.060000,0.513796,-1.049740,1.050626,-1.050592,-0.800066,-0.000180
actual,10.565000,22.065000,0.512283,-1.049740,1.050626,-1.050592,-0.800066,-0.000180
actual,10.570000,22.070000,0.510759,-1.049740,1.050626,-1.050592,-0.800066,-0.000180
actual,10.575000,22.075000,0.509224,-1.049740,1.050626,-1.050592,-0.800066,-0.000180
actual,10.580000,22.080000,0.507679,-1.049740,1.050626,-1.050592,-0.800066,-0.000180
actual,10.585000,22.085000,0.506128,-1.049740,1.050626,-1.050592,-0.800066,-0.000180
actual,10.590000,22.090000,0.504570,-1.049740,1.050626,-1.050592,-0.800066,-0.000180
actual,10.595000,22.095000,0.503007,-1.049740,1.050626,-1.050592,-0.800066,-0.000180
actual,10.600000,22.100000,0.501442,-1.049740,1.050626,-1.050592,-0.800066,-0.000180
actual,10.605000,22.105000,0.499876,-1.049740,1.050626,-1.050592,-0.800066,-0.000180
actual,10.610000,22.110000,0.498309,-1.049740,1.050626,-1.050592,-0.800066,-0.000180
actual,10.615000,22.115000,0.496744,-1.049740,1.050626,-1.050592,-0.800066,-0.000180
actual,10.620000,22.120000,0.495183,-1.049740,1.050626,-1.050592,-0.800066,-0.000180
actual,10.625000,22.125000,0.493626,-1.049740,1.050626,-1.050592,-0.800066,-0.000180
actual,10.630000,22.130000,0.492076,-1.049740,1.050626,-1.050592,-0.800066,-0.000180
actual,10.635000,22.135000,0.490533,-1.049740,1.050626,-1.050592,-0.800066,-0.000180
actual,10.640000,22.140000,0.489000,-1.049740,1.050626,-1.050592,-0.800066,-0.000180
actual,10.645000,22.145000,0.487478,-1.049740,1.050626,-1.050592,-0.800066,-0.000180
actual,10.650000,22.150000,0.485968,-1.049740,1.050626,-1.050592,-0.800066,-0.000180
actual,10.655000,22.155000,0.484472,-1.049740,1.050626,-1.050592,-0.800066,-0.000180
actual,10.660000,22.160000,0.482991,-1.049740,1.050626,-1.050592,-0.800066,-0.000180
actual,10.665000,22.165000,0.481527,-1.049740,1.050626,-1.050592,-0.800066,-0.000180
actual,10.670000,22.170000,0.480082,-1.049740,1.050626,-1.050592,-0.800066,-0.000180
actual,10.675000,22.175000,0.478656,-1.049740,1.050626,-1.050592,-0.800066,-0.000180
actual,10.680000,22.180000,0.477251,-1.049740,1.050626,-1.050592,-0.800066,-0.000180
actual,10.685000,22.185000,0.475869,-1.049740,1.050626,-1.050592,-0.800066,-0.000180
actual,10.690000,22.190000,0.474511,-1.049740,1.050626,-1.050592,-0.800066,-0.000180
actual,10.695000,22.195000,0.473178,-1.049740,1.050626,-1.050592,-0.800066,-0.000180
actual,10.700000,22.200000,0.471871,-1.049740,1.050626,-1.050592,-0.800066,-0.000180
actual,10.705000,22.205000,0.470592,-1.049740,1.050626,-1.050592,-0.800066,-0.000180
actual,10.710000,22.210000,0.469342,-1.049740,1.050626,-1.050592,-0.800066,-0.000180
actual,10.715000,22.215000,0.468123,-1.049740,1.050626,-1.050592,-0.800066,-0.000180
actual,10.720000,22.220000,0.466935,-1.049740,1.050626,-1.050592,-0.800066,-0.000180
actual,10.725000,22.225000,0.465779,-1.049740,1.050626,-1.050592,-0.800066,-0.000180
actual,10.730000,22.230000,0.464658,-1.049740,1.050626,-1.050592,-0.800066,-0.000180
actual,10.735000,22.235000,0.463571,-1.049740,1.050626,-1.050592,-0.800066,-0.000180
actual,10.740000,22.240000,0.462520,-1.049740,1.050626,-1.050592,-0.800066,-0.000180
actual,10.745000,22.245000,0.461507,-1.049740,1.050626,-1.050592,-0.800066,-0.000180
actual,10.750000,22.250000,0.460531,-1.049740,1.050626,-1.050592,-0.800066,-0.000180
actual,10.755000,22.255000,0.459594,-1.049740,1.050626,-1.050592,-0.800066,-0.000180
actual,10.760000,22.260000,0.458698,-1.049740,1.050626,-1.050592,-0.800066,-0.000180
actual,10.765000,22.265000,0.457842,-1.049740,1.050626,-1.050592,-0.800066,-0.000180
actual,10.770000,22.270000,0.457027,-1.049740,1.050626,-1.050592,-0.800066,-0.000180
actual,10.775000,22.275000,0.456256,-1.049740,1.050626,-1.050592,-0.800066,-0.000180
actual,10.780000,22.280000,0.455527,-1.049740,1.050626,-1.050592,-0.800066,-0.000180
actual,10.785000,22.285000,0.454842,-1.049740,1.050626,-1.050592,-0.800066,-0.000180
actual,10.790000,22.290000,0.454202,-1.049740,1.050626,-1.050592,-0.800066,-0.000180
actual,10.795000,22.295000,0.453607,-1.049740,1.050626,-1.050592,-0.800066,-0.000180
actual,10.800000,22.300000,0.453058,-1.049740,1.050626,-1.050592,-0.800066,-0.000180
actual,10.805000,22.305000,0.452556,-1.049740,1.050626,-1.050592,-0.800066,-0.000180
actual,10.810000,22.310000,0.452100,-1.049740,1.050626,-1.050592,-0.800066,-0.000180
actual,10.815000,22.315000,0.451691,-1.049740,1.050626,-1.050592,-0.800066,-0.000180
actual,10.820000,22.320000,0.451330,-1.049740,1.050626,-1.050592,-0.800066,-0.000180
actual,10.825000,22.325000,0.451018,-1.049740,1.050626,-1.050592,-0.800066,-0.000180
actual,10.830000,22.330000,0.450753,-1.049740,1.050626,-1.050592,-0.800066,-0.000180
actual,10.835000,22.335000,0.450538,-1.049740,1.050626,-1.050592,-0.800066,-0.000180
actual,10.840000,22.340000,0.450371,-1.049740,1.050626,-1.050592,-0.800066,-0.000180
actual,10.845000,22.345000,0.450253,-1.049740,1.050626,-1.050592,-0.800066,-0.000180
actual,10.850000,22.350000,0.450184,-1.049740,1.050626,-1.050592,-0.800066,-0.000180
actual,10.855000,22.355000,0.450165,-1.049740,1.050626,-1.050592,-0.800066,-0.000180
actual,10.860000,22.360000,0.450194,-1.049740,1.050626,-1.050592,-0.800066,-0.000180
actual,10.865000,22.365000,0.450273,-1.049740,1.050626,-1.050592,-0.800066,-0.000180
actual,10.870000,22.370000,0.450401,-1.049740,1.050626,-1.050592,-0.800066,-0.000180
actual,10.875000,22.375000,0.450578,-1.049740,1.050626,-1.050592,-0.800066,-0.000180
actual,10.880000,22.380000,0.450804,-1.049740,1.050626,-1.050592,-0.800066,-0.000180
actual,10.885000,22.385000,0.451078,-1.049740,1.050626,-1.050592,-0.800066,-0.000180
actual,10.890000,22.390000,0.451401,-1.049740,1.050626,-1.050592,-0.800066,-0.000180
actual,10.895000,22.395000,0.451772,-1.049740,1.050626,-1.050592,-0.800066,-0.000180
actual,10.900000,22.400000,0.452190,-1.049740,1.050626,-1.050592,-0.800066,-0.000180
actual,10.905000,22.405000,0.452656,-1.049740,1.050626,-1.050592,-0.800066,-0.000180
actual,10.910000,22.410000,0.453168,-1.049740,1.050626,-1.050592,-0.800066,-0.000180
actual,10.915000,22.415000,0.453726,-1.049740,1.050626,-1.050592,-0.800066,-0.000180
actual,10.920000,22.420000,0.454331,-1.049740,1.050626,-1.050592,-0.800066,-0.000180
actual,10.925000,22.425000,0.454980,-1.049740,1.050626,-1.050592,-0.800066,-0.000180
actual,10.930000,22.430000,0.455674,-1.049740,1.050626,-1.050592,-0.800066,-0.000180
actual,10.935000,22.435000,0.456412,-1.049740,1.050626,-1.050592,-0.800066,-0.000180
actual,10.940000,22.440000,0.457192,-1.049740,1.050626,-1.050592,-0.800066,-0.000180
actual,10.945000,22.445000,0.458015,-1.049740,1.050626,-1.050592,-0.800066,-0.000180
actual,10.950000,22.450000,0.458880,-1.049740,1.050626,-1.050592,-0.800066,-0.000180
actual,10.955000,22.455000,0.459785,-1.049740,1.050626,-1.050592,-0.800066,-0.000180
actual,10.960000,22.460000,0.460729,-1.049740,1.050626,-1.050592,-0.800066,-0.000180
actual,10.965000,22.465000,0.461713,-1.049740,1.050626,-1.050592,-0.800066,-0.000180
actual,10.970000,22.470000,0.462734,-1.049740,1.050626,-1.050592,-0.800066,-0.000180
actual,10.975000,22.475000,0.463793,-1.049740,1.050626,-1.050592,-0.800066,-0.000180
actual,10.980000,22.480000,0.464887,-1.049740,1.050626,-1.050592,-0.800066,-0.000180
actual,10.985000,22.485000,0.466015,-1.049740,1.050626,-1.050592,-0.800066,-0.000180
actual,10.990000,22.490000,0.467177,-1.049740,1.050626,-1.050592,-0.800066,-0.000180
actual,10.995000,22.495000,0.468372,-1.049740,1.050626,-1.050592,-0.800066,-0.000180
actual,11.000000,22.500000,0.469598,-1.049740,1.050626,-1.050592,-0.800066,-0.000180
actual,11.005000,22.505000,0.470854,-1.049740,1.050626,-1.050592,-0.800066,-0.000180
actual,11.010000,22.510000,0.472139,-1.049740,1.050626,-1.050592,-0.800066,-0.000180
actual,11.015000,22.515000,0.473451,-1.049740,1.050626,-1.050592,-0.800066,-0.000180
actual,11.020000,22.520000,0.474790,-1.049740,1.050626,-1.050592,-0.800066,-0.000180
actual,11.025000,22.525000,0.476153,-1.049740,1.050626,-1.050592,-0.800066,-0.000180
actual,11.030000,22.530000,0.477540,-1.049740,1.050626,-1.050592,-0.800066,-0.000180
actual,11.035000,22.535000,0.478949,-1.049740,1.050626,-1.050592,-0.800066,-0.000180
actual,11.040000,22.540000,0.480379,-1.049740,1.050626,-1.050592,-0.800066,-0.000180
actual,11.045000,22.545000,0.481829,-1.049740,1.050626,-1.050592,-0.800066,-0.000180
actual,11.050000,22.550000,0.483296,-1.049740,1.050626,-1.050592,-0.800066,-0.000180
actual,11.055000,22.555000,0.484780,-1.049740,1.050626,-1.050592,-0.800066,-0.000180
actual,11.060000,22.560000,0.486279,-1.049740,1.050626,-1.050592,-0.800066,-0.000180
actual,11.065000,22.565000,0.487791,-1.049740,1.050626,-1.050592,-0.800066,-0.000180
actual,11.070000,22.570000,0.489316,-1.049740,1.050626,-1.050592,-0.800066,-0.000180
actual,11.075000,22.575000,0.490851,-1.049740,1.050626,-1.050592,-0.800066,-0.000180
actual,11.080000,22.580000,0.492396,-1.049740,1.050626,-1.050592,-0.800066,-0.000180
actual,11.085000,22.585000,0.493947,-1.049740,1.050626,-1.050592,-0.800066,-0.000180
actual,11.090000,22.590000,0.495505,-1.049740,1.050626,-1.050592,-0.800066,-0.000180
actual,11.095000,22.595000,0.497068,-1.049740,1.050626,-1.050592,-0.800066,-0.000180
actual,11.100000,22.600000,0.498633,-1.049740,1.050626,-1.050592,-0.800066,-0.000180
actual,11.105000,22.605000,0.500199,-1.049740,1.050626,-1.050592,-0.800066,-0.000180
actual,11.110000,22.610000,0.501766,-1.049740,1.050626,-1.050592,-0.800066,-0.000180
actual,11.115000,22.615000,0.503331,-1.049740,1.050626,-1.050592,-0.800066,-0.000180
actual,11.120000,22.620000,0.504892,-1.049740,1.050626,-1.050592,-0.800066,-0.000180
actual,11.125000,22.625000,0.506449,-1.049740,1.050626,-1.050592,-0.800066,-0.000180
actual,11.130000,22.630000,0.507999,-1.049740,1.050626,-1.050592,-0.800066,-0.000180
actual,11.135000,22.635000,0.509542,-1.049740,1.050626,-1.050592,-0.800066,-0.000180
actual,11.140000,22.640000,0.511075,-1.049740,1.050626,-1.050592,-0.800066,-0.000180
actual,11.145000,22.645000,0.512597,-1.049740,1.050626,-1.050592,-0.800066,-0.000180
actual,11.150000,22.650000,0.514107,-1.049740,1.050626,-1.050592,-0.800066,-0.000180
actual,11.155000,22.655000,0.515603,-1.049740,1.050626,-1.050592,-0.800066,-0.000180
actual,11.160000,22.660000,0.517084,-1.049740,1.050626,-1.050592,-0.800066,-0.000180
actual,11.165000,22.665000,0.518547,-1.049740,1.050626,-1.050592,-0.800066,-0.000180
actual,11.170000,22.670000,0.519993,-1.049740,1.050626,-1.050592,-0.800066,-0.000180
actual,11.175000,22.675000,0.521419,-1.049740,1.050626,-1.050592,-0.800066,-0.000180
actual,11.180000,22.680000,0.522824,-1.049740,1.050626,-1.050592,-0.800066,-0.000180
actual,11.185000,22.685000,0.524206,-1.049740,1.050626,-1.050592,-0.800066,-0.000180
actual,11.190000,22.690000,0.525564,-1.049740,1.050626,-1.050592,-0.800066,-0.000180
actual,11.195000,22.695000,0.526897,-1.049740,1.050626,-1.050592,-0.800066,-0.000180
actual,11.200000,22.700000,0.528204,-1.049740,1.050626,-1.050592,-0.800066,-0.000180
actual,11.205000,22.705000,0.529483,-1.049740,1.050626,-1.050592,-0.800066,-0.000180
actual,11.210000,22.710000,0.530733,-1.049740,1.050626,-1.050592,-0.800066,-0.000180
actual,11.215000,22.715000,0.531952,-1.049740,1.050626,-1.050592,-0.800066,-0.000180
actual,11.220000,22.720000,0.533140,-1.049740,1.050626,-1.050592,-0.800066,-0.000180
actual,11.225000,22.725000,0.534296,-1.049740,1.050626,-1.050592,-0.800066,-0.000180
actual,11.230000,22.730000,0.535417,-1.049740,1.050626,-1.050592,-0.800066,-0.000180
actual,11.235000,22.735000,0.536504,-1.049740,1.050626,-1.050592,-0.800066,-0.000180
actual,11.240000,22.740000,0.537555,-1.049740,1.050626,-1.050592,-0.800066,-0.000180
actual,11.245000,22.745000,0.538568,-1.049740,1.050626,-1.050592,-0.800066,-0.000180
actual,11.250000,22.750000,0.539544,-1.049740,1.050626,-1.050592,-0.800066,-0.000180
actual,11.255000,22.755000,0.540481,-1.049740,1.050626,-1.050592,-0.800066,-0.000180
actual,11.260000,22.760000,0.541377,-1.049740,1.050626,-1.050592,-0.800066,-0.000180
actual,11.265000,22.765000,0.542233,-1.049740,1.050626,-1.050592,-0.800066,-0.000180
actual,11.270000,22.770000,0.543048,-1.049740,1.050626,-1.050592,-0.800066,-0.000180
actual,11.275000,22.775000,0.543819,-1.049740,1.050626,-1.050592,-0.800066,-0.000180
actual,11.280000,22.780000,0.544548,-1.049740,1.050626,-1.050592,-0.800066,-0.000180
actual,11.285000,22.785000,0.545233,-1.049740,1.050626,-1.050592,-0.800066,-0.000180
actual,11.290000,22.790000,0.545873,-1.049740,1.050626,-1.050592,-0.800066,-0.000180
actual,11.295000,22.795000,0.546468,-1.049740,1.050626,-1.050592,-0.800066,-0.000180
actual,11.300000,22.800000,0.547017,-1.049740,1.050626,-1.050592,-0.800066,-0.000180
actual,11.305000,22.805000,0.547519,-1.049740,1.050626,-1.050592,-0.800066,-0.000180
actual,11.310000,22.810000,0.547975,-1.049740,1.050626,-1.050592,-0.800066,-0.000180
actual,11.315000,22.815000,0.548384,-1.049740,1.050626,-1.050592,-0.800066,-0.000180
actual,11.320000,22.820000,0.548744,-1.049740,1.050626,-1.050592,-0.800066,-0.000180
actual,11.325000,22.825000,0.549057,-1.049740,1.050626,-1.050592,-0.800066,-0.000180
actual,11.330000,22.830000,0.549322,-1.049740,1.050626,-1.050592,-0.800066,-0.000180
actual,11.335000,22.835000,0.549537,-1.049740,1.050626,-1.050592,-0.800066,-0.000180
actual,11.340000,22.840000,0.549704,-1.049740,1.050626,-1.050592,-0.800066,-0.000180
actual,11.345000,22.845000,0.549822,-1.049740,1.050626,-1.050592,-0.800066,-0.000180
actual,11.350000,22.850000,0.549891,-1.049740,1.050626,-1.050592,-0.800066,-0.000180
actual,11.355000,22.855000,0.549910,-1.049740,1.050626,-1.050592,-0.800066,-0.000180
actual,11.360000,22.860000,0.549881,-1.049740,1.050626,-1.050592,-0.800066,-0.000180
actual,11.365000,22.865000,0.549802,-1.049740,1.050626,-1.050592,-0.800066,-0.000180
actual,11.370000,22.870000,0.549674,-1.049740,1.050626,-1.050592,-0.800066,-0.000180
actual,11.375000,22.875000,0.549497,-1.049740,1.050626,-1.050592,-0.800066,-0.000180
actual,11.380000,22.880000,0.549271,-1.049740,1.050626,-1.050592,-0.800066,-0.000180
actual,11.385000,22.885000,0.548997,-1.049740,1.050626,-1.050592,-0.800066,-0.000180
actual,11.390000,22.890000,0.548674,-1.049740,1.050626,-1.050592,-0.800066,-0.000180
actual,11.395000,22.895000,0.548303,-1.049740,1.050626,-1.050592,-0.800066,-0.000180
actual,11.400000,22.900000,0.547885,-1.049740,1.050626,-1.050592,-0.800066,-0.000180
actual,11.405000,22.905000,0.547419,-1.049740,1.050626,-1.050592,-0.800066,-0.000180
actual,11.410000,22.910000,0.546907,-1.049740,1.050626,-1.050592,-0.800066,-0.000180
actual,11.415000,22.915000,0.546348,-1.049740,1.050626,-1.050592,-0.800066,-0.000180
actual,11.420000,22.920000,0.545744,-1.049740,1.050626,-1.050592,-0.800066,-0.000180
actual,11.425000,22.925000,0.545095,-1.049740,1.050626,-1.050592,-0.800066,-0.000180
actual,11.430000,22.930000,0.544401,-1.049740,1.050626,-1.050592,-0.800066,-0.000180
actual,11.435000,22.935000,0.543663,-1.049740,1.050626,-1.050592,-0.800066,-0.000180
actual,11.440000,22.940000,0.542883,-1.049740,1.050626,-1.050592,-0.800066,-0.000180
actual,11.445000,22.945000,0.542060,-1.049740,1.050626,-1.050592,-0.800066,-0.000180
actual,11.450000,22.950000,0.541195,-1.049740,1.050626,-1.050592,-0.800066,-0.000180
actual,11.455000,22.955000,0.540290,-1.049740,1.050626,-1.050592,-0.800066,-0.000180
actual,11.460000,22.960000,0.539345,-1.049740,1.050626,-1.050592,-0.800066,-0.000180
actual,11.465000,22.965000,0.538362,-1.049740,1.050626,-1.050592,-0.800066,-0.000180
actual,11.470000,22.970000,0.537341,-1.049740,1.050626,-1.050592,-0.800066,-0.000180
actual,11.475000,22.975000,0.536282,-1.049740,1.050626,-1.050592,-0.800066,-0.000180
actual,11.480000,22.980000,0.535188,-1.049740,1.050626,-1.050592,-0.800066,-0.000180
actual,11.485000,22.985000,0.534060,-1.049740,1.050626,-1.050592,-0.800066,-0.000180
actual,11.490000,22.990000,0.532897,-1.049740,1.050626,-1.050592,-0.800066,-0.000180
actual,11.495000,22.995000,0.531703,-1.049740,1.050626,-1.050592,-0.800066,-0.000180
actual,11.500000,23.000000,0.530477,-1.049740,1.050626,-1.050592,-0.800066,-0.000180
actual,11.505000,23.005000,0.529221,-1.049740,1.050626,-1.050592,-0.800066,-0.000180
actual,11.510000,23.010000,0.527936,-1.049740,1.050626,-1.050592,-0.800066,-0.000180
actual,11.515000,23.015000,0.526624,-1.049740,1.050626,-1.050592,-0.800066,-0.000180
actual,11.520000,23.020000,0.525285,-1.049740,1.050626,-1.050592,-0.800066,-0.000180
actual,11.525000,23.025000,0.523922,-1.049740,1.050626,-1.050592,-0.800066,-0.000180
actual,11.530000,23.030000,0.522535,-1.049740,1.050626,-1.050592,-0.800066,-0.000180
actual,11.535000,23.035000,0.521126,-1.049740,1.050626,-1.050592,-0.800066,-0.000180
actual,11.540000,23.040000,0.519696,-1.049740,1.050626,-1.050592,-0.800066,-0.000180
actual,11.545000,23.045000,0.518246,-1.049740,1.050626,-1.050592,-0.800066,-0.000180
actual,11.550000,23.050000,0.516779,-1.049740,1.050626,-1.050592,-0.800066,-0.000180
actual,11.555000,23.055000,0.515295,-1.049740,1.050626,-1.050592,-0.800066,-0.000180
actual,11.560000,23.060000,0.513796,-1.049740,1.050626,-1.050592,-0.800066,-0.000180
actual,11.565000,23.065000,0.512283,-1.049740,1.050626,-1.050592,-0.800066,-0.000180
actual,11.570000,23.070000,0.510759,-1.049740,1.050626,-1.050592,-0.800066,-0.000180
actual,11.575000,23.075000,0.509224,-1.049740,1.050626,-1.050592,-0.800066,-0.000180
actual,11.580000,23.080000,0.507679,-1.049740,1.050626,-1.050592,-0.800066,-0.000180
actual,11.585000,23.085000,0.506128,-1.049740,1.050626,-1.050592,-0.800066,-0.000180
actual,11.590000,23.090000,0.504570,-1.049740,1.050626,-1.050592,-0.800066,-0.000180
actual,11.595000,23.095000,0.503007,-1.049740,1.050626,-1.050592,-0.800066,-0.000180
actual,11.600000,23.100000,0.501442,-1.049740,1.050626,-1.050592,-0.800066,-0.000180
actual,11.605000,23.105000,0.499876,-1.049740,1.050626,-1.050592,-0.800066,-0.000180
actual,11.610000,23.110000,0.498309,-1.049740,1.050626,-1.050592,-0.800066,-0.000180
actual,11.615000,23.115000,0.496744,-1.049740,1.050626,-1.050592,-0.800066,-0.000180
actual,11.620000,23.120000,0.495183,-1.049740,1.050626,-1.050592,-0.800066,-0.000180
actual,11.625000,23.125000,0.493626,-1.049740,1.050626,-1.050592,-0.800066,-0.000180
actual,11.630000,23.130000,0.492076,-1.049740,1.050626,-1.050592,-0.800066,-0.000180
actual,11.635000,23.135000,0.490533,-1.049740,1.050626,-1.050592,-0.800066,-0.000180
actual,11.640000,23.140000,0.489000,-1.049740,1.050626,-1.050592,-0.800066,-0.000180
actual,11.645000,23.145000,0.487478,-1.049740,1.050626,-1.050592,-0.800066,-0.000180
actual,11.650000,23.150000,0.485968,-1.049740,1.050626,-1.050592,-0.800066,-0.000180
actual,11.655000,23.155000,0.484472,-1.049740,1.050626,-1.050592,-0.800066,-0.000180
actual,11.660000,23.160000,0.482991,-1.049740,1.050626,-1.050592,-0.800066,-0.000180
actual,11.665000,23.165000,0.481527,-1.049740,1.050626,-1.050592,-0.800066,-0.000180
actual,11.670000,23.170000,0.480082,-1.049740,1.050626,-1.050592,-0.800066,-0.000180
actual,11.675000,23.175000,0.478656,-1.049740,1.050626,-1.050592,-0.800066,-0.000180
actual,11.680000,23.180000,0.477251,-1.049740,1.050626,-1.050592,-0.800066,-0.000180
actual,11.685000,23.185000,0.475869,-1.049740,1.050626,-1.050592,-0.800066,-0.000180
actual,11.690000,23.190000,0.474511,-1.049740,1.050626,-1.050592,-0.800066,-0.000180
actual,11.695000,23.195000,0.473178,-1.049740,1.050626,-1.050592,-0.800066,-0.000180
actual,11.700000,23.200000,0.471871,-1.049740,1.050626,-1.050592,-0.800066,-0.000180
actual,11.705000,23.205000,0.470592,-1.049740,1.050626,-1.050592,-0.800066,-0.000180
actual,11.710000,23.210000,0.469342,-1.049740,1.050626,-1.050592,-0.800066,-0.000180
actual,11.715000,23.215000,0.468123,-1.049740,1.050626,-1.050592,-0.800066,-0.000180
actual,11.720000,23.220000,0.466935,-1.049740,1.050626,-1.050592,-0.800066,-0.000180
actual,11.725000,23.225000,0.465779,-1.049740,1.050626,-1.050592,-0.800066,-0.000180
actual,11.730000,23.230000,0.464658,-1.049740,1.050626,-1.050592,-0.800066,-0.000180
actual,11.735000,23.235000,0.463571,-1.049740,1.050626,-1.050592,-0.800066,-0.000180
actual,11.740000,23.240000,0.462520,-1.049740,1.050626,-1.050592,-0.800066,-0.000180
actual,11.745000,23.245000,0.461507,-1.049740,1.050626,-1.050592,-0.800066,-0.000180
actual,11.750000,23.250000,0.460531,-1.049740,1.050626,-1.050592,-0.800066,-0.000180
actual,11.755000,23.255000,0.459594,-1.049740,1.050626,-1.050592,-0.800066,-0.000180
actual,11.760000,23.260000,0.458698,-1.049740,1.050626,-1.050592,-0.800066,-0.000180
actual,11.765000,23.265000,0.457842,-1.049740,1.050626,-1.050592,-0.800066,-0.000180
actual,11.770000,23.270000,0.457027,-1.049740,1.050626,-1.050592,-0.800066,-0.000180
actual,11.775000,23.275000,0.456256,-1.049740,1.050626,-1.050592,-0.800066,-0.000180
actual,11.780000,23.280000,0.455527,-1.049740,1.050626,-1.050592,-0.800066,-0.000180
actual,11.785000,23.285000,0.454842,-1.049740,1.050626,-1.050592,-0.800066,-0.000180
actual,11.790000,23.290000,0.454202,-1.049740,1.050626,-1.050592,-0.800066,-0.000180
actual,11.795000,23.295000,0.453607,-1.049740,1.050626,-1.050592,-0.800066,-0.000180
actual,11.800000,23.300000,0.453058,-1.049740,1.050626,-1.050592,-0.800066,-0.000180
actual,11.805000,23.305000,0.452556,-1.049740,1.050626,-1.050592,-0.800066,-0.000180
actual,11.810000,23.310000,0.452100,-1.049740,1.050626,-1.050592,-0.800066,-0.000180
actual,11.815000,23.315000,0.451691,-1.049740,1.050626,-1.050592,-0.800066,-0.000180
actual,11.820000,23.320000,0.451330,-1.049740,1.050626,-1.050592,-0.800066,-0.000180
actual,11.825000,23.325000,0.451018,-1.049740,1.050626,-1.050592,-0.800066,-0.000180
actual,11.830000,23.330000,0.450753,-1.049740,1.050626,-1.050592,-0.800066,-0.000180
actual,11.835000,23.335000,0.450538,-1.049740,1.050626,-1.050592,-0.800066,-0.000180
actual,11.840000,23.340000,0.450371,-1.049740,1.050626,-1.050592,-0.800066,-0.000180
actual,11.845000,23.345000,0.450253,-1.049740,1.050626,-1.050592,-0.800066,-0.000180
actual,11.850000,23.350000,0.450184,-1.049740,1.050626,-1.050592,-0.800066,-0.000180
actual,11.855000,23.355000,0.450165,-1.049740,1.050626,-1.050592,-0.800066,-0.000180
actual,11.860000,23.360000,0.450194,-1.049740,1.050626,-1.050592,-0.800066,-0.000180
actual,11.865000,23.365000,0.450273,-1.049740,1.050626,-1.050592,-0.800066,-0.000180
actual,11.870000,23.370000,0.450401,-1.049740,1.050626,-1.050592,-0.800066,-0.000180
actual,11.875000,23.375000,0.450578,-1.049740,1.050626,-1.050592,-0.800066,-0.000180
actual,11.880000,23.380000,0.450804,-1.049740,1.050626,-1.050592,-0.800066,-0.000180
actual,11.885000,23.385000,0.451078,-1.049740,1.050626,-1.050592,-0.800066,-0.000180
actual,11.890000,23.390000,0.451401,-1.049740,1.050626,-1.050592,-0.800066,-0.000180
actual,11.895000,23.395000,0.451772,-1.049740,1.050626,-1.050592,-0.800066,-0.000180
actual,11.900000,23.400000,0.452190,-1.049740,1.050626,-1.050592,-0.800066,-0.000180
actual,11.905000,23.405000,0.452656,-1.049740,1.050626,-1.050592,-0.800066,-0.000180
actual,11.910000,23.410000,0.453168,-1.049740,1.050626,-1.050592,-0.800066,-0.000180
actual,11.915000,23.415000,0.453726,-1.049740,1.050626,-1.050592,-0.800066,-0.000180
actual,11.920000,23.420000,0.454331,-1.049740,1.050626,-1.050592,-0.800066,-0.000180
actual,11.925000,23.425000,0.454980,-1.049740,1.050626,-1.050592,-0.800066,-0.000180
actual,11.930000,23.430000,0.455674,-1.049740,1.050626,-1.050592,-0.800066,-0.000180
actual,11.935000,23.435000,0.456412,-1.049740,1.050626,-1.050592,-0.800066,-0.000180
actual,11.940000,23.440000,0.457192,-1.049740,1.050626,-1.050592,-0.800066,-0.000180
actual,11.945000,23.445000,0.458015,-1.049740,1.050626,-1.050592,-0.800066,-0.000180
actual,11.950000,23.450000,0.458880,-1.049740,1.050626,-1.050592,-0.800066,-0.000180
actual,11.955000,23.455000,0.459785,-1.049740,1.050626,-1.050592,-0.800066,-0.000180
actual,11.960000,23.460000,0.460729,-1.049740,1.050626,-1.050592,-0.800066,-0.000180
actual,11.965000,23.465000,0.461713,-1.049740,1.050626,-1.050592,-0.800066,-0.000180
actual,11.970000,23.470000,0.462734,-1.049740,1.050626,-1.050592,-0.800066,-0.000180
actual,11.975000,23.475000,0.463793,-1.049740,1.050626,-1.050592,-0.800066,-0.000180
actual,11.980000,23.480000,0.464887,-1.049740,1.050626,-1.050592,-0.800066,-0.000180
actual,11.985000,23.485000,0.466015,-1.049740,1.050626,-1.050592,-0.800066,-0.000180
actual,11.990000,23.490000,0.467177,-1.049740,1.050626,-1.050592,-0.800066,-0.000180
actual,11.995000,23.495000,0.468372,-1.049740,1.050626,-1.050592,-0.800066,-0.000180
actual,12.000000,23.500000,0.469598,-1.049740,1.050626,-1.050592,-0.800066,-0.000180
actual,12.005000,23.505000,0.470854,-1.049740,1.050626,-1.050592,-0.800066,-0.000180
actual,12.010000,23.510000,0.472139,-1.049740,1.050626,-1.050592,-0.800066,-0.000180
actual,12.015000,23.515000,0.473451,-1.049740,1.050626,-1.050592,-0.800066,-0.000180
actual,12.020000,23.520000,0.474790,-1.049740,1.050626,-1.050592,-0.800066,-0.000180
actual,12.025000,23.525000,0.476153,-1.049740,1.050626,-1.050592,-0.800066,-0.000180
actual,12.030000,23.530000,0.477540,-1.049740,1.050626,-1.050592,-0.800066,-0.000180
actual,12.035000,23.535000,0.478949,-1.049740,1.050626,-1.050592,-0.800066,-0.000180
actual,12.040000,23.540000,0.480379,-1.049740,1.050626,-1.050592,-0.800066,-0.000180
actual,12.045000,23.545000,0.481829,-1.049740,1.050626,-1.050592,-0.800066,-0.000180
actual,12.050000,23.550000,0.483296,-1.049740,1.050626,-1.050592,-0.800066,-0.000180
actual,12.055000,23.555000,0.484780,-1.049740,1.050626,-1.050592,-0.800066,-0.000180
actual,12.060000,23.560000,0.486279,-1.049740,1.050626,-1.050592,-0.800066,-0.000180
actual,12.065000,23.565000,0.487791,-1.049740,1.050626,-1.050592,-0.800066,-0.000180
actual,12.070000,23.570000,0.489316,-1.049740,1.050626,-1.050592,-0.800066,-0.000180
actual,12.075000,23.575000,0.490851,-1.049740,1.050626,-1.050592,-0.800066,-0.000180
actual,12.080000,23.580000,0.492396,-1.049740,1.050626,-1.050592,-0.800066,-0.000180
actual,12.085000,23.585000,0.493947,-1.049740,1.050626,-1.050592,-0.800066,-0.000180
actual,12.090000,23.590000,0.495505,-1.049740,1.050626,-1.050592,-0.800066,-0.000180
actual,12.095000,23.595000,0.497068,-1.049740,1.050626,-1.050592,-0.800066,-0.000180
actual,12.100000,23.600000,0.498633,-1.049740,1.050626,-1.050592,-0.800066,-0.000180
actual,12.105000,23.605000,0.500199,-1.049740,1.050626,-1.050592,-0.800066,-0.000180
actual,12.110000,23.610000,0.501766,-1.049740,1.050626,-1.050592,-0.800066,-0.000180
actual,12.115000,23.615000,0.503331,-1.049740,1.050626,-1.050592,-0.800066,-0.000180
actual,12.120000,23.620000,0.504892,-1.049740,1.050626,-1.050592,-0.800066,-0.000180
actual,12.125000,23.625000,0.506449,-1.049740,1.050626,-1.050592,-0.800066,-0.000180
actual,12.130000,23.630000,0.507999,-1.049740,1.050626,-1.050592,-0.800066,-0.000180
actual,12.135000,23.635000,0.509542,-1.049740,1.050626,-1.050592,-0.800066,-0.000180
actual,12.140000,23.640000,0.511075,-1.049740,1.050626,-1.050592,-0.800066,-0.000180
actual,12.145000,23.645000,0.512597,-1.049740,1.050626,-1.050592,-0.800066,-0.000180
actual,12.150000,23.650000,0.514107,-1.049740,1.050626,-1.050592,-0.800066,-0.000180
actual,12.155000,23.655000,0.515603,-1.049740,1.050626,-1.050592,-0.800066,-0.000180
actual,12.160000,23.660000,0.517084,-1.049740,1.050626,-1.050592,-0.800066,-0.000180
actual,12.165000,23.665000,0.518547,-1.049740,1.050626,-1.050592,-0.800066,-0.000180
actual,12.170000,23.670000,0.519993,-1.049740,1.050626,-1.050592,-0.800066,-0.000180
actual,12.175000,23.675000,0.521419,-1.049740,1.050626,-1.050592,-0.800066,-0.000180
actual,12.180000,23.680000,0.522824,-1.049740,1.050626,-1.050592,-0.800066,-0.000180
actual,12.185000,23.685000,0.524206,-1.049740,1.050626,-1.050592,-0.800066,-0.000180
actual,12.190000,23.690000,0.525564,-1.049740,1.050626,-1.050592,-0.800066,-0.000180
actual,12.195000,23.695000,0.526897,-1.049740,1.050626,-1.050592,-0.800066,-0.000180
actual,12.200000,23.700000,0.528204,-1.049740,1.050626,-1.050592,-0.800066,-0.000180
actual,12.205000,23.705000,0.529483,-1.049740,1.050626,-1.050592,-0.800066,-0.000180
actual,12.210000,23.710000,0.530733,-1.049740,1.050626,-1.050592,-0.800066,-0.000180
actual,12.215000,23.715000,0.531952,-1.049740,1.050626,-1.050592,-0.800066,-0.000180
actual,12.220000,23.720000,0.533140,-1.049740,1.050626,-1.050592,-0.800066,-0.000180
actual,12.225000,23.725000,0.534296,-1.049740,1.050626,-1.050592,-0.800066,-0.000180
actual,12.230000,23.730000,0.535417,-1.049740,1.050626,-1.050592,-0.800066,-0.000180
actual,12.235000,23.735000,0.536504,-1.049740,1.050626,-1.050592,-0.800066,-0.000180
actual,12.240000,23.740000,0.537555,-1.049740,1.050626,-1.050592,-0.800066,-0.000180
actual,12.245000,23.745000,0.538568,-1.049740,1.050626,-1.050592,-0.800066,-0.000180
actual,12.250000,23.750000,0.539544,-1.049740,1.050626,-1.050592,-0.800066,-0.000180
actual,12.255000,23.755000,0.540481,-1.049740,1.050626,-1.050592,-0.800066,-0.000180
actual,12.260000,23.760000,0.541377,-1.049740,1.050626,-1.050592,-0.800066,-0.000180
actual,12.265000,23.765000,0.542233,-1.049740,1.050626,-1.050592,-0.800066,-0.000180
actual,12.270000,23.770000,0.543048,-1.049740,1.050626,-1.050592,-0.800066,-0.000180
actual,12.275000,23.775000,0.543819,-1.049740,1.050626,-1.050592,-0.800066,-0.000180
actual,12.280000,23.780000,0.544548,-1.049740,1.050626,-1.050592,-0.800066,-0.000180
actual,12.285000,23.785000,0.545233,-1.049740,1.050626,-1.050592,-0.800066,-0.000180
actual,12.290000,23.790000,0.545873,-1.049740,1.050626,-1.050592,-0.800066,-0.000180
actual,12.295000,23.795000,0.546468,-1.049740,1.050626,-1.050592,-0.800066,-0.000180
actual,12.300000,23.800000,0.547017,-1.049740,1.050626,-1.050592,-0.800066,-0.000180
actual,12.305000,23.805000,0.547519,-1.049740,1.050626,-1.050592,-0.800066,-0.000180
actual,12.310000,23.810000,0.547975,-1.049740,1.050626,-1.050592,-0.800066,-0.000180
actual,12.315000,23.815000,0.548384,-1.049740,1.050626,-1.050592,-0.800066,-0.000180
actual,12.320000,23.820000,0.548744,-1.049740,1.050626,-1.050592,-0.800066,-0.000180
actual,12.325000,23.825000,0.549057,-1.049740,1.050626,-1.050592,-0.800066,-0.000180
actual,12.330000,23.830000,0.549322,-1.049740,1.050626,-1.050592,-0.800066,-0.000180
actual,12.335000,23.835000,0.549537,-1.049740,1.050626,-1.050592,-0.800066,-0.000180
actual,12.340000,23.840000,0.549704,-1.049740,1.050626,-1.050592,-0.800066,-0.000180
actual,12.345000,23.845000,0.549822,-1.049740,1.050626,-1.050592,-0.800066,-0.000180
actual,12.350000,23.850000,0.549891,-1.049740,1.050626,-1.050592,-0.800066,-0.000180
actual,12.355000,23.855000,0.549910,-1.049740,1.050626,-1.050592,-0.800066,-0.000180
actual,12.360000,23.860000,0.549881,-1.049740,1.050626,-1.050592,-0.800066,-0.000180
actual,12.365000,23.865000,0.549802,-1.049740,1.050626,-1.050592,-0.800066,-0.000180
actual,12.370000,23.870000,0.549674,-1.049740,1.050626,-1.050592,-0.800066,-0.000180
actual,12.375000,23.875000,0.549497,-1.049740,1.050626,-1.050592,-0.800066,-0.000180
actual,12.380000,23.880000,0.549271,-1.049740,1.050626,-1.050592,-0.800066,-0.000180
actual,12.385000,23.885000,0.548997,-1.049740,1.050626,-1.050592,-0.800066,-0.000180
actual,12.390000,23.890000,0.548674,-1.049740,1.050626,-1.050592,-0.800066,-0.000180
actual,12.395000,23.895000,0.548303,-1.049740,1.050626,-1.050592,-0.800066,-0.000180
actual,12.400000,23.900000,0.547885,-1.049740,1.050626,-1.050592,-0.800066,-0.000180
actual,12.405000,23.905000,0.547419,-1.049740,1.050626,-1.050592,-0.800066,-0.000180
actual,12.410000,23.910000,0.546907,-1.049740,1.050626,-1.050592,-0.800066,-0.000180
actual,12.415000,23.915000,0.546348,-1.049740,1.050626,-1.050592,-0.800066,-0.000180
actual,12.420000,23.920000,0.545744,-1.049740,1.050626,-1.050592,-0.800066,-0.000180
actual,12.425000,23.925000,0.545095,-1.049740,1.050626,-1.050592,-0.800066,-0.000180
actual,12.430000,23.930000,0.544401,-1.049740,1.050626,-1.050592,-0.800066,-0.000180
actual,12.435000,23.935000,0.543663,-1.049740,1.050626,-1.050592,-0.800066,-0.000180
actual,12.440000,23.940000,0.542883,-1.049740,1.050626,-1.050592,-0.800066,-0.000180
actual,12.445000,23.945000,0.542060,-1.049740,1.050626,-1.050592,-0.800066,-0.000180
actual,12.450000,23.950000,0.541195,-1.049740,1.050626,-1.050592,-0.800066,-0.000180
actual,12.455000,23.955000,0.540290,-1.049740,1.050626,-1.050592,-0.800066,-0.000180
actual,12.460000,23.960000,0.539345,-1.049740,1.050626,-1.050592,-0.800066,-0.000180
actual,12.465000,23.965000,0.538362,-1.049740,1.050626,-1.050592,-0.800066,-0.000180
actual,12.470000,23.970000,0.537341,-1.049740,1.050626,-1.050592,-0.800066,-0.000180
actual,12.475000,23.975000,0.536282,-1.049740,1.050626,-1.050592,-0.800066,-0.000180
actual,12.480000,23.980000,0.535188,-1.049740,1.050626,-1.050592,-0.800066,-0.000180
actual,12.485000,23.985000,0.534060,-1.049740,1.050626,-1.050592,-0.800066,-0.000180
actual,12.490000,23.990000,0.532897,-1.049740,1.050626,-1.050592,-0.800066,-0.000180
actual,12.495000,23.995000,0.531703,-1.049740,1.050626,-1.050592,-0.800066,-0.000180
actual,12.500000,24.000000,0.530477,-1.049740,1.050626,-1.050592,-0.800066,-0.000180
actual,12.505000,24.005000,0.529221,-1.049740,1.050626,-1.050592,-0.800066,-0.000180
actual,12.510000,24.010000,0.527936,-1.049740,1.050626,-1.050592,-0.800066,-0.000180
actual,12.515000,24.015000,0.526624,-1.049740,1.050626,-1.050592,-0.800066,-0.000180
actual,12.520000,24.020000,0.525285,-1.049740,1.050626,-1.050592,-0.800066,-0.000180
actual,12.525000,24.025000,0.523922,-1.049740,1.050626,-1.050592,-0.800066,-0.000180
actual,12.530000,24.030000,0.522535,-1.049740,1.050626,-1.050592,-0.800066,-0.000180
actual,12.535000,24.035000,0.521126,-1.049740,1.050626,-1.050592,-0.800066,-0.000180
actual,12.540000,24.040000,0.519696,-1.049740,1.050626,-1.050592,-0.800066,-0.000180
actual,12.545000,24.045000,0.518246,-1.049740,1.050626,-1.050592,-0.800066,-0.000180
actual,12.550000,24.050000,0.516779,-1.049740,1.050626,-1.050592,-0.800066,-0.000180
actual,12.555000,24.055000,0.515295,-1.049740,1.050626,-1.050592,-0.800066,-0.000180
actual,12.560000,24.060000,0.513796,-1.049740,1.050626,-1.050592,-0.800066,-0.000180
actual,12.565000,24.065000,0.512283,-1.049740,1.050626,-1.050592,-0.800066,-0.000180
actual,12.570000,24.070000,0.510759,-1.049740,1.050626,-1.050592,-0.800066,-0.000180
actual,12.575000,24.075000,0.509224,-1.049740,1.050626,-1.050592,-0.800066,-0.000180
actual,12.580000,24.080000,0.507679,-1.049740,1.050626,-1.050592,-0.800066,-0.000180
actual,12.585000,24.085000,0.506128,-1.049740,1.050626,-1.050592,-0.800066,-0.000180
actual,12.590000,24.090000,0.504570,-1.049740,1.050626,-1.050592,-0.800066,-0.000180
actual,12.595000,24.095000,0.503007,-1.049740,1.050626,-1.050592,-0.800066,-0.000180
actual,12.600000,24.100000,0.501442,-1.049740,1.050626,-1.050592,-0.800066,-0.000180
actual,12.605000,24.105000,0.499876,-1.049740,1.050626,-1.050592,-0.800066,-0.000180
actual,12.610000,24.110000,0.498309,-1.049740,1.050626,-1.050592,-0.800066,-0.000180
actual,12.615000,24.115000,0.496744,-1.049740,1.050626,-1.050592,-0.800066,-0.000180
actual,12.620000,24.120000,0.495183,-1.049740,1.050626,-1.050592,-0.800066,-0.000180
actual,12.625000,24.125000,0.493626,-1.049740,1.050626,-1.050592,-0.800066,-0.000180
actual,12.630000,24.130000,0.492076,-1.049740,1.050626,-1.050592,-0.800066,-0.000180
actual,12.635000,24.135000,0.490533,-1.049740,1.050626,-1.050592,-0.800066,-0.000180
actual,12.640000,24.140000,0.489000,-1.049740,1.050626,-1.050592,-0.800066,-0.000180
actual,12.645000,24.145000,0.487478,-1.049740,1.050626,-1.050592,-0.800066,-0.000180
actual,12.650000,24.150000,0.485968,-1.049740,1.050626,-1.050592,-0.800066,-0.000180
actual,12.655000,24.155000,0.484472,-1.049740,1.050626,-1.050592,-0.800066,-0.000180
actual,12.660000,24.160000,0.482991,-1.049740,1.050626,-1.050592,-0.800066,-0.000180
actual,12.665000,24.165000,0.481527,-1.049740,1.050626,-1.050592,-0.800066,-0.000180
actual,12.670000,24.170000,0.480082,-1.049740,1.050626,-1.050592,-0.800066,-0.000180
actual,12.675000,24.175000,0.478656,-1.049740,1.050626,-1.050592,-0.800066,-0.000180
actual,12.680000,24.180000,0.477251,-1.049740,1.050626,-1.050592,-0.800066,-0.000180
actual,12.685000,24.185000,0.475869,-1.049740,1.050626,-1.050592,-0.800066,-0.000180
actual,12.690000,24.190000,0.474511,-1.049740,1.050626,-1.050592,-0.800066,-0.000180
actual,12.695000,24.195000,0.473178,-1.049740,1.050626,-1.050592,-0.800066,-0.000180
actual,12.700000,24.200000,0.471871,-1.049740,1.050626,-1.050592,-0.800066,-0.000180
actual,12.705000,24.205000,0.470592,-1.049740,1.050626,-1.050592,-0.800066,-0.000180
actual,12.710000,24.210000,0.469342,-1.049740,1.050626,-1.050592,-0.800066,-0.000180
actual,12.715000,24.215000,0.468123,-1.049740,1.050626,-1.050592,-0.800066,-0.000180
actual,12.720000,24.220000,0.466935,-1.049740,1.050626,-1.050592,-0.800066,-0.000180
actual,12.725000,24.225000,0.465779,-1.049740,1.050626,-1.050592,-0.800066,-0.000180
actual,12.730000,24.230000,0.464658,-1.049740,1.050626,-1.050592,-0.800066,-0.000180
actual,12.735000,24.235000,0.463571,-1.049740,1.050626,-1.050592,-0.800066,-0.000180
actual,12.740000,24.240000,0.462520,-1.049740,1.050626,-1.050592,-0.800066,-0.000180
actual,12.745000,24.245000,0.461507,-1.049740,1.050626,-1.050592,-0.800066,-0.000180
actual,12.750000,24.250000,0.460531,-1.049740,1.050626,-1.050592,-0.800066,-0.000180
actual,12.755000,24.255000,0.459594,-1.049740,1.050626,-1.050592,-0.800066,-0.000180
actual,12.760000,24.260000,0.458698,-1.049740,1.050626,-1.050592,-0.800066,-0.000180
actual,12.765000,24.265000,0.457842,-1.049740,1.050626,-1.050592,-0.800066,-0.000180
actual,12.770000,24.270000,0.457027,-1.049740,1.050626,-1.050592,-0.800066,-0.000180
actual,12.775000,24.275000,0.456256,-1.049740,1.050626,-1.050592,-0.800066,-0.000180
actual,12.780000,24.280000,0.455527,-1.049740,1.050626,-1.050592,-0.800066,-0.000180
actual,12.785000,24.285000,0.454842,-1.049740,1.050626,-1.050592,-0.800066,-0.000180
actual,12.790000,24.290000,0.454202,-1.049740,1.050626,-1.050592,-0.800066,-0.000180
actual,12.795000,24.295000,0.453607,-1.049740,1.050626,-1.050592,-0.800066,-0.000180
actual,12.800000,24.300000,0.453058,-1.049740,1.050626,-1.050592,-0.800066,-0.000180
actual,12.805000,24.305000,0.452556,-1.049740,1.050626,-1.050592,-0.800066,-0.000180
actual,12.810000,24.310000,0.452100,-1.049740,1.050626,-1.050592,-0.800066,-0.000180
actual,12.815000,24.315000,0.451691,-1.049740,1.050626,-1.050592,-0.800066,-0.000180
actual,12.820000,24.320000,0.451330,-1.049740,1.050626,-1.050592,-0.800066,-0.000180
actual,12.825000,24.325000,0.451018,-1.049740,1.050626,-1.050592,-0.800066,-0.000180
actual,12.830000,24.330000,0.450753,-1.049740,1.050626,-1.050592,-0.800066,-0.000180
actual,12.835000,24.335000,0.450538,-1.049740,1.050626,-1.050592,-0.800066,-0.000180
actual,12.840000,24.340000,0.450371,-1.049740,1.050626,-1.050592,-0.800066,-0.000180
actual,12.845000,24.345000,0.450253,-1.049740,1.050626,-1.050592,-0.800066,-0.000180
actual,12.850000,24.350000,0.450184,-1.049740,1.050626,-1.050592,-0.800066,-0.000180
actual,12.855000,24.355000,0.450165,-1.049740,1.050626,-1.050592,-0.800066,-0.000180
actual,12.860000,24.360000,0.450194,-1.049740,1.050626,-1.050592,-0.800066,-0.000180
actual,12.865000,24.365000,0.450273,-1.049740,1.050626,-1.050592,-0.800066,-0.000180
actual,12.870000,24.370000,0.450401,-1.049740,1.050626,-1.050592,-0.800066,-0.000180
actual,12.875000,24.375000,0.450578,-1.049740,1.050626,-1.050592,-0.800066,-0.000180
actual,12.880000,24.380000,0.450804,-1.049740,1.050626,-1.050592,-0.800066,-0.000180
actual,12.885000,24.385000,0.451078,-1.049740,1.050626,-1.050592,-0.800066,-0.000180
actual,12.890000,24.390000,0.451401,-1.049740,1.050626,-1.050592,-0.800066,-0.000180
actual,12.895000,24.395000,0.451772,-1.049740,1.050626,-1.050592,-0.800066,-0.000180
actual,12.900000,24.400000,0.452190,-1.049740,1.050626,-1.050592,-0.800066,-0.000180
actual,12.905000,24.405000,0.452656,-1.049740,1.050626,-1.050592,-0.800066,-0.000180
actual,12.910000,24.410000,0.453168,-1.049740,1.050626,-1.050592,-0.800066,-0.000180
actual,12.915000,24.415000,0.453726,-1.049740,1.050626,-1.050592,-0.800066,-0.000180
actual,12.920000,24.420000,0.454331,-1.049740,1.050626,-1.050592,-0.800066,-0.000180
actual,12.925000,24.425000,0.454980,-1.049740,1.050626,-1.050592,-0.800066,-0.000180
actual,12.930000,24.430000,0.455674,-1.049740,1.050626,-1.050592,-0.800066,-0.000180
actual,12.935000,24.435000,0.456412,-1.049740,1.050626,-1.050592,-0.800066,-0.000180
actual,12.940000,24.440000,0.457192,-1.049740,1.050626,-1.050592,-0.800066,-0.000180
actual,12.945000,24.445000,0.458015,-1.049740,1.050626,-1.050592,-0.800066,-0.000180
actual,12.950000,24.450000,0.458880,-1.049740,1.050626,-1.050592,-0.800066,-0.000180
actual,12.955000,24.455000,0.459785,-1.049740,1.050626,-1.050592,-0.800066,-0.000180
actual,12.960000,24.460000,0.460729,-1.049740,1.050626,-1.050592,-0.800066,-0.000180
actual,12.965000,24.465000,0.461713,-1.049740,1.050626,-1.050592,-0.800066,-0.000180
actual,12.970000,24.470000,0.462734,-1.049740,1.050626,-1.050592,-0.800066,-0.000180
actual,12.975000,24.475000,0.463793,-1.049740,1.050626,-1.050592,-0.800066,-0.000180
actual,12.980000,24.480000,0.464887,-1.049740,1.050626,-1.050592,-0.800066,-0.000180
actual,12.985000,24.485000,0.466015,-1.049740,1.050626,-1.050592,-0.800066,-0.000180
actual,12.990000,24.490000,0.467177,-1.049740,1.050626,-1.050592,-0.800066,-0.000180
actual,12.995000,24.495000,0.468372,-1.049740,1.050626,-1.050592,-0.800066,-0.000180
actual,13.000000,24.500000,0.469598,-1.049740,1.050626,-1.050592,-0.800066,-0.000180
actual,13.005000,24.505000,0.470854,-1.049740,1.050626,-1.050592,-0.800066,-0.000180
actual,13.010000,24.510000,0.472139,-1.049740,1.050626,-1.050592,-0.800066,-0.000180
actual,13.015000,24.515000,0.473451,-1.049740,1.050626,-1.050592,-0.800066,-0.000180
actual,13.020000,24.520000,0.474790,-1.049740,1.050626,-1.050592,-0.800066,-0.000180
actual,13.025000,24.525000,0.476153,-1.049740,1.050626,-1.050592,-0.800066,-0.000180
actual,13.030000,24.530000,0.477540,-1.049740,1.050626,-1.050592,-0.800066,-0.000180
actual,13.035000,24.535000,0.478949,-1.049740,1.050626,-1.050592,-0.800066,-0.000180
actual,13.040000,24.540000,0.480379,-1.049740,1.050626,-1.050592,-0.800066,-0.000180
actual,13.045000,24.545000,0.481829,-1.049740,1.050626,-1.050592,-0.800066,-0.000180
actual,13.050000,24.550000,0.483296,-1.049740,1.050626,-1.050592,-0.800066,-0.000180
actual,13.055000,24.555000,0.484780,-1.049740,1.050626,-1.050592,-0.800066,-0.000180
actual,13.060000,24.560000,0.486279,-1.049740,1.050626,-1.050592,-0.800066,-0.000180
actual,13.065000,24.565000,0.487791,-1.049740,1.050626,-1.050592,-0.800066,-0.000180
actual,13.070000,24.570000,0.489316,-1.049740,1.050626,-1.050592,-0.800066,-0.000180
actual,13.075000,24.575000,0.490851,-1.049740,1.050626,-1.050592,-0.800066,-0.000180
actual,13.080000,24.580000,0.492396,-1.049740,1.050626,-1.050592,-0.800066,-0.000180
actual,13.085000,24.585000,0.493947,-1.049740,1.050626,-1.050592,-0.800066,-0.000180
actual,13.090000,24.590000,0.495505,-1.049740,1.050626,-1.050592,-0.800066,-0.000180
actual,13.095000,24.595000,0.497068,-1.049740,1.050626,-1.050592,-0.800066,-0.000180
actual,13.100000,24.600000,0.498633,-1.049740,1.050626,-1.050592,-0.800066,-0.000180
actual,13.105000,24.605000,0.500199,-1.049740,1.050626,-1.050592,-0.800066,-0.000180
actual,13.110000,24.610000,0.501766,-1.049740,1.050626,-1.050592,-0.800066,-0.000180
actual,13.115000,24.615000,0.503331,-1.049740,1.050626,-1.050592,-0.800066,-0.000180
actual,13.120000,24.620000,0.504892,-1.049740,1.050626,-1.050592,-0.800066,-0.000180
actual,13.125000,24.625000,0.506449,-1.049740,1.050626,-1.050592,-0.800066,-0.000180
actual,13.130000,24.630000,0.507999,-1.049740,1.050626,-1.050592,-0.800066,-0.000180
actual,13.135000,24.635000,0.509542,-1.049740,1.050626,-1.050592,-0.800066,-0.000180
actual,13.140000,24.640000,0.511075,-1.049740,1.050626,-1.050592,-0.800066,-0.000180
actual,13.145000,24.645000,0.512597,-1.049740,1.050626,-1.050592,-0.800066,-0.000180
actual,13.150000,24.650000,0.514107,-1.049740,1.050626,-1.050592,-0.800066,-0.000180
actual,13.155000,24.655000,0.515603,-1.049740,1.050626,-1.050592,-0.800066,-0.000180
actual,13.160000,24.660000,0.517084,-1.049740,1.050626,-1.050592,-0.800066,-0.000180
actual,13.165000,24.665000,0.518547,-1.049740,1.050626,-1.050592,-0.800066,-0.000180
actual,13.170000,24.670000,0.519993,-1.049740,1.050626,-1.050592,-0.800066,-0.000180
actual,13.175000,24.675000,0.521419,-1.049740,1.050626,-1.050592,-0.800066,-0.000180
actual,13.180000,24.680000,0.522824,-1.049740,1.050626,-1.050592,-0.800066,-0.000180
actual,13.185000,24.685000,0.524206,-1.049740,1.050626,-1.050592,-0.800066,-0.000180
actual,13.190000,24.690000,0.525564,-1.049740,1.050626,-1.050592,-0.800066,-0.000180
actual,13.195000,24.695000,0.526897,-1.049740,1.050626,-1.050592,-0.800066,-0.000180
actual,13.200000,24.700000,0.528204,-1.049740,1.050626,-1.050592,-0.800066,-0.000180
actual,13.205000,24.705000,0.529483,-1.049740,1.050626,-1.050592,-0.800066,-0.000180
actual,13.210000,24.710000,0.530733,-1.049740,1.050626,-1.050592,-0.800066,-0.000180
actual,13.215000,24.715000,0.531952,-1.049740,1.050626,-1.050592,-0.800066,-0.000180
actual,13.220000,24.720000,0.533140,-1.049740,1.050626,-1.050592,-0.800066,-0.000180
actual,13.225000,24.725000,0.534296,-1.049740,1.050626,-1.050592,-0.800066,-0.000180
actual,13.230000,24.730000,0.535417,-1.049740,1.050626,-1.050592,-0.800066,-0.000180
actual,13.235000,24.735000,0.536504,-1.049740,1.050626,-1.050592,-0.800066,-0.000180
actual,13.240000,24.740000,0.537555,-1.049740,1.050626,-1.050592,-0.800066,-0.000180
actual,13.245000,24.745000,0.538568,-1.049740,1.050626,-1.050592,-0.800066,-0.000180
actual,13.250000,24.750000,0.539544,-1.049740,1.050626,-1.050592,-0.800066,-0.000180
actual,13.255000,24.755000,0.540481,-1.049740,1.050626,-1.050592,-0.800066,-0.000180
actual,13.260000,24.760000,0.541377,-1.049740,1.050626,-1.050592,-0.800066,-0.000180
actual,13.265000,24.765000,0.542233,-1.049740,1.050626,-1.050592,-0.800066,-0.000180
actual,13.270000,24.770000,0.543048,-1.049740,1.050626,-1.050592,-0.800066,-0.000180
actual,13.275000,24.775000,0.543819,-1.049740,1.050626,-1.050592,-0.800066,-0.000180
actual,13.280000,24.780000,0.544548,-1.049740,1.050626,-1.050592,-0.800066,-0.000180
actual,13.285000,24.785000,0.545233,-1.049740,1.050626,-1.050592,-0.800066,-0.000180
actual,13.290000,24.790000,0.545873,-1.049740,1.050626,-1.050592,-0.800066,-0.000180
actual,13.295000,24.795000,0.546468,-1.049740,1.050626,-1.050592,-0.800066,-0.000180
actual,13.300000,24.800000,0.547017,-1.049740,1.050626,-1.050592,-0.800066,-0.000180
actual,13.305000,24.805000,0.547519,-1.049740,1.050626,-1.050592,-0.800066,-0.000180
actual,13.310000,24.810000,0.547975,-1.049740,1.050626,-1.050592,-0.800066,-0.000180
actual,13.315000,24.815000,0.548384,-1.049740,1.050626,-1.050592,-0.800066,-0.000180
actual,13.320000,24.820000,0.548744,-1.049740,1.050626,-1.050592,-0.800066,-0.000180
actual,13.325000,24.825000,0.549057,-1.049740,1.050626,-1.050592,-0.800066,-0.000180
actual,13.330000,24.830000,0.549322,-1.049740,1.050626,-1.050592,-0.800066,-0.000180
actual,13.335000,24.835000,0.549537,-1.049740,1.050626,-1.050592,-0.800066,-0.000180
actual,13.340000,24.840000,0.549704,-1.049740,1.050626,-1.050592,-0.800066,-0.000180
actual,13.345000,24.845000,0.549822,-1.049740,1.050626,-1.050592,-0.800066,-0.000180
actual,13.350000,24.850000,0.549891,-1.049740,1.050626,-1.050592,-0.800066,-0.000180
actual,13.355000,24.855000,0.549910,-1.049740,1.050626,-1.050592,-0.800066,-0.000180
actual,13.360000,24.860000,0.549881,-1.049740,1.050626,-1.050592,-0.800066,-0.000180
actual,13.365000,24.865000,0.549802,-1.049740,1.050626,-1.050592,-0.800066,-0.000180
actual,13.370000,24.870000,0.549674,-1.049740,1.050626,-1.050592,-0.800066,-0.000180
actual,13.375000,24.875000,0.549497,-1.049740,1.050626,-1.050592,-0.800066,-0.000180
actual,13.380000,24.880000,0.549271,-1.049740,1.050626,-1.050592,-0.800066,-0.000180
actual,13.385000,24.885000,0.548997,-1.049740,1.050626,-1.050592,-0.800066,-0.000180
actual,13.390000,24.890000,0.548674,-1.049740,1.050626,-1.050592,-0.800066,-0.000180
actual,13.395000,24.895000,0.548303,-1.049740,1.050626,-1.050592,-0.800066,-0.000180
actual,13.400000,24.900000,0.547885,-1.049740,1.050626,-1.050592,-0.800066,-0.000180
actual,13.405000,24.905000,0.547419,-1.049740,1.050626,-1.050592,-0.800066,-0.000180
actual,13.410000,24.910000,0.546907,-1.049740,1.050626,-1.050592,-0.800066,-0.000180
actual,13.415000,24.915000,0.546348,-1.049740,1.050626,-1.050592,-0.800066,-0.000180
actual,13.420000,24.920000,0.545744,-1.049740,1.050626,-1.050592,-0.800066,-0.000180
actual,13.425000,24.925000,0.545095,-1.049740,1.050626,-1.050592,-0.800066,-0.000180
actual,13.430000,24.930000,0.544401,-1.049740,1.050626,-1.050592,-0.800066,-0.000180
actual,13.435000,24.935000,0.543663,-1.049740,1.050626,-1.050592,-0.800066,-0.000180
actual,13.440000,24.940000,0.542883,-1.049740,1.050626,-1.050592,-0.800066,-0.000180
actual,13.445000,24.945000,0.542060,-1.049740,1.050626,-1.050592,-0.800066,-0.000180
actual,13.450000,24.950000,0.541195,-1.049740,1.050626,-1.050592,-0.800066,-0.000180
actual,13.455000,24.955000,0.540290,-1.049740,1.050626,-1.050592,-0.800066,-0.000180
actual,13.460000,24.960000,0.539345,-1.049740,1.050626,-1.050592,-0.800066,-0.000180
actual,13.465000,24.965000,0.538362,-1.049740,1.050626,-1.050592,-0.800066,-0.000180
actual,13.470000,24.970000,0.537341,-1.049740,1.050626,-1.050592,-0.800066,-0.000180
actual,13.475000,24.975000,0.536282,-1.049740,1.050626,-1.050592,-0.800066,-0.000180
actual,13.480000,24.980000,0.535188,-1.049740,1.050626,-1.050592,-0.800066,-0.000180
actual,13.485000,24.985000,0.534060,-1.049740,1.050626,-1.050592,-0.800066,-0.000180
actual,13.490000,24.990000,0.532897,-1.049740,1.050626,-1.050592,-0.800066,-0.000180
actual,13.495000,24.995000,0.531703,-1.049740,1.050626,-1.050592,-0.800066,-0.000180
actual,13.500000,25.000000,0.530477,-1.049740,1.050626,-1.050592,-0.800066,-0.000180
actual,13.505000,25.005000,0.529221,-1.049740,1.050626,-1.050592,-0.800066,-0.000180
actual,13.510000,25.010000,0.527936,-1.049740,1.050626,-1.050592,-0.800066,-0.000180
actual,13.515000,25.015000,0.526624,-1.049740,1.050626,-1.050592,-0.800066,-0.000180
actual,13.520000,25.020000,0.525285,-1.049740,1.050626,-1.050592,-0.800066,-0.000180
actual,13.525000,25.025000,0.523922,-1.049740,1.050626,-1.050592,-0.800066,-0.000180
actual,13.530000,25.030000,0.522535,-1.049740,1.050626,-1.050592,-0.800066,-0.000180
actual,13.535000,25.035000,0.521126,-1.049740,1.050626,-1.050592,-0.800066,-0.000180
actual,13.540000,25.040000,0.519696,-1.049740,1.050626,-1.050592,-0.800066,-0.000180
actual,13.545000,25.045000,0.518246,-1.049740,1.050626,-1.050592,-0.800066,-0.000180
actual,13.550000,25.050000,0.516779,-1.049740,1.050626,-1.050592,-0.800066,-0.000180
actual,13.555000,25.055000,0.515295,-1.049740,1.050626,-1.050592,-0.800066,-0.000180
actual,13.560000,25.060000,0.513796,-1.049740,1.050626,-1.050592,-0.800066,-0.000180
actual,13.565000,25.065000,0.512283,-1.049740,1.050626,-1.050592,-0.800066,-0.000180
actual,13.570000,25.070000,0.510759,-1.049740,1.050626,-1.050592,-0.800066,-0.000180
actual,13.575000,25.075000,0.509224,-1.049740,1.050626,-1.050592,-0.800066,-0.000180
actual,13.580000,25.080000,0.507679,-1.049740,1.050626,-1.050592,-0.800066,-0.000180
actual,13.585000,25.085000,0.506128,-1.049740,1.050626,-1.050592,-0.800066,-0.000180
actual,13.590000,25.090000,0.504570,-1.049740,1.050626,-1.050592,-0.800066,-0.000180
actual,13.595000,25.095000,0.503007,-1.049740,1.050626,-1.050592,-0.800066,-0.000180
actual,13.600000,25.100000,0.501442,-1.049740,1.050626,-1.050592,-0.800066,-0.000180
actual,13.605000,25.105000,0.499876,-1.049740,1.050626,-1.050592,-0.800066,-0.000180
actual,13.610000,25.110000,0.498309,-1.049740,1.050626,-1.050592,-0.800066,-0.000180
actual,13.615000,25.115000,0.496744,-1.049740,1.050626,-1.050592,-0.800066,-0.000180
actual,13.620000,25.120000,0.495183,-1.049740,1.050626,-1.050592,-0.800066,-0.000180
actual,13.625000,25.125000,0.493626,-1.049740,1.050626,-1.050592,-0.800066,-0.000180
actual,13.630000,25.130000,0.492076,-1.049740,1.050626,-1.050592,-0.800066,-0.000180
actual,13.635000,25.135000,0.490533,-1.049740,1.050626,-1.050592,-0.800066,-0.000180
actual,13.640000,25.140000,0.489000,-1.049740,1.050626,-1.050592,-0.800066,-0.000180
actual,13.645000,25.145000,0.487478,-1.049740,1.050626,-1.050592,-0.800066,-0.000180
actual,13.650000,25.150000,0.485968,-1.049740,1.050626,-1.050592,-0.800066,-0.000180
actual,13.655000,25.155000,0.484472,-1.049740,1.050626,-1.050592,-0.800066,-0.000180
actual,13.660000,25.160000,0.482991,-1.049740,1.050626,-1.050592,-0.800066,-0.000180
actual,13.665000,25.165000,0.481527,-1.049740,1.050626,-1.050592,-0.800066,-0.000180
actual,13.670000,25.170000,0.480082,-1.049740,1.050626,-1.050592,-0.800066,-0.000180
actual,13.675000,25.175000,0.478656,-1.049740,1.050626,-1.050592,-0.800066,-0.000180
actual,13.680000,25.180000,0.477251,-1.049740,1.050626,-1.050592,-0.800066,-0.000180
actual,13.685000,25.185000,0.475869,-1.049740,1.050626,-1.050592,-0.800066,-0.000180
actual,13.690000,25.190000,0.474511,-1.049740,1.050626,-1.050592,-0.800066,-0.000180
actual,13.695000,25.195000,0.473178,-1.049740,1.050626,-1.050592,-0.800066,-0.000180
actual,13.700000,25.200000,0.471871,-1.049740,1.050626,-1.050592,-0.800066,-0.000180
actual,13.705000,25.205000,0.470592,-1.049740,1.050626,-1.050592,-0.800066,-0.000180
actual,13.710000,25.210000,0.469342,-1.049740,1.050626,-1.050592,-0.800066,-0.000180
actual,13.715000,25.215000,0.468123,-1.049740,1.050626,-1.050592,-0.800066,-0.000180
actual,13.720000,25.220000,0.466935,-1.049740,1.050626,-1.050592,-0.800066,-0.000180
actual,13.725000,25.225000,0.465779,-1.049740,1.050626,-1.050592,-0.800066,-0.000180
actual,13.730000,25.230000,0.464658,-1.049740,1.050626,-1.050592,-0.800066,-0.000180
actual,13.735000,25.235000,0.463571,-1.049740,1.050626,-1.050592,-0.800066,-0.000180
actual,13.740000,25.240000,0.462520,-1.049740,1.050626,-1.050592,-0.800066,-0.000180
actual,13.745000,25.245000,0.461507,-1.049740,1.050626,-1.050592,-0.800066,-0.000180
actual,13.750000,25.250000,0.460531,-1.049740,1.050626,-1.050592,-0.800066,-0.000180
actual,13.755000,25.255000,0.459594,-1.049740,1.050626,-1.050592,-0.800066,-0.000180
actual,13.760000,25.260000,0.458698,-1.049740,1.050626,-1.050592,-0.800066,-0.000180
actual,13.765000,25.265000,0.457842,-1.049740,1.050626,-1.050592,-0.800066,-0.000180
actual,13.770000,25.270000,0.457027,-1.049740,1.050626,-1.050592,-0.800066,-0.000180
actual,13.775000,25.275000,0.456256,-1.049740,1.050626,-1.050592,-0.800066,-0.000180
actual,13.780000,25.280000,0.455527,-1.049740,1.050626,-1.050592,-0.800066,-0.000180
actual,13.785000,25.285000,0.454842,-1.049740,1.050626,-1.050592,-0.800066,-0.000180
actual,13.790000,25.290000,0.454202,-1.049740,1.050626,-1.050592,-0.800066,-0.000180
actual,13.795000,25.295000,0.453607,-1.049740,1.050626,-1.050592,-0.800066,-0.000180
actual,13.800000,25.300000,0.453058,-1.049740,1.050626,-1.050592,-0.800066,-0.000180
actual,13.805000,25.305000,0.452556,-1.049740,1.050626,-1.050592,-0.800066,-0.000180
actual,13.810000,25.310000,0.452100,-1.049740,1.050626,-1.050592,-0.800066,-0.000180
actual,13.815000,25.315000,0.451691,-1.049740,1.050626,-1.050592,-0.800066,-0.000180
actual,13.820000,25.320000,0.451330,-1.049740,1.050626,-1.050592,-0.800066,-0.000180
actual,13.825000,25.325000,0.451018,-1.049740,1.050626,-1.050592,-0.800066,-0.000180
actual,13.830000,25.330000,0.450753,-1.049740,1.050626,-1.050592,-0.800066,-0.000180
actual,13.835000,25.335000,0.450538,-1.049740,1.050626,-1.050592,-0.800066,-0.000180
actual,13.840000,25.340000,0.450371,-1.049740,1.050626,-1.050592,-0.800066,-0.000180
actual,13.845000,25.345000,0.450253,-1.049740,1.050626,-1.050592,-0.800066,-0.000180
actual,13.850000,25.350000,0.450184,-1.049740,1.050626,-1.050592,-0.800066,-0.000180
actual,13.855000,25.355000,0.450165,-1.049740,1.050626,-1.050592,-0.800066,-0.000180
actual,13.860000,25.360000,0.450194,-1.049740,1.050626,-1.050592,-0.800066,-0.000180
actual,13.865000,25.365000,0.450273,-1.049740,1.050626,-1.050592,-0.800066,-0.000180
actual,13.870000,25.370000,0.450401,-1.049740,1.050626,-1.050592,-0.800066,-0.000180
actual,13.875000,25.375000,0.450578,-1.049740,1.050626,-1.050592,-0.800066,-0.000180
actual,13.880000,25.380000,0.450804,-1.049740,1.050626,-1.050592,-0.800066,-0.000180
actual,13.885000,25.385000,0.451078,-1.049740,1.050626,-1.050592,-0.800066,-0.000180
actual,13.890000,25.390000,0.451401,-1.049740,1.050626,-1.050592,-0.800066,-0.000180
actual,13.895000,25.395000,0.451772,-1.049740,1.050626,-1.050592,-0.800066,-0.000180
actual,13.900000,25.400000,0.452190,-1.049740,1.050626,-1.050592,-0.800066,-0.000180
actual,13.905000,25.405000,0.452656,-1.049740,1.050626,-1.050592,-0.800066,-0.000180
actual,13.910000,25.410000,0.453168,-1.049740,1.050626,-1.050592,-0.800066,-0.000180
actual,13.915000,25.415000,0.453726,-1.049740,1.050626,-1.050592,-0.800066,-0.000180
actual,13.920000,25.420000,0.454331,-1.049740,1.050626,-1.050592,-0.800066,-0.000180
actual,13.925000,25.425000,0.454980,-1.049740,1.050626,-1.050592,-0.800066,-0.000180
actual,13.930000,25.430000,0.455674,-1.049740,1.050626,-1.050592,-0.800066,-0.000180
actual,13.935000,25.435000,0.456412,-1.049740,1.050626,-1.050592,-0.800066,-0.000180
actual,13.940000,25.440000,0.457192,-1.049740,1.050626,-1.050592,-0.800066,-0.000180
actual,13.945000,25.445000,0.458015,-1.049740,1.050626,-1.050592,-0.800066,-0.000180
actual,13.950000,25.450000,0.458880,-1.049740,1.050626,-1.050592,-0.800066,-0.000180
actual,13.955000,25.455000,0.459785,-1.049740,1.050626,-1.050592,-0.800066,-0.000180
actual,13.960000,25.460000,0.460729,-1.049740,1.050626,-1.050592,-0.800066,-0.000180
actual,13.965000,25.465000,0.461713,-1.049740,1.050626,-1.050592,-0.800066,-0.000180
actual,13.970000,25.470000,0.462734,-1.049740,1.050626,-1.050592,-0.800066,-0.000180
actual,13.975000,25.475000,0.463793,-1.049740,1.050626,-1.050592,-0.800066,-0.000180
actual,13.980000,25.480000,0.464887,-1.049740,1.050626,-1.050592,-0.800066,-0.000180
actual,13.985000,25.485000,0.466015,-1.049740,1.050626,-1.050592,-0.800066,-0.000180
actual,13.990000,25.490000,0.467177,-1.049740,1.050626,-1.050592,-0.800066,-0.000180
actual,13.995000,25.495000,0.468372,-1.049740,1.050626,-1.050592,-0.800066,-0.000180
actual,14.000000,25.500000,0.469598,-1.049740,1.050626,-1.050592,-0.800066,-0.000180
actual,14.005000,25.505000,0.470854,-1.049740,1.050626,-1.050592,-0.800066,-0.000180
actual,14.010000,25.510000,0.472139,-1.049740,1.050626,-1.050592,-0.800066,-0.000180
actual,14.015000,25.515000,0.473451,-1.049740,1.050626,-1.050592,-0.800066,-0.000180
actual,14.020000,25.520000,0.474790,-1.049740,1.050626,-1.050592,-0.800066,-0.000180
actual,14.025000,25.525000,0.476153,-1.049740,1.050626,-1.050592,-0.800066,-0.000180
actual,14.030000,25.530000,0.477540,-1.049740,1.050626,-1.050592,-0.800066,-0.000180
actual,14.035000,25.535000,0.478949,-1.049740,1.050626,-1.050592,-0.800066,-0.000180
actual,14.040000,25.540000,0.480379,-1.049740,1.050626,-1.050592,-0.800066,-0.000180
actual,14.045000,25.545000,0.481829,-1.049740,1.050626,-1.050592,-0.800066,-0.000180
actual,14.050000,25.550000,0.483296,-1.049740,1.050626,-1.050592,-0.800066,-0.000180
actual,14.055000,25.555000,0.484780,-1.049740,1.050626,-1.050592,-0.800066,-0.000180
actual,14.060000,25.560000,0.486279,-1.049740,1.050626,-1.050592,-0.800066,-0.000180
actual,14.065000,25.565000,0.487791,-1.049740,1.050626,-1.050592,-0.800066,-0.000180
actual,14.070000,25.570000,0.489316,-1.049740,1.050626,-1.050592,-0.800066,-0.000180
actual,14.075000,25.575000,0.490851,-1.049740,1.050626,-1.050592,-0.800066,-0.000180
actual,14.080000,25.580000,0.492396,-1.049740,1.050626,-1.050592,-0.800066,-0.000180
actual,14.085000,25.585000,0.493947,-1.049740,1.050626,-1.050592,-0.800066,-0.000180
actual,14.090000,25.590000,0.495505,-1.049740,1.050626,-1.050592,-0.800066,-0.000180
actual,14.095000,25.595000,0.497068,-1.049740,1.050626,-1.050592,-0.800066,-0.000180
actual,14.100000,25.600000,0.498633,-1.049740,1.050626,-1.050592,-0.800066,-0.000180
actual,14.105000,25.605000,0.500199,-1.049740,1.050626,-1.050592,-0.800066,-0.000180
actual,14.110000,25.610000,0.501766,-1.049740,1.050626,-1.050592,-0.800066,-0.000180
actual,14.115000,25.615000,0.503331,-1.049740,1.050626,-1.050592,-0.800066,-0.000180
actual,14.120000,25.620000,0.504892,-1.049740,1.050626,-1.050592,-0.800066,-0.000180
actual,14.125000,25.625000,0.506449,-1.049740,1.050626,-1.050592,-0.800066,-0.000180
actual,14.130000,25.630000,0.507999,-1.049740,1.050626,-1.050592,-0.800066,-0.000180
actual,14.135000,25.635000,0.509542,-1.049740,1.050626,-1.050592,-0.800066,-0.000180
actual,14.140000,25.640000,0.511075,-1.049740,1.050626,-1.050592,-0.800066,-0.000180
actual,14.145000,25.645000,0.512597,-1.049740,1.050626,-1.050592,-0.800066,-0.000180
actual,14.150000,25.650000,0.514107,-1.049740,1.050626,-1.050592,-0.800066,-0.000180
actual,14.155000,25.655000,0.515603,-1.049740,1.050626,-1.050592,-0.800066,-0.000180
actual,14.160000,25.660000,0.517084,-1.049740,1.050626,-1.050592,-0.800066,-0.000180
actual,14.165000,25.665000,0.518547,-1.049740,1.050626,-1.050592,-0.800066,-0.000180
actual,14.170000,25.670000,0.519993,-1.049740,1.050626,-1.050592,-0.800066,-0.000180
actual,14.175000,25.675000,0.521419,-1.049740,1.050626,-1.050592,-0.800066,-0.000180
actual,14.180000,25.680000,0.522824,-1.049740,1.050626,-1.050592,-0.800066,-0.000180
actual,14.185000,25.685000,0.524206,-1.049740,1.050626,-1.050592,-0.800066,-0.000180
actual,14.190000,25.690000,0.525564,-1.049740,1.050626,-1.050592,-0.800066,-0.000180
actual,14.195000,25.695000,0.526897,-1.049740,1.050626,-1.050592,-0.800066,-0.000180
actual,14.200000,25.700000,0.528204,-1.049740,1.050626,-1.050592,-0.800066,-0.000180
actual,14.205000,25.705000,0.529483,-1.049740,1.050626,-1.050592,-0.800066,-0.000180
actual,14.210000,25.710000,0.530733,-1.049740,1.050626,-1.050592,-0.800066,-0.000180
actual,14.215000,25.715000,0.531952,-1.049740,1.050626,-1.050592,-0.800066,-0.000180
actual,14.220000,25.720000,0.533140,-1.049740,1.050626,-1.050592,-0.800066,-0.000180
actual,14.225000,25.725000,0.534296,-1.049740,1.050626,-1.050592,-0.800066,-0.000180
actual,14.230000,25.730000,0.535417,-1.049740,1.050626,-1.050592,-0.800066,-0.000180
actual,14.235000,25.735000,0.536504,-1.049740,1.050626,-1.050592,-0.800066,-0.000180
actual,14.240000,25.740000,0.537555,-1.049740,1.050626,-1.050592,-0.800066,-0.000180
actual,14.245000,25.745000,0.538568,-1.049740,1.050626,-1.050592,-0.800066,-0.000180
actual,14.250000,25.750000,0.539544,-1.049740,1.050626,-1.050592,-0.800066,-0.000180
actual,14.255000,25.755000,0.540481,-1.049740,1.050626,-1.050592,-0.800066,-0.000180
actual,14.260000,25.760000,0.541377,-1.049740,1.050626,-1.050592,-0.800066,-0.000180
actual,14.265000,25.765000,0.542233,-1.049740,1.050626,-1.050592,-0.800066,-0.000180
actual,14.270000,25.770000,0.543048,-1.049740,1.050626,-1.050592,-0.800066,-0.000180
actual,14.275000,25.775000,0.543819,-1.049740,1.050626,-1.050592,-0.800066,-0.000180
actual,14.280000,25.780000,0.544548,-1.049740,1.050626,-1.050592,-0.800066,-0.000180
actual,14.285000,25.785000,0.545233,-1.049740,1.050626,-1.050592,-0.800066,-0.000180
actual,14.290000,25.790000,0.545873,-1.049740,1.050626,-1.050592,-0.800066,-0.000180
actual,14.295000,25.795000,0.546468,-1.049740,1.050626,-1.050592,-0.800066,-0.000180
actual,14.300000,25.800000,0.547017,-1.049740,1.050626,-1.050592,-0.800066,-0.000180
actual,14.305000,25.805000,0.547519,-1.049740,1.050626,-1.050592,-0.800066,-0.000180
actual,14.310000,25.810000,0.547975,-1.049740,1.050626,-1.050592,-0.800066,-0.000180
actual,14.315000,25.815000,0.548384,-1.049740,1.050626,-1.050592,-0.800066,-0.000180
actual,14.320000,25.820000,0.548744,-1.049740,1.050626,-1.050592,-0.800066,-0.000180
actual,14.325000,25.825000,0.549057,-1.049740,1.050626,-1.050592,-0.800066,-0.000180
actual,14.330000,25.830000,0.549322,-1.049740,1.050626,-1.050592,-0.800066,-0.000180
actual,14.335000,25.835000,0.549537,-1.049740,1.050626,-1.050592,-0.800066,-0.000180
actual,14.340000,25.840000,0.549704,-1.049740,1.050626,-1.050592,-0.800066,-0.000180
actual,14.345000,25.845000,0.549822,-1.049740,1.050626,-1.050592,-0.800066,-0.000180
actual,14.350000,25.850000,0.549891,-1.049740,1.050626,-1.050592,-0.800066,-0.000180
actual,14.355000,25.855000,0.549910,-1.049740,1.050626,-1.050592,-0.800066,-0.000180
actual,14.360000,25.860000,0.549881,-1.049740,1.050626,-1.050592,-0.800066,-0.000180
actual,14.365000,25.865000,0.549802,-1.049740,1.050626,-1.050592,-0.800066,-0.000180
actual,14.370000,25.870000,0.549674,-1.049740,1.050626,-1.050592,-0.800066,-0.000180
actual,14.380000,25.880000,0.549271,-1.049740,1.050626,-1.050592,-0.800066,-0.000180
actual,14.385000,25.885000,0.548997,-1.049740,1.050626,-1.050592,-0.800066,-0.000180
actual,14.390000,25.890000,0.548674,-1.049740,1.050626,-1.050592,-0.800066,-0.000180
actual,14.395000,25.895000,0.548303,-1.049740,1.050626,-1.050592,-0.800066,-0.000180
actual,14.400000,25.900000,0.547885,-1.049740,1.050626,-1.050592,-0.800066,-0.000180
actual,14.405000,25.905000,0.547419,-1.049740,1.050626,-1.050592,-0.800066,-0.000180
actual,14.410000,25.910000,0.546907,-1.049740,1.050626,-1.050592,-0.800066,-0.000180
actual,14.415000,25.915000,0.546348,-1.049740,1.050626,-1.050592,-0.800066,-0.000180
actual,14.420000,25.920000,0.545744,-1.049740,1.050626,-1.050592,-0.800066,-0.000180
actual,14.425000,25.925000,0.545095,-1.049740,1.050626,-1.050592,-0.800066,-0.000180
actual,14.430000,25.930000,0.544401,-1.049740,1.050626,-1.050592,-0.800066,-0.000180
actual,14.435000,25.935000,0.543663,-1.049740,1.050626,-1.050592,-0.800066,-0.000180
actual,14.440000,25.940000,0.542883,-1.049740,1.050626,-1.050592,-0.800066,-0.000180
actual,14.445000,25.945000,0.542060,-1.049740,1.050626,-1.050592,-0.800066,-0.000180
actual,14.450000,25.950000,0.541195,-1.049740,1.050626,-1.050592,-0.800066,-0.000180
actual,14.455000,25.955000,0.540290,-1.049740,1.050626,-1.050592,-0.800066,-0.000180
actual,14.460000,25.960000,0.539345,-1.049740,1.050626,-1.050592,-0.800066,-0.000180
actual,14.465000,25.965000,0.538362,-1.049740,1.050626,-1.050592,-0.800066,-0.000180
actual,14.470000,25.970000,0.537341,-1.049740,1.050626,-1.050592,-0.800066,-0.000180
actual,14.475000,25.975000,0.536282,-1.049740,1.050626,-1.050592,-0.800066,-0.000180
actual,14.480000,25.980000,0.535188,-1.049740,1.050626,-1.050592,-0.800066,-0.000180
actual,14.485000,25.985000,0.534060,-1.049740,1.050626,-1.050592,-0.800066,-0.000180
actual,14.490000,25.990000,0.532897,-1.049740,1.050626,-1.050592,-0.800066,-0.000180
actual,14.495000,25.995000,0.531703,-1.049740,1.050626,-1.050592,-0.800066,-0.000180
actual,14.500000,26.000000,0.530477,-1.049740,1.050626,-1.050592,-0.800066,-0.000180
actual,14.505000,26.005000,0.529221,-1.049740,1.050626,-1.050592,-0.800066,-0.000180
actual,14.510000,26.010000,0.527936,-1.049740,1.050626,-1.050592,-0.800066,-0.000180
actual,14.515000,26.015000,0.526624,-1.049740,1.050626,-1.050592,-0.800066,-0.000180
actual,14.520000,26.020000,0.525285,-1.049740,1.050626,-1.050592,-0.800066,-0.000180
actual,14.525000,26.025000,0.523922,-1.049740,1.050626,-1.050592,-0.800066,-0.000180
actual,14.530000,26.030000,0.522535,-1.049740,1.050626,-1.050592,-0.800066,-0.000180
actual,14.535000,26.035000,0.521126,-1.049740,1.050626,-1.050592,-0.800066,-0.000180
actual,14.540000,26.040000,0.519696,-1.049740,1.050626,-1.050592,-0.800066,-0.000180
actual,14.545000,26.045000,0.518246,-1.049740,1.050626,-1.050592,-0.800066,-0.000180
actual,14.550000,26.050000,0.516779,-1.049740,1.050626,-1.050592,-0.800066,-0.000180
actual,14.555000,26.055000,0.515295,-1.049740,1.050626,-1.050592,-0.800066,-0.000180
actual,14.560000,26.060000,0.513796,-1.049740,1.050626,-1.050592,-0.800066,-0.000180
actual,14.565000,26.065000,0.512283,-1.049740,1.050626,-1.050592,-0.800066,-0.000180
actual,14.570000,26.070000,0.510759,-1.049740,1.050626,-1.050592,-0.800066,-0.000180
actual,14.575000,26.075000,0.509224,-1.049740,1.050626,-1.050592,-0.800066,-0.000180
actual,14.580000,26.080000,0.507679,-1.049740,1.050626,-1.050592,-0.800066,-0.000180
actual,14.585000,26.085000,0.506128,-1.049740,1.050626,-1.050592,-0.800066,-0.000180
actual,14.590000,26.090000,0.504570,-1.049740,1.050626,-1.050592,-0.800066,-0.000180
actual,14.595000,26.095000,0.503007,-1.049740,1.050626,-1.050592,-0.800066,-0.000180
actual,14.600000,26.100000,0.501442,-1.049740,1.050626,-1.050592,-0.800066,-0.000180
actual,14.605000,26.105000,0.499876,-1.049740,1.050626,-1.050592,-0.800066,-0.000180
actual,14.610000,26.110000,0.498309,-1.049740,1.050626,-1.050592,-0.800066,-0.000180
actual,14.615000,26.115000,0.496744,-1.049740,1.050626,-1.050592,-0.800066,-0.000180
actual,14.620000,26.120000,0.495183,-1.049740,1.050626,-1.050592,-0.800066,-0.000180
actual,14.625000,26.125000,0.493626,-1.049740,1.050626,-1.050592,-0.800066,-0.000180
actual,14.630000,26.130000,0.492076,-1.049740,1.050626,-1.050592,-0.800066,-0.000180
actual,14.635000,26.135000,0.490533,-1.049740,1.050626,-1.050592,-0.800066,-0.000180
actual,14.640000,26.140000,0.489000,-1.049740,1.050626,-1.050592,-0.800066,-0.000180
actual,14.645000,26.145000,0.487478,-1.049740,1.050626,-1.050592,-0.800066,-0.000180
actual,14.650000,26.150000,0.485968,-1.049740,1.050626,-1.050592,-0.800066,-0.000180
actual,14.655000,26.155000,0.484472,-1.049740,1.050626,-1.050592,-0.800066,-0.000180
actual,14.660000,26.160000,0.482991,-1.049740,1.050626,-1.050592,-0.800066,-0.000180
actual,14.665000,26.165000,0.481527,-1.049740,1.050626,-1.050592,-0.800066,-0.000180
actual,14.670000,26.170000,0.480082,-1.049740,1.050626,-1.050592,-0.800066,-0.000180
actual,14.675000,26.175000,0.478656,-1.049740,1.050626,-1.050592,-0.800066,-0.000180
actual,14.680000,26.180000,0.477251,-1.049740,1.050626,-1.050592,-0.800066,-0.000180
actual,14.685000,26.185000,0.475869,-1.049740,1.050626,-1.050592,-0.800066,-0.000180
actual,14.690000,26.190000,0.474511,-1.049740,1.050626,-1.050592,-0.800066,-0.000180
actual,14.695000,26.195000,0.473178,-1.049740,1.050626,-1.050592,-0.800066,-0.000180
actual,14.700000,26.200000,0.471871,-1.049740,1.050626,-1.050592,-0.800066,-0.000180
actual,14.705000,26.205000,0.470592,-1.049740,1.050626,-1.050592,-0.800066,-0.000180
actual,14.710000,26.210000,0.469342,-1.049740,1.050626,-1.050592,-0.800066,-0.000180
actual,14.715000,26.215000,0.468123,-1.049740,1.050626,-1.050592,-0.800066,-0.000180
actual,14.720000,26.220000,0.466935,-1.049740,1.050626,-1.050592,-0.800066,-0.000180
actual,14.725000,26.225000,0.465779,-1.049740,1.050626,-1.050592,-0.800066,-0.000180
actual,14.730000,26.230000,0.464658,-1.049740,1.050626,-1.050592,-0.800066,-0.000180
actual,14.735000,26.235000,0.463571,-1.049740,1.050626,-1.050592,-0.800066,-0.000180
actual,14.740000,26.240000,0.462520,-1.049740,1.050626,-1.050592,-0.800066,-0.000180
actual,14.745000,26.245000,0.461507,-1.049740,1.050626,-1.050592,-0.800066,-0.000180
actual,14.750000,26.250000,0.460531,-1.049740,1.050626,-1.050592,-0.800066,-0.000180
actual,14.755000,26.255000,0.459594,-1.049740,1.050626,-1.050592,-0.800066,-0.000180
actual,14.760000,26.260000,0.458698,-1.049740,1.050626,-1.050592,-0.800066,-0.000180
actual,14.765000,26.265000,0.457842,-1.049740,1.050626,-1.050592,-0.800066,-0.000180
actual,14.770000,26.270000,0.457027,-1.049740,1.050626,-1.050592,-0.800066,-0.000180
actual,14.775000,26.275000,0.456256,-1.049740,1.050626,-1.050592,-0.800066,-0.000180
actual,14.780000,26.280000,0.455527,-1.049740,1.050626,-1.050592,-0.800066,-0.000180
actual,14.785000,26.285000,0.454842,-1.049740,1.050626,-1.050592,-0.800066,-0.000180
actual,14.790000,26.290000,0.454202,-1.049740,1.050626,-1.050592,-0.800066,-0.000180
actual,14.795000,26.295000,0.453607,-1.049740,1.050626,-1.050592,-0.800066,-0.000180
actual,14.800000,26.300000,0.453058,-1.049740,1.050626,-1.050592,-0.800066,-0.000180
actual,14.805000,26.305000,0.452556,-1.049740,1.050626,-1.050592,-0.800066,-0.000180
actual,14.810000,26.310000,0.452100,-1.049740,1.050626,-1.050592,-0.800066,-0.000180
actual,14.815000,26.315000,0.451691,-1.049740,1.050626,-1.050592,-0.800066,-0.000180
actual,14.820000,26.320000,0.451330,-1.049740,1.050626,-1.050592,-0.800066,-0.000180
actual,14.825000,26.325000,0.451018,-1.049740,1.050626,-1.050592,-0.800066,-0.000180
actual,14.830000,26.330000,0.450753,-1.049740,1.050626,-1.050592,-0.800066,-0.000180
actual,14.835000,26.335000,0.450538,-1.049740,1.050626,-1.050592,-0.800066,-0.000180
actual,14.840000,26.340000,0.450371,-1.049740,1.050626,-1.050592,-0.800066,-0.000180
actual,14.845000,26.345000,0.450253,-1.049740,1.050626,-1.050592,-0.800066,-0.000180
actual,14.850000,26.350000,0.450184,-1.049740,1.050626,-1.050592,-0.800066,-0.000180
actual,14.855000,26.355000,0.450165,-1.049740,1.050626,-1.050592,-0.800066,-0.000180
actual,14.860000,26.360000,0.450194,-1.049740,1.050626,-1.050592,-0.800066,-0.000180
actual,14.865000,26.365000,0.450273,-1.049740,1.050626,-1.050592,-0.800066,-0.000180
actual,14.870000,26.370000,0.450401,-1.049740,1.050626,-1.050592,-0.800066,-0.000180
actual,14.875000,26.375000,0.450578,-1.049740,1.050626,-1.050592,-0.800066,-0.000180
actual,14.880000,26.380000,0.450804,-1.049740,1.050626,-1.050592,-0.800066,-0.000180
actual,14.885000,26.385000,0.451078,-1.049740,1.050626,-1.050592,-0.800066,-0.000180
actual,14.890000,26.390000,0.451401,-1.049740,1.050626,-1.050592,-0.800066,-0.000180
actual,14.895000,26.395000,0.451772,-1.049740,1.050626,-1.050592,-0.800066,-0.000180
actual,14.900000,26.400000,0.452190,-1.049740,1.050626,-1.050592,-0.800066,-0.000180
actual,14.905000,26.405000,0.452656,-1.049740,1.050626,-1.050592,-0.800066,-0.000180
actual,14.910000,26.410000,0.453168,-1.049740,1.050626,-1.050592,-0.800066,-0.000180
actual,14.915000,26.415000,0.453726,-1.049740,1.050626,-1.050592,-0.800066,-0.000180
actual,14.920000,26.420000,0.454331,-1.049740,1.050626,-1.050592,-0.800066,-0.000180
actual,14.925000,26.425000,0.454980,-1.049740,1.050626,-1.050592,-0.800066,-0.000180
actual,14.930000,26.430000,0.455674,-1.049740,1.050626,-1.050592,-0.800066,-0.000180
actual,14.935000,26.435000,0.456412,-1.049740,1.050626,-1.050592,-0.800066,-0.000180
actual,14.945000,26.445000,0.458015,-1.049740,1.050626,-1.050592,-0.800066,-0.000180
actual,14.950000,26.450000,0.458880,-1.049740,1.050626,-1.050592,-0.800066,-0.000180
actual,14.955000,26.455000,0.459785,-1.049740,1.050626,-1.050592,-0.800066,-0.000180
actual,14.960000,26.460000,0.460729,-1.049740,1.050626,-1.050592,-0.800066,-0.000180
actual,14.965000,26.465000,0.461713,-1.049740,1.050626,-1.050592,-0.800066,-0.000180
actual,14.970000,26.470000,0.462734,-1.049740,1.050626,-1.050592,-0.800066,-0.000180
actual,14.975000,26.475000,0.463793,-1.049740,1.050626,-1.050592,-0.800066,-0.000180
actual,14.980000,26.480000,0.464887,-1.049740,1.050626,-1.050592,-0.800066,-0.000180
actual,14.985000,26.485000,0.466015,-1.049740,1.050626,-1.050592,-0.800066,-0.000180
actual,14.990000,26.490000,0.467177,-1.049740,1.050626,-1.050592,-0.800066,-0.000180
actual,14.995000,26.495000,0.468372,-1.049740,1.050626,-1.050592,-0.800066,-0.000180
actual,15.000000,26.500000,0.469598,-1.049740,1.050626,-1.050592,-0.800066,-0.000180
actual,15.005000,26.505000,0.470854,-1.049740,1.050626,-1.050592,-0.800066,-0.000180
actual,15.010000,26.510000,0.472139,-1.049740,1.050626,-1.050592,-0.800066,-0.000180
actual,15.015000,26.515000,0.473451,-1.049740,1.050626,-1.050592,-0.800066,-0.000180
actual,15.020000,26.520000,0.474790,-1.049740,1.050626,-1.050592,-0.800066,-0.000180
actual,15.025000,26.525000,0.476153,-1.049740,1.050626,-1.050592,-0.800066,-0.000180
actual,15.030000,26.530000,0.477540,-1.049740,1.050626,-1.050592,-0.800066,-0.000180
actual,15.035000,26.535000,0.478949,-1.049740,1.050626,-1.050592,-0.800066,-0.000180
actual,15.040000,26.540000,0.480379,-1.049740,1.050626,-1.050592,-0.800066,-0.000180
actual,15.045000,26.545000,0.481829,-1.049740,1.050626,-1.050592,-0.800066,-0.000180
actual,15.050000,26.550000,0.483296,-1.049740,1.050626,-1.050592,-0.800066,-0.000180
actual,15.055000,26.555000,0.484780,-1.049740,1.050626,-1.050592,-0.800066,-0.000180
actual,15.060000,26.560000,0.486279,-1.049740,1.050626,-1.050592,-0.800066,-0.000180
actual,15.065000,26.565000,0.487791,-1.049740,1.050626,-1.050592,-0.800066,-0.000180
actual,15.070000,26.570000,0.489316,-1.049740,1.050626,-1.050592,-0.800066,-0.000180
actual,15.075000,26.575000,0.490851,-1.049740,1.050626,-1.050592,-0.800066,-0.000180
actual,15.080000,26.580000,0.492396,-1.049740,1.050626,-1.050592,-0.800066,-0.000180
actual,15.085000,26.585000,0.493947,-1.049740,1.050626,-1.050592,-0.800066,-0.000180
actual,15.090000,26.590000,0.495505,-1.049740,1.050626,-1.050592,-0.800066,-0.000180
actual,15.095000,26.595000,0.497068,-1.049740,1.050626,-1.050592,-0.800066,-0.000180
actual,15.100000,26.600000,0.498633,-1.049740,1.050626,-1.050592,-0.800066,-0.000180
actual,15.105000,26.605000,0.500199,-1.049740,1.050626,-1.050592,-0.800066,-0.000180
actual,15.110000,26.610000,0.501766,-1.049740,1.050626,-1.050592,-0.800066,-0.000180
actual,15.115000,26.615000,0.503331,-1.049740,1.050626,-1.050592,-0.800066,-0.000180
actual,15.120000,26.620000,0.504892,-1.049740,1.050626,-1.050592,-0.800066,-0.000180
actual,15.125000,26.625000,0.506449,-1.049740,1.050626,-1.050592,-0.800066,-0.000180
actual,15.130000,26.630000,0.507999,-1.049740,1.050626,-1.050592,-0.800066,-0.000180
actual,15.135000,26.635000,0.509542,-1.049740,1.050626,-1.050592,-0.800066,-0.000180
actual,15.140000,26.640000,0.511075,-1.049740,1.050626,-1.050592,-0.800066,-0.000180
actual,15.145000,26.645000,0.512597,-1.049740,1.050626,-1.050592,-0.800066,-0.000180
actual,15.150000,26.650000,0.514107,-1.049740,1.050626,-1.050592,-0.800066,-0.000180
actual,15.155000,26.655000,0.515603,-1.049740,1.050626,-1.050592,-0.800066,-0.000180
actual,15.160000,26.660000,0.517084,-1.049740,1.050626,-1.050592,-0.800066,-0.000180
actual,15.165000,26.665000,0.518547,-1.049740,1.050626,-1.050592,-0.800066,-0.000180
actual,15.170000,26.670000,0.519993,-1.049740,1.050626,-1.050592,-0.800066,-0.000180
actual,15.175000,26.675000,0.521419,-1.049740,1.050626,-1.050592,-0.800066,-0.000180
actual,15.180000,26.680000,0.522824,-1.049740,1.050626,-1.050592,-0.800066,-0.000180
actual,15.185000,26.685000,0.524206,-1.049740,1.050626,-1.050592,-0.800066,-0.000180
actual,15.190000,26.690000,0.525564,-1.049740,1.050626,-1.050592,-0.800066,-0.000180
actual,15.195000,26.695000,0.526897,-1.049740,1.050626,-1.050592,-0.800066,-0.000180
actual,15.200000,26.700000,0.528204,-1.049740,1.050626,-1.050592,-0.800066,-0.000180
actual,15.205000,26.705000,0.529483,-1.049740,1.050626,-1.050592,-0.800066,-0.000180
actual,15.210000,26.710000,0.530733,-1.049740,1.050626,-1.050592,-0.800066,-0.000180
actual,15.215000,26.715000,0.531952,-1.049740,1.050626,-1.050592,-0.800066,-0.000180
actual,15.220000,26.720000,0.533140,-1.049740,1.050626,-1.050592,-0.800066,-0.000180
actual,15.225000,26.725000,0.534296,-1.049740,1.050626,-1.050592,-0.800066,-0.000180
actual,15.230000,26.730000,0.535417,-1.049740,1.050626,-1.050592,-0.800066,-0.000180
actual,15.235000,26.735000,0.536504,-1.049740,1.050626,-1.050592,-0.800066,-0.000180
actual,15.240000,26.740000,0.537555,-1.049740,1.050626,-1.050592,-0.800066,-0.000180
actual,15.245000,26.745000,0.538568,-1.049740,1.050626,-1.050592,-0.800066,-0.000180
actual,15.250000,26.750000,0.539544,-1.049740,1.050626,-1.050592,-0.800066,-0.000180
actual,15.255000,26.755000,0.540481,-1.049740,1.050626,-1.050592,-0.800066,-0.000180
actual,15.260000,26.760000,0.541377,-1.049740,1.050626,-1.050592,-0.800066,-0.000180
actual,15.265000,26.765000,0.542233,-1.049740,1.050626,-1.050592,-0.800066,-0.000180
actual,15.270000,26.770000,0.543048,-1.049740,1.050626,-1.050592,-0.800066,-0.000180
actual,15.275000,26.775000,0.543819,-1.049740,1.050626,-1.050592,-0.800066,-0.000180
actual,15.280000,26.780000,0.544548,-1.049740,1.050626,-1.050592,-0.800066,-0.000180
actual,15.285000,26.785000,0.545233,-1.049740,1.050626,-1.050592,-0.800066,-0.000180
actual,15.290000,26.790000,0.545873,-1.049740,1.050626,-1.050592,-0.800066,-0.000180
actual,15.295000,26.795000,0.546468,-1.049740,1.050626,-1.050592,-0.800066,-0.000180
actual,15.300000,26.800000,0.547017,-1.049740,1.050626,-1.050592,-0.800066,-0.000180
actual,15.305000,26.805000,0.547519,-1.049740,1.050626,-1.050592,-0.800066,-0.000180
actual,15.310000,26.810000,0.547975,-1.049740,1.050626,-1.050592,-0.800066,-0.000180
actual,15.315000,26.815000,0.548384,-1.049740,1.050626,-1.050592,-0.800066,-0.000180
actual,15.320000,26.820000,0.548744,-1.049740,1.050626,-1.050592,-0.800066,-0.000180
actual,15.325000,26.825000,0.549057,-1.049740,1.050626,-1.050592,-0.800066,-0.000180
actual,15.330000,26.830000,0.549322,-1.049740,1.050626,-1.050592,-0.800066,-0.000180
actual,15.335000,26.835000,0.549537,-1.049740,1.050626,-1.050592,-0.800066,-0.000180
actual,15.340000,26.840000,0.549704,-1.049740,1.050626,-1.050592,-0.800066,-0.000180
actual,15.345000,26.845000,0.549822,-1.049740,1.050626,-1.050592,-0.800066,-0.000180
actual,15.350000,26.850000,0.549891,-1.049740,1.050626,-1.050592,-0.800066,-0.000180
actual,15.355000,26.855000,0.549910,-1.049740,1.050626,-1.050592,-0.800066,-0.000180
actual,15.360000,26.860000,0.549881,-1.049740,1.050626,-1.050592,-0.800066,-0.000180
actual,15.365000,26.865000,0.549802,-1.049740,1.050626,-1.050592,-0.800066,-0.000180
actual,15.370000,26.870000,0.549674,-1.049740,1.050626,-1.050592,-0.800066,-0.000180
actual,15.375000,26.875000,0.549497,-1.049740,1.050626,-1.050592,-0.800066,-0.000180
actual,15.380000,26.880000,0.549271,-1.049740,1.050626,-1.050592,-0.800066,-0.000180
actual,15.385000,26.885000,0.548997,-1.049740,1.050626,-1.050592,-0.800066,-0.000180
actual,15.390000,26.890000,0.548674,-1.049740,1.050626,-1.050592,-0.800066,-0.000180
actual,15.395000,26.895000,0.548303,-1.049740,1.050626,-1.050592,-0.800066,-0.000180
actual,15.400000,26.900000,0.547885,-1.049740,1.050626,-1.050592,-0.800066,-0.000180
actual,15.405000,26.905000,0.547419,-1.049740,1.050626,-1.050592,-0.800066,-0.000180
actual,15.410000,26.910000,0.546907,-1.049740,1.050626,-1.050592,-0.800066,-0.000180
actual,15.415000,26.915000,0.546348,-1.049740,1.050626,-1.050592,-0.800066,-0.000180
actual,15.420000,26.920000,0.545744,-1.049740,1.050626,-1.050592,-0.800066,-0.000180
actual,15.425000,26.925000,0.545095,-1.049740,1.050626,-1.050592,-0.800066,-0.000180
actual,15.430000,26.930000,0.544401,-1.049740,1.050626,-1.050592,-0.800066,-0.000180
actual,15.435000,26.935000,0.543663,-1.049740,1.050626,-1.050592,-0.800066,-0.000180
actual,15.440000,26.940000,0.542883,-1.049740,1.050626,-1.050592,-0.800066,-0.000180
actual,15.445000,26.945000,0.542060,-1.049740,1.050626,-1.050592,-0.800066,-0.000180
actual,15.450000,26.950000,0.541195,-1.049740,1.050626,-1.050592,-0.800066,-0.000180
actual,15.455000,26.955000,0.540290,-1.049740,1.050626,-1.050592,-0.800066,-0.000180
actual,15.460000,26.960000,0.539345,-1.049740,1.050626,-1.050592,-0.800066,-0.000180
actual,15.465000,26.965000,0.538362,-1.049740,1.050626,-1.050592,-0.800066,-0.000180
actual,15.470000,26.970000,0.537341,-1.049740,1.050626,-1.050592,-0.800066,-0.000180
actual,15.475000,26.975000,0.536282,-1.049740,1.050626,-1.050592,-0.800066,-0.000180
actual,15.480000,26.980000,0.535188,-1.049740,1.050626,-1.050592,-0.800066,-0.000180
actual,15.485000,26.985000,0.534060,-1.049740,1.050626,-1.050592,-0.800066,-0.000180
actual,15.490000,26.990000,0.532897,-1.049740,1.050626,-1.050592,-0.800066,-0.000180
actual,15.495000,26.995000,0.531703,-1.049740,1.050626,-1.050592,-0.800066,-0.000180
actual,15.500000,27.000000,0.530477,-1.049740,1.050626,-1.050592,-0.800066,-0.000180
actual,15.505000,27.005000,0.529221,-1.049740,1.050626,-1.050592,-0.800066,-0.000180
actual,15.510000,27.010000,0.527936,-1.049740,1.050626,-1.050592,-0.800066,-0.000180
actual,15.515000,27.015000,0.526624,-1.049740,1.050626,-1.050592,-0.800066,-0.000180
actual,15.520000,27.020000,0.525285,-1.049740,1.050626,-1.050592,-0.800066,-0.000180
actual,15.525000,27.025000,0.523922,-1.049740,1.050626,-1.050592,-0.800066,-0.000180
actual,15.530000,27.030000,0.522535,-1.049740,1.050626,-1.050592,-0.800066,-0.000180
actual,15.535000,27.035000,0.521126,-1.049740,1.050626,-1.050592,-0.800066,-0.000180
actual,15.540000,27.040000,0.519696,-1.049740,1.050626,-1.050592,-0.800066,-0.000180
actual,15.545000,27.045000,0.518246,-1.049740,1.050626,-1.050592,-0.800066,-0.000180
actual,15.550000,27.050000,0.516779,-1.049740,1.050626,-1.050592,-0.800066,-0.000180
actual,15.555000,27.055000,0.515295,-1.049740,1.050626,-1.050592,-0.800066,-0.000180
actual,15.560000,27.060000,0.513796,-1.049740,1.050626,-1.050592,-0.800066,-0.000180
actual,15.565000,27.065000,0.512283,-1.049740,1.050626,-1.050592,-0.800066,-0.000180
actual,15.570000,27.070000,0.510759,-1.049740,1.050626,-1.050592,-0.800066,-0.000180
actual,15.575000,27.075000,0.509224,-1.049740,1.050626,-1.050592,-0.800066,-0.000180
actual,15.580000,27.080000,0.507679,-1.049740,1.050626,-1.050592,-0.800066,-0.000180
actual,15.585000,27.085000,0.506128,-1.049740,1.050626,-1.050592,-0.800066,-0.000180
actual,15.590000,27.090000,0.504570,-1.049740,1.050626,-1.050592,-0.800066,-0.000180
actual,15.595000,27.095000,0.503007,-1.049740,1.050626,-1.050592,-0.800066,-0.000180
actual,15.600000,27.100000,0.501442,-1.049740,1.050626,-1.050592,-0.800066,-0.000180
actual,15.605000,27.105000,0.499876,-1.049740,1.050626,-1.050592,-0.800066,-0.000180
actual,15.610000,27.110000,0.498309,-1.049740,1.050626,-1.050592,-0.800066,-0.000180
actual,15.615000,27.115000,0.496744,-1.049740,1.050626,-1.050592,-0.800066,-0.000180
actual,15.620000,27.120000,0.495183,-1.049740,1.050626,-1.050592,-0.800066,-0.000180
actual,15.625000,27.125000,0.493626,-1.049740,1.050626,-1.050592,-0.800066,-0.000180
actual,15.630000,27.130000,0.492076,-1.049740,1.050626,-1.050592,-0.800066,-0.000180
actual,15.635000,27.135000,0.490533,-1.049740,1.050626,-1.050592,-0.800066,-0.000180
actual,15.640000,27.140000,0.489000,-1.049740,1.050626,-1.050592,-0.800066,-0.000180
actual,15.645000,27.145000,0.487478,-1.049740,1.050626,-1.050592,-0.800066,-0.000180
actual,15.650000,27.150000,0.485968,-1.049740,1.050626,-1.050592,-0.800066,-0.000180
actual,15.655000,27.155000,0.484472,-1.049740,1.050626,-1.050592,-0.800066,-0.000180
actual,15.660000,27.160000,0.482991,-1.049740,1.050626,-1.050592,-0.800066,-0.000180
actual,15.665000,27.165000,0.481527,-1.049740,1.050626,-1.050592,-0.800066,-0.000180
actual,15.670000,27.170000,0.480082,-1.049740,1.050626,-1.050592,-0.800066,-0.000180
actual,15.675000,27.175000,0.478656,-1.049740,1.050626,-1.050592,-0.800066,-0.000180
actual,15.680000,27.180000,0.477251,-1.049740,1.050626,-1.050592,-0.800066,-0.000180
actual,15.685000,27.185000,0.475869,-1.049740,1.050626,-1.050592,-0.800066,-0.000180
actual,15.690000,27.190000,0.474511,-1.049740,1.050626,-1.050592,-0.800066,-0.000180
actual,15.695000,27.195000,0.473178,-1.049740,1.050626,-1.050592,-0.800066,-0.000180
actual,15.700000,27.200000,0.471871,-1.049740,1.050626,-1.050592,-0.800066,-0.000180
actual,15.705000,27.205000,0.470592,-1.049740,1.050626,-1.050592,-0.800066,-0.000180
actual,15.710000,27.210000,0.469342,-1.049740,1.050626,-1.050592,-0.800066,-0.000180
actual,15.715000,27.215000,0.468123,-1.049740,1.050626,-1.050592,-0.800066,-0.000180
actual,15.720000,27.220000,0.466935,-1.049740,1.050626,-1.050592,-0.800066,-0.000180
actual,15.725000,27.225000,0.465779,-1.049740,1.050626,-1.050592,-0.800066,-0.000180
actual,15.730000,27.230000,0.464658,-1.049740,1.050626,-1.050592,-0.800066,-0.000180
actual,15.735000,27.235000,0.463571,-1.049740,1.050626,-1.050592,-0.800066,-0.000180
actual,15.740000,27.240000,0.462520,-1.049740,1.050626,-1.050592,-0.800066,-0.000180
actual,15.745000,27.245000,0.461507,-1.049740,1.050626,-1.050592,-0.800066,-0.000180
actual,15.750000,27.250000,0.460531,-1.049740,1.050626,-1.050592,-0.800066,-0.000180
actual,15.755000,27.255000,0.459594,-1.049740,1.050626,-1.050592,-0.800066,-0.000180
actual,15.760000,27.260000,0.458698,-1.049740,1.050626,-1.050592,-0.800066,-0.000180
actual,15.765000,27.265000,0.457842,-1.049740,1.050626,-1.050592,-0.800066,-0.000180
actual,15.770000,27.270000,0.457027,-1.049740,1.050626,-1.050592,-0.800066,-0.000180
actual,15.775000,27.275000,0.456256,-1.049740,1.050626,-1.050592,-0.800066,-0.000180
actual,15.780000,27.280000,0.455527,-1.049740,1.050626,-1.050592,-0.800066,-0.000180
actual,15.785000,27.285000,0.454842,-1.049740,1.050626,-1.050592,-0.800066,-0.000180
actual,15.790000,27.290000,0.454202,-1.049740,1.050626,-1.050592,-0.800066,-0.000180
actual,15.795000,27.295000,0.453607,-1.049740,1.050626,-1.050592,-0.800066,-0.000180
actual,15.800000,27.300000,0.453058,-1.049740,1.050626,-1.050592,-0.800066,-0.000180
actual,15.805000,27.305000,0.452556,-1.049740,1.050626,-1.050592,-0.800066,-0.000180
actual,15.810000,27.310000,0.452100,-1.049740,1.050626,-1.050592,-0.800066,-0.000180
actual,15.815000,27.315000,0.451691,-1.049740,1.050626,-1.050592,-0.800066,-0.000180
actual,15.820000,27.320000,0.451330,-1.049740,1.050626,-1.050592,-0.800066,-0.000180
actual,15.825000,27.325000,0.451018,-1.049740,1.050626,-1.050592,-0.800066,-0.000180
actual,15.830000,27.330000,0.450753,-1.049740,1.050626,-1.050592,-0.800066,-0.000180
actual,15.835000,27.335000,0.450538,-1.049740,1.050626,-1.050592,-0.800066,-0.000180
actual,15.840000,27.340000,0.450371,-1.049740,1.050626,-1.050592,-0.800066,-0.000180
actual,15.845000,27.345000,0.450253,-1.049740,1.050626,-1.050592,-0.800066,-0.000180
actual,15.850000,27.350000,0.450184,-1.049740,1.050626,-1.050592,-0.800066,-0.000180
actual,15.855000,27.355000,0.450165,-1.049740,1.050626,-1.050592,-0.800066,-0.000180
actual,15.860000,27.360000,0.450194,-1.049740,1.050626,-1.050592,-0.800066,-0.000180
actual,15.865000,27.365000,0.450273,-1.049740,1.050626,-1.050592,-0.800066,-0.000180
actual,15.870000,27.370000,0.450401,-1.049740,1.050626,-1.050592,-0.800066,-0.000180
actual,15.875000,27.375000,0.450578,-1.049740,1.050626,-1.050592,-0.800066,-0.000180
actual,15.880000,27.380000,0.450804,-1.049740,1.050626,-1.050592,-0.800066,-0.000180
actual,15.885000,27.385000,0.451078,-1.049740,1.050626,-1.050592,-0.800066,-0.000180
actual,15.890000,27.390000,0.451401,-1.049740,1.050626,-1.050592,-0.800066,-0.000180
actual,15.895000,27.395000,0.451772,-1.049740,1.050626,-1.050592,-0.800066,-0.000180
actual,15.900000,27.400000,0.452190,-1.049740,1.050626,-1.050592,-0.800066,-0.000180
actual,15.905000,27.405000,0.452656,-1.049740,1.050626,-1.050592,-0.800066,-0.000180
actual,15.910000,27.410000,0.453168,-1.049740,1.050626,-1.050592,-0.800066,-0.000180
actual,15.915000,27.415000,0.453726,-1.049740,1.050626,-1.050592,-0.800066,-0.000180
actual,15.920000,27.420000,0.454331,-1.049740,1.050626,-1.050592,-0.800066,-0.000180
actual,15.925000,27.425000,0.454980,-1.049740,1.050626,-1.050592,-0.800066,-0.000180
actual,15.930000,27.430000,0.455674,-1.049740,1.050626,-1.050592,-0.800066,-0.000180
actual,15.935000,27.435000,0.456412,-1.049740,1.050626,-1.050592,-0.800066,-0.000180
actual,15.940000,27.440000,0.457192,-1.049740,1.050626,-1.050592,-0.800066,-0.000180
actual,15.945000,27.445000,0.458015,-1.049740,1.050626,-1.050592,-0.800066,-0.000180
actual,15.950000,27.450000,0.458880,-1.049740,1.050626,-1.050592,-0.800066,-0.000180
actual,15.955000,27.455000,0.459785,-1.049740,1.050626,-1.050592,-0.800066,-0.000180
actual,15.960000,27.460000,0.460729,-1.049740,1.050626,-1.050592,-0.800066,-0.000180
actual,15.965000,27.465000,0.461713,-1.049740,1.050626,-1.050592,-0.800066,-0.000180
actual,15.970000,27.470000,0.462734,-1.049740,1.050626,-1.050592,-0.800066,-0.000180
actual,15.975000,27.475000,0.463793,-1.049740,1.050626,-1.050592,-0.800066,-0.000180
actual,15.980000,27.480000,0.464887,-1.049740,1.050626,-1.050592,-0.800066,-0.000180
actual,15.985000,27.485000,0.466015,-1.049740,1.050626,-1.050592,-0.800066,-0.000180
actual,15.990000,27.490000,0.467177,-1.049740,1.050626,-1.050592,-0.800066,-0.000180
actual,15.995000,27.495000,0.468372,-1.049740,1.050626,-1.050592,-0.800066,-0.000180
actual,16.000000,27.500000,0.469598,-1.049740,1.050626,-1.050592,-0.800066,-0.000180
actual,16.005000,27.505000,0.470854,-1.049740,1.050626,-1.050592,-0.800066,-0.000180
actual,16.010000,27.510000,0.472139,-1.049740,1.050626,-1.050592,-0.800066,-0.000180
actual,16.015000,27.515000,0.473451,-1.049740,1.050626,-1.050592,-0.800066,-0.000180
actual,16.020000,27.520000,0.474790,-1.049740,1.050626,-1.050592,-0.800066,-0.000180
actual,16.025000,27.525000,0.476153,-1.049740,1.050626,-1.050592,-0.800066,-0.000180
actual,16.030000,27.530000,0.477540,-1.049740,1.050626,-1.050592,-0.800066,-0.000180
actual,16.035000,27.535000,0.478949,-1.049740,1.050626,-1.050592,-0.800066,-0.000180
actual,16.040000,27.540000,0.480379,-1.049740,1.050626,-1.050592,-0.800066,-0.000180
actual,16.045000,27.545000,0.481829,-1.049740,1.050626,-1.050592,-0.800066,-0.000180
actual,16.050000,27.550000,0.483296,-1.049740,1.050626,-1.050592,-0.800066,-0.000180
actual,16.055000,27.555000,0.484780,-1.049740,1.050626,-1.050592,-0.800066,-0.000180
actual,16.060000,27.560000,0.486279,-1.049740,1.050626,-1.050592,-0.800066,-0.000180
actual,16.065000,27.565000,0.487791,-1.049740,1.050626,-1.050592,-0.800066,-0.000180
actual,16.070000,27.570000,0.489316,-1.049740,1.050626,-1.050592,-0.800066,-0.000180
actual,16.075000,27.575000,0.490851,-1.049740,1.050626,-1.050592,-0.800066,-0.000180
actual,16.080000,27.580000,0.492396,-1.049740,1.050626,-1.050592,-0.800066,-0.000180
actual,16.085000,27.585000,0.493947,-1.049740,1.050626,-1.050592,-0.800066,-0.000180
actual,16.090000,27.590000,0.495505,-1.049740,1.050626,-1.050592,-0.800066,-0.000180
actual,16.095000,27.595000,0.497068,-1.049740,1.050626,-1.050592,-0.800066,-0.000180
actual,16.100000,27.600000,0.498633,-1.049740,1.050626,-1.050592,-0.800066,-0.000180
actual,16.105000,27.605000,0.500199,-1.049740,1.050626,-1.050592,-0.800066,-0.000180
actual,16.110000,27.610000,0.501766,-1.049740,1.050626,-1.050592,-0.800066,-0.000180
actual,16.115000,27.615000,0.503331,-1.049740,1.050626,-1.050592,-0.800066,-0.000180
actual,16.120000,27.620000,0.504892,-1.049740,1.050626,-1.050592,-0.800066,-0.000180
actual,16.125000,27.625000,0.506449,-1.049740,1.050626,-1.050592,-0.800066,-0.000180
actual,16.130000,27.630000,0.507999,-1.049740,1.050626,-1.050592,-0.800066,-0.000180
actual,16.135000,27.635000,0.509542,-1.049740,1.050626,-1.050592,-0.800066,-0.000180
actual,16.140000,27.640000,0.511075,-1.049740,1.050626,-1.050592,-0.800066,-0.000180
actual,16.145000,27.645000,0.512597,-1.049740,1.050626,-1.050592,-0.800066,-0.000180
actual,16.150000,27.650000,0.514107,-1.049740,1.050626,-1.050592,-0.800066,-0.000180
actual,16.155000,27.655000,0.515603,-1.049740,1.050626,-1.050592,-0.800066,-0.000180
actual,16.160000,27.660000,0.517084,-1.049740,1.050626,-1.050592,-0.800066,-0.000180
actual,16.165000,27.665000,0.518547,-1.049740,1.050626,-1.050592,-0.800066,-0.000180
actual,16.170000,27.670000,0.519993,-1.049740,1.050626,-1.050592,-0.800066,-0.000180
actual,16.175000,27.675000,0.521419,-1.049740,1.050626,-1.050592,-0.800066,-0.000180
actual,16.180000,27.680000,0.522824,-1.049740,1.050626,-1.050592,-0.800066,-0.000180
actual,16.185000,27.685000,0.524206,-1.049740,1.050626,-1.050592,-0.800066,-0.000180
actual,16.190000,27.690000,0.525564,-1.049740,1.050626,-1.050592,-0.800066,-0.000180
actual,16.195000,27.695000,0.526897,-1.049740,1.050626,-1.050592,-0.800066,-0.000180
actual,16.200000,27.700000,0.528204,-1.049740,1.050626,-1.050592,-0.800066,-0.000180
actual,16.205000,27.705000,0.529483,-1.049740,1.050626,-1.050592,-0.800066,-0.000180
actual,16.210000,27.710000,0.530733,-1.049740,1.050626,-1.050592,-0.800066,-0.000180
actual,16.215000,27.715000,0.531952,-1.049740,1.050626,-1.050592,-0.800066,-0.000180
actual,16.220000,27.720000,0.533140,-1.049740,1.050626,-1.050592,-0.800066,-0.000180
actual,16.225000,27.725000,0.534296,-1.049740,1.050626,-1.050592,-0.800066,-0.000180
actual,16.230000,27.730000,0.535417,-1.049740,1.050626,-1.050592,-0.800066,-0.000180
actual,16.235000,27.735000,0.536504,-1.049740,1.050626,-1.050592,-0.800066,-0.000180
actual,16.240000,27.740000,0.537555,-1.049740,1.050626,-1.050592,-0.800066,-0.000180
actual,16.245000,27.745000,0.538568,-1.049740,1.050626,-1.050592,-0.800066,-0.000180
actual,16.250000,27.750000,0.539544,-1.049740,1.050626,-1.050592,-0.800066,-0.000180
actual,16.255000,27.755000,0.540481,-1.049740,1.050626,-1.050592,-0.800066,-0.000180
actual,16.260000,27.760000,0.541377,-1.049740,1.050626,-1.050592,-0.800066,-0.000180
actual,16.265000,27.765000,0.542233,-1.049740,1.050626,-1.050592,-0.800066,-0.000180
actual,16.270000,27.770000,0.543048,-1.049740,1.050626,-1.050592,-0.800066,-0.000180
actual,16.275000,27.775000,0.543819,-1.049740,1.050626,-1.050592,-0.800066,-0.000180
actual,16.280000,27.780000,0.544548,-1.049740,1.050626,-1.050592,-0.800066,-0.000180
actual,16.285000,27.785000,0.545233,-1.049740,1.050626,-1.050592,-0.800066,-0.000180
actual,16.290000,27.790000,0.545873,-1.049740,1.050626,-1.050592,-0.800066,-0.000180
actual,16.295000,27.795000,0.546468,-1.049740,1.050626,-1.050592,-0.800066,-0.000180
actual,16.300000,27.800000,0.547017,-1.049740,1.050626,-1.050592,-0.800066,-0.000180
actual,16.305000,27.805000,0.547519,-1.049740,1.050626,-1.050592,-0.800066,-0.000180
actual,16.310000,27.810000,0.547975,-1.049740,1.050626,-1.050592,-0.800066,-0.000180
actual,16.315000,27.815000,0.548384,-1.049740,1.050626,-1.050592,-0.800066,-0.000180
actual,16.320000,27.820000,0.548744,-1.049740,1.050626,-1.050592,-0.800066,-0.000180
actual,16.325000,27.825000,0.549057,-1.049740,1.050626,-1.050592,-0.800066,-0.000180
actual,16.330000,27.830000,0.549322,-1.049740,1.050626,-1.050592,-0.800066,-0.000180
actual,16.335000,27.835000,0.549537,-1.049740,1.050626,-1.050592,-0.800066,-0.000180
actual,16.340000,27.840000,0.549704,-1.049740,1.050626,-1.050592,-0.800066,-0.000180
actual,16.345000,27.845000,0.549822,-1.049740,1.050626,-1.050592,-0.800066,-0.000180
actual,16.350000,27.850000,0.549891,-1.049740,1.050626,-1.050592,-0.800066,-0.000180
actual,16.355000,27.855000,0.549910,-1.049740,1.050626,-1.050592,-0.800066,-0.000180
actual,16.360000,27.860000,0.549881,-1.049740,1.050626,-1.050592,-0.800066,-0.000180
actual,16.365000,27.865000,0.549802,-1.049740,1.050626,-1.050592,-0.800066,-0.000180
actual,16.370000,27.870000,0.549674,-1.049740,1.050626,-1.050592,-0.800066,-0.000180
actual,16.375000,27.875000,0.549497,-1.049740,1.050626,-1.050592,-0.800066,-0.000180
actual,16.380000,27.880000,0.549271,-1.049740,1.050626,-1.050592,-0.800066,-0.000180
actual,16.385000,27.885000,0.548997,-1.049740,1.050626,-1.050592,-0.800066,-0.000180
actual,16.390000,27.890000,0.548674,-1.049740,1.050626,-1.050592,-0.800066,-0.000180
actual,16.395000,27.895000,0.548303,-1.049740,1.050626,-1.050592,-0.800066,-0.000180
actual,16.400000,27.900000,0.547885,-1.049740,1.050626,-1.050592,-0.800066,-0.000180
actual,16.405000,27.905000,0.547419,-1.049740,1.050626,-1.050592,-0.800066,-0.000180
actual,16.410000,27.910000,0.546907,-1.049740,1.050626,-1.050592,-0.800066,-0.000180
actual,16.415000,27.915000,0.546348,-1.049740,1.050626,-1.050592,-0.800066,-0.000180
actual,16.420000,27.920000,0.545744,-1.049740,1.050626,-1.050592,-0.800066,-0.000180
actual,16.425000,27.925000,0.545095,-1.049740,1.050626,-1.050592,-0.800066,-0.000180
actual,16.430000,27.930000,0.544401,-1.049740,1.050626,-1.050592,-0.800066,-0.000180
actual,16.435000,27.935000,0.543663,-1.049740,1.050626,-1.050592,-0.800066,-0.000180
actual,16.440000,27.940000,0.542883,-1.049740,1.050626,-1.050592,-0.800066,-0.000180
actual,16.445000,27.945000,0.542060,-1.049740,1.050626,-1.050592,-0.800066,-0.000180
actual,16.450000,27.950000,0.541195,-1.049740,1.050626,-1.050592,-0.800066,-0.000180
actual,16.455000,27.955000,0.540290,-1.049740,1.050626,-1.050592,-0.800066,-0.000180
actual,16.460000,27.960000,0.539345,-1.049740,1.050626,-1.050592,-0.800066,-0.000180
actual,16.465000,27.965000,0.538362,-1.049740,1.050626,-1.050592,-0.800066,-0.000180
actual,16.470000,27.970000,0.537341,-1.049740,1.050626,-1.050592,-0.800066,-0.000180
actual,16.475000,27.975000,0.536282,-1.049740,1.050626,-1.050592,-0.800066,-0.000180
actual,16.480000,27.980000,0.535188,-1.049740,1.050626,-1.050592,-0.800066,-0.000180
actual,16.485000,27.985000,0.534060,-1.049740,1.050626,-1.050592,-0.800066,-0.000180
actual,16.490000,27.990000,0.532897,-1.049740,1.050626,-1.050592,-0.800066,-0.000180
actual,16.495000,27.995000,0.531703,-1.049740,1.050626,-1.050592,-0.800066,-0.000180
actual,16.500000,28.000000,0.530477,-1.049740,1.050626,-1.050592,-0.800066,-0.000180
actual,16.505000,28.005000,0.529221,-1.049740,1.050626,-1.050592,-0.800066,-0.000180
actual,16.510000,28.010000,0.527936,-1.049740,1.050626,-1.050592,-0.800066,-0.000180
actual,16.515000,28.015000,0.526624,-1.049740,1.050626,-1.050592,-0.800066,-0.000180
actual,16.520000,28.020000,0.525285,-1.049740,1.050626,-1.050592,-0.800066,-0.000180
actual,16.525000,28.025000,0.523922,-1.049740,1.050626,-1.050592,-0.800066,-0.000180
actual,16.530000,28.030000,0.522535,-1.049740,1.050626,-1.050592,-0.800066,-0.000180
actual,16.535000,28.035000,0.521126,-1.049740,1.050626,-1.050592,-0.800066,-0.000180
actual,16.540000,28.040000,0.519696,-1.049740,1.050626,-1.050592,-0.800066,-0.000180
actual,16.545000,28.045000,0.518246,-1.049740,1.050626,-1.050592,-0.800066,-0.000180
actual,16.550000,28.050000,0.516779,-1.049740,1.050626,-1.050592,-0.800066,-0.000180
actual,16.555000,28.055000,0.515295,-1.049740,1.050626,-1.050592,-0.800066,-0.000180
actual,16.560000,28.060000,0.513796,-1.049740,1.050626,-1.050592,-0.800066,-0.000180
actual,16.565000,28.065000,0.512283,-1.049740,1.050626,-1.050592,-0.800066,-0.000180
actual,16.570000,28.070000,0.510759,-1.049740,1.050626,-1.050592,-0.800066,-0.000180
actual,16.575000,28.075000,0.509224,-1.049740,1.050626,-1.050592,-0.800066,-0.000180
actual,16.580000,28.080000,0.507679,-1.049740,1.050626,-1.050592,-0.800066,-0.000180
actual,16.585000,28.085000,0.506128,-1.049740,1.050626,-1.050592,-0.800066,-0.000180
actual,16.590000,28.090000,0.504570,-1.049740,1.050626,-1.050592,-0.800066,-0.000180
actual,16.595000,28.095000,0.503007,-1.049740,1.050626,-1.050592,-0.800066,-0.000180
actual,16.600000,28.100000,0.501442,-1.049740,1.050626,-1.050592,-0.800066,-0.000180
actual,16.605000,28.105000,0.499876,-1.049740,1.050626,-1.050592,-0.800066,-0.000180
actual,16.610000,28.110000,0.498309,-1.049740,1.050626,-1.050592,-0.800066,-0.000180
actual,16.615000,28.115000,0.496744,-1.049740,1.050626,-1.050592,-0.800066,-0.000180
actual,16.620000,28.120000,0.495183,-1.049740,1.050626,-1.050592,-0.800066,-0.000180
actual,16.625000,28.125000,0.493626,-1.049740,1.050626,-1.050592,-0.800066,-0.000180
actual,16.630000,28.130000,0.492076,-1.049740,1.050626,-1.050592,-0.800066,-0.000180
actual,16.635000,28.135000,0.490533,-1.049740,1.050626,-1.050592,-0.800066,-0.000180
actual,16.640000,28.140000,0.489000,-1.049740,1.050626,-1.050592,-0.800066,-0.000180
actual,16.645000,28.145000,0.487478,-1.049740,1.050626,-1.050592,-0.800066,-0.000180
actual,16.650000,28.150000,0.485968,-1.049740,1.050626,-1.050592,-0.800066,-0.000180
actual,16.655000,28.155000,0.484472,-1.049740,1.050626,-1.050592,-0.800066,-0.000180
actual,16.660000,28.160000,0.482991,-1.049740,1.050626,-1.050592,-0.800066,-0.000180
actual,16.665000,28.165000,0.481527,-1.049740,1.050626,-1.050592,-0.800066,-0.000180
actual,16.670000,28.170000,0.480082,-1.049740,1.050626,-1.050592,-0.800066,-0.000180
actual,16.675000,28.175000,0.478656,-1.049740,1.050626,-1.050592,-0.800066,-0.000180
actual,16.680000,28.180000,0.477251,-1.049740,1.050626,-1.050592,-0.800066,-0.000180
actual,16.685000,28.185000,0.475869,-1.049740,1.050626,-1.050592,-0.800066,-0.000180
actual,16.690000,28.190000,0.474511,-1.049740,1.050626,-1.050592,-0.800066,-0.000180
actual,16.695000,28.195000,0.473178,-1.049740,1.050626,-1.050592,-0.800066,-0.000180
actual,16.700000,28.200000,0.471871,-1.049740,1.050626,-1.050592,-0.800066,-0.000180
actual,16.705000,28.205000,0.470592,-1.049740,1.050626,-1.050592,-0.800066,-0.000180
actual,16.710000,28.210000,0.469342,-1.049740,1.050626,-1.050592,-0.800066,-0.000180
actual,16.715000,28.215000,0.468123,-1.049740,1.050626,-1.050592,-0.800066,-0.000180
actual,16.720000,28.220000,0.466935,-1.049740,1.050626,-1.050592,-0.800066,-0.000180
actual,16.725000,28.225000,0.465779,-1.049740,1.050626,-1.050592,-0.800066,-0.000180
actual,16.730000,28.230000,0.464658,-1.049740,1.050626,-1.050592,-0.800066,-0.000180
actual,16.735000,28.235000,0.463571,-1.049740,1.050626,-1.050592,-0.800066,-0.000180
actual,16.740000,28.240000,0.462520,-1.049740,1.050626,-1.050592,-0.800066,-0.000180
actual,16.745000,28.245000,0.461507,-1.049740,1.050626,-1.050592,-0.800066,-0.000180
actual,16.750000,28.250000,0.460531,-1.049740,1.050626,-1.050592,-0.800066,-0.000180
actual,16.755000,28.255000,0.459594,-1.049740,1.050626,-1.050592,-0.800066,-0.000180
actual,16.760000,28.260000,0.458698,-1.049740,1.050626,-1.050592,-0.800066,-0.000180
actual,16.765000,28.265000,0.457842,-1.049740,1.050626,-1.050592,-0.800066,-0.000180
actual,16.770000,28.270000,0.457027,-1.049740,1.050626,-1.050592,-0.800066,-0.000180
actual,16.775000,28.275000,0.456256,-1.049740,1.050626,-1.050592,-0.800066,-0.000180
actual,16.780000,28.280000,0.455527,-1.049740,1.050626,-1.050592,-0.800066,-0.000180
actual,16.785000,28.285000,0.454842,-1.049740,1.050626,-1.050592,-0.800066,-0.000180
actual,16.790000,28.290000,0.454202,-1.049740,1.050626,-1.050592,-0.800066,-0.000180
actual,16.795000,28.295000,0.453607,-1.049740,1.050626,-1.050592,-0.800066,-0.000180
actual,16.800000,28.300000,0.453058,-1.049740,1.050626,-1.050592,-0.800066,-0.000180
actual,16.805000,28.305000,0.452556,-1.049740,1.050626,-1.050592,-0.800066,-0.000180
actual,16.810000,28.310000,0.452100,-1.049740,1.050626,-1.050592,-0.800066,-0.000180
actual,16.815000,28.315000,0.451691,-1.049740,1.050626,-1.050592,-0.800066,-0.000180
actual,16.820000,28.320000,0.451330,-1.049740,1.050626,-1.050592,-0.800066,-0.000180
actual,16.825000,28.325000,0.451018,-1.049740,1.050626,-1.050592,-0.800066,-0.000180
actual,16.830000,28.330000,0.450753,-1.049740,1.050626,-1.050592,-0.800066,-0.000180
actual,16.835000,28.335000,0.450538,-1.049740,1.050626,-1.050592,-0.800066,-0.000180
actual,16.840000,28.340000,0.450371,-1.049740,1.050626,-1.050592,-0.800066,-0.000180
actual,16.845000,28.345000,0.450253,-1.049740,1.050626,-1.050592,-0.800066,-0.000180
actual,16.850000,28.350000,0.450184,-1.049740,1.050626,-1.050592,-0.800066,-0.000180
actual,16.855000,28.355000,0.450165,-1.049740,1.050626,-1.050592,-0.800066,-0.000180
actual,16.860000,28.360000,0.450194,-1.049740,1.050626,-1.050592,-0.800066,-0.000180
actual,16.865000,28.365000,0.450273,-1.049740,1.050626,-1.050592,-0.800066,-0.000180
actual,16.870000,28.370000,0.450401,-1.049740,1.050626,-1.050592,-0.800066,-0.000180
actual,16.875000,28.375000,0.450578,-1.049740,1.050626,-1.050592,-0.800066,-0.000180
actual,16.880000,28.380000,0.450804,-1.049740,1.050626,-1.050592,-0.800066,-0.000180
actual,16.885000,28.385000,0.451078,-1.049740,1.050626,-1.050592,-0.800066,-0.000180
actual,16.890000,28.390000,0.451401,-1.049740,1.050626,-1.050592,-0.800066,-0.000180
actual,16.895000,28.395000,0.451772,-1.049740,1.050626,-1.050592,-0.800066,-0.000180
actual,16.900000,28.400000,0.452190,-1.049740,1.050626,-1.050592,-0.800066,-0.000180
actual,16.905000,28.405000,0.452656,-1.049740,1.050626,-1.050592,-0.800066,-0.000180
actual,16.910000,28.410000,0.453168,-1.049740,1.050626,-1.050592,-0.800066,-0.000180
actual,16.915000,28.415000,0.453726,-1.049740,1.050626,-1.050592,-0.800066,-0.000180
actual,16.920000,28.420000,0.454331,-1.049740,1.050626,-1.050592,-0.800066,-0.000180
actual,16.925000,28.425000,0.454980,-1.049740,1.050626,-1.050592,-0.800066,-0.000180
actual,16.930000,28.430000,0.455674,-1.049740,1.050626,-1.050592,-0.800066,-0.000180
actual,16.935000,28.435000,0.456412,-1.049740,1.050626,-1.050592,-0.800066,-0.000180
actual,16.940000,28.440000,0.457192,-1.049740,1.050626,-1.050592,-0.800066,-0.000180
actual,16.945000,28.445000,0.458015,-1.049740,1.050626,-1.050592,-0.800066,-0.000180
actual,16.950000,28.450000,0.458880,-1.049740,1.050626,-1.050592,-0.800066,-0.000180
actual,16.955000,28.455000,0.459785,-1.049740,1.050626,-1.050592,-0.800066,-0.000180
actual,16.960000,28.460000,0.460729,-1.049740,1.050626,-1.050592,-0.800066,-0.000180
actual,16.965000,28.465000,0.461713,-1.049740,1.050626,-1.050592,-0.800066,-0.000180
actual,16.970000,28.470000,0.462734,-1.049740,1.050626,-1.050592,-0.800066,-0.000180
actual,16.975000,28.475000,0.463793,-1.049740,1.050626,-1.050592,-0.800066,-0.000180
actual,16.980000,28.480000,0.464887,-1.049740,1.050626,-1.050592,-0.800066,-0.000180
actual,16.985000,28.485000,0.466015,-1.049740,1.050626,-1.050592,-0.800066,-0.000180
actual,16.990000,28.490000,0.467177,-1.049740,1.050626,-1.050592,-0.800066,-0.000180
actual,16.995000,28.495000,0.468372,-1.049740,1.050626,-1.050592,-0.800066,-0.000180
actual,17.000000,28.500000,0.469598,-1.049740,1.050626,-1.050592,-0.800066,-0.000180
actual,17.005000,28.505000,0.470854,-1.049740,1.050626,-1.050592,-0.800066,-0.000180
actual,17.010000,28.510000,0.472139,-1.049740,1.050626,-1.050592,-0.800066,-0.000180
actual,17.015000,28.515000,0.473451,-1.049740,1.050626,-1.050592,-0.800066,-0.000180
actual,17.020000,28.520000,0.474790,-1.049740,1.050626,-1.050592,-0.800066,-0.000180
actual,17.025000,28.525000,0.476153,-1.049740,1.050626,-1.050592,-0.800066,-0.000180
actual,17.030000,28.530000,0.477540,-1.049740,1.050626,-1.050592,-0.800066,-0.000180
actual,17.035000,28.535000,0.478949,-1.049740,1.050626,-1.050592,-0.800066,-0.000180
actual,17.040000,28.540000,0.480379,-1.049740,1.050626,-1.050592,-0.800066,-0.000180
actual,17.045000,28.545000,0.481829,-1.049740,1.050626,-1.050592,-0.800066,-0.000180
actual,17.050000,28.550000,0.483296,-1.049740,1.050626,-1.050592,-0.800066,-0.000180
actual,17.055000,28.555000,0.484780,-1.049740,1.050626,-1.050592,-0.800066,-0.000180
actual,17.060000,28.560000,0.486279,-1.049740,1.050626,-1.050592,-0.800066,-0.000180
actual,17.065000,28.565000,0.487791,-1.049740,1.050626,-1.050592,-0.800066,-0.000180
actual,17.070000,28.570000,0.489316,-1.049740,1.050626,-1.050592,-0.800066,-0.000180
actual,17.075000,28.575000,0.490851,-1.049740,1.050626,-1.050592,-0.800066,-0.000180
actual,17.080000,28.580000,0.492396,-1.049740,1.050626,-1.050592,-0.800066,-0.000180
actual,17.085000,28.585000,0.493947,-1.049740,1.050626,-1.050592,-0.800066,-0.000180
actual,17.090000,28.590000,0.495505,-1.049740,1.050626,-1.050592,-0.800066,-0.000180
actual,17.095000,28.595000,0.497068,-1.049740,1.050626,-1.050592,-0.800066,-0.000180
actual,17.100000,28.600000,0.498633,-1.049740,1.050626,-1.050592,-0.800066,-0.000180
actual,17.105000,28.605000,0.500199,-1.049740,1.050626,-1.050592,-0.800066,-0.000180
actual,17.110000,28.610000,0.501766,-1.049740,1.050626,-1.050592,-0.800066,-0.000180
actual,17.115000,28.615000,0.503331,-1.049740,1.050626,-1.050592,-0.800066,-0.000180
actual,17.120000,28.620000,0.504892,-1.049740,1.050626,-1.050592,-0.800066,-0.000180
actual,17.125000,28.625000,0.506449,-1.049740,1.050626,-1.050592,-0.800066,-0.000180
actual,17.130000,28.630000,0.507999,-1.049740,1.050626,-1.050592,-0.800066,-0.000180
actual,17.135000,28.635000,0.509542,-1.049740,1.050626,-1.050592,-0.800066,-0.000180
actual,17.140000,28.640000,0.511075,-1.049740,1.050626,-1.050592,-0.800066,-0.000180
actual,17.145000,28.645000,0.512597,-1.049740,1.050626,-1.050592,-0.800066,-0.000180
actual,17.150000,28.650000,0.514107,-1.049740,1.050626,-1.050592,-0.800066,-0.000180
actual,17.155000,28.655000,0.515603,-1.049740,1.050626,-1.050592,-0.800066,-0.000180
actual,17.160000,28.660000,0.517084,-1.049740,1.050626,-1.050592,-0.800066,-0.000180
actual,17.165000,28.665000,0.518547,-1.049740,1.050626,-1.050592,-0.800066,-0.000180
actual,17.170000,28.670000,0.519993,-1.049740,1.050626,-1.050592,-0.800066,-0.000180
actual,17.175000,28.675000,0.521419,-1.049740,1.050626,-1.050592,-0.800066,-0.000180
actual,17.180000,28.680000,0.522824,-1.049740,1.050626,-1.050592,-0.800066,-0.000180
actual,17.185000,28.685000,0.524206,-1.049740,1.050626,-1.050592,-0.800066,-0.000180
actual,17.190000,28.690000,0.525564,-1.049740,1.050626,-1.050592,-0.800066,-0.000180
actual,17.195000,28.695000,0.526897,-1.049740,1.050626,-1.050592,-0.800066,-0.000180
actual,17.200000,28.700000,0.528204,-1.049740,1.050626,-1.050592,-0.800066,-0.000180
actual,17.205000,28.705000,0.529483,-1.049740,1.050626,-1.050592,-0.800066,-0.000180
actual,17.210000,28.710000,0.530733,-1.049740,1.050626,-1.050592,-0.800066,-0.000180
actual,17.215000,28.715000,0.531952,-1.049740,1.050626,-1.050592,-0.800066,-0.000180
actual,17.220000,28.720000,0.533140,-1.049740,1.050626,-1.050592,-0.800066,-0.000180
actual,17.225000,28.725000,0.534296,-1.049740,1.050626,-1.050592,-0.800066,-0.000180
actual,17.230000,28.730000,0.535417,-1.049740,1.050626,-1.050592,-0.800066,-0.000180
actual,17.235000,28.735000,0.536504,-1.049740,1.050626,-1.050592,-0.800066,-0.000180
actual,17.240000,28.740000,0.537555,-1.049740,1.050626,-1.050592,-0.800066,-0.000180
actual,17.245000,28.745000,0.538568,-1.049740,1.050626,-1.050592,-0.800066,-0.000180
actual,17.250000,28.750000,0.539544,-1.049740,1.050626,-1.050592,-0.800066,-0.000180
actual,17.255000,28.755000,0.540481,-1.049740,1.050626,-1.050592,-0.800066,-0.000180
actual,17.260000,28.760000,0.541377,-1.049740,1.050626,-1.050592,-0.800066,-0.000180
actual,17.265000,28.765000,0.542233,-1.049740,1.050626,-1.050592,-0.800066,-0.000180
actual,17.270000,28.770000,0.543048,-1.049740,1.050626,-1.050592,-0.800066,-0.000180
actual,17.275000,28.775000,0.543819,-1.049740,1.050626,-1.050592,-0.800066,-0.000180
actual,17.280000,28.780000,0.544548,-1.049740,1.050626,-1.050592,-0.800066,-0.000180
actual,17.285000,28.785000,0.545233,-1.049740,1.050626,-1.050592,-0.800066,-0.000180
actual,17.290000,28.790000,0.545873,-1.049740,1.050626,-1.050592,-0.800066,-0.000180
actual,17.295000,28.795000,0.546468,-1.049740,1.050626,-1.050592,-0.800066,-0.000180
actual,17.300000,28.800000,0.547017,-1.049740,1.050626,-1.050592,-0.800066,-0.000180
actual,17.305000,28.805000,0.547519,-1.049740,1.050626,-1.050592,-0.800066,-0.000180
actual,17.310000,28.810000,0.547975,-1.049740,1.050626,-1.050592,-0.800066,-0.000180
actual,17.315000,28.815000,0.548384,-1.049740,1.050626,-1.050592,-0.800066,-0.000180
actual,17.320000,28.820000,0.548744,-1.049740,1.050626,-1.050592,-0.800066,-0.000180
actual,17.325000,28.825000,0.549057,-1.049740,1.050626,-1.050592,-0.800066,-0.000180
actual,17.330000,28.830000,0.549322,-1.049740,1.050626,-1.050592,-0.800066,-0.000180
actual,17.335000,28.835000,0.549537,-1.049740,1.050626,-1.050592,-0.800066,-0.000180
actual,17.340000,28.840000,0.549704,-1.049740,1.050626,-1.050592,-0.800066,-0.000180
actual,17.345000,28.845000,0.549822,-1.049740,1.050626,-1.050592,-0.800066,-0.000180
actual,17.350000,28.850000,0.549891,-1.049740,1.050626,-1.050592,-0.800066,-0.000180
actual,17.355000,28.855000,0.549910,-1.049740,1.050626,-1.050592,-0.800066,-0.000180
actual,17.360000,28.860000,0.549881,-1.049740,1.050626,-1.050592,-0.800066,-0.000180
actual,17.365000,28.865000,0.549802,-1.049740,1.050626,-1.050592,-0.800066,-0.000180
actual,17.370000,28.870000,0.549674,-1.049740,1.050626,-1.050592,-0.800066,-0.000180
actual,17.375000,28.875000,0.549497,-1.049740,1.050626,-1.050592,-0.800066,-0.000180
actual,17.385000,28.885000,0.548997,-1.049740,1.050626,-1.050592,-0.800066,-0.000180
actual,17.390000,28.890000,0.548674,-1.049740,1.050626,-1.050592,-0.800066,-0.000180
actual,17.395000,28.895000,0.548303,-1.049740,1.050626,-1.050592,-0.800066,-0.000180
actual,17.400000,28.900000,0.547885,-1.049740,1.050626,-1.050592,-0.800066,-0.000180
actual,17.405000,28.905000,0.547419,-1.049740,1.050626,-1.050592,-0.800066,-0.000180
actual,17.410000,28.910000,0.546907,-1.049740,1.050626,-1.050592,-0.800066,-0.000180
actual,17.415000,28.915000,0.546348,-1.049740,1.050626,-1.050592,-0.800066,-0.000180
actual,17.420000,28.920000,0.545744,-1.049740,1.050626,-1.050592,-0.800066,-0.000180
actual,17.425000,28.925000,0.545095,-1.049740,1.050626,-1.050592,-0.800066,-0.000180
actual,17.430000,28.930000,0.544401,-1.049740,1.050626,-1.050592,-0.800066,-0.000180
actual,17.435000,28.935000,0.543663,-1.049740,1.050626,-1.050592,-0.800066,-0.000180
actual,17.440000,28.940000,0.542883,-1.049740,1.050626,-1.050592,-0.800066,-0.000180
actual,17.445000,28.945000,0.542060,-1.049740,1.050626,-1.050592,-0.800066,-0.000180
actual,17.450000,28.950000,0.541195,-1.049740,1.050626,-1.050592,-0.800066,-0.000180
actual,17.455000,28.955000,0.540290,-1.049740,1.050626,-1.050592,-0.800066,-0.000180
actual,17.460000,28.960000,0.539345,-1.049740,1.050626,-1.050592,-0.800066,-0.000180
actual,17.465000,28.965000,0.538362,-1.049740,1.050626,-1.050592,-0.800066,-0.000180
actual,17.470000,28.970000,0.537341,-1.049740,1.050626,-1.050592,-0.800066,-0.000180
actual,17.475000,28.975000,0.536282,-1.049740,1.050626,-1.050592,-0.800066,-0.000180
actual,17.480000,28.980000,0.535188,-1.049740,1.050626,-1.050592,-0.800066,-0.000180
actual,17.485000,28.985000,0.534060,-1.049740,1.050626,-1.050592,-0.800066,-0.000180
actual,17.490000,28.990000,0.532897,-1.049740,1.050626,-1.050592,-0.800066,-0.000180
actual,17.495000,28.995000,0.531703,-1.049740,1.050626,-1.050592,-0.800066,-0.000180
actual,17.500000,29.000000,0.530477,-1.049740,1.050626,-1.050592,-0.800066,-0.000180
actual,17.505000,29.005000,0.529221,-1.049740,1.050626,-1.050592,-0.800066,-0.000180
actual,17.510000,29.010000,0.527936,-1.049740,1.050626,-1.050592,-0.800066,-0.000180
actual,17.515000,29.015000,0.526624,-1.049740,1.050626,-1.050592,-0.800066,-0.000180
actual,17.520000,29.020000,0.525285,-1.049740,1.050626,-1.050592,-0.800066,-0.000180
actual,17.525000,29.025000,0.523922,-1.049740,1.050626,-1.050592,-0.800066,-0.000180
actual,17.530000,29.030000,0.522535,-1.049740,1.050626,-1.050592,-0.800066,-0.000180
actual,17.535000,29.035000,0.521126,-1.049740,1.050626,-1.050592,-0.800066,-0.000180
actual,17.540000,29.040000,0.519696,-1.049740,1.050626,-1.050592,-0.800066,-0.000180
actual,17.545000,29.045000,0.518246,-1.049740,1.050626,-1.050592,-0.800066,-0.000180
actual,17.550000,29.050000,0.516779,-1.049740,1.050626,-1.050592,-0.800066,-0.000180
actual,17.555000,29.055000,0.515295,-1.049740,1.050626,-1.050592,-0.800066,-0.000180
actual,17.560000,29.060000,0.513796,-1.049740,1.050626,-1.050592,-0.800066,-0.000180
actual,17.565000,29.065000,0.512283,-1.049740,1.050626,-1.050592,-0.800066,-0.000180
actual,17.570000,29.070000,0.510759,-1.049740,1.050626,-1.050592,-0.800066,-0.000180
actual,17.575000,29.075000,0.509224,-1.049740,1.050626,-1.050592,-0.800066,-0.000180
actual,17.580000,29.080000,0.507679,-1.049740,1.050626,-1.050592,-0.800066,-0.000180
actual,17.585000,29.085000,0.506128,-1.049740,1.050626,-1.050592,-0.800066,-0.000180
actual,17.590000,29.090000,0.504570,-1.049740,1.050626,-1.050592,-0.800066,-0.000180
actual,17.595000,29.095000,0.503007,-1.049740,1.050626,-1.050592,-0.800066,-0.000180
actual,17.600000,29.100000,0.501442,-1.049740,1.050626,-1.050592,-0.800066,-0.000180
actual,17.605000,29.105000,0.499876,-1.049740,1.050626,-1.050592,-0.800066,-0.000180
actual,17.610000,29.110000,0.498309,-1.049740,1.050626,-1.050592,-0.800066,-0.000180
actual,17.615000,29.115000,0.496744,-1.049740,1.050626,-1.050592,-0.800066,-0.000180
actual,17.620000,29.120000,0.495183,-1.049740,1.050626,-1.050592,-0.800066,-0.000180
actual,17.625000,29.125000,0.493626,-1.049740,1.050626,-1.050592,-0.800066,-0.000180
actual,17.630000,29.130000,0.492076,-1.049740,1.050626,-1.050592,-0.800066,-0.000180
actual,17.635000,29.135000,0.490533,-1.049740,1.050626,-1.050592,-0.800066,-0.000180
actual,17.640000,29.140000,0.489000,-1.049740,1.050626,-1.050592,-0.800066,-0.000180
actual,17.645000,29.145000,0.487478,-1.049740,1.050626,-1.050592,-0.800066,-0.000180
actual,17.650000,29.150000,0.485968,-1.049740,1.050626,-1.050592,-0.800066,-0.000180
actual,17.655000,29.155000,0.484472,-1.049740,1.050626,-1.050592,-0.800066,-0.000180
actual,17.660000,29.160000,0.482991,-1.049740,1.050626,-1.050592,-0.800066,-0.000180
actual,17.665000,29.165000,0.481527,-1.049740,1.050626,-1.050592,-0.800066,-0.000180
actual,17.670000,29.170000,0.480082,-1.049740,1.050626,-1.050592,-0.800066,-0.000180
actual,17.675000,29.175000,0.478656,-1.049740,1.050626,-1.050592,-0.800066,-0.000180
actual,17.680000,29.180000,0.477251,-1.049740,1.050626,-1.050592,-0.800066,-0.000180
actual,17.685000,29.185000,0.475869,-1.049740,1.050626,-1.050592,-0.800066,-0.000180
actual,17.690000,29.190000,0.474511,-1.049740,1.050626,-1.050592,-0.800066,-0.000180
actual,17.695000,29.195000,0.473178,-1.049740,1.050626,-1.050592,-0.800066,-0.000180
actual,17.700000,29.200000,0.471871,-1.049740,1.050626,-1.050592,-0.800066,-0.000180
actual,17.705000,29.205000,0.470592,-1.049740,1.050626,-1.050592,-0.800066,-0.000180
actual,17.710000,29.210000,0.469342,-1.049740,1.050626,-1.050592,-0.800066,-0.000180
actual,17.715000,29.215000,0.468123,-1.049740,1.050626,-1.050592,-0.800066,-0.000180
actual,17.720000,29.220000,0.466935,-1.049740,1.050626,-1.050592,-0.800066,-0.000180
actual,17.725000,29.225000,0.465779,-1.049740,1.050626,-1.050592,-0.800066,-0.000180
actual,17.730000,29.230000,0.464658,-1.049740,1.050626,-1.050592,-0.800066,-0.000180
actual,17.735000,29.235000,0.463571,-1.049740,1.050626,-1.050592,-0.800066,-0.000180
actual,17.740000,29.240000,0.462520,-1.049740,1.050626,-1.050592,-0.800066,-0.000180
actual,17.745000,29.245000,0.461507,-1.049740,1.050626,-1.050592,-0.800066,-0.000180
actual,17.750000,29.250000,0.460531,-1.049740,1.050626,-1.050592,-0.800066,-0.000180
actual,17.755000,29.255000,0.459594,-1.049740,1.050626,-1.050592,-0.800066,-0.000180
actual,17.760000,29.260000,0.458698,-1.049740,1.050626,-1.050592,-0.800066,-0.000180
actual,17.765000,29.265000,0.457842,-1.049740,1.050626,-1.050592,-0.800066,-0.000180
actual,17.770000,29.270000,0.457027,-1.049740,1.050626,-1.050592,-0.800066,-0.000180
actual,17.775000,29.275000,0.456256,-1.049740,1.050626,-1.050592,-0.800066,-0.000180
actual,17.780000,29.280000,0.455527,-1.049740,1.050626,-1.050592,-0.800066,-0.000180
actual,17.785000,29.285000,0.454842,-1.049740,1.050626,-1.050592,-0.800066,-0.000180
actual,17.790000,29.290000,0.454202,-1.049740,1.050626,-1.050592,-0.800066,-0.000180
actual,17.795000,29.295000,0.453607,-1.049740,1.050626,-1.050592,-0.800066,-0.000180
actual,17.800000,29.300000,0.453058,-1.049740,1.050626,-1.050592,-0.800066,-0.000180
actual,17.805000,29.305000,0.452556,-1.049740,1.050626,-1.050592,-0.800066,-0.000180
actual,17.810000,29.310000,0.452100,-1.049740,1.050626,-1.050592,-0.800066,-0.000180
actual,17.815000,29.315000,0.451691,-1.049740,1.050626,-1.050592,-0.800066,-0.000180
actual,17.820000,29.320000,0.451330,-1.049740,1.050626,-1.050592,-0.800066,-0.000180
actual,17.825000,29.325000,0.451018,-1.049740,1.050626,-1.050592,-0.800066,-0.000180
actual,17.830000,29.330000,0.450753,-1.049740,1.050626,-1.050592,-0.800066,-0.000180
actual,17.835000,29.335000,0.450538,-1.049740,1.050626,-1.050592,-0.800066,-0.000180
actual,17.840000,29.340000,0.450371,-1.049740,1.050626,-1.050592,-0.800066,-0.000180
actual,17.845000,29.345000,0.450253,-1.049740,1.050626,-1.050592,-0.800066,-0.000180
actual,17.850000,29.350000,0.450184,-1.049740,1.050626,-1.050592,-0.800066,-0.000180
actual,17.855000,29.355000,0.450165,-1.049740,1.050626,-1.050592,-0.800066,-0.000180
actual,17.860000,29.360000,0.450194,-1.049740,1.050626,-1.050592,-0.800066,-0.000180
actual,17.865000,29.365000,0.450273,-1.049740,1.050626,-1.050592,-0.800066,-0.000180
actual,17.870000,29.370000,0.450401,-1.049740,1.050626,-1.050592,-0.800066,-0.000180
actual,17.875000,29.375000,0.450578,-1.049740,1.050626,-1.050592,-0.800066,-0.000180
actual,17.880000,29.380000,0.450804,-1.049740,1.050626,-1.050592,-0.800066,-0.000180
actual,17.885000,29.385000,0.451078,-1.049740,1.050626,-1.050592,-0.800066,-0.000180
actual,17.890000,29.390000,0.451401,-1.049740,1.050626,-1.050592,-0.800066,-0.000180
actual,17.895000,29.395000,0.451772,-1.049740,1.050626,-1.050592,-0.800066,-0.000180
actual,17.900000,29.400000,0.452190,-1.049740,1.050626,-1.050592,-0.800066,-0.000180
actual,17.905000,29.405000,0.452656,-1.049740,1.050626,-1.050592,-0.800066,-0.000180
actual,17.910000,29.410000,0.453168,-1.049740,1.050626,-1.050592,-0.800066,-0.000180
actual,17.915000,29.415000,0.453726,-1.049740,1.050626,-1.050592,-0.800066,-0.000180
actual,17.920000,29.420000,0.454331,-1.049740,1.050626,-1.050592,-0.800066,-0.000180
actual,17.925000,29.425000,0.454980,-1.049740,1.050626,-1.050592,-0.800066,-0.000180
actual,17.930000,29.430000,0.455674,-1.049740,1.050626,-1.050592,-0.800066,-0.000180
actual,17.935000,29.435000,0.456412,-1.049740,1.050626,-1.050592,-0.800066,-0.000180
actual,17.940000,29.440000,0.457192,-1.049740,1.050626,-1.050592,-0.800066,-0.000180
actual,17.945000,29.445000,0.458015,-1.049740,1.050626,-1.050592,-0.800066,-0.000180
actual,17.950000,29.450000,0.458880,-1.049740,1.050626,-1.050592,-0.800066,-0.000180
actual,17.955000,29.455000,0.459785,-1.049740,1.050626,-1.050592,-0.800066,-0.000180
actual,17.960000,29.460000,0.460729,-1.049740,1.050626,-1.050592,-0.800066,-0.000180
actual,17.965000,29.465000,0.461713,-1.049740,1.050626,-1.050592,-0.800066,-0.000180
actual,17.970000,29.470000,0.462734,-1.049740,1.050626,-1.050592,-0.800066,-0.000180
actual,17.975000,29.475000,0.463793,-1.049740,1.050626,-1.050592,-0.800066,-0.000180
actual,17.980000,29.480000,0.464887,-1.049740,1.050626,-1.050592,-0.800066,-0.000180
actual,17.985000,29.485000,0.466015,-1.049740,1.050626,-1.050592,-0.800066,-0.000180
actual,17.990000,29.490000,0.467177,-1.049740,1.050626,-1.050592,-0.800066,-0.000180
actual,17.995000,29.495000,0.468372,-1.049740,1.050626,-1.050592,-0.800066,-0.000180
actual,18.000000,29.500000,0.469598,-1.049740,1.050626,-1.050592,-0.800066,-0.000180
actual,18.005000,29.505000,0.470854,-1.049740,1.050626,-1.050592,-0.800066,-0.000180
actual,18.010000,29.510000,0.472139,-1.049740,1.050626,-1.050592,-0.800066,-0.000180
actual,18.015000,29.515000,0.473451,-1.049740,1.050626,-1.050592,-0.800066,-0.000180
actual,18.020000,29.520000,0.474790,-1.049740,1.050626,-1.050592,-0.800066,-0.000180
actual,18.025000,29.525000,0.476153,-1.049740,1.050626,-1.050592,-0.800066,-0.000180
actual,18.030000,29.530000,0.477540,-1.049740,1.050626,-1.050592,-0.800066,-0.000180
actual,18.035000,29.535000,0.478949,-1.049740,1.050626,-1.050592,-0.800066,-0.000180
actual,18.040000,29.540000,0.480379,-1.049740,1.050626,-1.050592,-0.800066,-0.000180
actual,18.045000,29.545000,0.481829,-1.049740,1.050626,-1.050592,-0.800066,-0.000180
actual,18.050000,29.550000,0.483296,-1.049740,1.050626,-1.050592,-0.800066,-0.000180
actual,18.055000,29.555000,0.484780,-1.049740,1.050626,-1.050592,-0.800066,-0.000180
actual,18.060000,29.560000,0.486279,-1.049740,1.050626,-1.050592,-0.800066,-0.000180
actual,18.065000,29.565000,0.487791,-1.049740,1.050626,-1.050592,-0.800066,-0.000180
actual,18.070000,29.570000,0.489316,-1.049740,1.050626,-1.050592,-0.800066,-0.000180
actual,18.075000,29.575000,0.490851,-1.049740,1.050626,-1.050592,-0.800066,-0.000180
actual,18.080000,29.580000,0.492396,-1.049740,1.050626,-1.050592,-0.800066,-0.000180
actual,18.085000,29.585000,0.493947,-1.049740,1.050626,-1.050592,-0.800066,-0.000180
actual,18.090000,29.590000,0.495505,-1.049740,1.050626,-1.050592,-0.800066,-0.000180
actual,18.095000,29.595000,0.497068,-1.049740,1.050626,-1.050592,-0.800066,-0.000180
actual,18.100000,29.600000,0.498633,-1.049740,1.050626,-1.050592,-0.800066,-0.000180
actual,18.105000,29.605000,0.500199,-1.049740,1.050626,-1.050592,-0.800066,-0.000180
actual,18.110000,29.610000,0.501766,-1.049740,1.050626,-1.050592,-0.800066,-0.000180
actual,18.115000,29.615000,0.503331,-1.049740,1.050626,-1.050592,-0.800066,-0.000180
actual,18.120000,29.620000,0.504892,-1.049740,1.050626,-1.050592,-0.800066,-0.000180
actual,18.125000,29.625000,0.506449,-1.049740,1.050626,-1.050592,-0.800066,-0.000180
actual,18.130000,29.630000,0.507999,-1.049740,1.050626,-1.050592,-0.800066,-0.000180
actual,18.135000,29.635000,0.509542,-1.049740,1.050626,-1.050592,-0.800066,-0.000180
actual,18.140000,29.640000,0.511075,-1.049740,1.050626,-1.050592,-0.800066,-0.000180
actual,18.145000,29.645000,0.512597,-1.049740,1.050626,-1.050592,-0.800066,-0.000180
actual,18.150000,29.650000,0.514107,-1.049740,1.050626,-1.050592,-0.800066,-0.000180
actual,18.155000,29.655000,0.515603,-1.049740,1.050626,-1.050592,-0.800066,-0.000180
actual,18.160000,29.660000,0.517084,-1.049740,1.050626,-1.050592,-0.800066,-0.000180
actual,18.165000,29.665000,0.518547,-1.049740,1.050626,-1.050592,-0.800066,-0.000180
actual,18.170000,29.670000,0.519993,-1.049740,1.050626,-1.050592,-0.800066,-0.000180
actual,18.175000,29.675000,0.521419,-1.049740,1.050626,-1.050592,-0.800066,-0.000180
actual,18.180000,29.680000,0.522824,-1.049740,1.050626,-1.050592,-0.800066,-0.000180
actual,18.185000,29.685000,0.524206,-1.049740,1.050626,-1.050592,-0.800066,-0.000180
actual,18.190000,29.690000,0.525564,-1.049740,1.050626,-1.050592,-0.800066,-0.000180
actual,18.195000,29.695000,0.526897,-1.049740,1.050626,-1.050592,-0.800066,-0.000180
actual,18.200000,29.700000,0.528204,-1.049740,1.050626,-1.050592,-0.800066,-0.000180
actual,18.205000,29.705000,0.529483,-1.049740,1.050626,-1.050592,-0.800066,-0.000180
actual,18.210000,29.710000,0.530733,-1.049740,1.050626,-1.050592,-0.800066,-0.000180
actual,18.215000,29.715000,0.531952,-1.049740,1.050626,-1.050592,-0.800066,-0.000180
actual,18.220000,29.720000,0.533140,-1.049740,1.050626,-1.050592,-0.800066,-0.000180
actual,18.225000,29.725000,0.534296,-1.049740,1.050626,-1.050592,-0.800066,-0.000180
actual,18.230000,29.730000,0.535417,-1.049740,1.050626,-1.050592,-0.800066,-0.000180
actual,18.235000,29.735000,0.536504,-1.049740,1.050626,-1.050592,-0.800066,-0.000180
actual,18.240000,29.740000,0.537555,-1.049740,1.050626,-1.050592,-0.800066,-0.000180
actual,18.245000,29.745000,0.538568,-1.049740,1.050626,-1.050592,-0.800066,-0.000180
actual,18.250000,29.750000,0.539544,-1.049740,1.050626,-1.050592,-0.800066,-0.000180
actual,18.255000,29.755000,0.540481,-1.049740,1.050626,-1.050592,-0.800066,-0.000180
actual,18.260000,29.760000,0.541377,-1.049740,1.050626,-1.050592,-0.800066,-0.000180
actual,18.265000,29.765000,0.542233,-1.049740,1.050626,-1.050592,-0.800066,-0.000180
actual,18.270000,29.770000,0.543048,-1.049740,1.050626,-1.050592,-0.800066,-0.000180
actual,18.275000,29.775000,0.543819,-1.049740,1.050626,-1.050592,-0.800066,-0.000180
actual,18.280000,29.780000,0.544548,-1.049740,1.050626,-1.050592,-0.800066,-0.000180
actual,18.285000,29.785000,0.545233,-1.049740,1.050626,-1.050592,-0.800066,-0.000180
actual,18.290000,29.790000,0.545873,-1.049740,1.050626,-1.050592,-0.800066,-0.000180
actual,18.295000,29.795000,0.546468,-1.049740,1.050626,-1.050592,-0.800066,-0.000180
actual,18.300000,29.800000,0.547017,-1.049740,1.050626,-1.050592,-0.800066,-0.000180
actual,18.305000,29.805000,0.547519,-1.049740,1.050626,-1.050592,-0.800066,-0.000180
actual,18.310000,29.810000,0.547975,-1.049740,1.050626,-1.050592,-0.800066,-0.000180
actual,18.315000,29.815000,0.548384,-1.049740,1.050626,-1.050592,-0.800066,-0.000180
actual,18.320000,29.820000,0.548744,-1.049740,1.050626,-1.050592,-0.800066,-0.000180
actual,18.325000,29.825000,0.549057,-1.049740,1.050626,-1.050592,-0.800066,-0.000180
actual,18.330000,29.830000,0.549322,-1.049740,1.050626,-1.050592,-0.800066,-0.000180
actual,18.335000,29.835000,0.549537,-1.049740,1.050626,-1.050592,-0.800066,-0.000180
actual,18.340000,29.840000,0.549704,-1.049740,1.050626,-1.050592,-0.800066,-0.000180
actual,18.345000,29.845000,0.549822,-1.049740,1.050626,-1.050592,-0.800066,-0.000180
actual,18.350000,29.850000,0.549891,-1.049740,1.050626,-1.050592,-0.800066,-0.000180
actual,18.355000,29.855000,0.549910,-1.049740,1.050626,-1.050592,-0.800066,-0.000180
actual,18.360000,29.860000,0.549881,-1.049740,1.050626,-1.050592,-0.800066,-0.000180
actual,18.365000,29.865000,0.549802,-1.049740,1.050626,-1.050592,-0.800066,-0.000180
actual,18.370000,29.870000,0.549674,-1.049740,1.050626,-1.050592,-0.800066,-0.000180
actual,18.375000,29.875000,0.549497,-1.049740,1.050626,-1.050592,-0.800066,-0.000180
actual,18.380000,29.880000,0.549271,-1.049740,1.050626,-1.050592,-0.800066,-0.000180
actual,18.385000,29.885000,0.548997,-1.049740,1.050626,-1.050592,-0.800066,-0.000180
actual,18.390000,29.890000,0.548674,-1.049740,1.050626,-1.050592,-0.800066,-0.000180
actual,18.395000,29.895000,0.548303,-1.049740,1.050626,-1.050592,-0.800066,-0.000180
actual,18.400000,29.900000,0.547885,-1.049740,1.050626,-1.050592,-0.800066,-0.000180
actual,18.405000,29.905000,0.547419,-1.049740,1.050626,-1.050592,-0.800066,-0.000180
actual,18.410000,29.910000,0.546907,-1.049740,1.050626,-1.050592,-0.800066,-0.000180
actual,18.415000,29.915000,0.546348,-1.049740,1.050626,-1.050592,-0.800066,-0.000180
actual,18.420000,29.920000,0.545744,-1.049740,1.050626,-1.050592,-0.800066,-0.000180
actual,18.425000,29.925000,0.545095,-1.049740,1.050626,-1.050592,-0.800066,-0.000180
actual,18.430000,29.930000,0.544401,-1.049740,1.050626,-1.050592,-0.800066,-0.000180
actual,18.435000,29.935000,0.543663,-1.049740,1.050626,-1.050592,-0.800066,-0.000180
actual,18.440000,29.940000,0.542883,-1.049740,1.050626,-1.050592,-0.800066,-0.000180
actual,18.445000,29.945000,0.542060,-1.049740,1.050626,-1.050592,-0.800066,-0.000180
actual,18.450000,29.950000,0.541195,-1.049740,1.050626,-1.050592,-0.800066,-0.000180
actual,18.455000,29.955000,0.540290,-1.049740,1.050626,-1.050592,-0.800066,-0.000180
actual,18.460000,29.960000,0.539345,-1.049740,1.050626,-1.050592,-0.800066,-0.000180
actual,18.465000,29.965000,0.538362,-1.049740,1.050626,-1.050592,-0.800066,-0.000180
actual,18.470000,29.970000,0.537341,-1.049740,1.050626,-1.050592,-0.800066,-0.000180
actual,18.475000,29.975000,0.536282,-1.049740,1.050626,-1.050592,-0.800066,-0.000180
actual,18.480000,29.980000,0.535188,-1.049740,1.050626,-1.050592,-0.800066,-0.000180
actual,18.485000,29.985000,0.534060,-1.049740,1.050626,-1.050592,-0.800066,-0.000180
actual,18.490000,29.990000,0.532897,-1.049740,1.050626,-1.050592,-0.800066,-0.000180
actual,18.495000,29.995000,0.531703,-1.049740,1.050626,-1.050592,-0.800066,-0.000180
actual,18.500000,30.000000,0.530477,-1.049740,1.050626,-1.050592,-0.800066,-0.000180
actual,18.505000,30.005000,0.529221,-1.049740,1.050626,-1.050592,-0.800066,-0.000180
actual,18.510000,30.010000,0.527936,-1.049740,1.050626,-1.050592,-0.800066,-0.000180
actual,18.515000,30.015000,0.526624,-1.049740,1.050626,-1.050592,-0.800066,-0.000180
actual,18.520000,30.020000,0.525285,-1.049740,1.050626,-1.050592,-0.800066,-0.000180
actual,18.525000,30.025000,0.523922,-1.049740,1.050626,-1.050592,-0.800066,-0.000180
actual,18.530000,30.030000,0.522535,-1.049740,1.050626,-1.050592,-0.800066,-0.000180
actual,18.535000,30.035000,0.521126,-1.049740,1.050626,-1.050592,-0.800066,-0.000180
actual,18.540000,30.040000,0.519696,-1.049740,1.050626,-1.050592,-0.800066,-0.000180
actual,18.545000,30.045000,0.518246,-1.049740,1.050626,-1.050592,-0.800066,-0.000180
actual,18.550000,30.050000,0.516779,-1.049740,1.050626,-1.050592,-0.800066,-0.000180
actual,18.555000,30.055000,0.515295,-1.049740,1.050626,-1.050592,-0.800066,-0.000180
actual,18.560000,30.060000,0.513796,-1.049740,1.050626,-1.050592,-0.800066,-0.000180
actual,18.565000,30.065000,0.512283,-1.049740,1.050626,-1.050592,-0.800066,-0.000180
actual,18.570000,30.070000,0.510759,-1.049740,1.050626,-1.050592,-0.800066,-0.000180
actual,18.575000,30.075000,0.509224,-1.049740,1.050626,-1.050592,-0.800066,-0.000180
actual,18.580000,30.080000,0.507679,-1.049740,1.050626,-1.050592,-0.800066,-0.000180
actual,18.585000,30.085000,0.506128,-1.049740,1.050626,-1.050592,-0.800066,-0.000180
actual,18.590000,30.090000,0.504570,-1.049740,1.050626,-1.050592,-0.800066,-0.000180
actual,18.595000,30.095000,0.503007,-1.049740,1.050626,-1.050592,-0.800066,-0.000180
actual,18.600000,30.100000,0.501442,-1.049740,1.050626,-1.050592,-0.800066,-0.000180
actual,18.605000,30.105000,0.499876,-1.049740,1.050626,-1.050592,-0.800066,-0.000180
actual,18.610000,30.110000,0.498309,-1.049740,1.050626,-1.050592,-0.800066,-0.000180
actual,18.615000,30.115000,0.496744,-1.049740,1.050626,-1.050592,-0.800066,-0.000180
actual,18.620000,30.120000,0.495183,-1.049740,1.050626,-1.050592,-0.800066,-0.000180
actual,18.625000,30.125000,0.493626,-1.049740,1.050626,-1.050592,-0.800066,-0.000180
actual,18.630000,30.130000,0.492076,-1.049740,1.050626,-1.050592,-0.800066,-0.000180
actual,18.635000,30.135000,0.490533,-1.049740,1.050626,-1.050592,-0.800066,-0.000180
actual,18.640000,30.140000,0.489000,-1.049740,1.050626,-1.050592,-0.800066,-0.000180
actual,18.645000,30.145000,0.487478,-1.049740,1.050626,-1.050592,-0.800066,-0.000180
actual,18.650000,30.150000,0.485968,-1.049740,1.050626,-1.050592,-0.800066,-0.000180
actual,18.655000,30.155000,0.484472,-1.049740,1.050626,-1.050592,-0.800066,-0.000180
actual,18.660000,30.160000,0.482991,-1.049740,1.050626,-1.050592,-0.800066,-0.000180
actual,18.665000,30.165000,0.481527,-1.049740,1.050626,-1.050592,-0.800066,-0.000180
actual,18.670000,30.170000,0.480082,-1.049740,1.050626,-1.050592,-0.800066,-0.000180
actual,18.675000,30.175000,0.478656,-1.049740,1.050626,-1.050592,-0.800066,-0.000180
actual,18.680000,30.180000,0.477251,-1.049740,1.050626,-1.050592,-0.800066,-0.000180
actual,18.685000,30.185000,0.475869,-1.049740,1.050626,-1.050592,-0.800066,-0.000180
actual,18.690000,30.190000,0.474511,-1.049740,1.050626,-1.050592,-0.800066,-0.000180
actual,18.695000,30.195000,0.473178,-1.049740,1.050626,-1.050592,-0.800066,-0.000180
actual,18.700000,30.200000,0.471871,-1.049740,1.050626,-1.050592,-0.800066,-0.000180
actual,18.705000,30.205000,0.470592,-1.049740,1.050626,-1.050592,-0.800066,-0.000180
actual,18.710000,30.210000,0.469342,-1.049740,1.050626,-1.050592,-0.800066,-0.000180
actual,18.715000,30.215000,0.468123,-1.049740,1.050626,-1.050592,-0.800066,-0.000180
actual,18.720000,30.220000,0.466935,-1.049740,1.050626,-1.050592,-0.800066,-0.000180
actual,18.725000,30.225000,0.465779,-1.049740,1.050626,-1.050592,-0.800066,-0.000180
actual,18.730000,30.230000,0.464658,-1.049740,1.050626,-1.050592,-0.800066,-0.000180
actual,18.735000,30.235000,0.463571,-1.049740,1.050626,-1.050592,-0.800066,-0.000180
actual,18.740000,30.240000,0.462520,-1.049740,1.050626,-1.050592,-0.800066,-0.000180
actual,18.745000,30.245000,0.461507,-1.049740,1.050626,-1.050592,-0.800066,-0.000180
actual,18.750000,30.250000,0.460531,-1.049740,1.050626,-1.050592,-0.800066,-0.000180
actual,18.755000,30.255000,0.459594,-1.049740,1.050626,-1.050592,-0.800066,-0.000180
actual,18.760000,30.260000,0.458698,-1.049740,1.050626,-1.050592,-0.800066,-0.000180
actual,18.765000,30.265000,0.457842,-1.049740,1.050626,-1.050592,-0.800066,-0.000180
actual,18.770000,30.270000,0.457027,-1.049740,1.050626,-1.050592,-0.800066,-0.000180
actual,18.775000,30.275000,0.456256,-1.049740,1.050626,-1.050592,-0.800066,-0.000180
actual,18.780000,30.280000,0.455527,-1.049740,1.050626,-1.050592,-0.800066,-0.000180
actual,18.785000,30.285000,0.454842,-1.049740,1.050626,-1.050592,-0.800066,-0.000180
actual,18.790000,30.290000,0.454202,-1.049740,1.050626,-1.050592,-0.800066,-0.000180
actual,18.795000,30.295000,0.453607,-1.049740,1.050626,-1.050592,-0.800066,-0.000180
actual,18.800000,30.300000,0.453058,-1.049740,1.050626,-1.050592,-0.800066,-0.000180
actual,18.805000,30.305000,0.452556,-1.049740,1.050626,-1.050592,-0.800066,-0.000180
actual,18.810000,30.310000,0.452100,-1.049740,1.050626,-1.050592,-0.800066,-0.000180
actual,18.815000,30.315000,0.451691,-1.049740,1.050626,-1.050592,-0.800066,-0.000180
actual,18.820000,30.320000,0.451330,-1.049740,1.050626,-1.050592,-0.800066,-0.000180
actual,18.825000,30.325000,0.451018,-1.049740,1.050626,-1.050592,-0.800066,-0.000180
actual,18.830000,30.330000,0.450753,-1.049740,1.050626,-1.050592,-0.800066,-0.000180
actual,18.835000,30.335000,0.450538,-1.049740,1.050626,-1.050592,-0.800066,-0.000180
actual,18.840000,30.340000,0.450371,-1.049740,1.050626,-1.050592,-0.800066,-0.000180
actual,18.845000,30.345000,0.450253,-1.049740,1.050626,-1.050592,-0.800066,-0.000180
actual,18.850000,30.350000,0.450184,-1.049740,1.050626,-1.050592,-0.800066,-0.000180
actual,18.855000,30.355000,0.450165,-1.049740,1.050626,-1.050592,-0.800066,-0.000180
actual,18.860000,30.360000,0.450194,-1.049740,1.050626,-1.050592,-0.800066,-0.000180
actual,18.865000,30.365000,0.450273,-1.049740,1.050626,-1.050592,-0.800066,-0.000180
actual,18.870000,30.370000,0.450401,-1.049740,1.050626,-1.050592,-0.800066,-0.000180
actual,18.875000,30.375000,0.450578,-1.049740,1.050626,-1.050592,-0.800066,-0.000180
actual,18.880000,30.380000,0.450804,-1.049740,1.050626,-1.050592,-0.800066,-0.000180
actual,18.885000,30.385000,0.451078,-1.049740,1.050626,-1.050592,-0.800066,-0.000180
actual,18.890000,30.390000,0.451401,-1.049740,1.050626,-1.050592,-0.800066,-0.000180
actual,18.895000,30.395000,0.451772,-1.049740,1.050626,-1.050592,-0.800066,-0.000180
actual,18.900000,30.400000,0.452190,-1.049740,1.050626,-1.050592,-0.800066,-0.000180
actual,18.905000,30.405000,0.452656,-1.049740,1.050626,-1.050592,-0.800066,-0.000180
actual,18.910000,30.410000,0.453168,-1.049740,1.050626,-1.050592,-0.800066,-0.000180
actual,18.915000,30.415000,0.453726,-1.049740,1.050626,-1.050592,-0.800066,-0.000180
actual,18.920000,30.420000,0.454331,-1.049740,1.050626,-1.050592,-0.800066,-0.000180
actual,18.925000,30.425000,0.454980,-1.049740,1.050626,-1.050592,-0.800066,-0.000180
actual,18.930000,30.430000,0.455674,-1.049740,1.050626,-1.050592,-0.800066,-0.000180
actual,18.935000,30.435000,0.456412,-1.049740,1.050626,-1.050592,-0.800066,-0.000180
actual,18.940000,30.440000,0.457192,-1.049740,1.050626,-1.050592,-0.800066,-0.000180
actual,18.945000,30.445000,0.458015,-1.049740,1.050626,-1.050592,-0.800066,-0.000180
actual,18.950000,30.450000,0.458880,-1.049740,1.050626,-1.050592,-0.800066,-0.000180
actual,18.955000,30.455000,0.459785,-1.049740,1.050626,-1.050592,-0.800066,-0.000180
actual,18.960000,30.460000,0.460729,-1.049740,1.050626,-1.050592,-0.800066,-0.000180
actual,18.965000,30.465000,0.461713,-1.049740,1.050626,-1.050592,-0.800066,-0.000180
actual,18.970000,30.470000,0.462734,-1.049740,1.050626,-1.050592,-0.800066,-0.000180
actual,18.975000,30.475000,0.463793,-1.049740,1.050626,-1.050592,-0.800066,-0.000180
actual,18.980000,30.480000,0.464887,-1.049740,1.050626,-1.050592,-0.800066,-0.000180
actual,18.985000,30.485000,0.466015,-1.049740,1.050626,-1.050592,-0.800066,-0.000180
actual,18.990000,30.490000,0.467177,-1.049740,1.050626,-1.050592,-0.800066,-0.000180
actual,18.995000,30.495000,0.468372,-1.049740,1.050626,-1.050592,-0.800066,-0.000180
actual,19.000000,30.500000,0.469598,-1.049740,1.050626,-1.050592,-0.800066,-0.000180
actual,19.005000,30.505000,0.470854,-1.049740,1.050626,-1.050592,-0.800066,-0.000180
actual,19.010000,30.510000,0.472139,-1.049740,1.050626,-1.050592,-0.800066,-0.000180
actual,19.015000,30.515000,0.473451,-1.049740,1.050626,-1.050592,-0.800066,-0.000180
actual,19.020000,30.520000,0.474790,-1.049740,1.050626,-1.050592,-0.800066,-0.000180
actual,19.025000,30.525000,0.476153,-1.049740,1.050626,-1.050592,-0.800066,-0.000180
actual,19.030000,30.530000,0.477540,-1.049740,1.050626,-1.050592,-0.800066,-0.000180
actual,19.035000,30.535000,0.478949,-1.049740,1.050626,-1.050592,-0.800066,-0.000180
actual,19.040000,30.540000,0.480379,-1.049740,1.050626,-1.050592,-0.800066,-0.000180
actual,19.045000,30.545000,0.481829,-1.049740,1.050626,-1.050592,-0.800066,-0.000180
actual,19.050000,30.550000,0.483296,-1.049740,1.050626,-1.050592,-0.800066,-0.000180
actual,19.055000,30.555000,0.484780,-1.049740,1.050626,-1.050592,-0.800066,-0.000180
actual,19.060000,30.560000,0.486279,-1.049740,1.050626,-1.050592,-0.800066,-0.000180
actual,19.065000,30.565000,0.487791,-1.049740,1.050626,-1.050592,-0.800066,-0.000180
actual,19.070000,30.570000,0.489316,-1.049740,1.050626,-1.050592,-0.800066,-0.000180
actual,19.075000,30.575000,0.490851,-1.049740,1.050626,-1.050592,-0.800066,-0.000180
actual,19.080000,30.580000,0.492396,-1.049740,1.050626,-1.050592,-0.800066,-0.000180
actual,19.085000,30.585000,0.493947,-1.049740,1.050626,-1.050592,-0.800066,-0.000180
actual,19.090000,30.590000,0.495505,-1.049740,1.050626,-1.050592,-0.800066,-0.000180
actual,19.095000,30.595000,0.497068,-1.049740,1.050626,-1.050592,-0.800066,-0.000180
actual,19.100000,30.600000,0.498633,-1.049740,1.050626,-1.050592,-0.800066,-0.000180
actual,19.105000,30.605000,0.500199,-1.049740,1.050626,-1.050592,-0.800066,-0.000180
actual,19.110000,30.610000,0.501766,-1.049740,1.050626,-1.050592,-0.800066,-0.000180
actual,19.115000,30.615000,0.503331,-1.049740,1.050626,-1.050592,-0.800066,-0.000180
actual,19.120000,30.620000,0.504892,-1.049740,1.050626,-1.050592,-0.800066,-0.000180
actual,19.125000,30.625000,0.506449,-1.049740,1.050626,-1.050592,-0.800066,-0.000180
actual,19.130000,30.630000,0.507999,-1.049740,1.050626,-1.050592,-0.800066,-0.000180
actual,19.135000,30.635000,0.509542,-1.049740,1.050626,-1.050592,-0.800066,-0.000180
actual,19.140000,30.640000,0.511075,-1.049740,1.050626,-1.050592,-0.800066,-0.000180
actual,19.145000,30.645000,0.512597,-1.049740,1.050626,-1.050592,-0.800066,-0.000180
actual,19.150000,30.650000,0.514107,-1.049740,1.050626,-1.050592,-0.800066,-0.000180
actual,19.155000,30.655000,0.515603,-1.049740,1.050626,-1.050592,-0.800066,-0.000180
actual,19.160000,30.660000,0.517084,-1.049740,1.050626,-1.050592,-0.800066,-0.000180
actual,19.165000,30.665000,0.518547,-1.049740,1.050626,-1.050592,-0.800066,-0.000180
actual,19.170000,30.670000,0.519993,-1.049740,1.050626,-1.050592,-0.800066,-0.000180
actual,19.175000,30.675000,0.521419,-1.049740,1.050626,-1.050592,-0.800066,-0.000180
actual,19.180000,30.680000,0.522824,-1.049740,1.050626,-1.050592,-0.800066,-0.000180
actual,19.185000,30.685000,0.524206,-1.049740,1.050626,-1.050592,-0.800066,-0.000180
actual,19.190000,30.690000,0.525564,-1.049740,1.050626,-1.050592,-0.800066,-0.000180
actual,19.195000,30.695000,0.526897,-1.049740,1.050626,-1.050592,-0.800066,-0.000180
actual,19.200000,30.700000,0.528204,-1.049740,1.050626,-1.050592,-0.800066,-0.000180
actual,19.205000,30.705000,0.529483,-1.049740,1.050626,-1.050592,-0.800066,-0.000180
actual,19.210000,30.710000,0.530733,-1.049740,1.050626,-1.050592,-0.800066,-0.000180
actual,19.215000,30.715000,0.531952,-1.049740,1.050626,-1.050592,-0.800066,-0.000180
actual,19.220000,30.720000,0.533140,-1.049740,1.050626,-1.050592,-0.800066,-0.000180
actual,19.225000,30.725000,0.534296,-1.049740,1.050626,-1.050592,-0.800066,-0.000180
actual,19.230000,30.730000,0.535417,-1.049740,1.050626,-1.050592,-0.800066,-0.000180
actual,19.235000,30.735000,0.536504,-1.049740,1.050626,-1.050592,-0.800066,-0.000180
actual,19.240000,30.740000,0.537555,-1.049740,1.050626,-1.050592,-0.800066,-0.000180
actual,19.245000,30.745000,0.538568,-1.049740,1.050626,-1.050592,-0.800066,-0.000180
actual,19.250000,30.750000,0.539544,-1.049740,1.050626,-1.050592,-0.800066,-0.000180
actual,19.255000,30.755000,0.540481,-1.049740,1.050626,-1.050592,-0.800066,-0.000180
actual,19.260000,30.760000,0.541377,-1.049740,1.050626,-1.050592,-0.800066,-0.000180
actual,19.265000,30.765000,0.542233,-1.049740,1.050626,-1.050592,-0.800066,-0.000180
actual,19.270000,30.770000,0.543048,-1.049740,1.050626,-1.050592,-0.800066,-0.000180
actual,19.275000,30.775000,0.543819,-1.049740,1.050626,-1.050592,-0.800066,-0.000180
actual,19.280000,30.780000,0.544548,-1.049740,1.050626,-1.050592,-0.800066,-0.000180
actual,19.285000,30.785000,0.545233,-1.049740,1.050626,-1.050592,-0.800066,-0.000180
actual,19.290000,30.790000,0.545873,-1.049740,1.050626,-1.050592,-0.800066,-0.000180
actual,19.295000,30.795000,0.546468,-1.049740,1.050626,-1.050592,-0.800066,-0.000180
actual,19.300000,30.800000,0.547017,-1.049740,1.050626,-1.050592,-0.800066,-0.000180
actual,19.305000,30.805000,0.547519,-1.049740,1.050626,-1.050592,-0.800066,-0.000180
actual,19.310000,30.810000,0.547975,-1.049740,1.050626,-1.050592,-0.800066,-0.000180
actual,19.315000,30.815000,0.548384,-1.049740,1.050626,-1.050592,-0.800066,-0.000180
actual,19.320000,30.820000,0.548744,-1.049740,1.050626,-1.050592,-0.800066,-0.000180
actual,19.325000,30.825000,0.549057,-1.049740,1.050626,-1.050592,-0.800066,-0.000180
actual,19.330000,30.830000,0.549322,-1.049740,1.050626,-1.050592,-0.800066,-0.000180
actual,19.335000,30.835000,0.549537,-1.049740,1.050626,-1.050592,-0.800066,-0.000180
actual,19.340000,30.840000,0.549704,-1.049740,1.050626,-1.050592,-0.800066,-0.000180
actual,19.345000,30.845000,0.549822,-1.049740,1.050626,-1.050592,-0.800066,-0.000180
actual,19.350000,30.850000,0.549891,-1.049740,1.050626,-1.050592,-0.800066,-0.000180
actual,19.355000,30.855000,0.549910,-1.049740,1.050626,-1.050592,-0.800066,-0.000180
actual,19.360000,30.860000,0.549881,-1.049740,1.050626,-1.050592,-0.800066,-0.000180
actual,19.365000,30.865000,0.549802,-1.049740,1.050626,-1.050592,-0.800066,-0.000180
actual,19.370000,30.870000,0.549674,-1.049740,1.050626,-1.050592,-0.800066,-0.000180
actual,19.375000,30.875000,0.549497,-1.049740,1.050626,-1.050592,-0.800066,-0.000180
actual,19.380000,30.880000,0.549271,-1.049740,1.050626,-1.050592,-0.800066,-0.000180
actual,19.385000,30.885000,0.548997,-1.049740,1.050626,-1.050592,-0.800066,-0.000180
actual,19.390000,30.890000,0.548674,-1.049740,1.050626,-1.050592,-0.800066,-0.000180
actual,19.395000,30.895000,0.548303,-1.049740,1.050626,-1.050592,-0.800066,-0.000180
actual,19.400000,30.900000,0.547885,-1.049740,1.050626,-1.050592,-0.800066,-0.000180
actual,19.405000,30.905000,0.547419,-1.049740,1.050626,-1.050592,-0.800066,-0.000180
actual,19.410000,30.910000,0.546907,-1.049740,1.050626,-1.050592,-0.800066,-0.000180
actual,19.415000,30.915000,0.546348,-1.049740,1.050626,-1.050592,-0.800066,-0.000180
actual,19.420000,30.920000,0.545744,-1.049740,1.050626,-1.050592,-0.800066,-0.000180
actual,19.425000,30.925000,0.545095,-1.049740,1.050626,-1.050592,-0.800066,-0.000180
actual,19.430000,30.930000,0.544401,-1.049740,1.050626,-1.050592,-0.800066,-0.000180
actual,19.435000,30.935000,0.543663,-1.049740,1.050626,-1.050592,-0.800066,-0.000180
actual,19.440000,30.940000,0.542883,-1.049740,1.050626,-1.050592,-0.800066,-0.000180
actual,19.445000,30.945000,0.542060,-1.049740,1.050626,-1.050592,-0.800066,-0.000180
actual,19.450000,30.950000,0.541195,-1.049740,1.050626,-1.050592,-0.800066,-0.000180
actual,19.455000,30.955000,0.540290,-1.049740,1.050626,-1.050592,-0.800066,-0.000180
actual,19.460000,30.960000,0.539345,-1.049740,1.050626,-1.050592,-0.800066,-0.000180
actual,19.465000,30.965000,0.538362,-1.049740,1.050626,-1.050592,-0.800066,-0.000180
actual,19.470000,30.970000,0.537341,-1.049740,1.050626,-1.050592,-0.800066,-0.000180
actual,19.475000,30.975000,0.536282,-1.049740,1.050626,-1.050592,-0.800066,-0.000180
actual,19.480000,30.980000,0.535188,-1.049740,1.050626,-1.050592,-0.800066,-0.000180
actual,19.485000,30.985000,0.534060,-1.049740,1.050626,-1.050592,-0.800066,-0.000180
actual,19.490000,30.990000,0.532897,-1.049740,1.050626,-1.050592,-0.800066,-0.000180
actual,19.495000,30.995000,0.531703,-1.049740,1.050626,-1.050592,-0.800066,-0.000180
actual,19.500000,31.000000,0.530477,-1.049740,1.050626,-1.050592,-0.800066,-0.000180
actual,19.505000,31.005000,0.529221,-1.049740,1.050626,-1.050592,-0.800066,-0.000180
actual,19.510000,31.010000,0.527936,-1.049740,1.050626,-1.050592,-0.800066,-0.000180
actual,19.515000,31.015000,0.526624,-1.049740,1.050626,-1.050592,-0.800066,-0.000180
actual,19.520000,31.020000,0.525285,-1.049740,1.050626,-1.050592,-0.800066,-0.000180
actual,19.525000,31.025000,0.523922,-1.049740,1.050626,-1.050592,-0.800066,-0.000180
actual,19.530000,31.030000,0.522535,-1.049740,1.050626,-1.050592,-0.800066,-0.000180
actual,19.535000,31.035000,0.521126,-1.049740,1.050626,-1.050592,-0.800066,-0.000180
actual,19.540000,31.040000,0.519696,-1.049740,1.050626,-1.050592,-0.800066,-0.000180
actual,19.545000,31.045000,0.518246,-1.049740,1.050626,-1.050592,-0.800066,-0.000180
actual,19.550000,31.050000,0.516779,-1.049740,1.050626,-1.050592,-0.800066,-0.000180
actual,19.555000,31.055000,0.515295,-1.049740,1.050626,-1.050592,-0.800066,-0.000180
actual,19.560000,31.060000,0.513796,-1.049740,1.050626,-1.050592,-0.800066,-0.000180
actual,19.565000,31.065000,0.512283,-1.049740,1.050626,-1.050592,-0.800066,-0.000180
actual,19.570000,31.070000,0.510759,-1.049740,1.050626,-1.050592,-0.800066,-0.000180
actual,19.575000,31.075000,0.509224,-1.049740,1.050626,-1.050592,-0.800066,-0.000180
actual,19.580000,31.080000,0.507679,-1.049740,1.050626,-1.050592,-0.800066,-0.000180
actual,19.585000,31.085000,0.506128,-1.049740,1.050626,-1.050592,-0.800066,-0.000180
actual,19.590000,31.090000,0.504570,-1.049740,1.050626,-1.050592,-0.800066,-0.000180
actual,19.595000,31.095000,0.503007,-1.049740,1.050626,-1.050592,-0.800066,-0.000180
actual,19.600000,31.100000,0.501442,-1.049740,1.050626,-1.050592,-0.800066,-0.000180
actual,19.605000,31.105000,0.499876,-1.049740,1.050626,-1.050592,-0.800066,-0.000180
actual,19.610000,31.110000,0.498309,-1.049740,1.050626,-1.050592,-0.800066,-0.000180
actual,19.615000,31.115000,0.496744,-1.049740,1.050626,-1.050592,-0.800066,-0.000180
actual,19.620000,31.120000,0.495183,-1.049740,1.050626,-1.050592,-0.800066,-0.000180
actual,19.625000,31.125000,0.493626,-1.049740,1.050626,-1.050592,-0.800066,-0.000180
actual,19.630000,31.130000,0.492076,-1.049740,1.050626,-1.050592,-0.800066,-0.000180
actual,19.635000,31.135000,0.490533,-1.049740,1.050626,-1.050592,-0.800066,-0.000180
actual,19.640000,31.140000,0.489000,-1.049740,1.050626,-1.050592,-0.800066,-0.000180
actual,19.645000,31.145000,0.487478,-1.049740,1.050626,-1.050592,-0.800066,-0.000180
actual,19.650000,31.150000,0.485968,-1.049740,1.050626,-1.050592,-0.800066,-0.000180
actual,19.655000,31.155000,0.484472,-1.049740,1.050626,-1.050592,-0.800066,-0.000180
actual,19.660000,31.160000,0.482991,-1.049740,1.050626,-1.050592,-0.800066,-0.000180
actual,19.665000,31.165000,0.481527,-1.049740,1.050626,-1.050592,-0.800066,-0.000180
actual,19.670000,31.170000,0.480082,-1.049740,1.050626,-1.050592,-0.800066,-0.000180
actual,19.675000,31.175000,0.478656,-1.049740,1.050626,-1.050592,-0.800066,-0.000180
actual,19.680000,31.180000,0.477251,-1.049740,1.050626,-1.050592,-0.800066,-0.000180
actual,19.685000,31.185000,0.475869,-1.049740,1.050626,-1.050592,-0.800066,-0.000180
actual,19.690000,31.190000,0.474511,-1.049740,1.050626,-1.050592,-0.800066,-0.000180
actual,19.695000,31.195000,0.473178,-1.049740,1.050626,-1.050592,-0.800066,-0.000180
actual,19.700000,31.200000,0.471871,-1.049740,1.050626,-1.050592,-0.800066,-0.000180
actual,19.705000,31.205000,0.470592,-1.049740,1.050626,-1.050592,-0.800066,-0.000180
actual,19.710000,31.210000,0.469342,-1.049740,1.050626,-1.050592,-0.800066,-0.000180
actual,19.715000,31.215000,0.468123,-1.049740,1.050626,-1.050592,-0.800066,-0.000180
actual,19.720000,31.220000,0.466935,-1.049740,1.050626,-1.050592,-0.800066,-0.000180
actual,19.725000,31.225000,0.465779,-1.049740,1.050626,-1.050592,-0.800066,-0.000180
actual,19.730000,31.230000,0.464658,-1.049740,1.050626,-1.050592,-0.800066,-0.000180
actual,19.735000,31.235000,0.463571,-1.049740,1.050626,-1.050592,-0.800066,-0.000180
actual,19.740000,31.240000,0.462520,-1.049740,1.050626,-1.050592,-0.800066,-0.000180
actual,19.745000,31.245000,0.461507,-1.049740,1.050626,-1.050592,-0.800066,-0.000180
actual,19.750000,31.250000,0.460531,-1.049740,1.050626,-1.050592,-0.800066,-0.000180
actual,19.755000,31.255000,0.459594,-1.049740,1.050626,-1.050592,-0.800066,-0.000180
actual,19.760000,31.260000,0.458698,-1.049740,1.050626,-1.050592,-0.800066,-0.000180
actual,19.765000,31.265000,0.457842,-1.049740,1.050626,-1.050592,-0.800066,-0.000180
actual,19.770000,31.270000,0.457027,-1.049740,1.050626,-1.050592,-0.800066,-0.000180
actual,19.775000,31.275000,0.456256,-1.049740,1.050626,-1.050592,-0.800066,-0.000180
actual,19.780000,31.280000,0.455527,-1.049740,1.050626,-1.050592,-0.800066,-0.000180
actual,19.785000,31.285000,0.454842,-1.049740,1.050626,-1.050592,-0.800066,-0.000180
actual,19.790000,31.290000,0.454202,-1.049740,1.050626,-1.050592,-0.800066,-0.000180
actual,19.795000,31.295000,0.453607,-1.049740,1.050626,-1.050592,-0.800066,-0.000180
actual,19.800000,31.300000,0.453058,-1.049740,1.050626,-1.050592,-0.800066,-0.000180
actual,19.805000,31.305000,0.452556,-1.049740,1.050626,-1.050592,-0.800066,-0.000180
actual,19.810000,31.310000,0.452100,-1.049740,1.050626,-1.050592,-0.800066,-0.000180
actual,19.815000,31.315000,0.451691,-1.049740,1.050626,-1.050592,-0.800066,-0.000180
actual,19.820000,31.320000,0.451330,-1.049740,1.050626,-1.050592,-0.800066,-0.000180
actual,19.825000,31.325000,0.451018,-1.049740,1.050626,-1.050592,-0.800066,-0.000180
actual,19.830000,31.330000,0.450753,-1.049740,1.050626,-1.050592,-0.800066,-0.000180
actual,19.835000,31.335000,0.450538,-1.049740,1.050626,-1.050592,-0.800066,-0.000180
actual,19.840000,31.340000,0.450371,-1.049740,1.050626,-1.050592,-0.800066,-0.000180
actual,19.845000,31.345000,0.450253,-1.049740,1.050626,-1.050592,-0.800066,-0.000180
actual,19.850000,31.350000,0.450184,-1.049740,1.050626,-1.050592,-0.800066,-0.000180
actual,19.855000,31.355000,0.450165,-1.049740,1.050626,-1.050592,-0.800066,-0.000180
actual,19.860000,31.360000,0.450194,-1.049740,1.050626,-1.050592,-0.800066,-0.000180
actual,19.865000,31.365000,0.450273,-1.049740,1.050626,-1.050592,-0.800066,-0.000180
actual,19.870000,31.370000,0.450401,-1.049740,1.050626,-1.050592,-0.800066,-0.000180
actual,19.875000,31.375000,0.450578,-1.049740,1.050626,-1.050592,-0.800066,-0.000180
actual,19.880000,31.380000,0.450804,-1.049740,1.050626,-1.050592,-0.800066,-0.000180
actual,19.885000,31.385000,0.451078,-1.049740,1.050626,-1.050592,-0.800066,-0.000180
actual,19.890000,31.390000,0.451401,-1.049740,1.050626,-1.050592,-0.800066,-0.000180
actual,19.895000,31.395000,0.451772,-1.049740,1.050626,-1.050592,-0.800066,-0.000180
actual,19.900000,31.400000,0.452190,-1.049740,1.050626,-1.050592,-0.800066,-0.000180
actual,19.905000,31.405000,0.452656,-1.049740,1.050626,-1.050592,-0.800066,-0.000180
actual,19.910000,31.410000,0.453168,-1.049740,1.050626,-1.050592,-0.800066,-0.000180
actual,19.915000,31.415000,0.453726,-1.049740,1.050626,-1.050592,-0.800066,-0.000180
actual,19.920000,31.420000,0.454331,-1.049740,1.050626,-1.050592,-0.800066,-0.000180
actual,19.925000,31.425000,0.454980,-1.049740,1.050626,-1.050592,-0.800066,-0.000180
actual,19.930000,31.430000,0.455674,-1.049740,1.050626,-1.050592,-0.800066,-0.000180
actual,19.935000,31.435000,0.456412,-1.049740,1.050626,-1.050592,-0.800066,-0.000180
actual,19.940000,31.440000,0.457192,-1.049740,1.050626,-1.050592,-0.800066,-0.000180
actual,19.945000,31.445000,0.458015,-1.049740,1.050626,-1.050592,-0.800066,-0.000180
actual,19.950000,31.450000,0.458880,-1.049740,1.050626,-1.050592,-0.800066,-0.000180
