type,t_rel,t_abs,j1,j2,j3,j4,j5,j6
cmd,0.000000,295.975000,0.500036,-1.049740,1.050626,-1.050592,-0.800066,-0.000180
cmd,0.005000,295.980000,0.503176,-1.049740,1.050626,-1.050592,-0.800066,-0.000180
cmd,0.010000,295.985000,0.506303,-1.049740,1.050626,-1.050592,-0.800066,-0.000180
cmd,0.015000,295.990000,0.509405,-1.049740,1.050626,-1.050592,-0.800066,-0.000180
cmd,0.020000,295.995000,0.512471,-1.049740,1.050626,-1.050592,-0.800066,-0.000180
cmd,0.025000,296.000000,0.515487,-1.049740,1.050626,-1.050592,-0.800066,-0.000180
cmd,0.030000,296.005000,0.518443,-1.049740,1.050626,-1.050592,-0.800066,-0.000180
cmd,0.035000,296.010000,0.521325,-1.049740,1.050626,-1.050592,-0.800066,-0.000180
cmd,0.040000,296.015000,0.524124,-1.049740,1.050626,-1.050592,-0.800066,-0.000180
cmd,0.045000,296.020000,0.526828,-1.049740,1.050626,-1.050592,-0.800066,-0.000180
cmd,0.050000,296.025000,0.529426,-1.049740,1.050626,-1.050592,-0.800066,-0.000180
cmd,0.055000,296.030000,0.531908,-1.049740,1.050626,-1.050592,-0.800066,-0.000180
cmd,0.060000,296.035000,0.534264,-1.049740,1.050626,-1.050592,-0.800066,-0.000180
cmd,0.065000,296.040000,0.536485,-1.049740,1.050626,-1.050592,-0.800066,-0.000180
cmd,0.070000,296.045000,0.538562,-1.049740,1.050626,-1.050592,-0.800066,-0.000180
cmd,0.075000,296.050000,0.540487,-1.049740,1.050626,-1.050592,-0.800066,-0.000180
cmd,0.080000,296.055000,0.542253,-1.049740,1.050626,-1.050592,-0.800066,-0.000180
cmd,0.085000,296.060000,0.543852,-1.049740,1.050626,-1.050592,-0.800066,-0.000180
cmd,0.090000,296.065000,0.545278,-1.049740,1.050626,-1.050592,-0.800066,-0.000180
cmd,0.095000,296.070000,0.546525,-1.049740,1.050626,-1.050592,-0.800066,-0.000180
cmd,0.100000,296.075000,0.547589,-1.049740,1.050626,-1.050592,-0.800066,-0.000180
cmd,0.105000,296.080000,0.548466,-1.049740,1.050626,-1.050592,-0.800066,-0.000180
cmd,0.110000,296.085000,0.549151,-1.049740,1.050626,-1.050592,-0.800066,-0.000180
cmd,0.115000,296.090000,0.549642,-1.049740,1.050626,-1.050592,-0.800066,-0.000180
cmd,0.120000,296.095000,0.549938,-1.049740,1.050626,-1.050592,-0.800066,-0.000180
cmd,0.125000,296.100000,0.550036,-1.049740,1.050626,-1.050592,-0.800066,-0.000180
cmd,0.130000,296.105000,0.549938,-1.049740,1.050626,-1.050592,-0.800066,-0.000180
cmd,0.135000,296.110000,0.549642,-1.049740,1.050626,-1.050592,-0.800066,-0.000180
cmd,0.140000,296.115000,0.549151,-1.049740,1.050626,-1.050592,-0.800066,-0.000180
cmd,0.145000,296.120000,0.548466,-1.049740,1.050626,-1.050592,-0.800066,-0.000180
cmd,0.150000,296.125000,0.547589,-1.049740,1.050626,-1.050592,-0.800066,-0.000180
cmd,0.155000,296.130000,0.546525,-1.049740,1.050626,-1.050592,-0.800066,-0.000180
cmd,0.160000,296.135000,0.545278,-1.049740,1.050626,-1.050592,-0.800066,-0.000180
cmd,0.165000,296.140000,0.543852,-1.049740,1.050626,-1.050592,-0.800066,-0.000180
cmd,0.170000,296.145000,0.542253,-1.049740,1.050626,-1.050592,-0.800066,-0.000180
cmd,0.175000,296.150000,0.540487,-1.049740,1.050626,-1.050592,-0.800066,-0.000180
cmd,0.180000,296.155000,0.538562,-1.049740,1.050626,-1.050592,-0.800066,-0.000180
cmd,0.185000,296.160000,0.536485,-1.049740,1.050626,-1.050592,-0.800066,-0.000180
cmd,0.190000,296.165000,0.534264,-1.049740,1.050626,-1.050592,-0.800066,-0.000180
cmd,0.195000,296.170000,0.531908,-1.049740,1.050626,-1.050592,-0.800066,-0.000180
cmd,0.200000,296.175000,0.529426,-1.049740,1.050626,-1.050592,-0.800066,-0.000180
cmd,0.205000,296.180000,0.526828,-1.049740,1.050626,-1.050592,-0.800066,-0.000180
cmd,0.210000,296.185000,0.524124,-1.049740,1.050626,-1.050592,-0.800066,-0.000180
cmd,0.215000,296.190000,0.521325,-1.049740,1.050626,-1.050592,-0.800066,-0.000180
cmd,0.220000,296.195000,0.518443,-1.049740,1.050626,-1.050592,-0.800066,-0.000180
cmd,0.225000,296.200000,0.515487,-1.049740,1.050626,-1.050592,-0.800066,-0.000180
cmd,0.230000,296.205000,0.512471,-1.049740,1.050626,-1.050592,-0.800066,-0.000180
cmd,0.235000,296.210000,0.509405,-1.049740,1.050626,-1.050592,-0.800066,-0.000180
cmd,0.240000,296.215000,0.506303,-1.049740,1.050626,-1.050592,-0.800066,-0.000180
cmd,0.245000,296.220000,0.503176,-1.049740,1.050626,-1.050592,-0.800066,-0.000180
cmd,0.250000,296.225000,0.500036,-1.049740,1.050626,-1.050592,-0.800066,-0.000180
cmd,0.255000,296.230000,0.496897,-1.049740,1.050626,-1.050592,-0.800066,-0.000180
cmd,0.260000,296.235000,0.493770,-1.049740,1.050626,-1.050592,-0.800066,-0.000180
cmd,0.265000,296.240000,0.490667,-1.049740,1.050626,-1.050592,-0.800066,-0.000180
cmd,0.270000,296.245000,0.487602,-1.049740,1.050626,-1.050592,-0.800066,-0.000180
cmd,0.275000,296.250000,0.484586,-1.049740,1.050626,-1.050592,-0.800066,-0.000180
cmd,0.280000,296.255000,0.481630,-1.049740,1.050626,-1.050592,-0.800066,-0.000180
cmd,0.285000,296.260000,0.478747,-1.049740,1.050626,-1.050592,-0.800066,-0.000180
cmd,0.290000,296.265000,0.475949,-1.049740,1.050626,-1.050592,-0.800066,-0.000180
cmd,0.295000,296.270000,0.473245,-1.049740,1.050626,-1.050592,-0.800066,-0.000180
cmd,0.300000,296.275000,0.470647,-1.049740,1.050626,-1.050592,-0.800066,-0.000180
cmd,0.305000,296.280000,0.468165,-1.049740,1.050626,-1.050592,-0.800066,-0.000180
cmd,0.310000,296.285000,0.465809,-1.049740,1.050626,-1.050592,-0.800066,-0.000180
cmd,0.315000,296.290000,0.463588,-1.049740,1.050626,-1.050592,-0.800066,-0.000180
cmd,0.320000,296.295000,0.461511,-1.049740,1.050626,-1.050592,-0.800066,-0.000180
cmd,0.325000,296.300000,0.459586,-1.049740,1.050626,-1.050592,-0.800066,-0.000180
cmd,0.330000,296.305000,0.457820,-1.049740,1.050626,-1.050592,-0.800066,-0.000180
cmd,0.335000,296.310000,0.456221,-1.049740,1.050626,-1.050592,-0.800066,-0.000180
cmd,0.340000,296.315000,0.454795,-1.049740,1.050626,-1.050592,-0.800066,-0.000180
cmd,0.345000,296.320000,0.453548,-1.049740,1.050626,-1.050592,-0.800066,-0.000180
cmd,0.350000,296.325000,0.452484,-1.049740,1.050626,-1.050592,-0.800066,-0.000180
cmd,0.355000,296.330000,0.451607,-1.049740,1.050626,-1.050592,-0.800066,-0.000180
cmd,0.360000,296.335000,0.450922,-1.049740,1.050626,-1.050592,-0.800066,-0.000180
cmd,0.365000,296.340000,0.450431,-1.049740,1.050626,-1.050592,-0.800066,-0.000180
cmd,0.370000,296.345000,0.450135,-1.049740,1.050626,-1.050592,-0.800066,-0.000180
cmd,0.375000,296.350000,0.450036,-1.049740,1.050626,-1.050592,-0.800066,-0.000180
cmd,0.380000,296.355000,0.450135,-1.049740,1.050626,-1.050592,-0.800066,-0.000180
cmd,0.385000,296.360000,0.450431,-1.049740,1.050626,-1.050592,-0.800066,-0.000180
cmd,0.390000,296.365000,0.450922,-1.049740,1.050626,-1.050592,-0.800066,-0.000180
cmd,0.395000,296.370000,0.451607,-1.049740,1.050626,-1.050592,-0.800066,-0.000180
cmd,0.400000,296.375000,0.452484,-1.049740,1.050626,-1.050592,-0.800066,-0.000180
cmd,0.405000,296.380000,0.453548,-1.049740,1.050626,-1.050592,-0.800066,-0.000180
cmd,0.410000,296.385000,0.454795,-1.049740,1.050626,-1.050592,-0.800066,-0.000180
cmd,0.415000,296.390000,0.456221,-1.049740,1.050626,-1.050592,-0.800066,-0.000180
cmd,0.420000,296.395000,0.457820,-1.049740,1.050626,-1.050592,-0.800066,-0.000180
cmd,0.425000,296.400000,0.459586,-1.049740,1.050626,-1.050592,-0.800066,-0.000180
cmd,0.430000,296.405000,0.461511,-1.049740,1.050626,-1.050592,-0.800066,-0.000180
cmd,0.435000,296.410000,0.463588,-1.049740,1.050626,-1.050592,-0.800066,-0.000180
cmd,0.440000,296.415000,0.465809,-1.049740,1.050626,-1.050592,-0.800066,-0.000180
cmd,0.445000,296.420000,0.468165,-1.049740,1.050626,-1.050592,-0.800066,-0.000180
cmd,0.450000,296.425000,0.470647,-1.049740,1.050626,-1.050592,-0.800066,-0.000180
cmd,0.455000,296.430000,0.473245,-1.049740,1.050626,-1.050592,-0.800066,-0.000180
cmd,0.460000,296.435000,0.475949,-1.049740,1.050626,-1.050592,-0.800066,-0.000180
cmd,0.465000,296.440000,0.478747,-1.049740,1.050626,-1.050592,-0.800066,-0.000180
cmd,0.470000,296.445000,0.481630,-1.049740,1.050626,-1.050592,-0.800066,-0.000180
cmd,0.475000,296.450000,0.484586,-1.049740,1.050626,-1.050592,-0.800066,-0.000180
cmd,0.480000,296.455000,0.487602,-1.049740,1.050626,-1.050592,-0.800066,-0.000180
cmd,0.485000,296.460000,0.490667,-1.049740,1.050626,-1.050592,-0.800066,-0.000180
cmd,0.490000,296.465000,0.493770,-1.049740,1.050626,-1.050592,-0.800066,-0.000180
cmd,0.495000,296.470000,0.496897,-1.049740,1.050626,-1.050592,-0.800066,-0.000180
cmd,0.500000,296.475000,0.500036,-1.049740,1.050626,-1.050592,-0.800066,-0.000180
cmd,0.505000,296.480000,0.503176,-1.049740,1.050626,-1.050592,-0.800066,-0.000180
cmd,0.510000,296.485000,0.506303,-1.049740,1.050626,-1.050592,-0.800066,-0.000180
cmd,0.515000,296.490000,0.509405,-1.049740,1.050626,-1.050592,-0.800066,-0.000180
cmd,0.520000,296.495000,0.512471,-1.049740,1.050626,-1.050592,-0.800066,-0.000180
cmd,0.525000,296.500000,0.515487,-1.049740,1.050626,-1.050592,-0.800066,-0.000180
cmd,0.530000,296.505000,0.518443,-1.049740,1.050626,-1.050592,-0.800066,-0.000180
cmd,0.535000,296.510000,0.521325,-1.049740,1.050626,-1.050592,-0.800066,-0.000180
cmd,0.540000,296.515000,0.524124,-1.049740,1.050626,-1.050592,-0.800066,-0.000180
cmd,0.545000,296.520000,0.526828,-1.049740,1.050626,-1.050592,-0.800066,-0.000180
cmd,0.550000,296.525000,0.529426,-1.049740,1.050626,-1.050592,-0.800066,-0.000180
cmd,0.555000,296.530000,0.531908,-1.049740,1.050626,-1.050592,-0.800066,-0.000180
cmd,0.560000,296.535000,0.534264,-1.049740,1.050626,-1.050592,-0.800066,-0.000180
cmd,0.565000,296.540000,0.536485,-1.049740,1.050626,-1.050592,-0.800066,-0.000180
cmd,0.570000,296.545000,0.538562,-1.049740,1.050626,-1.050592,-0.800066,-0.000180
cmd,0.575000,296.550000,0.540487,-1.049740,1.050626,-1.050592,-0.800066,-0.000180
cmd,0.580000,296.555000,0.542253,-1.049740,1.050626,-1.050592,-0.800066,-0.000180
cmd,0.585000,296.560000,0.543852,-1.049740,1.050626,-1.050592,-0.800066,-0.000180
cmd,0.590000,296.565000,0.545278,-1.049740,1.050626,-1.050592,-0.800066,-0.000180
cmd,0.595000,296.570000,0.546525,-1.049740,1.050626,-1.050592,-0.800066,-0.000180
cmd,0.600000,296.575000,0.547589,-1.049740,1.050626,-1.050592,-0.800066,-0.000180
cmd,0.605000,296.580000,0.548466,-1.049740,1.050626,-1.050592,-0.800066,-0.000180
cmd,0.610000,296.585000,0.549151,-1.049740,1.050626,-1.050592,-0.800066,-0.000180
cmd,0.615000,296.590000,0.549642,-1.049740,1.050626,-1.050592,-0.800066,-0.000180
cmd,0.620000,296.595000,0.549938,-1.049740,1.050626,-1.050592,-0.800066,-0.000180
cmd,0.625000,296.600000,0.550036,-1.049740,1.050626,-1.050592,-0.800066,-0.000180
cmd,0.630000,296.605000,0.549938,-1.049740,1.050626,-1.050592,-0.800066,-0.000180
cmd,0.635000,296.610000,0.549642,-1.049740,1.050626,-1.050592,-0.800066,-0.000180
cmd,0.640000,296.615000,0.549151,-1.049740,1.050626,-1.050592,-0.800066,-0.000180
cmd,0.645000,296.620000,0.548466,-1.049740,1.050626,-1.050592,-0.800066,-0.000180
cmd,0.650000,296.625000,0.547589,-1.049740,1.050626,-1.050592,-0.800066,-0.000180
cmd,0.655000,296.630000,0.546525,-1.049740,1.050626,-1.050592,-0.800066,-0.000180
cmd,0.660000,296.635000,0.545278,-1.049740,1.050626,-1.050592,-0.800066,-0.000180
cmd,0.665000,296.640000,0.543852,-1.049740,1.050626,-1.050592,-0.800066,-0.000180
cmd,0.670000,296.645000,0.542253,-1.049740,1.050626,-1.050592,-0.800066,-0.000180
cmd,0.675000,296.650000,0.540487,-1.049740,1.050626,-1.050592,-0.800066,-0.000180
cmd,0.680000,296.655000,0.538562,-1.049740,1.050626,-1.050592,-0.800066,-0.000180
cmd,0.685000,296.660000,0.536485,-1.049740,1.050626,-1.050592,-0.800066,-0.000180
cmd,0.690000,296.665000,0.534264,-1.049740,1.050626,-1.050592,-0.800066,-0.000180
cmd,0.695000,296.670000,0.531908,-1.049740,1.050626,-1.050592,-0.800066,-0.000180
cmd,0.700000,296.675000,0.529426,-1.049740,1.050626,-1.050592,-0.800066,-0.000180
cmd,0.705000,296.680000,0.526828,-1.049740,1.050626,-1.050592,-0.800066,-0.000180
cmd,0.710000,296.685000,0.524124,-1.049740,1.050626,-1.050592,-0.800066,-0.000180
cmd,0.715000,296.690000,0.521325,-1.049740,1.050626,-1.050592,-0.800066,-0.000180
cmd,0.720000,296.695000,0.518443,-1.049740,1.050626,-1.050592,-0.800066,-0.000180
cmd,0.725000,296.700000,0.515487,-1.049740,1.050626,-1.050592,-0.800066,-0.000180
cmd,0.730000,296.705000,0.512471,-1.049740,1.050626,-1.050592,-0.800066,-0.000180
cmd,0.735000,296.710000,0.509405,-1.049740,1.050626,-1.050592,-0.800066,-0.000180
cmd,0.740000,296.715000,0.506303,-1.049740,1.050626,-1.050592,-0.800066,-0.000180
cmd,0.745000,296.720000,0.503176,-1.049740,1.050626,-1.050592,-0.800066,-0.000180
cmd,0.750000,296.725000,0.500036,-1.049740,1.050626,-1.050592,-0.800066,-0.000180
cmd,0.755000,296.730000,0.496897,-1.049740,1.050626,-1.050592,-0.800066,-0.000180
cmd,0.760000,296.735000,0.493770,-1.049740,1.050626,-1.050592,-0.800066,-0.000180
cmd,0.765000,296.740000,0.490667,-1.049740,1.050626,-1.050592,-0.800066,-0.000180
cmd,0.770000,296.745000,0.487602,-1.049740,1.050626,-1.050592,-0.800066,-0.000180
cmd,0.775000,296.750000,0.484586,-1.049740,1.050626,-1.050592,-0.800066,-0.000180
cmd,0.780000,296.755000,0.481630,-1.049740,1.050626,-1.050592,-0.800066,-0.000180
cmd,0.785000,296.760000,0.478747,-1.049740,1.050626,-1.050592,-0.800066,-0.000180
cmd,0.790000,296.765000,0.475949,-1.049740,1.050626,-1.050592,-0.800066,-0.000180
cmd,0.795000,296.770000,0.473245,-1.049740,1.050626,-1.050592,-0.800066,-0.000180
cmd,0.800000,296.775000,0.470647,-1.049740,1.050626,-1.050592,-0.800066,-0.000180
cmd,0.805000,296.780000,0.468165,-1.049740,1.050626,-1.050592,-0.800066,-0.000180
cmd,0.810000,296.785000,0.465809,-1.049740,1.050626,-1.050592,-0.800066,-0.000180
cmd,0.815000,296.790000,0.463588,-1.049740,1.050626,-1.050592,-0.800066,-0.000180
cmd,0.820000,296.795000,0.461511,-1.049740,1.050626,-1.050592,-0.800066,-0.000180
cmd,0.825000,296.800000,0.459586,-1.049740,1.050626,-1.050592,-0.800066,-0.000180
cmd,0.830000,296.805000,0.457820,-1.049740,1.050626,-1.050592,-0.800066,-0.000180
cmd,0.835000,296.810000,0.456221,-1.049740,1.050626,-1.050592,-0.800066,-0.000180
cmd,0.840000,296.815000,0.454795,-1.049740,1.050626,-1.050592,-0.800066,-0.000180
cmd,0.845000,296.820000,0.453548,-1.049740,1.050626,-1.050592,-0.800066,-0.000180
cmd,0.850000,296.825000,0.452484,-1.049740,1.050626,-1.050592,-0.800066,-0.000180
cmd,0.855000,296.830000,0.451607,-1.049740,1.050626,-1.050592,-0.800066,-0.000180
cmd,0.860000,296.835000,0.450922,-1.049740,1.050626,-1.050592,-0.800066,-0.000180
cmd,0.865000,296.840000,0.450431,-1.049740,1.050626,-1.050592,-0.800066,-0.000180
cmd,0.870000,296.845000,0.450135,-1.049740,1.050626,-1.050592,-0.800066,-0.000180
cmd,0.875000,296.850000,0.450036,-1.049740,1.050626,-1.050592,-0.800066,-0.000180
cmd,0.880000,296.855000,0.450135,-1.049740,1.050626,-1.050592,-0.800066,-0.000180
cmd,0.885000,296.860000,0.450431,-1.049740,1.050626,-1.050592,-0.800066,-0.000180
cmd,0.890000,296.865000,0.450922,-1.049740,1.050626,-1.050592,-0.800066,-0.000180
cmd,0.895000,296.870000,0.451607,-1.049740,1.050626,-1.050592,-0.800066,-0.000180
cmd,0.900000,296.875000,0.452484,-1.049740,1.050626,-1.050592,-0.800066,-0.000180
cmd,0.905000,296.880000,0.453548,-1.049740,1.050626,-1.050592,-0.800066,-0.000180
cmd,0.910000,296.885000,0.454795,-1.049740,1.050626,-1.050592,-0.800066,-0.000180
cmd,0.915000,296.890000,0.456221,-1.049740,1.050626,-1.050592,-0.800066,-0.000180
cmd,0.920000,296.895000,0.457820,-1.049740,1.050626,-1.050592,-0.800066,-0.000180
cmd,0.925000,296.900000,0.459586,-1.049740,1.050626,-1.050592,-0.800066,-0.000180
cmd,0.930000,296.905000,0.461511,-1.049740,1.050626,-1.050592,-0.800066,-0.000180
cmd,0.935000,296.910000,0.463588,-1.049740,1.050626,-1.050592,-0.800066,-0.000180
cmd,0.940000,296.915000,0.465809,-1.049740,1.050626,-1.050592,-0.800066,-0.000180
cmd,0.945000,296.920000,0.468165,-1.049740,1.050626,-1.050592,-0.800066,-0.000180
cmd,0.950000,296.925000,0.470647,-1.049740,1.050626,-1.050592,-0.800066,-0.000180
cmd,0.955000,296.930000,0.473245,-1.049740,1.050626,-1.050592,-0.800066,-0.000180
cmd,0.960000,296.935000,0.475949,-1.049740,1.050626,-1.050592,-0.800066,-0.000180
cmd,0.965000,296.940000,0.478747,-1.049740,1.050626,-1.050592,-0.800066,-0.000180
cmd,0.970000,296.945000,0.481630,-1.049740,1.050626,-1.050592,-0.800066,-0.000180
cmd,0.975000,296.950000,0.484586,-1.049740,1.050626,-1.050592,-0.800066,-0.000180
cmd,0.980000,296.955000,0.487602,-1.049740,1.050626,-1.050592,-0.800066,-0.000180
cmd,0.985000,296.960000,0.490667,-1.049740,1.050626,-1.050592,-0.800066,-0.000180
cmd,0.990000,296.965000,0.493770,-1.049740,1.050626,-1.050592,-0.800066,-0.000180
cmd,0.995000,296.970000,0.496897,-1.049740,1.050626,-1.050592,-0.800066,-0.000180
cmd,1.000000,296.975000,0.500036,-1.049740,1.050626,-1.050592,-0.800066,-0.000180
cmd,1.005000,296.980000,0.503176,-1.049740,1.050626,-1.050592,-0.800066,-0.000180
cmd,1.010000,296.985000,0.506303,-1.049740,1.050626,-1.050592,-0.800066,-0.000180
cmd,1.015000,296.990000,0.509405,-1.049740,1.050626,-1.050592,-0.800066,-0.000180
cmd,1.020000,296.995000,0.512471,-1.049740,1.050626,-1.050592,-0.800066,-0.000180
cmd,1.025000,297.000000,0.515487,-1.049740,1.050626,-1.050592,-0.800066,-0.000180
cmd,1.030000,297.005000,0.518443,-1.049740,1.050626,-1.050592,-0.800066,-0.000180
cmd,1.035000,297.010000,0.521325,-1.049740,1.050626,-1.050592,-0.800066,-0.000180
cmd,1.040000,297.015000,0.524124,-1.049740,1.050626,-1.050592,-0.800066,-0.000180
cmd,1.045000,297.020000,0.526828,-1.049740,1.050626,-1.050592,-0.800066,-0.000180
cmd,1.050000,297.025000,0.529426,-1.049740,1.050626,-1.050592,-0.800066,-0.000180
cmd,1.055000,297.030000,0.531908,-1.049740,1.050626,-1.050592,-0.800066,-0.000180
cmd,1.060000,297.035000,0.534264,-1.049740,1.050626,-1.050592,-0.800066,-0.000180
cmd,1.065000,297.040000,0.536485,-1.049740,1.050626,-1.050592,-0.800066,-0.000180
cmd,1.070000,297.045000,0.538562,-1.049740,1.050626,-1.050592,-0.800066,-0.000180
cmd,1.075000,297.050000,0.540487,-1.049740,1.050626,-1.050592,-0.800066,-0.000180
cmd,1.080000,297.055000,0.542253,-1.049740,1.050626,-1.050592,-0.800066,-0.000180
cmd,1.085000,297.060000,0.543852,-1.049740,1.050626,-1.050592,-0.800066,-0.000180
cmd,1.090000,297.065000,0.545278,-1.049740,1.050626,-1.050592,-0.800066,-0.000180
cmd,1.095000,297.070000,0.546525,-1.049740,1.050626,-1.050592,-0.800066,-0.000180
cmd,1.100000,297.075000,0.547589,-1.049740,1.050626,-1.050592,-0.800066,-0.000180
cmd,1.105000,297.080000,0.548466,-1.049740,1.050626,-1.050592,-0.800066,-0.000180
cmd,1.110000,297.085000,0.549151,-1.049740,1.050626,-1.050592,-0.800066,-0.000180
cmd,1.115000,297.090000,0.549642,-1.049740,1.050626,-1.050592,-0.800066,-0.000180
cmd,1.120000,297.095000,0.549938,-1.049740,1.050626,-1.050592,-0.800066,-0.000180
cmd,1.125000,297.100000,0.550036,-1.049740,1.050626,-1.050592,-0.800066,-0.000180
cmd,1.130000,297.105000,0.549938,-1.049740,1.050626,-1.050592,-0.800066,-0.000180
cmd,1.135000,297.110000,0.549642,-1.049740,1.050626,-1.050592,-0.800066,-0.000180
cmd,1.140000,297.115000,0.549151,-1.049740,1.050626,-1.050592,-0.800066,-0.000180
cmd,1.145000,297.120000,0.548466,-1.049740,1.050626,-1.050592,-0.800066,-0.000180
cmd,1.150000,297.125000,0.547589,-1.049740,1.050626,-1.050592,-0.800066,-0.000180
cmd,1.155000,297.130000,0.546525,-1.049740,1.050626,-1.050592,-0.800066,-0.000180
cmd,1.160000,297.135000,0.545278,-1.049740,1.050626,-1.050592,-0.800066,-0.000180
cmd,1.165000,297.140000,0.543852,-1.049740,1.050626,-1.050592,-0.800066,-0.000180
cmd,1.170000,297.145000,0.542253,-1.049740,1.050626,-1.050592,-0.800066,-0.000180
cmd,1.175000,297.150000,0.540487,-1.049740,1.050626,-1.050592,-0.800066,-0.000180
cmd,1.180000,297.155000,0.538562,-1.049740,1.050626,-1.050592,-0.800066,-0.000180
cmd,1.185000,297.160000,0.536485,-1.049740,1.050626,-1.050592,-0.800066,-0.000180
cmd,1.190000,297.165000,0.534264,-1.049740,1.050626,-1.050592,-0.800066,-0.000180
cmd,1.195000,297.170000,0.531908,-1.049740,1.050626,-1.050592,-0.800066,-0.000180
cmd,1.200000,297.175000,0.529426,-1.049740,1.050626,-1.050592,-0.800066,-0.000180
cmd,1.205000,297.180000,0.526828,-1.049740,1.050626,-1.050592,-0.800066,-0.000180
cmd,1.210000,297.185000,0.524124,-1.049740,1.050626,-1.050592,-0.800066,-0.000180
cmd,1.215000,297.190000,0.521325,-1.049740,1.050626,-1.050592,-0.800066,-0.000180
cmd,1.220000,297.195000,0.518443,-1.049740,1.050626,-1.050592,-0.800066,-0.000180
cmd,1.225000,297.200000,0.515487,-1.049740,1.050626,-1.050592,-0.800066,-0.000180
cmd,1.230000,297.205000,0.512471,-1.049740,1.050626,-1.050592,-0.800066,-0.000180
cmd,1.235000,297.210000,0.509405,-1.049740,1.050626,-1.050592,-0.800066,-0.000180
cmd,1.240000,297.215000,0.506303,-1.049740,1.050626,-1.050592,-0.800066,-0.000180
cmd,1.245000,297.220000,0.503176,-1.049740,1.050626,-1.050592,-0.800066,-0.000180
cmd,1.250000,297.225000,0.500036,-1.049740,1.050626,-1.050592,-0.800066,-0.000180
cmd,1.255000,297.230000,0.496897,-1.049740,1.050626,-1.050592,-0.800066,-0.000180
cmd,1.260000,297.235000,0.493770,-1.049740,1.050626,-1.050592,-0.800066,-0.000180
cmd,1.265000,297.240000,0.490667,-1.049740,1.050626,-1.050592,-0.800066,-0.000180
cmd,1.270000,297.245000,0.487602,-1.049740,1.050626,-1.050592,-0.800066,-0.000180
cmd,1.275000,297.250000,0.484586,-1.049740,1.050626,-1.050592,-0.800066,-0.000180
cmd,1.280000,297.255000,0.481630,-1.049740,1.050626,-1.050592,-0.800066,-0.000180
cmd,1.285000,297.260000,0.478747,-1.049740,1.050626,-1.050592,-0.800066,-0.000180
cmd,1.290000,297.265000,0.475949,-1.049740,1.050626,-1.050592,-0.800066,-0.000180
cmd,1.295000,297.270000,0.473245,-1.049740,1.050626,-1.050592,-0.800066,-0.000180
cmd,1.300000,297.275000,0.470647,-1.049740,1.050626,-1.050592,-0.800066,-0.000180
cmd,1.305000,297.280000,0.468165,-1.049740,1.050626,-1.050592,-0.800066,-0.000180
cmd,1.310000,297.285000,0.465809,-1.049740,1.050626,-1.050592,-0.800066,-0.000180
cmd,1.315000,297.290000,0.463588,-1.049740,1.050626,-1.050592,-0.800066,-0.000180
cmd,1.320000,297.295000,0.461511,-1.049740,1.050626,-1.050592,-0.800066,-0.000180
cmd,1.325000,297.300000,0.459586,-1.049740,1.050626,-1.050592,-0.800066,-0.000180
cmd,1.330000,297.305000,0.457820,-1.049740,1.050626,-1.050592,-0.800066,-0.000180
cmd,1.335000,297.310000,0.456221,-1.049740,1.050626,-1.050592,-0.800066,-0.000180
cmd,1.340000,297.315000,0.454795,-1.049740,1.050626,-1.050592,-0.800066,-0.000180
cmd,1.345000,297.320000,0.453548,-1.049740,1.050626,-1.050592,-0.800066,-0.000180
cmd,1.350000,297.325000,0.452484,-1.049740,1.050626,-1.050592,-0.800066,-0.000180
cmd,1.355000,297.330000,0.451607,-1.049740,1.050626,-1.050592,-0.800066,-0.000180
cmd,1.360000,297.335000,0.450922,-1.049740,1.050626,-1.050592,-0.800066,-0.000180
cmd,1.365000,297.340000,0.450431,-1.049740,1.050626,-1.050592,-0.800066,-0.000180
cmd,1.370000,297.345000,0.450135,-1.049740,1.050626,-1.050592,-0.800066,-0.000180
cmd,1.375000,297.350000,0.450036,-1.049740,1.050626,-1.050592,-0.800066,-0.000180
cmd,1.380000,297.355000,0.450135,-1.049740,1.050626,-1.050592,-0.800066,-0.000180
cmd,1.385000,297.360000,0.450431,-1.049740,1.050626,-1.050592,-0.800066,-0.000180
cmd,1.390000,297.365000,0.450922,-1.049740,1.050626,-1.050592,-0.800066,-0.000180
cmd,1.395000,297.370000,0.451607,-1.049740,1.050626,-1.050592,-0.800066,-0.000180
cmd,1.400000,297.375000,0.452484,-1.049740,1.050626,-1.050592,-0.800066,-0.000180
cmd,1.405000,297.380000,0.453548,-1.049740,1.050626,-1.050592,-0.800066,-0.000180
cmd,1.410000,297.385000,0.454795,-1.049740,1.050626,-1.050592,-0.800066,-0.000180
cmd,1.415000,297.390000,0.456221,-1.049740,1.050626,-1.050592,-0.800066,-0.000180
cmd,1.420000,297.395000,0.457820,-1.049740,1.050626,-1.050592,-0.800066,-0.000180
cmd,1.425000,297.400000,0.459586,-1.049740,1.050626,-1.050592,-0.800066,-0.000180
cmd,1.430000,297.405000,0.461511,-1.049740,1.050626,-1.050592,-0.800066,-0.000180
cmd,1.435000,297.410000,0.463588,-1.049740,1.050626,-1.050592,-0.800066,-0.000180
cmd,1.440000,297.415000,0.465809,-1.049740,1.050626,-1.050592,-0.800066,-0.000180
cmd,1.445000,297.420000,0.468165,-1.049740,1.050626,-1.050592,-0.800066,-0.000180
cmd,1.450000,297.425000,0.470647,-1.049740,1.050626,-1.050592,-0.800066,-0.000180
cmd,1.455000,297.430000,0.473245,-1.049740,1.050626,-1.050592,-0.800066,-0.000180
cmd,1.460000,297.435000,0.475949,-1.049740,1.050626,-1.050592,-0.800066,-0.000180
cmd,1.465000,297.440000,0.478747,-1.049740,1.050626,-1.050592,-0.800066,-0.000180
cmd,1.470000,297.445000,0.481630,-1.049740,1.050626,-1.050592,-0.800066,-0.000180
cmd,1.475000,297.450000,0.484586,-1.049740,1.050626,-1.050592,-0.800066,-0.000180
cmd,1.480000,297.455000,0.487602,-1.049740,1.050626,-1.050592,-0.800066,-0.000180
cmd,1.485000,297.460000,0.490667,-1.049740,1.050626,-1.050592,-0.800066,-0.000180
cmd,1.490000,297.465000,0.493770,-1.049740,1.050626,-1.050592,-0.800066,-0.000180
cmd,1.495000,297.470000,0.496897,-1.049740,1.050626,-1.050592,-0.800066,-0.000180
cmd,1.500000,297.475000,0.500036,-1.049740,1.050626,-1.050592,-0.800066,-0.000180
cmd,1.505000,297.480000,0.503176,-1.049740,1.050626,-1.050592,-0.800066,-0.000180
cmd,1.510000,297.485000,0.506303,-1.049740,1.050626,-1.050592,-0.800066,-0.000180
cmd,1.515000,297.490000,0.509405,-1.049740,1.050626,-1.050592,-0.800066,-0.000180
cmd,1.520000,297.495000,0.512471,-1.049740,1.050626,-1.050592,-0.800066,-0.000180
cmd,1.525000,297.500000,0.515487,-1.049740,1.050626,-1.050592,-0.800066,-0.000180
cmd,1.530000,297.505000,0.518443,-1.049740,1.050626,-1.050592,-0.800066,-0.000180
cmd,1.535000,297.510000,0.521325,-1.049740,1.050626,-1.050592,-0.800066,-0.000180
cmd,1.540000,297.515000,0.524124,-1.049740,1.050626,-1.050592,-0.800066,-0.000180
cmd,1.545000,297.520000,0.526828,-1.049740,1.050626,-1.050592,-0.800066,-0.000180
cmd,1.550000,297.525000,0.529426,-1.049740,1.050626,-1.050592,-0.800066,-0.000180
cmd,1.555000,297.530000,0.531908,-1.049740,1.050626,-1.050592,-0.800066,-0.000180
cmd,1.560000,297.535000,0.534264,-1.049740,1.050626,-1.050592,-0.800066,-0.000180
cmd,1.565000,297.540000,0.536485,-1.049740,1.050626,-1.050592,-0.800066,-0.000180
cmd,1.570000,297.545000,0.538562,-1.049740,1.050626,-1.050592,-0.800066,-0.000180
cmd,1.575000,297.550000,0.540487,-1.049740,1.050626,-1.050592,-0.800066,-0.000180
cmd,1.580000,297.555000,0.542253,-1.049740,1.050626,-1.050592,-0.800066,-0.000180
cmd,1.585000,297.560000,0.543852,-1.049740,1.050626,-1.050592,-0.800066,-0.000180
cmd,1.590000,297.565000,0.545278,-1.049740,1.050626,-1.050592,-0.800066,-0.000180
cmd,1.595000,297.570000,0.546525,-1.049740,1.050626,-1.050592,-0.800066,-0.000180
cmd,1.600000,297.575000,0.547589,-1.049740,1.050626,-1.050592,-0.800066,-0.000180
cmd,1.605000,297.580000,0.548466,-1.049740,1.050626,-1.050592,-0.800066,-0.000180
cmd,1.610000,297.585000,0.549151,-1.049740,1.050626,-1.050592,-0.800066,-0.000180
cmd,1.615000,297.590000,0.549642,-1.049740,1.050626,-1.050592,-0.800066,-0.000180
cmd,1.620000,297.595000,0.549938,-1.049740,1.050626,-1.050592,-0.800066,-0.000180
cmd,1.625000,297.600000,0.550036,-1.049740,1.050626,-1.050592,-0.800066,-0.000180
cmd,1.630000,297.605000,0.549938,-1.049740,1.050626,-1.050592,-0.800066,-0.000180
cmd,1.635000,297.610000,0.549642,-1.049740,1.050626,-1.050592,-0.800066,-0.000180
cmd,1.640000,297.615000,0.549151,-1.049740,1.050626,-1.050592,-0.800066,-0.000180
cmd,1.645000,297.620000,0.548466,-1.049740,1.050626,-1.050592,-0.800066,-0.000180
cmd,1.650000,297.625000,0.547589,-1.049740,1.050626,-1.050592,-0.800066,-0.000180
cmd,1.655000,297.630000,0.546525,-1.049740,1.050626,-1.050592,-0.800066,-0.000180
cmd,1.660000,297.635000,0.545278,-1.049740,1.050626,-1.050592,-0.800066,-0.000180
cmd,1.665000,297.640000,0.543852,-1.049740,1.050626,-1.050592,-0.800066,-0.000180
cmd,1.670000,297.645000,0.542253,-1.049740,1.050626,-1.050592,-0.800066,-0.000180
cmd,1.675000,297.650000,0.540487,-1.049740,1.050626,-1.050592,-0.800066,-0.000180
cmd,1.680000,297.655000,0.538562,-1.049740,1.050626,-1.050592,-0.800066,-0.000180
cmd,1.685000,297.660000,0.536485,-1.049740,1.050626,-1.050592,-0.800066,-0.000180
cmd,1.690000,297.665000,0.534264,-1.049740,1.050626,-1.050592,-0.800066,-0.000180
cmd,1.695000,297.670000,0.531908,-1.049740,1.050626,-1.050592,-0.800066,-0.000180
cmd,1.700000,297.675000,0.529426,-1.049740,1.050626,-1.050592,-0.800066,-0.000180
cmd,1.705000,297.680000,0.526828,-1.049740,1.050626,-1.050592,-0.800066,-0.000180
cmd,1.710000,297.685000,0.524124,-1.049740,1.050626,-1.050592,-0.800066,-0.000180
cmd,1.715000,297.690000,0.521325,-1.049740,1.050626,-1.050592,-0.800066,-0.000180
cmd,1.720000,297.695000,0.518443,-1.049740,1.050626,-1.050592,-0.800066,-0.000180
cmd,1.725000,297.700000,0.515487,-1.049740,1.050626,-1.050592,-0.800066,-0.000180
cmd,1.730000,297.705000,0.512471,-1.049740,1.050626,-1.050592,-0.800066,-0.000180
cmd,1.735000,297.710000,0.509405,-1.049740,1.050626,-1.050592,-0.800066,-0.000180
cmd,1.740000,297.715000,0.506303,-1.049740,1.050626,-1.050592,-0.800066,-0.000180
cmd,1.745000,297.720000,0.503176,-1.049740,1.050626,-1.050592,-0.800066,-0.000180
cmd,1.750000,297.725000,0.500036,-1.049740,1.050626,-1.050592,-0.800066,-0.000180
cmd,1.755000,297.730000,0.496897,-1.049740,1.050626,-1.050592,-0.800066,-0.000180
cmd,1.760000,297.735000,0.493770,-1.049740,1.050626,-1.050592,-0.800066,-0.000180
cmd,1.765000,297.740000,0.490667,-1.049740,1.050626,-1.050592,-0.800066,-0.000180
cmd,1.770000,297.745000,0.487602,-1.049740,1.050626,-1.050592,-0.800066,-0.000180
cmd,1.775000,297.750000,0.484586,-1.049740,1.050626,-1.050592,-0.800066,-0.000180
cmd,1.780000,297.755000,0.481630,-1.049740,1.050626,-1.050592,-0.800066,-0.000180
cmd,1.785000,297.760000,0.478747,-1.049740,1.050626,-1.050592,-0.800066,-0.000180
cmd,1.790000,297.765000,0.475949,-1.049740,1.050626,-1.050592,-0.800066,-0.000180
cmd,1.795000,297.770000,0.473245,-1.049740,1.050626,-1.050592,-0.800066,-0.000180
cmd,1.800000,297.775000,0.470647,-1.049740,1.050626,-1.050592,-0.800066,-0.000180
cmd,1.805000,297.780000,0.468165,-1.049740,1.050626,-1.050592,-0.800066,-0.000180
cmd,1.810000,297.785000,0.465809,-1.049740,1.050626,-1.050592,-0.800066,-0.000180
cmd,1.815000,297.790000,0.463588,-1.049740,1.050626,-1.050592,-0.800066,-0.000180
cmd,1.820000,297.795000,0.461511,-1.049740,1.050626,-1.050592,-0.800066,-0.000180
cmd,1.825000,297.800000,0.459586,-1.049740,1.050626,-1.050592,-0.800066,-0.000180
cmd,1.830000,297.805000,0.457820,-1.049740,1.050626,-1.050592,-0.800066,-0.000180
cmd,1.835000,297.810000,0.456221,-1.049740,1.050626,-1.050592,-0.800066,-0.000180
cmd,1.840000,297.815000,0.454795,-1.049740,1.050626,-1.050592,-0.800066,-0.000180
cmd,1.845000,297.820000,0.453548,-1.049740,1.050626,-1.050592,-0.800066,-0.000180
cmd,1.850000,297.825000,0.452484,-1.049740,1.050626,-1.050592,-0.800066,-0.000180
cmd,1.855000,297.830000,0.451607,-1.049740,1.050626,-1.050592,-0.800066,-0.000180
cmd,1.860000,297.835000,0.450922,-1.049740,1.050626,-1.050592,-0.800066,-0.000180
cmd,1.865000,297.840000,0.450431,-1.049740,1.050626,-1.050592,-0.800066,-0.000180
cmd,1.870000,297.845000,0.450135,-1.049740,1.050626,-1.050592,-0.800066,-0.000180
cmd,1.875000,297.850000,0.450036,-1.049740,1.050626,-1.050592,-0.800066,-0.000180
cmd,1.880000,297.855000,0.450135,-1.049740,1.050626,-1.050592,-0.800066,-0.000180
cmd,1.885000,297.860000,0.450431,-1.049740,1.050626,-1.050592,-0.800066,-0.000180
cmd,1.890000,297.865000,0.450922,-1.049740,1.050626,-1.050592,-0.800066,-0.000180
cmd,1.895000,297.870000,0.451607,-1.049740,1.050626,-1.050592,-0.800066,-0.000180
cmd,1.900000,297.875000,0.452484,-1.049740,1.050626,-1.050592,-0.800066,-0.000180
cmd,1.905000,297.880000,0.453548,-1.049740,1.050626,-1.050592,-0.800066,-0.000180
cmd,1.910000,297.885000,0.454795,-1.049740,1.050626,-1.050592,-0.800066,-0.000180
cmd,1.915000,297.890000,0.456221,-1.049740,1.050626,-1.050592,-0.800066,-0.000180
cmd,1.920000,297.895000,0.457820,-1.049740,1.050626,-1.050592,-0.800066,-0.000180
cmd,1.925000,297.900000,0.459586,-1.049740,1.050626,-1.050592,-0.800066,-0.000180
cmd,1.930000,297.905000,0.461511,-1.049740,1.050626,-1.050592,-0.800066,-0.000180
cmd,1.935000,297.910000,0.463588,-1.049740,1.050626,-1.050592,-0.800066,-0.000180
cmd,1.940000,297.915000,0.465809,-1.049740,1.050626,-1.050592,-0.800066,-0.000180
cmd,1.945000,297.920000,0.468165,-1.049740,1.050626,-1.050592,-0.800066,-0.000180
cmd,1.950000,297.925000,0.470647,-1.049740,1.050626,-1.050592,-0.800066,-0.000180
cmd,1.955000,297.930000,0.473245,-1.049740,1.050626,-1.050592,-0.800066,-0.000180
cmd,1.960000,297.935000,0.475949,-1.049740,1.050626,-1.050592,-0.800066,-0.000180
cmd,1.965000,297.940000,0.478747,-1.049740,1.050626,-1.050592,-0.800066,-0.000180
cmd,1.970000,297.945000,0.481630,-1.049740,1.050626,-1.050592,-0.800066,-0.000180
cmd,1.975000,297.950000,0.484586,-1.049740,1.050626,-1.050592,-0.800066,-0.000180
cmd,1.980000,297.955000,0.487602,-1.049740,1.050626,-1.050592,-0.800066,-0.000180
cmd,1.985000,297.960000,0.490667,-1.049740,1.050626,-1.050592,-0.800066,-0.000180
cmd,1.990000,297.965000,0.493770,-1.049740,1.050626,-1.050592,-0.800066,-0.000180
cmd,1.995000,297.970000,0.496897,-1.049740,1.050626,-1.050592,-0.800066,-0.000180
cmd,2.000000,297.975000,0.500036,-1.049740,1.050626,-1.050592,-0.800066,-0.000180
cmd,2.005000,297.980000,0.503176,-1.049740,1.050626,-1.050592,-0.800066,-0.000180
cmd,2.010000,297.985000,0.506303,-1.049740,1.050626,-1.050592,-0.800066,-0.000180
cmd,2.015000,297.990000,0.509405,-1.049740,1.050626,-1.050592,-0.800066,-0.000180
cmd,2.020000,297.995000,0.512471,-1.049740,1.050626,-1.050592,-0.800066,-0.000180
cmd,2.025000,298.000000,0.515487,-1.049740,1.050626,-1.050592,-0.800066,-0.000180
cmd,2.030000,298.005000,0.518443,-1.049740,1.050626,-1.050592,-0.800066,-0.000180
cmd,2.035000,298.010000,0.521325,-1.049740,1.050626,-1.050592,-0.800066,-0.000180
cmd,2.040000,298.015000,0.524124,-1.049740,1.050626,-1.050592,-0.800066,-0.000180
cmd,2.045000,298.020000,0.526828,-1.049740,1.050626,-1.050592,-0.800066,-0.000180
cmd,2.050000,298.025000,0.529426,-1.049740,1.050626,-1.050592,-0.800066,-0.000180
cmd,2.055000,298.030000,0.531908,-1.049740,1.050626,-1.050592,-0.800066,-0.000180
cmd,2.060000,298.035000,0.534264,-1.049740,1.050626,-1.050592,-0.800066,-0.000180
cmd,2.065000,298.040000,0.536485,-1.049740,1.050626,-1.050592,-0.800066,-0.000180
cmd,2.070000,298.045000,0.538562,-1.049740,1.050626,-1.050592,-0.800066,-0.000180
cmd,2.075000,298.050000,0.540487,-1.049740,1.050626,-1.050592,-0.800066,-0.000180
cmd,2.080000,298.055000,0.542253,-1.049740,1.050626,-1.050592,-0.800066,-0.000180
cmd,2.085000,298.060000,0.543852,-1.049740,1.050626,-1.050592,-0.800066,-0.000180
cmd,2.090000,298.065000,0.545278,-1.049740,1.050626,-1.050592,-0.800066,-0.000180
cmd,2.095000,298.070000,0.546525,-1.049740,1.050626,-1.050592,-0.800066,-0.000180
cmd,2.100000,298.075000,0.547589,-1.049740,1.050626,-1.050592,-0.800066,-0.000180
cmd,2.105000,298.080000,0.548466,-1.049740,1.050626,-1.050592,-0.800066,-0.000180
cmd,2.110000,298.085000,0.549151,-1.049740,1.050626,-1.050592,-0.800066,-0.000180
cmd,2.115000,298.090000,0.549642,-1.049740,1.050626,-1.050592,-0.800066,-0.000180
cmd,2.120000,298.095000,0.549938,-1.049740,1.050626,-1.050592,-0.800066,-0.000180
cmd,2.125000,298.100000,0.550036,-1.049740,1.050626,-1.050592,-0.800066,-0.000180
cmd,2.130000,298.105000,0.549938,-1.049740,1.050626,-1.050592,-0.800066,-0.000180
cmd,2.135000,298.110000,0.549642,-1.049740,1.050626,-1.050592,-0.800066,-0.000180
cmd,2.140000,298.115000,0.549151,-1.049740,1.050626,-1.050592,-0.800066,-0.000180
cmd,2.145000,298.120000,0.548466,-1.049740,1.050626,-1.050592,-0.800066,-0.000180
cmd,2.150000,298.125000,0.547589,-1.049740,1.050626,-1.050592,-0.800066,-0.000180
cmd,2.155000,298.130000,0.546525,-1.049740,1.050626,-1.050592,-0.800066,-0.000180
cmd,2.160000,298.135000,0.545278,-1.049740,1.050626,-1.050592,-0.800066,-0.000180
cmd,2.165000,298.140000,0.543852,-1.049740,1.050626,-1.050592,-0.800066,-0.000180
cmd,2.170000,298.145000,0.542253,-1.049740,1.050626,-1.050592,-0.800066,-0.000180
cmd,2.175000,298.150000,0.540487,-1.049740,1.050626,-1.050592,-0.800066,-0.000180
cmd,2.180000,298.155000,0.538562,-1.049740,1.050626,-1.050592,-0.800066,-0.000180
cmd,2.185000,298.160000,0.536485,-1.049740,1.050626,-1.050592,-0.800066,-0.000180
cmd,2.190000,298.165000,0.534264,-1.049740,1.050626,-1.050592,-0.800066,-0.000180
cmd,2.195000,298.170000,0.531908,-1.049740,1.050626,-1.050592,-0.800066,-0.000180
cmd,2.200000,298.175000,0.529426,-1.049740,1.050626,-1.050592,-0.800066,-0.000180
cmd,2.205000,298.180000,0.526828,-1.049740,1.050626,-1.050592,-0.800066,-0.000180
cmd,2.210000,298.185000,0.524124,-1.049740,1.050626,-1.050592,-0.800066,-0.000180
cmd,2.215000,298.190000,0.521325,-1.049740,1.050626,-1.050592,-0.800066,-0.000180
cmd,2.220000,298.195000,0.518443,-1.049740,1.050626,-1.050592,-0.800066,-0.000180
cmd,2.225000,298.200000,0.515487,-1.049740,1.050626,-1.050592,-0.800066,-0.000180
cmd,2.230000,298.205000,0.512471,-1.049740,1.050626,-1.050592,-0.800066,-0.000180
cmd,2.235000,298.210000,0.509405,-1.049740,1.050626,-1.050592,-0.800066,-0.000180
cmd,2.240000,298.215000,0.506303,-1.049740,1.050626,-1.050592,-0.800066,-0.000180
cmd,2.245000,298.220000,0.503176,-1.049740,1.050626,-1.050592,-0.800066,-0.000180
cmd,2.250000,298.225000,0.500036,-1.049740,1.050626,-1.050592,-0.800066,-0.000180
cmd,2.255000,298.230000,0.496897,-1.049740,1.050626,-1.050592,-0.800066,-0.000180
cmd,2.260000,298.235000,0.493770,-1.049740,1.050626,-1.050592,-0.800066,-0.000180
cmd,2.265000,298.240000,0.490667,-1.049740,1.050626,-1.050592,-0.800066,-0.000180
cmd,2.270000,298.245000,0.487602,-1.049740,1.050626,-1.050592,-0.800066,-0.000180
cmd,2.275000,298.250000,0.484586,-1.049740,1.050626,-1.050592,-0.800066,-0.000180
cmd,2.280000,298.255000,0.481630,-1.049740,1.050626,-1.050592,-0.800066,-0.000180
cmd,2.285000,298.260000,0.478747,-1.049740,1.050626,-1.050592,-0.800066,-0.000180
cmd,2.290000,298.265000,0.475949,-1.049740,1.050626,-1.050592,-0.800066,-0.000180
cmd,2.295000,298.270000,0.473245,-1.049740,1.050626,-1.050592,-0.800066,-0.000180
cmd,2.300000,298.275000,0.470647,-1.049740,1.050626,-1.050592,-0.800066,-0.000180
cmd,2.305000,298.280000,0.468165,-1.049740,1.050626,-1.050592,-0.800066,-0.000180
cmd,2.310000,298.285000,0.465809,-1.049740,1.050626,-1.050592,-0.800066,-0.000180
cmd,2.315000,298.290000,0.463588,-1.049740,1.050626,-1.050592,-0.800066,-0.000180
cmd,2.320000,298.295000,0.461511,-1.049740,1.050626,-1.050592,-0.800066,-0.000180
cmd,2.325000,298.300000,0.459586,-1.049740,1.050626,-1.050592,-0.800066,-0.000180
cmd,2.330000,298.305000,0.457820,-1.049740,1.050626,-1.050592,-0.800066,-0.000180
cmd,2.335000,298.310000,0.456221,-1.049740,1.050626,-1.050592,-0.800066,-0.000180
cmd,2.340000,298.315000,0.454795,-1.049740,1.050626,-1.050592,-0.800066,-0.000180
cmd,2.345000,298.320000,0.453548,-1.049740,1.050626,-1.050592,-0.800066,-0.000180
cmd,2.350000,298.325000,0.452484,-1.049740,1.050626,-1.050592,-0.800066,-0.000180
cmd,2.355000,298.330000,0.451607,-1.049740,1.050626,-1.050592,-0.800066,-0.000180
cmd,2.360000,298.335000,0.450922,-1.049740,1.050626,-1.050592,-0.800066,-0.000180
cmd,2.365000,298.340000,0.450431,-1.049740,1.050626,-1.050592,-0.800066,-0.000180
cmd,2.370000,298.345000,0.450135,-1.049740,1.050626,-1.050592,-0.800066,-0.000180
cmd,2.375000,298.350000,0.450036,-1.049740,1.050626,-1.050592,-0.800066,-0.000180
cmd,2.380000,298.355000,0.450135,-1.049740,1.050626,-1.050592,-0.800066,-0.000180
cmd,2.385000,298.360000,0.450431,-1.049740,1.050626,-1.050592,-0.800066,-0.000180
cmd,2.390000,298.365000,0.450922,-1.049740,1.050626,-1.050592,-0.800066,-0.000180
cmd,2.395000,298.370000,0.451607,-1.049740,1.050626,-1.050592,-0.800066,-0.000180
cmd,2.400000,298.375000,0.452484,-1.049740,1.050626,-1.050592,-0.800066,-0.000180
cmd,2.405000,298.380000,0.453548,-1.049740,1.050626,-1.050592,-0.800066,-0.000180
cmd,2.410000,298.385000,0.454795,-1.049740,1.050626,-1.050592,-0.800066,-0.000180
cmd,2.415000,298.390000,0.456221,-1.049740,1.050626,-1.050592,-0.800066,-0.000180
cmd,2.420000,298.395000,0.457820,-1.049740,1.050626,-1.050592,-0.800066,-0.000180
cmd,2.425000,298.400000,0.459586,-1.049740,1.050626,-1.050592,-0.800066,-0.000180
cmd,2.430000,298.405000,0.461511,-1.049740,1.050626,-1.050592,-0.800066,-0.000180
cmd,2.435000,298.410000,0.463588,-1.049740,1.050626,-1.050592,-0.800066,-0.000180
cmd,2.440000,298.415000,0.465809,-1.049740,1.050626,-1.050592,-0.800066,-0.000180
cmd,2.445000,298.420000,0.468165,-1.049740,1.050626,-1.050592,-0.800066,-0.000180
cmd,2.450000,298.425000,0.470647,-1.049740,1.050626,-1.050592,-0.800066,-0.000180
cmd,2.455000,298.430000,0.473245,-1.049740,1.050626,-1.050592,-0.800066,-0.000180
cmd,2.460000,298.435000,0.475949,-1.049740,1.050626,-1.050592,-0.800066,-0.000180
cmd,2.465000,298.440000,0.478747,-1.049740,1.050626,-1.050592,-0.800066,-0.000180
cmd,2.470000,298.445000,0.481630,-1.049740,1.050626,-1.050592,-0.800066,-0.000180
cmd,2.475000,298.450000,0.484586,-1.049740,1.050626,-1.050592,-0.800066,-0.000180
cmd,2.480000,298.455000,0.487602,-1.049740,1.050626,-1.050592,-0.800066,-0.000180
cmd,2.485000,298.460000,0.490667,-1.049740,1.050626,-1.050592,-0.800066,-0.000180
cmd,2.490000,298.465000,0.493770,-1.049740,1.050626,-1.050592,-0.800066,-0.000180
cmd,2.495000,298.470000,0.496897,-1.049740,1.050626,-1.050592,-0.800066,-0.000180
cmd,2.500000,298.475000,0.500036,-1.049740,1.050626,-1.050592,-0.800066,-0.000180
cmd,2.505000,298.480000,0.503176,-1.049740,1.050626,-1.050592,-0.800066,-0.000180
cmd,2.510000,298.485000,0.506303,-1.049740,1.050626,-1.050592,-0.800066,-0.000180
cmd,2.515000,298.490000,0.509405,-1.049740,1.050626,-1.050592,-0.800066,-0.000180
cmd,2.520000,298.495000,0.512471,-1.049740,1.050626,-1.050592,-0.800066,-0.000180
cmd,2.525000,298.500000,0.515487,-1.049740,1.050626,-1.050592,-0.800066,-0.000180
cmd,2.530000,298.505000,0.518443,-1.049740,1.050626,-1.050592,-0.800066,-0.000180
cmd,2.535000,298.510000,0.521325,-1.049740,1.050626,-1.050592,-0.800066,-0.000180
cmd,2.540000,298.515000,0.524124,-1.049740,1.050626,-1.050592,-0.800066,-0.000180
cmd,2.545000,298.520000,0.526828,-1.049740,1.050626,-1.050592,-0.800066,-0.000180
cmd,2.550000,298.525000,0.529426,-1.049740,1.050626,-1.050592,-0.800066,-0.000180
cmd,2.555000,298.530000,0.531908,-1.049740,1.050626,-1.050592,-0.800066,-0.000180
cmd,2.560000,298.535000,0.534264,-1.049740,1.050626,-1.050592,-0.800066,-0.000180
cmd,2.565000,298.540000,0.536485,-1.049740,1.050626,-1.050592,-0.800066,-0.000180
cmd,2.570000,298.545000,0.538562,-1.049740,1.050626,-1.050592,-0.800066,-0.000180
cmd,2.575000,298.550000,0.540487,-1.049740,1.050626,-1.050592,-0.800066,-0.000180
cmd,2.580000,298.555000,0.542253,-1.049740,1.050626,-1.050592,-0.800066,-0.000180
cmd,2.585000,298.560000,0.543852,-1.049740,1.050626,-1.050592,-0.800066,-0.000180
cmd,2.590000,298.565000,0.545278,-1.049740,1.050626,-1.050592,-0.800066,-0.000180
cmd,2.595000,298.570000,0.546525,-1.049740,1.050626,-1.050592,-0.800066,-0.000180
cmd,2.600000,298.575000,0.547589,-1.049740,1.050626,-1.050592,-0.800066,-0.000180
cmd,2.605000,298.580000,0.548466,-1.049740,1.050626,-1.050592,-0.800066,-0.000180
cmd,2.610000,298.585000,0.549151,-1.049740,1.050626,-1.050592,-0.800066,-0.000180
cmd,2.615000,298.590000,0.549642,-1.049740,1.050626,-1.050592,-0.800066,-0.000180
cmd,2.620000,298.595000,0.549938,-1.049740,1.050626,-1.050592,-0.800066,-0.000180
cmd,2.625000,298.600000,0.550036,-1.049740,1.050626,-1.050592,-0.800066,-0.000180
cmd,2.630000,298.605000,0.549938,-1.049740,1.050626,-1.050592,-0.800066,-0.000180
cmd,2.635000,298.610000,0.549642,-1.049740,1.050626,-1.050592,-0.800066,-0.000180
cmd,2.640000,298.615000,0.549151,-1.049740,1.050626,-1.050592,-0.800066,-0.000180
cmd,2.645000,298.620000,0.548466,-1.049740,1.050626,-1.050592,-0.800066,-0.000180
cmd,2.650000,298.625000,0.547589,-1.049740,1.050626,-1.050592,-0.800066,-0.000180
cmd,2.655000,298.630000,0.546525,-1.049740,1.050626,-1.050592,-0.800066,-0.000180
cmd,2.660000,298.635000,0.545278,-1.049740,1.050626,-1.050592,-0.800066,-0.000180
cmd,2.665000,298.640000,0.543852,-1.049740,1.050626,-1.050592,-0.800066,-0.000180
cmd,2.670000,298.645000,0.542253,-1.049740,1.050626,-1.050592,-0.800066,-0.000180
cmd,2.675000,298.650000,0.540487,-1.049740,1.050626,-1.050592,-0.800066,-0.000180
cmd,2.680000,298.655000,0.538562,-1.049740,1.050626,-1.050592,-0.800066,-0.000180
cmd,2.685000,298.660000,0.536485,-1.049740,1.050626,-1.050592,-0.800066,-0.000180
cmd,2.690000,298.665000,0.534264,-1.049740,1.050626,-1.050592,-0.800066,-0.000180
cmd,2.695000,298.670000,0.531908,-1.049740,1.050626,-1.050592,-0.800066,-0.000180
cmd,2.700000,298.675000,0.529426,-1.049740,1.050626,-1.050592,-0.800066,-0.000180
cmd,2.705000,298.680000,0.526828,-1.049740,1.050626,-1.050592,-0.800066,-0.000180
cmd,2.710000,298.685000,0.524124,-1.049740,1.050626,-1.050592,-0.800066,-0.000180
cmd,2.715000,298.690000,0.521325,-1.049740,1.050626,-1.050592,-0.800066,-0.000180
cmd,2.720000,298.695000,0.518443,-1.049740,1.050626,-1.050592,-0.800066,-0.000180
cmd,2.725000,298.700000,0.515487,-1.049740,1.050626,-1.050592,-0.800066,-0.000180
cmd,2.730000,298.705000,0.512471,-1.049740,1.050626,-1.050592,-0.800066,-0.000180
cmd,2.735000,298.710000,0.509405,-1.049740,1.050626,-1.050592,-0.800066,-0.000180
cmd,2.740000,298.715000,0.506303,-1.049740,1.050626,-1.050592,-0.800066,-0.000180
cmd,2.745000,298.720000,0.503176,-1.049740,1.050626,-1.050592,-0.800066,-0.000180
cmd,2.750000,298.725000,0.500036,-1.049740,1.050626,-1.050592,-0.800066,-0.000180
cmd,2.755000,298.730000,0.496897,-1.049740,1.050626,-1.050592,-0.800066,-0.000180
cmd,2.760000,298.735000,0.493770,-1.049740,1.050626,-1.050592,-0.800066,-0.000180
cmd,2.765000,298.740000,0.490667,-1.049740,1.050626,-1.050592,-0.800066,-0.000180
cmd,2.770000,298.745000,0.487602,-1.049740,1.050626,-1.050592,-0.800066,-0.000180
cmd,2.775000,298.750000,0.484586,-1.049740,1.050626,-1.050592,-0.800066,-0.000180
cmd,2.780000,298.755000,0.481630,-1.049740,1.050626,-1.050592,-0.800066,-0.000180
cmd,2.785000,298.760000,0.478747,-1.049740,1.050626,-1.050592,-0.800066,-0.000180
cmd,2.790000,298.765000,0.475949,-1.049740,1.050626,-1.050592,-0.800066,-0.000180
cmd,2.795000,298.770000,0.473245,-1.049740,1.050626,-1.050592,-0.800066,-0.000180
cmd,2.800000,298.775000,0.470647,-1.049740,1.050626,-1.050592,-0.800066,-0.000180
cmd,2.805000,298.780000,0.468165,-1.049740,1.050626,-1.050592,-0.800066,-0.000180
cmd,2.810000,298.785000,0.465809,-1.049740,1.050626,-1.050592,-0.800066,-0.000180
cmd,2.815000,298.790000,0.463588,-1.049740,1.050626,-1.050592,-0.800066,-0.000180
cmd,2.820000,298.795000,0.461511,-1.049740,1.050626,-1.050592,-0.800066,-0.000180
cmd,2.825000,298.800000,0.459586,-1.049740,1.050626,-1.050592,-0.800066,-0.000180
cmd,2.830000,298.805000,0.457820,-1.049740,1.050626,-1.050592,-0.800066,-0.000180
cmd,2.835000,298.810000,0.456221,-1.049740,1.050626,-1.050592,-0.800066,-0.000180
cmd,2.840000,298.815000,0.454795,-1.049740,1.050626,-1.050592,-0.800066,-0.000180
cmd,2.845000,298.820000,0.453548,-1.049740,1.050626,-1.050592,-0.800066,-0.000180
cmd,2.850000,298.825000,0.452484,-1.049740,1.050626,-1.050592,-0.800066,-0.000180
cmd,2.855000,298.830000,0.451607,-1.049740,1.050626,-1.050592,-0.800066,-0.000180
cmd,2.860000,298.835000,0.450922,-1.049740,1.050626,-1.050592,-0.800066,-0.000180
cmd,2.865000,298.840000,0.450431,-1.049740,1.050626,-1.050592,-0.800066,-0.000180
cmd,2.870000,298.845000,0.450135,-1.049740,1.050626,-1.050592,-0.800066,-0.000180
cmd,2.875000,298.850000,0.450036,-1.049740,1.050626,-1.050592,-0.800066,-0.000180
cmd,2.880000,298.855000,0.450135,-1.049740,1.050626,-1.050592,-0.800066,-0.000180
cmd,2.885000,298.860000,0.450431,-1.049740,1.050626,-1.050592,-0.800066,-0.000180
cmd,2.890000,298.865000,0.450922,-1.049740,1.050626,-1.050592,-0.800066,-0.000180
cmd,2.895000,298.870000,0.451607,-1.049740,1.050626,-1.050592,-0.800066,-0.000180
cmd,2.900000,298.875000,0.452484,-1.049740,1.050626,-1.050592,-0.800066,-0.000180
cmd,2.905000,298.880000,0.453548,-1.049740,1.050626,-1.050592,-0.800066,-0.000180
cmd,2.910000,298.885000,0.454795,-1.049740,1.050626,-1.050592,-0.800066,-0.000180
cmd,2.915000,298.890000,0.456221,-1.049740,1.050626,-1.050592,-0.800066,-0.000180
cmd,2.920000,298.895000,0.457820,-1.049740,1.050626,-1.050592,-0.800066,-0.000180
cmd,2.925000,298.900000,0.459586,-1.049740,1.050626,-1.050592,-0.800066,-0.000180
cmd,2.930000,298.905000,0.461511,-1.049740,1.050626,-1.050592,-0.800066,-0.000180
cmd,2.935000,298.910000,0.463588,-1.049740,1.050626,-1.050592,-0.800066,-0.000180
cmd,2.940000,298.915000,0.465809,-1.049740,1.050626,-1.050592,-0.800066,-0.000180
cmd,2.945000,298.920000,0.468165,-1.049740,1.050626,-1.050592,-0.800066,-0.000180
cmd,2.950000,298.925000,0.470647,-1.049740,1.050626,-1.050592,-0.800066,-0.000180
cmd,2.955000,298.930000,0.473245,-1.049740,1.050626,-1.050592,-0.800066,-0.000180
cmd,2.960000,298.935000,0.475949,-1.049740,1.050626,-1.050592,-0.800066,-0.000180
cmd,2.965000,298.940000,0.478747,-1.049740,1.050626,-1.050592,-0.800066,-0.000180
cmd,2.970000,298.945000,0.481630,-1.049740,1.050626,-1.050592,-0.800066,-0.000180
cmd,2.975000,298.950000,0.484586,-1.049740,1.050626,-1.050592,-0.800066,-0.000180
cmd,2.980000,298.955000,0.487602,-1.049740,1.050626,-1.050592,-0.800066,-0.000180
cmd,2.985000,298.960000,0.490667,-1.049740,1.050626,-1.050592,-0.800066,-0.000180
cmd,2.990000,298.965000,0.493770,-1.049740,1.050626,-1.050592,-0.800066,-0.000180
cmd,2.995000,298.970000,0.496897,-1.049740,1.050626,-1.050592,-0.800066,-0.000180
cmd,3.000000,298.975000,0.500036,-1.049740,1.050626,-1.050592,-0.800066,-0.000180
cmd,3.005000,298.980000,0.503176,-1.049740,1.050626,-1.050592,-0.800066,-0.000180
cmd,3.010000,298.985000,0.506303,-1.049740,1.050626,-1.050592,-0.800066,-0.000180
cmd,3.015000,298.990000,0.509405,-1.049740,1.050626,-1.050592,-0.800066,-0.000180
cmd,3.020000,298.995000,0.512471,-1.049740,1.050626,-1.050592,-0.800066,-0.000180
cmd,3.025000,299.000000,0.515487,-1.049740,1.050626,-1.050592,-0.800066,-0.000180
cmd,3.030000,299.005000,0.518443,-1.049740,1.050626,-1.050592,-0.800066,-0.000180
cmd,3.035000,299.010000,0.521325,-1.049740,1.050626,-1.050592,-0.800066,-0.000180
cmd,3.040000,299.015000,0.524124,-1.049740,1.050626,-1.050592,-0.800066,-0.000180
cmd,3.045000,299.020000,0.526828,-1.049740,1.050626,-1.050592,-0.800066,-0.000180
cmd,3.050000,299.025000,0.529426,-1.049740,1.050626,-1.050592,-0.800066,-0.000180
cmd,3.055000,299.030000,0.531908,-1.049740,1.050626,-1.050592,-0.800066,-0.000180
cmd,3.060000,299.035000,0.534264,-1.049740,1.050626,-1.050592,-0.800066,-0.000180
cmd,3.065000,299.040000,0.536485,-1.049740,1.050626,-1.050592,-0.800066,-0.000180
cmd,3.070000,299.045000,0.538562,-1.049740,1.050626,-1.050592,-0.800066,-0.000180
cmd,3.075000,299.050000,0.540487,-1.049740,1.050626,-1.050592,-0.800066,-0.000180
cmd,3.080000,299.055000,0.542253,-1.049740,1.050626,-1.050592,-0.800066,-0.000180
cmd,3.085000,299.060000,0.543852,-1.049740,1.050626,-1.050592,-0.800066,-0.000180
cmd,3.090000,299.065000,0.545278,-1.049740,1.050626,-1.050592,-0.800066,-0.000180
cmd,3.095000,299.070000,0.546525,-1.049740,1.050626,-1.050592,-0.800066,-0.000180
cmd,3.100000,299.075000,0.547589,-1.049740,1.050626,-1.050592,-0.800066,-0.000180
cmd,3.105000,299.080000,0.548466,-1.049740,1.050626,-1.050592,-0.800066,-0.000180
cmd,3.110000,299.085000,0.549151,-1.049740,1.050626,-1.050592,-0.800066,-0.000180
cmd,3.115000,299.090000,0.549642,-1.049740,1.050626,-1.050592,-0.800066,-0.000180
cmd,3.120000,299.095000,0.549938,-1.049740,1.050626,-1.050592,-0.800066,-0.000180
cmd,3.125000,299.100000,0.550036,-1.049740,1.050626,-1.050592,-0.800066,-0.000180
cmd,3.130000,299.105000,0.549938,-1.049740,1.050626,-1.050592,-0.800066,-0.000180
cmd,3.135000,299.110000,0.549642,-1.049740,1.050626,-1.050592,-0.800066,-0.000180
cmd,3.140000,299.115000,0.549151,-1.049740,1.050626,-1.050592,-0.800066,-0.000180
cmd,3.145000,299.120000,0.548466,-1.049740,1.050626,-1.050592,-0.800066,-0.000180
cmd,3.150000,299.125000,0.547589,-1.049740,1.050626,-1.050592,-0.800066,-0.000180
cmd,3.155000,299.130000,0.546525,-1.049740,1.050626,-1.050592,-0.800066,-0.000180
cmd,3.160000,299.135000,0.545278,-1.049740,1.050626,-1.050592,-0.800066,-0.000180
cmd,3.165000,299.140000,0.543852,-1.049740,1.050626,-1.050592,-0.800066,-0.000180
cmd,3.170000,299.145000,0.542253,-1.049740,1.050626,-1.050592,-0.800066,-0.000180
cmd,3.175000,299.150000,0.540487,-1.049740,1.050626,-1.050592,-0.800066,-0.000180
cmd,3.180000,299.155000,0.538562,-1.049740,1.050626,-1.050592,-0.800066,-0.000180
cmd,3.185000,299.160000,0.536485,-1.049740,1.050626,-1.050592,-0.800066,-0.000180
cmd,3.190000,299.165000,0.534264,-1.049740,1.050626,-1.050592,-0.800066,-0.000180
cmd,3.195000,299.170000,0.531908,-1.049740,1.050626,-1.050592,-0.800066,-0.000180
cmd,3.200000,299.175000,0.529426,-1.049740,1.050626,-1.050592,-0.800066,-0.000180
cmd,3.205000,299.180000,0.526828,-1.049740,1.050626,-1.050592,-0.800066,-0.000180
cmd,3.210000,299.185000,0.524124,-1.049740,1.050626,-1.050592,-0.800066,-0.000180
cmd,3.215000,299.190000,0.521325,-1.049740,1.050626,-1.050592,-0.800066,-0.000180
cmd,3.220000,299.195000,0.518443,-1.049740,1.050626,-1.050592,-0.800066,-0.000180
cmd,3.225000,299.200000,0.515487,-1.049740,1.050626,-1.050592,-0.800066,-0.000180
cmd,3.230000,299.205000,0.512471,-1.049740,1.050626,-1.050592,-0.800066,-0.000180
cmd,3.235000,299.210000,0.509405,-1.049740,1.050626,-1.050592,-0.800066,-0.000180
cmd,3.240000,299.215000,0.506303,-1.049740,1.050626,-1.050592,-0.800066,-0.000180
cmd,3.245000,299.220000,0.503176,-1.049740,1.050626,-1.050592,-0.800066,-0.000180
cmd,3.250000,299.225000,0.500036,-1.049740,1.050626,-1.050592,-0.800066,-0.000180
cmd,3.255000,299.230000,0.496897,-1.049740,1.050626,-1.050592,-0.800066,-0.000180
cmd,3.260000,299.235000,0.493770,-1.049740,1.050626,-1.050592,-0.800066,-0.000180
cmd,3.265000,299.240000,0.490667,-1.049740,1.050626,-1.050592,-0.800066,-0.000180
cmd,3.270000,299.245000,0.487602,-1.049740,1.050626,-1.050592,-0.800066,-0.000180
cmd,3.275000,299.250000,0.484586,-1.049740,1.050626,-1.050592,-0.800066,-0.000180
cmd,3.280000,299.255000,0.481630,-1.049740,1.050626,-1.050592,-0.800066,-0.000180
cmd,3.285000,299.260000,0.478747,-1.049740,1.050626,-1.050592,-0.800066,-0.000180
cmd,3.290000,299.265000,0.475949,-1.049740,1.050626,-1.050592,-0.800066,-0.000180
cmd,3.295000,299.270000,0.473245,-1.049740,1.050626,-1.050592,-0.800066,-0.000180
cmd,3.300000,299.275000,0.470647,-1.049740,1.050626,-1.050592,-0.800066,-0.000180
cmd,3.305000,299.280000,0.468165,-1.049740,1.050626,-1.050592,-0.800066,-0.000180
cmd,3.310000,299.285000,0.465809,-1.049740,1.050626,-1.050592,-0.800066,-0.000180
cmd,3.315000,299.290000,0.463588,-1.049740,1.050626,-1.050592,-0.800066,-0.000180
cmd,3.320000,299.295000,0.461511,-1.049740,1.050626,-1.050592,-0.800066,-0.000180
cmd,3.325000,299.300000,0.459586,-1.049740,1.050626,-1.050592,-0.800066,-0.000180
cmd,3.330000,299.305000,0.457820,-1.049740,1.050626,-1.050592,-0.800066,-0.000180
cmd,3.335000,299.310000,0.456221,-1.049740,1.050626,-1.050592,-0.800066,-0.000180
cmd,3.340000,299.315000,0.454795,-1.049740,1.050626,-1.050592,-0.800066,-0.000180
cmd,3.345000,299.320000,0.453548,-1.049740,1.050626,-1.050592,-0.800066,-0.000180
cmd,3.350000,299.325000,0.452484,-1.049740,1.050626,-1.050592,-0.800066,-0.000180
cmd,3.355000,299.330000,0.451607,-1.049740,1.050626,-1.050592,-0.800066,-0.000180
cmd,3.360000,299.335000,0.450922,-1.049740,1.050626,-1.050592,-0.800066,-0.000180
cmd,3.365000,299.340000,0.450431,-1.049740,1.050626,-1.050592,-0.800066,-0.000180
cmd,3.370000,299.345000,0.450135,-1.049740,1.050626,-1.050592,-0.800066,-0.000180
cmd,3.375000,299.350000,0.450036,-1.049740,1.050626,-1.050592,-0.800066,-0.000180
cmd,3.380000,299.355000,0.450135,-1.049740,1.050626,-1.050592,-0.800066,-0.000180
cmd,3.385000,299.360000,0.450431,-1.049740,1.050626,-1.050592,-0.800066,-0.000180
cmd,3.390000,299.365000,0.450922,-1.049740,1.050626,-1.050592,-0.800066,-0.000180
cmd,3.395000,299.370000,0.451607,-1.049740,1.050626,-1.050592,-0.800066,-0.000180
cmd,3.400000,299.375000,0.452484,-1.049740,1.050626,-1.050592,-0.800066,-0.000180
cmd,3.405000,299.380000,0.453548,-1.049740,1.050626,-1.050592,-0.800066,-0.000180
cmd,3.410000,299.385000,0.454795,-1.049740,1.050626,-1.050592,-0.800066,-0.000180
cmd,3.415000,299.390000,0.456221,-1.049740,1.050626,-1.050592,-0.800066,-0.000180
cmd,3.420000,299.395000,0.457820,-1.049740,1.050626,-1.050592,-0.800066,-0.000180
cmd,3.425000,299.400000,0.459586,-1.049740,1.050626,-1.050592,-0.800066,-0.000180
cmd,3.430000,299.405000,0.461511,-1.049740,1.050626,-1.050592,-0.800066,-0.000180
cmd,3.435000,299.410000,0.463588,-1.049740,1.050626,-1.050592,-0.800066,-0.000180
cmd,3.440000,299.415000,0.465809,-1.049740,1.050626,-1.050592,-0.800066,-0.000180
cmd,3.445000,299.420000,0.468165,-1.049740,1.050626,-1.050592,-0.800066,-0.000180
cmd,3.450000,299.425000,0.470647,-1.049740,1.050626,-1.050592,-0.800066,-0.000180
cmd,3.455000,299.430000,0.473245,-1.049740,1.050626,-1.050592,-0.800066,-0.000180
cmd,3.460000,299.435000,0.475949,-1.049740,1.050626,-1.050592,-0.800066,-0.000180
cmd,3.465000,299.440000,0.478747,-1.049740,1.050626,-1.050592,-0.800066,-0.000180
cmd,3.470000,299.445000,0.481630,-1.049740,1.050626,-1.050592,-0.800066,-0.000180
cmd,3.475000,299.450000,0.484586,-1.049740,1.050626,-1.050592,-0.800066,-0.000180
cmd,3.480000,299.455000,0.487602,-1.049740,1.050626,-1.050592,-0.800066,-0.000180
cmd,3.485000,299.460000,0.490667,-1.049740,1.050626,-1.050592,-0.800066,-0.000180
cmd,3.490000,299.465000,0.493770,-1.049740,1.050626,-1.050592,-0.800066,-0.000180
cmd,3.495000,299.470000,0.496897,-1.049740,1.050626,-1.050592,-0.800066,-0.000180
cmd,3.500000,299.475000,0.500036,-1.049740,1.050626,-1.050592,-0.800066,-0.000180
cmd,3.505000,299.480000,0.503176,-1.049740,1.050626,-1.050592,-0.800066,-0.000180
cmd,3.510000,299.485000,0.506303,-1.049740,1.050626,-1.050592,-0.800066,-0.000180
cmd,3.515000,299.490000,0.509405,-1.049740,1.050626,-1.050592,-0.800066,-0.000180
cmd,3.520000,299.495000,0.512471,-1.049740,1.050626,-1.050592,-0.800066,-0.000180
cmd,3.525000,299.500000,0.515487,-1.049740,1.050626,-1.050592,-0.800066,-0.000180
cmd,3.530000,299.505000,0.518443,-1.049740,1.050626,-1.050592,-0.800066,-0.000180
cmd,3.535000,299.510000,0.521325,-1.049740,1.050626,-1.050592,-0.800066,-0.000180
cmd,3.540000,299.515000,0.524124,-1.049740,1.050626,-1.050592,-0.800066,-0.000180
cmd,3.545000,299.520000,0.526828,-1.049740,1.050626,-1.050592,-0.800066,-0.000180
cmd,3.550000,299.525000,0.529426,-1.049740,1.050626,-1.050592,-0.800066,-0.000180
cmd,3.555000,299.530000,0.531908,-1.049740,1.050626,-1.050592,-0.800066,-0.000180
cmd,3.560000,299.535000,0.534264,-1.049740,1.050626,-1.050592,-0.800066,-0.000180
cmd,3.565000,299.540000,0.536485,-1.049740,1.050626,-1.050592,-0.800066,-0.000180
cmd,3.570000,299.545000,0.538562,-1.049740,1.050626,-1.050592,-0.800066,-0.000180
cmd,3.575000,299.550000,0.540487,-1.049740,1.050626,-1.050592,-0.800066,-0.000180
cmd,3.580000,299.555000,0.542253,-1.049740,1.050626,-1.050592,-0.800066,-0.000180
cmd,3.585000,299.560000,0.543852,-1.049740,1.050626,-1.050592,-0.800066,-0.000180
cmd,3.590000,299.565000,0.545278,-1.049740,1.050626,-1.050592,-0.800066,-0.000180
cmd,3.595000,299.570000,0.546525,-1.049740,1.050626,-1.050592,-0.800066,-0.000180
cmd,3.600000,299.575000,0.547589,-1.049740,1.050626,-1.050592,-0.800066,-0.000180
cmd,3.605000,299.580000,0.548466,-1.049740,1.050626,-1.050592,-0.800066,-0.000180
cmd,3.610000,299.585000,0.549151,-1.049740,1.050626,-1.050592,-0.800066,-0.000180
cmd,3.615000,299.590000,0.549642,-1.049740,1.050626,-1.050592,-0.800066,-0.000180
cmd,3.620000,299.595000,0.549938,-1.049740,1.050626,-1.050592,-0.800066,-0.000180
cmd,3.625000,299.600000,0.550036,-1.049740,1.050626,-1.050592,-0.800066,-0.000180
cmd,3.630000,299.605000,0.549938,-1.049740,1.050626,-1.050592,-0.800066,-0.000180
cmd,3.635000,299.610000,0.549642,-1.049740,1.050626,-1.050592,-0.800066,-0.000180
cmd,3.640000,299.615000,0.549151,-1.049740,1.050626,-1.050592,-0.800066,-0.000180
cmd,3.645000,299.620000,0.548466,-1.049740,1.050626,-1.050592,-0.800066,-0.000180
cmd,3.650000,299.625000,0.547589,-1.049740,1.050626,-1.050592,-0.800066,-0.000180
cmd,3.655000,299.630000,0.546525,-1.049740,1.050626,-1.050592,-0.800066,-0.000180
cmd,3.660000,299.635000,0.545278,-1.049740,1.050626,-1.050592,-0.800066,-0.000180
cmd,3.665000,299.640000,0.543852,-1.049740,1.050626,-1.050592,-0.800066,-0.000180
cmd,3.670000,299.645000,0.542253,-1.049740,1.050626,-1.050592,-0.800066,-0.000180
cmd,3.675000,299.650000,0.540487,-1.049740,1.050626,-1.050592,-0.800066,-0.000180
cmd,3.680000,299.655000,0.538562,-1.049740,1.050626,-1.050592,-0.800066,-0.000180
cmd,3.685000,299.660000,0.536485,-1.049740,1.050626,-1.050592,-0.800066,-0.000180
cmd,3.690000,299.665000,0.534264,-1.049740,1.050626,-1.050592,-0.800066,-0.000180
cmd,3.695000,299.670000,0.531908,-1.049740,1.050626,-1.050592,-0.800066,-0.000180
cmd,3.700000,299.675000,0.529426,-1.049740,1.050626,-1.050592,-0.800066,-0.000180
cmd,3.705000,299.680000,0.526828,-1.049740,1.050626,-1.050592,-0.800066,-0.000180
cmd,3.710000,299.685000,0.524124,-1.049740,1.050626,-1.050592,-0.800066,-0.000180
cmd,3.715000,299.690000,0.521325,-1.049740,1.050626,-1.050592,-0.800066,-0.000180
cmd,3.720000,299.695000,0.518443,-1.049740,1.050626,-1.050592,-0.800066,-0.000180
cmd,3.725000,299.700000,0.515487,-1.049740,1.050626,-1.050592,-0.800066,-0.000180
cmd,3.730000,299.705000,0.512471,-1.049740,1.050626,-1.050592,-0.800066,-0.000180
cmd,3.735000,299.710000,0.509405,-1.049740,1.050626,-1.050592,-0.800066,-0.000180
cmd,3.740000,299.715000,0.506303,-1.049740,1.050626,-1.050592,-0.800066,-0.000180
cmd,3.745000,299.720000,0.503176,-1.049740,1.050626,-1.050592,-0.800066,-0.000180
cmd,3.750000,299.725000,0.500036,-1.049740,1.050626,-1.050592,-0.800066,-0.000180
cmd,3.755000,299.730000,0.496897,-1.049740,1.050626,-1.050592,-0.800066,-0.000180
cmd,3.760000,299.735000,0.493770,-1.049740,1.050626,-1.050592,-0.800066,-0.000180
cmd,3.765000,299.740000,0.490667,-1.049740,1.050626,-1.050592,-0.800066,-0.000180
cmd,3.770000,299.745000,0.487602,-1.049740,1.050626,-1.050592,-0.800066,-0.000180
cmd,3.775000,299.750000,0.484586,-1.049740,1.050626,-1.050592,-0.800066,-0.000180
cmd,3.780000,299.755000,0.481630,-1.049740,1.050626,-1.050592,-0.800066,-0.000180
cmd,3.785000,299.760000,0.478747,-1.049740,1.050626,-1.050592,-0.800066,-0.000180
cmd,3.790000,299.765000,0.475949,-1.049740,1.050626,-1.050592,-0.800066,-0.000180
cmd,3.795000,299.770000,0.473245,-1.049740,1.050626,-1.050592,-0.800066,-0.000180
cmd,3.800000,299.775000,0.470647,-1.049740,1.050626,-1.050592,-0.800066,-0.000180
cmd,3.805000,299.780000,0.468165,-1.049740,1.050626,-1.050592,-0.800066,-0.000180
cmd,3.810000,299.785000,0.465809,-1.049740,1.050626,-1.050592,-0.800066,-0.000180
cmd,3.815000,299.790000,0.463588,-1.049740,1.050626,-1.050592,-0.800066,-0.000180
cmd,3.820000,299.795000,0.461511,-1.049740,1.050626,-1.050592,-0.800066,-0.000180
cmd,3.825000,299.800000,0.459586,-1.049740,1.050626,-1.050592,-0.800066,-0.000180
cmd,3.830000,299.805000,0.457820,-1.049740,1.050626,-1.050592,-0.800066,-0.000180
cmd,3.835000,299.810000,0.456221,-1.049740,1.050626,-1.050592,-0.800066,-0.000180
cmd,3.840000,299.815000,0.454795,-1.049740,1.050626,-1.050592,-0.800066,-0.000180
cmd,3.845000,299.820000,0.453548,-1.049740,1.050626,-1.050592,-0.800066,-0.000180
cmd,3.850000,299.825000,0.452484,-1.049740,1.050626,-1.050592,-0.800066,-0.000180
cmd,3.855000,299.830000,0.451607,-1.049740,1.050626,-1.050592,-0.800066,-0.000180
cmd,3.860000,299.835000,0.450922,-1.049740,1.050626,-1.050592,-0.800066,-0.000180
cmd,3.865000,299.840000,0.450431,-1.049740,1.050626,-1.050592,-0.800066,-0.000180
cmd,3.870000,299.845000,0.450135,-1.049740,1.050626,-1.050592,-0.800066,-0.000180
cmd,3.875000,299.850000,0.450036,-1.049740,1.050626,-1.050592,-0.800066,-0.000180
cmd,3.880000,299.855000,0.450135,-1.049740,1.050626,-1.050592,-0.800066,-0.000180
cmd,3.885000,299.860000,0.450431,-1.049740,1.050626,-1.050592,-0.800066,-0.000180
cmd,3.890000,299.865000,0.450922,-1.049740,1.050626,-1.050592,-0.800066,-0.000180
cmd,3.895000,299.870000,0.451607,-1.049740,1.050626,-1.050592,-0.800066,-0.000180
cmd,3.900000,299.875000,0.452484,-1.049740,1.050626,-1.050592,-0.800066,-0.000180
cmd,3.905000,299.880000,0.453548,-1.049740,1.050626,-1.050592,-0.800066,-0.000180
cmd,3.910000,299.885000,0.454795,-1.049740,1.050626,-1.050592,-0.800066,-0.000180
cmd,3.915000,299.890000,0.456221,-1.049740,1.050626,-1.050592,-0.800066,-0.000180
cmd,3.920000,299.895000,0.457820,-1.049740,1.050626,-1.050592,-0.800066,-0.000180
cmd,3.925000,299.900000,0.459586,-1.049740,1.050626,-1.050592,-0.800066,-0.000180
cmd,3.930000,299.905000,0.461511,-1.049740,1.050626,-1.050592,-0.800066,-0.000180
cmd,3.935000,299.910000,0.463588,-1.049740,1.050626,-1.050592,-0.800066,-0.000180
cmd,3.940000,299.915000,0.465809,-1.049740,1.050626,-1.050592,-0.800066,-0.000180
cmd,3.945000,299.920000,0.468165,-1.049740,1.050626,-1.050592,-0.800066,-0.000180
cmd,3.950000,299.925000,0.470647,-1.049740,1.050626,-1.050592,-0.800066,-0.000180
cmd,3.955000,299.930000,0.473245,-1.049740,1.050626,-1.050592,-0.800066,-0.000180
cmd,3.960000,299.935000,0.475949,-1.049740,1.050626,-1.050592,-0.800066,-0.000180
cmd,3.965000,299.940000,0.478747,-1.049740,1.050626,-1.050592,-0.800066,-0.000180
cmd,3.970000,299.945000,0.481630,-1.049740,1.050626,-1.050592,-0.800066,-0.000180
cmd,3.975000,299.950000,0.484586,-1.049740,1.050626,-1.050592,-0.800066,-0.000180
cmd,3.980000,299.955000,0.487602,-1.049740,1.050626,-1.050592,-0.800066,-0.000180
cmd,3.985000,299.960000,0.490667,-1.049740,1.050626,-1.050592,-0.800066,-0.000180
cmd,3.990000,299.965000,0.493770,-1.049740,1.050626,-1.050592,-0.800066,-0.000180
cmd,3.995000,299.970000,0.496897,-1.049740,1.050626,-1.050592,-0.800066,-0.000180
cmd,4.000000,299.975000,0.500036,-1.049740,1.050626,-1.050592,-0.800066,-0.000180
cmd,4.005000,299.980000,0.503176,-1.049740,1.050626,-1.050592,-0.800066,-0.000180
cmd,4.010000,299.985000,0.506303,-1.049740,1.050626,-1.050592,-0.800066,-0.000180
cmd,4.015000,299.990000,0.509405,-1.049740,1.050626,-1.050592,-0.800066,-0.000180
cmd,4.020000,299.995000,0.512471,-1.049740,1.050626,-1.050592,-0.800066,-0.000180
cmd,4.025000,300.000000,0.515487,-1.049740,1.050626,-1.050592,-0.800066,-0.000180
cmd,4.030000,300.005000,0.518443,-1.049740,1.050626,-1.050592,-0.800066,-0.000180
cmd,4.035000,300.010000,0.521325,-1.049740,1.050626,-1.050592,-0.800066,-0.000180
cmd,4.040000,300.015000,0.524124,-1.049740,1.050626,-1.050592,-0.800066,-0.000180
cmd,4.045000,300.020000,0.526828,-1.049740,1.050626,-1.050592,-0.800066,-0.000180
cmd,4.050000,300.025000,0.529426,-1.049740,1.050626,-1.050592,-0.800066,-0.000180
cmd,4.055000,300.030000,0.531908,-1.049740,1.050626,-1.050592,-0.800066,-0.000180
cmd,4.060000,300.035000,0.534264,-1.049740,1.050626,-1.050592,-0.800066,-0.000180
cmd,4.065000,300.040000,0.536485,-1.049740,1.050626,-1.050592,-0.800066,-0.000180
cmd,4.070000,300.045000,0.538562,-1.049740,1.050626,-1.050592,-0.800066,-0.000180
cmd,4.075000,300.050000,0.540487,-1.049740,1.050626,-1.050592,-0.800066,-0.000180
cmd,4.080000,300.055000,0.542253,-1.049740,1.050626,-1.050592,-0.800066,-0.000180
cmd,4.085000,300.060000,0.543852,-1.049740,1.050626,-1.050592,-0.800066,-0.000180
cmd,4.090000,300.065000,0.545278,-1.049740,1.050626,-1.050592,-0.800066,-0.000180
cmd,4.095000,300.070000,0.546525,-1.049740,1.050626,-1.050592,-0.800066,-0.000180
cmd,4.100000,300.075000,0.547589,-1.049740,1.050626,-1.050592,-0.800066,-0.000180
cmd,4.105000,300.080000,0.548466,-1.049740,1.050626,-1.050592,-0.800066,-0.000180
cmd,4.110000,300.085000,0.549151,-1.049740,1.050626,-1.050592,-0.800066,-0.000180
cmd,4.115000,300.090000,0.549642,-1.049740,1.050626,-1.050592,-0.800066,-0.000180
cmd,4.120000,300.095000,0.549938,-1.049740,1.050626,-1.050592,-0.800066,-0.000180
cmd,4.125000,300.100000,0.550036,-1.049740,1.050626,-1.050592,-0.800066,-0.000180
cmd,4.130000,300.105000,0.549938,-1.049740,1.050626,-1.050592,-0.800066,-0.000180
cmd,4.135000,300.110000,0.549642,-1.049740,1.050626,-1.050592,-0.800066,-0.000180
cmd,4.140000,300.115000,0.549151,-1.049740,1.050626,-1.050592,-0.800066,-0.000180
cmd,4.145000,300.120000,0.548466,-1.049740,1.050626,-1.050592,-0.800066,-0.000180
cmd,4.150000,300.125000,0.547589,-1.049740,1.050626,-1.050592,-0.800066,-0.000180
cmd,4.155000,300.130000,0.546525,-1.049740,1.050626,-1.050592,-0.800066,-0.000180
cmd,4.160000,300.135000,0.545278,-1.049740,1.050626,-1.050592,-0.800066,-0.000180
cmd,4.165000,300.140000,0.543852,-1.049740,1.050626,-1.050592,-0.800066,-0.000180
cmd,4.170000,300.145000,0.542253,-1.049740,1.050626,-1.050592,-0.800066,-0.000180
cmd,4.175000,300.150000,0.540487,-1.049740,1.050626,-1.050592,-0.800066,-0.000180
cmd,4.180000,300.155000,0.538562,-1.049740,1.050626,-1.050592,-0.800066,-0.000180
cmd,4.185000,300.160000,0.536485,-1.049740,1.050626,-1.050592,-0.800066,-0.000180
cmd,4.190000,300.165000,0.534264,-1.049740,1.050626,-1.050592,-0.800066,-0.000180
cmd,4.195000,300.170000,0.531908,-1.049740,1.050626,-1.050592,-0.800066,-0.000180
cmd,4.200000,300.175000,0.529426,-1.049740,1.050626,-1.050592,-0.800066,-0.000180
cmd,4.205000,300.180000,0.526828,-1.049740,1.050626,-1.050592,-0.800066,-0.000180
cmd,4.210000,300.185000,0.524124,-1.049740,1.050626,-1.050592,-0.800066,-0.000180
cmd,4.215000,300.190000,0.521325,-1.049740,1.050626,-1.050592,-0.800066,-0.000180
cmd,4.220000,300.195000,0.518443,-1.049740,1.050626,-1.050592,-0.800066,-0.000180
cmd,4.225000,300.200000,0.515487,-1.049740,1.050626,-1.050592,-0.800066,-0.000180
cmd,4.230000,300.205000,0.512471,-1.049740,1.050626,-1.050592,-0.800066,-0.000180
cmd,4.235000,300.210000,0.509405,-1.049740,1.050626,-1.050592,-0.800066,-0.000180
cmd,4.240000,300.215000,0.506303,-1.049740,1.050626,-1.050592,-0.800066,-0.000180
cmd,4.245000,300.220000,0.503176,-1.049740,1.050626,-1.050592,-0.800066,-0.000180
cmd,4.250000,300.225000,0.500036,-1.049740,1.050626,-1.050592,-0.800066,-0.000180
cmd,4.255000,300.230000,0.496897,-1.049740,1.050626,-1.050592,-0.800066,-0.000180
cmd,4.260000,300.235000,0.493770,-1.049740,1.050626,-1.050592,-0.800066,-0.000180
cmd,4.265000,300.240000,0.490667,-1.049740,1.050626,-1.050592,-0.800066,-0.000180
cmd,4.270000,300.245000,0.487602,-1.049740,1.050626,-1.050592,-0.800066,-0.000180
cmd,4.275000,300.250000,0.484586,-1.049740,1.050626,-1.050592,-0.800066,-0.000180
cmd,4.280000,300.255000,0.481630,-1.049740,1.050626,-1.050592,-0.800066,-0.000180
cmd,4.285000,300.260000,0.478747,-1.049740,1.050626,-1.050592,-0.800066,-0.000180
cmd,4.290000,300.265000,0.475949,-1.049740,1.050626,-1.050592,-0.800066,-0.000180
cmd,4.295000,300.270000,0.473245,-1.049740,1.050626,-1.050592,-0.800066,-0.000180
cmd,4.300000,300.275000,0.470647,-1.049740,1.050626,-1.050592,-0.800066,-0.000180
cmd,4.305000,300.280000,0.468165,-1.049740,1.050626,-1.050592,-0.800066,-0.000180
cmd,4.310000,300.285000,0.465809,-1.049740,1.050626,-1.050592,-0.800066,-0.000180
cmd,4.315000,300.290000,0.463588,-1.049740,1.050626,-1.050592,-0.800066,-0.000180
cmd,4.320000,300.295000,0.461511,-1.049740,1.050626,-1.050592,-0.800066,-0.000180
cmd,4.325000,300.300000,0.459586,-1.049740,1.050626,-1.050592,-0.800066,-0.000180
cmd,4.330000,300.305000,0.457820,-1.049740,1.050626,-1.050592,-0.800066,-0.000180
cmd,4.335000,300.310000,0.456221,-1.049740,1.050626,-1.050592,-0.800066,-0.000180
cmd,4.340000,300.315000,0.454795,-1.049740,1.050626,-1.050592,-0.800066,-0.000180
cmd,4.345000,300.320000,0.453548,-1.049740,1.050626,-1.050592,-0.800066,-0.000180
cmd,4.350000,300.325000,0.452484,-1.049740,1.050626,-1.050592,-0.800066,-0.000180
cmd,4.355000,300.330000,0.451607,-1.049740,1.050626,-1.050592,-0.800066,-0.000180
cmd,4.360000,300.335000,0.450922,-1.049740,1.050626,-1.050592,-0.800066,-0.000180
cmd,4.365000,300.340000,0.450431,-1.049740,1.050626,-1.050592,-0.800066,-0.000180
cmd,4.370000,300.345000,0.450135,-1.049740,1.050626,-1.050592,-0.800066,-0.000180
cmd,4.375000,300.350000,0.450036,-1.049740,1.050626,-1.050592,-0.800066,-0.000180
cmd,4.380000,300.355000,0.450135,-1.049740,1.050626,-1.050592,-0.800066,-0.000180
cmd,4.385000,300.360000,0.450431,-1.049740,1.050626,-1.050592,-0.800066,-0.000180
cmd,4.390000,300.365000,0.450922,-1.049740,1.050626,-1.050592,-0.800066,-0.000180
cmd,4.395000,300.370000,0.451607,-1.049740,1.050626,-1.050592,-0.800066,-0.000180
cmd,4.400000,300.375000,0.452484,-1.049740,1.050626,-1.050592,-0.800066,-0.000180
cmd,4.405000,300.380000,0.453548,-1.049740,1.050626,-1.050592,-0.800066,-0.000180
cmd,4.410000,300.385000,0.454795,-1.049740,1.050626,-1.050592,-0.800066,-0.000180
cmd,4.415000,300.390000,0.456221,-1.049740,1.050626,-1.050592,-0.800066,-0.000180
cmd,4.420000,300.395000,0.457820,-1.049740,1.050626,-1.050592,-0.800066,-0.000180
cmd,4.425000,300.400000,0.459586,-1.049740,1.050626,-1.050592,-0.800066,-0.000180
cmd,4.430000,300.405000,0.461511,-1.049740,1.050626,-1.050592,-0.800066,-0.000180
cmd,4.435000,300.410000,0.463588,-1.049740,1.050626,-1.050592,-0.800066,-0.000180
cmd,4.440000,300.415000,0.465809,-1.049740,1.050626,-1.050592,-0.800066,-0.000180
cmd,4.445000,300.420000,0.468165,-1.049740,1.050626,-1.050592,-0.800066,-0.000180
cmd,4.450000,300.425000,0.470647,-1.049740,1.050626,-1.050592,-0.800066,-0.000180
cmd,4.455000,300.430000,0.473245,-1.049740,1.050626,-1.050592,-0.800066,-0.000180
cmd,4.460000,300.435000,0.475949,-1.049740,1.050626,-1.050592,-0.800066,-0.000180
cmd,4.465000,300.440000,0.478747,-1.049740,1.050626,-1.050592,-0.800066,-0.000180
cmd,4.470000,300.445000,0.481630,-1.049740,1.050626,-1.050592,-0.800066,-0.000180
cmd,4.475000,300.450000,0.484586,-1.049740,1.050626,-1.050592,-0.800066,-0.000180
cmd,4.480000,300.455000,0.487602,-1.049740,1.050626,-1.050592,-0.800066,-0.000180
cmd,4.485000,300.460000,0.490667,-1.049740,1.050626,-1.050592,-0.800066,-0.000180
cmd,4.490000,300.465000,0.493770,-1.049740,1.050626,-1.050592,-0.800066,-0.000180
cmd,4.495000,300.470000,0.496897,-1.049740,1.050626,-1.050592,-0.800066,-0.000180
cmd,4.500000,300.475000,0.500036,-1.049740,1.050626,-1.050592,-0.800066,-0.000180
cmd,4.505000,300.480000,0.503176,-1.049740,1.050626,-1.050592,-0.800066,-0.000180
cmd,4.510000,300.485000,0.506303,-1.049740,1.050626,-1.050592,-0.800066,-0.000180
cmd,4.515000,300.490000,0.509405,-1.049740,1.050626,-1.050592,-0.800066,-0.000180
cmd,4.520000,300.495000,0.512471,-1.049740,1.050626,-1.050592,-0.800066,-0.000180
cmd,4.525000,300.500000,0.515487,-1.049740,1.050626,-1.050592,-0.800066,-0.000180
cmd,4.530000,300.505000,0.518443,-1.049740,1.050626,-1.050592,-0.800066,-0.000180
cmd,4.535000,300.510000,0.521325,-1.049740,1.050626,-1.050592,-0.800066,-0.000180
cmd,4.540000,300.515000,0.524124,-1.049740,1.050626,-1.050592,-0.800066,-0.000180
cmd,4.545000,300.520000,0.526828,-1.049740,1.050626,-1.050592,-0.800066,-0.000180
cmd,4.550000,300.525000,0.529426,-1.049740,1.050626,-1.050592,-0.800066,-0.000180
cmd,4.555000,300.530000,0.531908,-1.049740,1.050626,-1.050592,-0.800066,-0.000180
cmd,4.560000,300.535000,0.534264,-1.049740,1.050626,-1.050592,-0.800066,-0.000180
cmd,4.565000,300.540000,0.536485,-1.049740,1.050626,-1.050592,-0.800066,-0.000180
cmd,4.570000,300.545000,0.538562,-1.049740,1.050626,-1.050592,-0.800066,-0.000180
cmd,4.575000,300.550000,0.540487,-1.049740,1.050626,-1.050592,-0.800066,-0.000180
cmd,4.580000,300.555000,0.542253,-1.049740,1.050626,-1.050592,-0.800066,-0.000180
cmd,4.585000,300.560000,0.543852,-1.049740,1.050626,-1.050592,-0.800066,-0.000180
cmd,4.590000,300.565000,0.545278,-1.049740,1.050626,-1.050592,-0.800066,-0.000180
cmd,4.595000,300.570000,0.546525,-1.049740,1.050626,-1.050592,-0.800066,-0.000180
cmd,4.600000,300.575000,0.547589,-1.049740,1.050626,-1.050592,-0.800066,-0.000180
cmd,4.605000,300.580000,0.548466,-1.049740,1.050626,-1.050592,-0.800066,-0.000180
cmd,4.610000,300.585000,0.549151,-1.049740,1.050626,-1.050592,-0.800066,-0.000180
cmd,4.615000,300.590000,0.549642,-1.049740,1.050626,-1.050592,-0.800066,-0.000180
cmd,4.620000,300.595000,0.549938,-1.049740,1.050626,-1.050592,-0.800066,-0.000180
cmd,4.625000,300.600000,0.550036,-1.049740,1.050626,-1.050592,-0.800066,-0.000180
cmd,4.630000,300.605000,0.549938,-1.049740,1.050626,-1.050592,-0.800066,-0.000180
cmd,4.635000,300.610000,0.549642,-1.049740,1.050626,-1.050592,-0.800066,-0.000180
cmd,4.640000,300.615000,0.549151,-1.049740,1.050626,-1.050592,-0.800066,-0.000180
cmd,4.645000,300.620000,0.548466,-1.049740,1.050626,-1.050592,-0.800066,-0.000180
cmd,4.650000,300.625000,0.547589,-1.049740,1.050626,-1.050592,-0.800066,-0.000180
cmd,4.655000,300.630000,0.546525,-1.049740,1.050626,-1.050592,-0.800066,-0.000180
cmd,4.660000,300.635000,0.545278,-1.049740,1.050626,-1.050592,-0.800066,-0.000180
cmd,4.665000,300.640000,0.543852,-1.049740,1.050626,-1.050592,-0.800066,-0.000180
cmd,4.670000,300.645000,0.542253,-1.049740,1.050626,-1.050592,-0.800066,-0.000180
cmd,4.675000,300.650000,0.540487,-1.049740,1.050626,-1.050592,-0.800066,-0.000180
cmd,4.680000,300.655000,0.538562,-1.049740,1.050626,-1.050592,-0.800066,-0.000180
cmd,4.685000,300.660000,0.536485,-1.049740,1.050626,-1.050592,-0.800066,-0.000180
cmd,4.690000,300.665000,0.534264,-1.049740,1.050626,-1.050592,-0.800066,-0.000180
cmd,4.695000,300.670000,0.531908,-1.049740,1.050626,-1.050592,-0.800066,-0.000180
cmd,4.700000,300.675000,0.529426,-1.049740,1.050626,-1.050592,-0.800066,-0.000180
cmd,4.705000,300.680000,0.526828,-1.049740,1.050626,-1.050592,-0.800066,-0.000180
cmd,4.710000,300.685000,0.524124,-1.049740,1.050626,-1.050592,-0.800066,-0.000180
cmd,4.715000,300.690000,0.521325,-1.049740,1.050626,-1.050592,-0.800066,-0.000180
cmd,4.720000,300.695000,0.518443,-1.049740,1.050626,-1.050592,-0.800066,-0.000180
cmd,4.725000,300.700000,0.515487,-1.049740,1.050626,-1.050592,-0.800066,-0.000180
cmd,4.730000,300.705000,0.512471,-1.049740,1.050626,-1.050592,-0.800066,-0.000180
cmd,4.735000,300.710000,0.509405,-1.049740,1.050626,-1.050592,-0.800066,-0.000180
cmd,4.740000,300.715000,0.506303,-1.049740,1.050626,-1.050592,-0.800066,-0.000180
cmd,4.745000,300.720000,0.503176,-1.049740,1.050626,-1.050592,-0.800066,-0.000180
cmd,4.750000,300.725000,0.500036,-1.049740,1.050626,-1.050592,-0.800066,-0.000180
cmd,4.755000,300.730000,0.496897,-1.049740,1.050626,-1.050592,-0.800066,-0.000180
cmd,4.760000,300.735000,0.493770,-1.049740,1.050626,-1.050592,-0.800066,-0.000180
cmd,4.765000,300.740000,0.490667,-1.049740,1.050626,-1.050592,-0.800066,-0.000180
cmd,4.770000,300.745000,0.487602,-1.049740,1.050626,-1.050592,-0.800066,-0.000180
cmd,4.775000,300.750000,0.484586,-1.049740,1.050626,-1.050592,-0.800066,-0.000180
cmd,4.780000,300.755000,0.481630,-1.049740,1.050626,-1.050592,-0.800066,-0.000180
cmd,4.785000,300.760000,0.478747,-1.049740,1.050626,-1.050592,-0.800066,-0.000180
cmd,4.790000,300.765000,0.475949,-1.049740,1.050626,-1.050592,-0.800066,-0.000180
cmd,4.795000,300.770000,0.473245,-1.049740,1.050626,-1.050592,-0.800066,-0.000180
cmd,4.800000,300.775000,0.470647,-1.049740,1.050626,-1.050592,-0.800066,-0.000180
cmd,4.805000,300.780000,0.468165,-1.049740,1.050626,-1.050592,-0.800066,-0.000180
cmd,4.810000,300.785000,0.465809,-1.049740,1.050626,-1.050592,-0.800066,-0.000180
cmd,4.815000,300.790000,0.463588,-1.049740,1.050626,-1.050592,-0.800066,-0.000180
cmd,4.820000,300.795000,0.461511,-1.049740,1.050626,-1.050592,-0.800066,-0.000180
cmd,4.825000,300.800000,0.459586,-1.049740,1.050626,-1.050592,-0.800066,-0.000180
cmd,4.830000,300.805000,0.457820,-1.049740,1.050626,-1.050592,-0.800066,-0.000180
cmd,4.835000,300.810000,0.456221,-1.049740,1.050626,-1.050592,-0.800066,-0.000180
cmd,4.840000,300.815000,0.454795,-1.049740,1.050626,-1.050592,-0.800066,-0.000180
cmd,4.845000,300.820000,0.453548,-1.049740,1.050626,-1.050592,-0.800066,-0.000180
cmd,4.850000,300.825000,0.452484,-1.049740,1.050626,-1.050592,-0.800066,-0.000180
cmd,4.855000,300.830000,0.451607,-1.049740,1.050626,-1.050592,-0.800066,-0.000180
cmd,4.860000,300.835000,0.450922,-1.049740,1.050626,-1.050592,-0.800066,-0.000180
cmd,4.865000,300.840000,0.450431,-1.049740,1.050626,-1.050592,-0.800066,-0.000180
cmd,4.870000,300.845000,0.450135,-1.049740,1.050626,-1.050592,-0.800066,-0.000180
cmd,4.875000,300.850000,0.450036,-1.049740,1.050626,-1.050592,-0.800066,-0.000180
cmd,4.880000,300.855000,0.450135,-1.049740,1.050626,-1.050592,-0.800066,-0.000180
cmd,4.885000,300.860000,0.450431,-1.049740,1.050626,-1.050592,-0.800066,-0.000180
cmd,4.890000,300.865000,0.450922,-1.049740,1.050626,-1.050592,-0.800066,-0.000180
cmd,4.895000,300.870000,0.451607,-1.049740,1.050626,-1.050592,-0.800066,-0.000180
cmd,4.900000,300.875000,0.452484,-1.049740,1.050626,-1.050592,-0.800066,-0.000180
cmd,4.905000,300.880000,0.453548,-1.049740,1.050626,-1.050592,-0.800066,-0.000180
cmd,4.910000,300.885000,0.454795,-1.049740,1.050626,-1.050592,-0.800066,-0.000180
cmd,4.915000,300.890000,0.456221,-1.049740,1.050626,-1.050592,-0.800066,-0.000180
cmd,4.920000,300.895000,0.457820,-1.049740,1.050626,-1.050592,-0.800066,-0.000180
cmd,4.925000,300.900000,0.459586,-1.049740,1.050626,-1.050592,-0.800066,-0.000180
cmd,4.930000,300.905000,0.461511,-1.049740,1.050626,-1.050592,-0.800066,-0.000180
cmd,4.935000,300.910000,0.463588,-1.049740,1.050626,-1.050592,-0.800066,-0.000180
cmd,4.940000,300.915000,0.465809,-1.049740,1.050626,-1.050592,-0.800066,-0.000180
cmd,4.945000,300.920000,0.468165,-1.049740,1.050626,-1.050592,-0.800066,-0.000180
cmd,4.950000,300.925000,0.470647,-1.049740,1.050626,-1.050592,-0.800066,-0.000180
cmd,4.955000,300.930000,0.473245,-1.049740,1.050626,-1.050592,-0.800066,-0.000180
cmd,4.960000,300.935000,0.475949,-1.049740,1.050626,-1.050592,-0.800066,-0.000180
cmd,4.965000,300.940000,0.478747,-1.049740,1.050626,-1.050592,-0.800066,-0.000180
cmd,4.970000,300.945000,0.481630,-1.049740,1.050626,-1.050592,-0.800066,-0.000180
cmd,4.975000,300.950000,0.484586,-1.049740,1.050626,-1.050592,-0.800066,-0.000180
cmd,4.980000,300.955000,0.487602,-1.049740,1.050626,-1.050592,-0.800066,-0.000180
cmd,4.985000,300.960000,0.490667,-1.049740,1.050626,-1.050592,-0.800066,-0.000180
cmd,4.990000,300.965000,0.493770,-1.049740,1.050626,-1.050592,-0.800066,-0.000180
cmd,4.995000,300.970000,0.496897,-1.049740,1.050626,-1.050592,-0.800066,-0.000180
cmd,5.000000,300.975000,0.500036,-1.049740,1.050626,-1.050592,-0.800066,-0.000180
cmd,5.005000,300.980000,0.503176,-1.049740,1.050626,-1.050592,-0.800066,-0.000180
cmd,5.010000,300.985000,0.506303,-1.049740,1.050626,-1.050592,-0.800066,-0.000180
cmd,5.015000,300.990000,0.509405,-1.049740,1.050626,-1.050592,-0.800066,-0.000180
cmd,5.020000,300.995000,0.512471,-1.049740,1.050626,-1.050592,-0.800066,-0.000180
cmd,5.025000,301.000000,0.515487,-1.049740,1.050626,-1.050592,-0.800066,-0.000180
cmd,5.030000,301.005000,0.518443,-1.049740,1.050626,-1.050592,-0.800066,-0.000180
cmd,5.035000,301.010000,0.521325,-1.049740,1.050626,-1.050592,-0.800066,-0.000180
cmd,5.040000,301.015000,0.524124,-1.049740,1.050626,-1.050592,-0.800066,-0.000180
cmd,5.045000,301.020000,0.526828,-1.049740,1.050626,-1.050592,-0.800066,-0.000180
cmd,5.050000,301.025000,0.529426,-1.049740,1.050626,-1.050592,-0.800066,-0.000180
cmd,5.055000,301.030000,0.531908,-1.049740,1.050626,-1.050592,-0.800066,-0.000180
cmd,5.060000,301.035000,0.534264,-1.049740,1.050626,-1.050592,-0.800066,-0.000180
cmd,5.065000,301.040000,0.536485,-1.049740,1.050626,-1.050592,-0.800066,-0.000180
cmd,5.070000,301.045000,0.538562,-1.049740,1.050626,-1.050592,-0.800066,-0.000180
cmd,5.075000,301.050000,0.540487,-1.049740,1.050626,-1.050592,-0.800066,-0.000180
cmd,5.080000,301.055000,0.542253,-1.049740,1.050626,-1.050592,-0.800066,-0.000180
cmd,5.085000,301.060000,0.543852,-1.049740,1.050626,-1.050592,-0.800066,-0.000180
cmd,5.090000,301.065000,0.545278,-1.049740,1.050626,-1.050592,-0.800066,-0.000180
cmd,5.095000,301.070000,0.546525,-1.049740,1.050626,-1.050592,-0.800066,-0.000180
cmd,5.100000,301.075000,0.547589,-1.049740,1.050626,-1.050592,-0.800066,-0.000180
cmd,5.105000,301.080000,0.548466,-1.049740,1.050626,-1.050592,-0.800066,-0.000180
cmd,5.110000,301.085000,0.549151,-1.049740,1.050626,-1.050592,-0.800066,-0.000180
cmd,5.115000,301.090000,0.549642,-1.049740,1.050626,-1.050592,-0.800066,-0.000180
cmd,5.120000,301.095000,0.549938,-1.049740,1.050626,-1.050592,-0.800066,-0.000180
cmd,5.125000,301.100000,0.550036,-1.049740,1.050626,-1.050592,-0.800066,-0.000180
cmd,5.130000,301.105000,0.549938,-1.049740,1.050626,-1.050592,-0.800066,-0.000180
cmd,5.135000,301.110000,0.549642,-1.049740,1.050626,-1.050592,-0.800066,-0.000180
cmd,5.140000,301.115000,0.549151,-1.049740,1.050626,-1.050592,-0.800066,-0.000180
cmd,5.145000,301.120000,0.548466,-1.049740,1.050626,-1.050592,-0.800066,-0.000180
cmd,5.150000,301.125000,0.547589,-1.049740,1.050626,-1.050592,-0.800066,-0.000180
cmd,5.155000,301.130000,0.546525,-1.049740,1.050626,-1.050592,-0.800066,-0.000180
cmd,5.160000,301.135000,0.545278,-1.049740,1.050626,-1.050592,-0.800066,-0.000180
cmd,5.165000,301.140000,0.543852,-1.049740,1.050626,-1.050592,-0.800066,-0.000180
cmd,5.170000,301.145000,0.542253,-1.049740,1.050626,-1.050592,-0.800066,-0.000180
cmd,5.175000,301.150000,0.540487,-1.049740,1.050626,-1.050592,-0.800066,-0.000180
cmd,5.180000,301.155000,0.538562,-1.049740,1.050626,-1.050592,-0.800066,-0.000180
cmd,5.185000,301.160000,0.536485,-1.049740,1.050626,-1.050592,-0.800066,-0.000180
cmd,5.190000,301.165000,0.534264,-1.049740,1.050626,-1.050592,-0.800066,-0.000180
cmd,5.195000,301.170000,0.531908,-1.049740,1.050626,-1.050592,-0.800066,-0.000180
cmd,5.200000,301.175000,0.529426,-1.049740,1.050626,-1.050592,-0.800066,-0.000180
cmd,5.205000,301.180000,0.526828,-1.049740,1.050626,-1.050592,-0.800066,-0.000180
cmd,5.210000,301.185000,0.524124,-1.049740,1.050626,-1.050592,-0.800066,-0.000180
cmd,5.215000,301.190000,0.521325,-1.049740,1.050626,-1.050592,-0.800066,-0.000180
cmd,5.220000,301.195000,0.518443,-1.049740,1.050626,-1.050592,-0.800066,-0.000180
cmd,5.225000,301.200000,0.515487,-1.049740,1.050626,-1.050592,-0.800066,-0.000180
cmd,5.230000,301.205000,0.512471,-1.049740,1.050626,-1.050592,-0.800066,-0.000180
cmd,5.235000,301.210000,0.509405,-1.049740,1.050626,-1.050592,-0.800066,-0.000180
cmd,5.240000,301.215000,0.506303,-1.049740,1.050626,-1.050592,-0.800066,-0.000180
cmd,5.245000,301.220000,0.503176,-1.049740,1.050626,-1.050592,-0.800066,-0.000180
cmd,5.250000,301.225000,0.500036,-1.049740,1.050626,-1.050592,-0.800066,-0.000180
cmd,5.255000,301.230000,0.496897,-1.049740,1.050626,-1.050592,-0.800066,-0.000180
cmd,5.260000,301.235000,0.493770,-1.049740,1.050626,-1.050592,-0.800066,-0.000180
cmd,5.265000,301.240000,0.490667,-1.049740,1.050626,-1.050592,-0.800066,-0.000180
cmd,5.270000,301.245000,0.487602,-1.049740,1.050626,-1.050592,-0.800066,-0.000180
cmd,5.275000,301.250000,0.484586,-1.049740,1.050626,-1.050592,-0.800066,-0.000180
cmd,5.280000,301.255000,0.481630,-1.049740,1.050626,-1.050592,-0.800066,-0.000180
cmd,5.285000,301.260000,0.478747,-1.049740,1.050626,-1.050592,-0.800066,-0.000180
cmd,5.290000,301.265000,0.475949,-1.049740,1.050626,-1.050592,-0.800066,-0.000180
cmd,5.295000,301.270000,0.473245,-1.049740,1.050626,-1.050592,-0.800066,-0.000180
cmd,5.300000,301.275000,0.470647,-1.049740,1.050626,-1.050592,-0.800066,-0.000180
cmd,5.305000,301.280000,0.468165,-1.049740,1.050626,-1.050592,-0.800066,-0.000180
cmd,5.310000,301.285000,0.465809,-1.049740,1.050626,-1.050592,-0.800066,-0.000180
cmd,5.315000,301.290000,0.463588,-1.049740,1.050626,-1.050592,-0.800066,-0.000180
cmd,5.320000,301.295000,0.461511,-1.049740,1.050626,-1.050592,-0.800066,-0.000180
cmd,5.325000,301.300000,0.459586,-1.049740,1.050626,-1.050592,-0.800066,-0.000180
cmd,5.330000,301.305000,0.457820,-1.049740,1.050626,-1.050592,-0.800066,-0.000180
cmd,5.335000,301.310000,0.456221,-1.049740,1.050626,-1.050592,-0.800066,-0.000180
cmd,5.340000,301.315000,0.454795,-1.049740,1.050626,-1.050592,-0.800066,-0.000180
cmd,5.345000,301.320000,0.453548,-1.049740,1.050626,-1.050592,-0.800066,-0.000180
cmd,5.350000,301.325000,0.452484,-1.049740,1.050626,-1.050592,-0.800066,-0.000180
cmd,5.355000,301.330000,0.451607,-1.049740,1.050626,-1.050592,-0.800066,-0.000180
cmd,5.360000,301.335000,0.450922,-1.049740,1.050626,-1.050592,-0.800066,-0.000180
cmd,5.365000,301.340000,0.450431,-1.049740,1.050626,-1.050592,-0.800066,-0.000180
cmd,5.370000,301.345000,0.450135,-1.049740,1.050626,-1.050592,-0.800066,-0.000180
cmd,5.375000,301.350000,0.450036,-1.049740,1.050626,-1.050592,-0.800066,-0.000180
cmd,5.380000,301.355000,0.450135,-1.049740,1.050626,-1.050592,-0.800066,-0.000180
cmd,5.385000,301.360000,0.450431,-1.049740,1.050626,-1.050592,-0.800066,-0.000180
cmd,5.390000,301.365000,0.450922,-1.049740,1.050626,-1.050592,-0.800066,-0.000180
cmd,5.395000,301.370000,0.451607,-1.049740,1.050626,-1.050592,-0.800066,-0.000180
cmd,5.400000,301.375000,0.452484,-1.049740,1.050626,-1.050592,-0.800066,-0.000180
cmd,5.405000,301.380000,0.453548,-1.049740,1.050626,-1.050592,-0.800066,-0.000180
cmd,5.410000,301.385000,0.454795,-1.049740,1.050626,-1.050592,-0.800066,-0.000180
cmd,5.415000,301.390000,0.456221,-1.049740,1.050626,-1.050592,-0.800066,-0.000180
cmd,5.420000,301.395000,0.457820,-1.049740,1.050626,-1.050592,-0.800066,-0.000180
cmd,5.425000,301.400000,0.459586,-1.049740,1.050626,-1.050592,-0.800066,-0.000180
cmd,5.430000,301.405000,0.461511,-1.049740,1.050626,-1.050592,-0.800066,-0.000180
cmd,5.435000,301.410000,0.463588,-1.049740,1.050626,-1.050592,-0.800066,-0.000180
cmd,5.440000,301.415000,0.465809,-1.049740,1.050626,-1.050592,-0.800066,-0.000180
cmd,5.445000,301.420000,0.468165,-1.049740,1.050626,-1.050592,-0.800066,-0.000180
cmd,5.450000,301.425000,0.470647,-1.049740,1.050626,-1.050592,-0.800066,-0.000180
cmd,5.455000,301.430000,0.473245,-1.049740,1.050626,-1.050592,-0.800066,-0.000180
cmd,5.460000,301.435000,0.475949,-1.049740,1.050626,-1.050592,-0.800066,-0.000180
cmd,5.465000,301.440000,0.478747,-1.049740,1.050626,-1.050592,-0.800066,-0.000180
cmd,5.470000,301.445000,0.481630,-1.049740,1.050626,-1.050592,-0.800066,-0.000180
cmd,5.475000,301.450000,0.484586,-1.049740,1.050626,-1.050592,-0.800066,-0.000180
cmd,5.480000,301.455000,0.487602,-1.049740,1.050626,-1.050592,-0.800066,-0.000180
cmd,5.485000,301.460000,0.490667,-1.049740,1.050626,-1.050592,-0.800066,-0.000180
cmd,5.490000,301.465000,0.493770,-1.049740,1.050626,-1.050592,-0.800066,-0.000180
cmd,5.495000,301.470000,0.496897,-1.049740,1.050626,-1.050592,-0.800066,-0.000180
cmd,5.500000,301.475000,0.500036,-1.049740,1.050626,-1.050592,-0.800066,-0.000180
cmd,5.505000,301.480000,0.503176,-1.049740,1.050626,-1.050592,-0.800066,-0.000180
cmd,5.510000,301.485000,0.506303,-1.049740,1.050626,-1.050592,-0.800066,-0.000180
cmd,5.515000,301.490000,0.509405,-1.049740,1.050626,-1.050592,-0.800066,-0.000180
cmd,5.520000,301.495000,0.512471,-1.049740,1.050626,-1.050592,-0.800066,-0.000180
cmd,5.525000,301.500000,0.515487,-1.049740,1.050626,-1.050592,-0.800066,-0.000180
cmd,5.530000,301.505000,0.518443,-1.049740,1.050626,-1.050592,-0.800066,-0.000180
cmd,5.535000,301.510000,0.521325,-1.049740,1.050626,-1.050592,-0.800066,-0.000180
cmd,5.540000,301.515000,0.524124,-1.049740,1.050626,-1.050592,-0.800066,-0.000180
cmd,5.545000,301.520000,0.526828,-1.049740,1.050626,-1.050592,-0.800066,-0.000180
cmd,5.550000,301.525000,0.529426,-1.049740,1.050626,-1.050592,-0.800066,-0.000180
cmd,5.555000,301.530000,0.531908,-1.049740,1.050626,-1.050592,-0.800066,-0.000180
cmd,5.560000,301.535000,0.534264,-1.049740,1.050626,-1.050592,-0.800066,-0.000180
cmd,5.565000,301.540000,0.536485,-1.049740,1.050626,-1.050592,-0.800066,-0.000180
cmd,5.570000,301.545000,0.538562,-1.049740,1.050626,-1.050592,-0.800066,-0.000180
cmd,5.575000,301.550000,0.540487,-1.049740,1.050626,-1.050592,-0.800066,-0.000180
cmd,5.580000,301.555000,0.542253,-1.049740,1.050626,-1.050592,-0.800066,-0.000180
cmd,5.585000,301.560000,0.543852,-1.049740,1.050626,-1.050592,-0.800066,-0.000180
cmd,5.590000,301.565000,0.545278,-1.049740,1.050626,-1.050592,-0.800066,-0.000180
cmd,5.595000,301.570000,0.546525,-1.049740,1.050626,-1.050592,-0.800066,-0.000180
cmd,5.600000,301.575000,0.547589,-1.049740,1.050626,-1.050592,-0.800066,-0.000180
cmd,5.605000,301.580000,0.548466,-1.049740,1.050626,-1.050592,-0.800066,-0.000180
cmd,5.610000,301.585000,0.549151,-1.049740,1.050626,-1.050592,-0.800066,-0.000180
cmd,5.615000,301.590000,0.549642,-1.049740,1.050626,-1.050592,-0.800066,-0.000180
cmd,5.620000,301.595000,0.549938,-1.049740,1.050626,-1.050592,-0.800066,-0.000180
cmd,5.625000,301.600000,0.550036,-1.049740,1.050626,-1.050592,-0.800066,-0.000180
cmd,5.630000,301.605000,0.549938,-1.049740,1.050626,-1.050592,-0.800066,-0.000180
cmd,5.635000,301.610000,0.549642,-1.049740,1.050626,-1.050592,-0.800066,-0.000180
cmd,5.640000,301.615000,0.549151,-1.049740,1.050626,-1.050592,-0.800066,-0.000180
cmd,5.645000,301.620000,0.548466,-1.049740,1.050626,-1.050592,-0.800066,-0.000180
cmd,5.650000,301.625000,0.547589,-1.049740,1.050626,-1.050592,-0.800066,-0.000180
cmd,5.655000,301.630000,0.546525,-1.049740,1.050626,-1.050592,-0.800066,-0.000180
cmd,5.660000,301.635000,0.545278,-1.049740,1.050626,-1.050592,-0.800066,-0.000180
cmd,5.665000,301.640000,0.543852,-1.049740,1.050626,-1.050592,-0.800066,-0.000180
cmd,5.670000,301.645000,0.542253,-1.049740,1.050626,-1.050592,-0.800066,-0.000180
cmd,5.675000,301.650000,0.540487,-1.049740,1.050626,-1.050592,-0.800066,-0.000180
cmd,5.680000,301.655000,0.538562,-1.049740,1.050626,-1.050592,-0.800066,-0.000180
cmd,5.685000,301.660000,0.536485,-1.049740,1.050626,-1.050592,-0.800066,-0.000180
cmd,5.690000,301.665000,0.534264,-1.049740,1.050626,-1.050592,-0.800066,-0.000180
cmd,5.695000,301.670000,0.531908,-1.049740,1.050626,-1.050592,-0.800066,-0.000180
cmd,5.700000,301.675000,0.529426,-1.049740,1.050626,-1.050592,-0.800066,-0.000180
cmd,5.705000,301.680000,0.526828,-1.049740,1.050626,-1.050592,-0.800066,-0.000180
cmd,5.710000,301.685000,0.524124,-1.049740,1.050626,-1.050592,-0.800066,-0.000180
cmd,5.715000,301.690000,0.521325,-1.049740,1.050626,-1.050592,-0.800066,-0.000180
cmd,5.720000,301.695000,0.518443,-1.049740,1.050626,-1.050592,-0.800066,-0.000180
cmd,5.725000,301.700000,0.515487,-1.049740,1.050626,-1.050592,-0.800066,-0.000180
cmd,5.730000,301.705000,0.512471,-1.049740,1.050626,-1.050592,-0.800066,-0.000180
cmd,5.735000,301.710000,0.509405,-1.049740,1.050626,-1.050592,-0.800066,-0.000180
cmd,5.740000,301.715000,0.506303,-1.049740,1.050626,-1.050592,-0.800066,-0.000180
cmd,5.745000,301.720000,0.503176,-1.049740,1.050626,-1.050592,-0.800066,-0.000180
cmd,5.750000,301.725000,0.500036,-1.049740,1.050626,-1.050592,-0.800066,-0.000180
cmd,5.755000,301.730000,0.496897,-1.049740,1.050626,-1.050592,-0.800066,-0.000180
cmd,5.760000,301.735000,0.493770,-1.049740,1.050626,-1.050592,-0.800066,-0.000180
cmd,5.765000,301.740000,0.490667,-1.049740,1.050626,-1.050592,-0.800066,-0.000180
cmd,5.770000,301.745000,0.487602,-1.049740,1.050626,-1.050592,-0.800066,-0.000180
cmd,5.775000,301.750000,0.484586,-1.049740,1.050626,-1.050592,-0.800066,-0.000180
cmd,5.780000,301.755000,0.481630,-1.049740,1.050626,-1.050592,-0.800066,-0.000180
cmd,5.785000,301.760000,0.478747,-1.049740,1.050626,-1.050592,-0.800066,-0.000180
cmd,5.790000,301.765000,0.475949,-1.049740,1.050626,-1.050592,-0.800066,-0.000180
cmd,5.795000,301.770000,0.473245,-1.049740,1.050626,-1.050592,-0.800066,-0.000180
cmd,5.800000,301.775000,0.470647,-1.049740,1.050626,-1.050592,-0.800066,-0.000180
cmd,5.805000,301.780000,0.468165,-1.049740,1.050626,-1.050592,-0.800066,-0.000180
cmd,5.810000,301.785000,0.465809,-1.049740,1.050626,-1.050592,-0.800066,-0.000180
cmd,5.815000,301.790000,0.463588,-1.049740,1.050626,-1.050592,-0.800066,-0.000180
cmd,5.820000,301.795000,0.461511,-1.049740,1.050626,-1.050592,-0.800066,-0.000180
cmd,5.825000,301.800000,0.459586,-1.049740,1.050626,-1.050592,-0.800066,-0.000180
cmd,5.830000,301.805000,0.457820,-1.049740,1.050626,-1.050592,-0.800066,-0.000180
cmd,5.835000,301.810000,0.456221,-1.049740,1.050626,-1.050592,-0.800066,-0.000180
cmd,5.840000,301.815000,0.454795,-1.049740,1.050626,-1.050592,-0.800066,-0.000180
cmd,5.845000,301.820000,0.453548,-1.049740,1.050626,-1.050592,-0.800066,-0.000180
cmd,5.850000,301.825000,0.452484,-1.049740,1.050626,-1.050592,-0.800066,-0.000180
cmd,5.855000,301.830000,0.451607,-1.049740,1.050626,-1.050592,-0.800066,-0.000180
cmd,5.860000,301.835000,0.450922,-1.049740,1.050626,-1.050592,-0.800066,-0.000180
cmd,5.865000,301.840000,0.450431,-1.049740,1.050626,-1.050592,-0.800066,-0.000180
cmd,5.870000,301.845000,0.450135,-1.049740,1.050626,-1.050592,-0.800066,-0.000180
cmd,5.875000,301.850000,0.450036,-1.049740,1.050626,-1.050592,-0.800066,-0.000180
cmd,5.880000,301.855000,0.450135,-1.049740,1.050626,-1.050592,-0.800066,-0.000180
cmd,5.885000,301.860000,0.450431,-1.049740,1.050626,-1.050592,-0.800066,-0.000180
cmd,5.890000,301.865000,0.450922,-1.049740,1.050626,-1.050592,-0.800066,-0.000180
cmd,5.895000,301.870000,0.451607,-1.049740,1.050626,-1.050592,-0.800066,-0.000180
cmd,5.900000,301.875000,0.452484,-1.049740,1.050626,-1.050592,-0.800066,-0.000180
cmd,5.905000,301.880000,0.453548,-1.049740,1.050626,-1.050592,-0.800066,-0.000180
cmd,5.910000,301.885000,0.454795,-1.049740,1.050626,-1.050592,-0.800066,-0.000180
cmd,5.915000,301.890000,0.456221,-1.049740,1.050626,-1.050592,-0.800066,-0.000180
cmd,5.920000,301.895000,0.457820,-1.049740,1.050626,-1.050592,-0.800066,-0.000180
cmd,5.925000,301.900000,0.459586,-1.049740,1.050626,-1.050592,-0.800066,-0.000180
cmd,5.930000,301.905000,0.461511,-1.049740,1.050626,-1.050592,-0.800066,-0.000180
cmd,5.935000,301.910000,0.463588,-1.049740,1.050626,-1.050592,-0.800066,-0.000180
cmd,5.940000,301.915000,0.465809,-1.049740,1.050626,-1.050592,-0.800066,-0.000180
cmd,5.945000,301.920000,0.468165,-1.049740,1.050626,-1.050592,-0.800066,-0.000180
cmd,5.950000,301.925000,0.470647,-1.049740,1.050626,-1.050592,-0.800066,-0.000180
cmd,5.955000,301.930000,0.473245,-1.049740,1.050626,-1.050592,-0.800066,-0.000180
cmd,5.960000,301.935000,0.475949,-1.049740,1.050626,-1.050592,-0.800066,-0.000180
cmd,5.965000,301.940000,0.478747,-1.049740,1.050626,-1.050592,-0.800066,-0.000180
cmd,5.970000,301.945000,0.481630,-1.049740,1.050626,-1.050592,-0.800066,-0.000180
cmd,5.975000,301.950000,0.484586,-1.049740,1.050626,-1.050592,-0.800066,-0.000180
cmd,5.980000,301.955000,0.487602,-1.049740,1.050626,-1.050592,-0.800066,-0.000180
cmd,5.985000,301.960000,0.490667,-1.049740,1.050626,-1.050592,-0.800066,-0.000180
cmd,5.990000,301.965000,0.493770,-1.049740,1.050626,-1.050592,-0.800066,-0.000180
cmd,5.995000,301.970000,0.496897,-1.049740,1.050626,-1.050592,-0.800066,-0.000180
cmd,6.000000,301.975000,0.500036,-1.049740,1.050626,-1.050592,-0.800066,-0.000180
cmd,6.005000,301.980000,0.503176,-1.049740,1.050626,-1.050592,-0.800066,-0.000180
cmd,6.010000,301.985000,0.506303,-1.049740,1.050626,-1.050592,-0.800066,-0.000180
cmd,6.015000,301.990000,0.509405,-1.049740,1.050626,-1.050592,-0.800066,-0.000180
cmd,6.020000,301.995000,0.512471,-1.049740,1.050626,-1.050592,-0.800066,-0.000180
cmd,6.025000,302.000000,0.515487,-1.049740,1.050626,-1.050592,-0.800066,-0.000180
cmd,6.030000,302.005000,0.518443,-1.049740,1.050626,-1.050592,-0.800066,-0.000180
cmd,6.035000,302.010000,0.521325,-1.049740,1.050626,-1.050592,-0.800066,-0.000180
cmd,6.040000,302.015000,0.524124,-1.049740,1.050626,-1.050592,-0.800066,-0.000180
cmd,6.045000,302.020000,0.526828,-1.049740,1.050626,-1.050592,-0.800066,-0.000180
cmd,6.050000,302.025000,0.529426,-1.049740,1.050626,-1.050592,-0.800066,-0.000180
cmd,6.055000,302.030000,0.531908,-1.049740,1.050626,-1.050592,-0.800066,-0.000180
cmd,6.060000,302.035000,0.534264,-1.049740,1.050626,-1.050592,-0.800066,-0.000180
cmd,6.065000,302.040000,0.536485,-1.049740,1.050626,-1.050592,-0.800066,-0.000180
cmd,6.070000,302.045000,0.538562,-1.049740,1.050626,-1.050592,-0.800066,-0.000180
cmd,6.075000,302.050000,0.540487,-1.049740,1.050626,-1.050592,-0.800066,-0.000180
cmd,6.080000,302.055000,0.542253,-1.049740,1.050626,-1.050592,-0.800066,-0.000180
cmd,6.085000,302.060000,0.543852,-1.049740,1.050626,-1.050592,-0.800066,-0.000180
cmd,6.090000,302.065000,0.545278,-1.049740,1.050626,-1.050592,-0.800066,-0.000180
cmd,6.095000,302.070000,0.546525,-1.049740,1.050626,-1.050592,-0.800066,-0.000180
cmd,6.100000,302.075000,0.547589,-1.049740,1.050626,-1.050592,-0.800066,-0.000180
cmd,6.105000,302.080000,0.548466,-1.049740,1.050626,-1.050592,-0.800066,-0.000180
cmd,6.110000,302.085000,0.549151,-1.049740,1.050626,-1.050592,-0.800066,-0.000180
cmd,6.115000,302.090000,0.549642,-1.049740,1.050626,-1.050592,-0.800066,-0.000180
cmd,6.120000,302.095000,0.549938,-1.049740,1.050626,-1.050592,-0.800066,-0.000180
cmd,6.125000,302.100000,0.550036,-1.049740,1.050626,-1.050592,-0.800066,-0.000180
cmd,6.130000,302.105000,0.549938,-1.049740,1.050626,-1.050592,-0.800066,-0.000180
cmd,6.135000,302.110000,0.549642,-1.049740,1.050626,-1.050592,-0.800066,-0.000180
cmd,6.140000,302.115000,0.549151,-1.049740,1.050626,-1.050592,-0.800066,-0.000180
cmd,6.145000,302.120000,0.548466,-1.049740,1.050626,-1.050592,-0.800066,-0.000180
cmd,6.150000,302.125000,0.547589,-1.049740,1.050626,-1.050592,-0.800066,-0.000180
cmd,6.155000,302.130000,0.546525,-1.049740,1.050626,-1.050592,-0.800066,-0.000180
cmd,6.160000,302.135000,0.545278,-1.049740,1.050626,-1.050592,-0.800066,-0.000180
cmd,6.165000,302.140000,0.543852,-1.049740,1.050626,-1.050592,-0.800066,-0.000180
cmd,6.170000,302.145000,0.542253,-1.049740,1.050626,-1.050592,-0.800066,-0.000180
cmd,6.175000,302.150000,0.540487,-1.049740,1.050626,-1.050592,-0.800066,-0.000180
cmd,6.180000,302.155000,0.538562,-1.049740,1.050626,-1.050592,-0.800066,-0.000180
cmd,6.185000,302.160000,0.536485,-1.049740,1.050626,-1.050592,-0.800066,-0.000180
cmd,6.190000,302.165000,0.534264,-1.049740,1.050626,-1.050592,-0.800066,-0.000180
cmd,6.195000,302.170000,0.531908,-1.049740,1.050626,-1.050592,-0.800066,-0.000180
cmd,6.200000,302.175000,0.529426,-1.049740,1.050626,-1.050592,-0.800066,-0.000180
cmd,6.205000,302.180000,0.526828,-1.049740,1.050626,-1.050592,-0.800066,-0.000180
cmd,6.210000,302.185000,0.524124,-1.049740,1.050626,-1.050592,-0.800066,-0.000180
cmd,6.215000,302.190000,0.521325,-1.049740,1.050626,-1.050592,-0.800066,-0.000180
cmd,6.220000,302.195000,0.518443,-1.049740,1.050626,-1.050592,-0.800066,-0.000180
cmd,6.225000,302.200000,0.515487,-1.049740,1.050626,-1.050592,-0.800066,-0.000180
cmd,6.230000,302.205000,0.512471,-1.049740,1.050626,-1.050592,-0.800066,-0.000180
cmd,6.235000,302.210000,0.509405,-1.049740,1.050626,-1.050592,-0.800066,-0.000180
cmd,6.240000,302.215000,0.506303,-1.049740,1.050626,-1.050592,-0.800066,-0.000180
cmd,6.245000,302.220000,0.503176,-1.049740,1.050626,-1.050592,-0.800066,-0.000180
cmd,6.250000,302.225000,0.500036,-1.049740,1.050626,-1.050592,-0.800066,-0.000180
cmd,6.255000,302.230000,0.496897,-1.049740,1.050626,-1.050592,-0.800066,-0.000180
cmd,6.260000,302.235000,0.493770,-1.049740,1.050626,-1.050592,-0.800066,-0.000180
cmd,6.265000,302.240000,0.490667,-1.049740,1.050626,-1.050592,-0.800066,-0.000180
cmd,6.270000,302.245000,0.487602,-1.049740,1.050626,-1.050592,-0.800066,-0.000180
cmd,6.275000,302.250000,0.484586,-1.049740,1.050626,-1.050592,-0.800066,-0.000180
cmd,6.280000,302.255000,0.481630,-1.049740,1.050626,-1.050592,-0.800066,-0.000180
cmd,6.285000,302.260000,0.478747,-1.049740,1.050626,-1.050592,-0.800066,-0.000180
cmd,6.290000,302.265000,0.475949,-1.049740,1.050626,-1.050592,-0.800066,-0.000180
cmd,6.295000,302.270000,0.473245,-1.049740,1.050626,-1.050592,-0.800066,-0.000180
cmd,6.300000,302.275000,0.470647,-1.049740,1.050626,-1.050592,-0.800066,-0.000180
cmd,6.305000,302.280000,0.468165,-1.049740,1.050626,-1.050592,-0.800066,-0.000180
cmd,6.310000,302.285000,0.465809,-1.049740,1.050626,-1.050592,-0.800066,-0.000180
cmd,6.315000,302.290000,0.463588,-1.049740,1.050626,-1.050592,-0.800066,-0.000180
cmd,6.320000,302.295000,0.461511,-1.049740,1.050626,-1.050592,-0.800066,-0.000180
cmd,6.325000,302.300000,0.459586,-1.049740,1.050626,-1.050592,-0.800066,-0.000180
cmd,6.330000,302.305000,0.457820,-1.049740,1.050626,-1.050592,-0.800066,-0.000180
cmd,6.335000,302.310000,0.456221,-1.049740,1.050626,-1.050592,-0.800066,-0.000180
cmd,6.340000,302.315000,0.454795,-1.049740,1.050626,-1.050592,-0.800066,-0.000180
cmd,6.345000,302.320000,0.453548,-1.049740,1.050626,-1.050592,-0.800066,-0.000180
cmd,6.350000,302.325000,0.452484,-1.049740,1.050626,-1.050592,-0.800066,-0.000180
cmd,6.355000,302.330000,0.451607,-1.049740,1.050626,-1.050592,-0.800066,-0.000180
cmd,6.360000,302.335000,0.450922,-1.049740,1.050626,-1.050592,-0.800066,-0.000180
cmd,6.365000,302.340000,0.450431,-1.049740,1.050626,-1.050592,-0.800066,-0.000180
cmd,6.370000,302.345000,0.450135,-1.049740,1.050626,-1.050592,-0.800066,-0.000180
cmd,6.375000,302.350000,0.450036,-1.049740,1.050626,-1.050592,-0.800066,-0.000180
cmd,6.380000,302.355000,0.450135,-1.049740,1.050626,-1.050592,-0.800066,-0.000180
cmd,6.385000,302.360000,0.450431,-1.049740,1.050626,-1.050592,-0.800066,-0.000180
cmd,6.390000,302.365000,0.450922,-1.049740,1.050626,-1.050592,-0.800066,-0.000180
cmd,6.395000,302.370000,0.451607,-1.049740,1.050626,-1.050592,-0.800066,-0.000180
cmd,6.400000,302.375000,0.452484,-1.049740,1.050626,-1.050592,-0.800066,-0.000180
cmd,6.405000,302.380000,0.453548,-1.049740,1.050626,-1.050592,-0.800066,-0.000180
cmd,6.410000,302.385000,0.454795,-1.049740,1.050626,-1.050592,-0.800066,-0.000180
cmd,6.415000,302.390000,0.456221,-1.049740,1.050626,-1.050592,-0.800066,-0.000180
cmd,6.420000,302.395000,0.457820,-1.049740,1.050626,-1.050592,-0.800066,-0.000180
cmd,6.425000,302.400000,0.459586,-1.049740,1.050626,-1.050592,-0.800066,-0.000180
cmd,6.430000,302.405000,0.461511,-1.049740,1.050626,-1.050592,-0.800066,-0.000180
cmd,6.435000,302.410000,0.463588,-1.049740,1.050626,-1.050592,-0.800066,-0.000180
cmd,6.440000,302.415000,0.465809,-1.049740,1.050626,-1.050592,-0.800066,-0.000180
cmd,6.445000,302.420000,0.468165,-1.049740,1.050626,-1.050592,-0.800066,-0.000180
cmd,6.450000,302.425000,0.470647,-1.049740,1.050626,-1.050592,-0.800066,-0.000180
cmd,6.455000,302.430000,0.473245,-1.049740,1.050626,-1.050592,-0.800066,-0.000180
cmd,6.460000,302.435000,0.475949,-1.049740,1.050626,-1.050592,-0.800066,-0.000180
cmd,6.465000,302.440000,0.478747,-1.049740,1.050626,-1.050592,-0.800066,-0.000180
cmd,6.470000,302.445000,0.481630,-1.049740,1.050626,-1.050592,-0.800066,-0.000180
cmd,6.475000,302.450000,0.484586,-1.049740,1.050626,-1.050592,-0.800066,-0.000180
cmd,6.480000,302.455000,0.487602,-1.049740,1.050626,-1.050592,-0.800066,-0.000180
cmd,6.485000,302.460000,0.490667,-1.049740,1.050626,-1.050592,-0.800066,-0.000180
cmd,6.490000,302.465000,0.493770,-1.049740,1.050626,-1.050592,-0.800066,-0.000180
cmd,6.495000,302.470000,0.496897,-1.049740,1.050626,-1.050592,-0.800066,-0.000180
cmd,6.500000,302.475000,0.500036,-1.049740,1.050626,-1.050592,-0.800066,-0.000180
cmd,6.505000,302.480000,0.503176,-1.049740,1.050626,-1.050592,-0.800066,-0.000180
cmd,6.510000,302.485000,0.506303,-1.049740,1.050626,-1.050592,-0.800066,-0.000180
cmd,6.515000,302.490000,0.509405,-1.049740,1.050626,-1.050592,-0.800066,-0.000180
cmd,6.520000,302.495000,0.512471,-1.049740,1.050626,-1.050592,-0.800066,-0.000180
cmd,6.525000,302.500000,0.515487,-1.049740,1.050626,-1.050592,-0.800066,-0.000180
cmd,6.530000,302.505000,0.518443,-1.049740,1.050626,-1.050592,-0.800066,-0.000180
cmd,6.535000,302.510000,0.521325,-1.049740,1.050626,-1.050592,-0.800066,-0.000180
cmd,6.540000,302.515000,0.524124,-1.049740,1.050626,-1.050592,-0.800066,-0.000180
cmd,6.545000,302.520000,0.526828,-1.049740,1.050626,-1.050592,-0.800066,-0.000180
cmd,6.550000,302.525000,0.529426,-1.049740,1.050626,-1.050592,-0.800066,-0.000180
cmd,6.555000,302.530000,0.531908,-1.049740,1.050626,-1.050592,-0.800066,-0.000180
cmd,6.560000,302.535000,0.534264,-1.049740,1.050626,-1.050592,-0.800066,-0.000180
cmd,6.565000,302.540000,0.536485,-1.049740,1.050626,-1.050592,-0.800066,-0.000180
cmd,6.570000,302.545000,0.538562,-1.049740,1.050626,-1.050592,-0.800066,-0.000180
cmd,6.575000,302.550000,0.540487,-1.049740,1.050626,-1.050592,-0.800066,-0.000180
cmd,6.580000,302.555000,0.542253,-1.049740,1.050626,-1.050592,-0.800066,-0.000180
cmd,6.585000,302.560000,0.543852,-1.049740,1.050626,-1.050592,-0.800066,-0.000180
cmd,6.590000,302.565000,0.545278,-1.049740,1.050626,-1.050592,-0.800066,-0.000180
cmd,6.595000,302.570000,0.546525,-1.049740,1.050626,-1.050592,-0.800066,-0.000180
cmd,6.600000,302.575000,0.547589,-1.049740,1.050626,-1.050592,-0.800066,-0.000180
cmd,6.605000,302.580000,0.548466,-1.049740,1.050626,-1.050592,-0.800066,-0.000180
cmd,6.610000,302.585000,0.549151,-1.049740,1.050626,-1.050592,-0.800066,-0.000180
cmd,6.615000,302.590000,0.549642,-1.049740,1.050626,-1.050592,-0.800066,-0.000180
cmd,6.620000,302.595000,0.549938,-1.049740,1.050626,-1.050592,-0.800066,-0.000180
cmd,6.625000,302.600000,0.550036,-1.049740,1.050626,-1.050592,-0.800066,-0.000180
cmd,6.630000,302.605000,0.549938,-1.049740,1.050626,-1.050592,-0.800066,-0.000180
cmd,6.635000,302.610000,0.549642,-1.049740,1.050626,-1.050592,-0.800066,-0.000180
cmd,6.640000,302.615000,0.549151,-1.049740,1.050626,-1.050592,-0.800066,-0.000180
cmd,6.645000,302.620000,0.548466,-1.049740,1.050626,-1.050592,-0.800066,-0.000180
cmd,6.650000,302.625000,0.547589,-1.049740,1.050626,-1.050592,-0.800066,-0.000180
cmd,6.655000,302.630000,0.546525,-1.049740,1.050626,-1.050592,-0.800066,-0.000180
cmd,6.660000,302.635000,0.545278,-1.049740,1.050626,-1.050592,-0.800066,-0.000180
cmd,6.665000,302.640000,0.543852,-1.049740,1.050626,-1.050592,-0.800066,-0.000180
cmd,6.670000,302.645000,0.542253,-1.049740,1.050626,-1.050592,-0.800066,-0.000180
cmd,6.675000,302.650000,0.540487,-1.049740,1.050626,-1.050592,-0.800066,-0.000180
cmd,6.680000,302.655000,0.538562,-1.049740,1.050626,-1.050592,-0.800066,-0.000180
cmd,6.685000,302.660000,0.536485,-1.049740,1.050626,-1.050592,-0.800066,-0.000180
cmd,6.690000,302.665000,0.534264,-1.049740,1.050626,-1.050592,-0.800066,-0.000180
cmd,6.695000,302.670000,0.531908,-1.049740,1.050626,-1.050592,-0.800066,-0.000180
cmd,6.700000,302.675000,0.529426,-1.049740,1.050626,-1.050592,-0.800066,-0.000180
cmd,6.705000,302.680000,0.526828,-1.049740,1.050626,-1.050592,-0.800066,-0.000180
cmd,6.710000,302.685000,0.524124,-1.049740,1.050626,-1.050592,-0.800066,-0.000180
cmd,6.715000,302.690000,0.521325,-1.049740,1.050626,-1.050592,-0.800066,-0.000180
cmd,6.720000,302.695000,0.518443,-1.049740,1.050626,-1.050592,-0.800066,-0.000180
cmd,6.725000,302.700000,0.515487,-1.049740,1.050626,-1.050592,-0.800066,-0.000180
cmd,6.730000,302.705000,0.512471,-1.049740,1.050626,-1.050592,-0.800066,-0.000180
cmd,6.735000,302.710000,0.509405,-1.049740,1.050626,-1.050592,-0.800066,-0.000180
cmd,6.740000,302.715000,0.506303,-1.049740,1.050626,-1.050592,-0.800066,-0.000180
cmd,6.745000,302.720000,0.503176,-1.049740,1.050626,-1.050592,-0.800066,-0.000180
cmd,6.750000,302.725000,0.500036,-1.049740,1.050626,-1.050592,-0.800066,-0.000180
cmd,6.755000,302.730000,0.496897,-1.049740,1.050626,-1.050592,-0.800066,-0.000180
cmd,6.760000,302.735000,0.493770,-1.049740,1.050626,-1.050592,-0.800066,-0.000180
cmd,6.765000,302.740000,0.490667,-1.049740,1.050626,-1.050592,-0.800066,-0.000180
cmd,6.770000,302.745000,0.487602,-1.049740,1.050626,-1.050592,-0.800066,-0.000180
cmd,6.775000,302.750000,0.484586,-1.049740,1.050626,-1.050592,-0.800066,-0.000180
cmd,6.780000,302.755000,0.481630,-1.049740,1.050626,-1.050592,-0.800066,-0.000180
cmd,6.785000,302.760000,0.478747,-1.049740,1.050626,-1.050592,-0.800066,-0.000180
cmd,6.790000,302.765000,0.475949,-1.049740,1.050626,-1.050592,-0.800066,-0.000180
cmd,6.795000,302.770000,0.473245,-1.049740,1.050626,-1.050592,-0.800066,-0.000180
cmd,6.800000,302.775000,0.470647,-1.049740,1.050626,-1.050592,-0.800066,-0.000180
cmd,6.805000,302.780000,0.468165,-1.049740,1.050626,-1.050592,-0.800066,-0.000180
cmd,6.810000,302.785000,0.465809,-1.049740,1.050626,-1.050592,-0.800066,-0.000180
cmd,6.815000,302.790000,0.463588,-1.049740,1.050626,-1.050592,-0.800066,-0.000180
cmd,6.820000,302.795000,0.461511,-1.049740,1.050626,-1.050592,-0.800066,-0.000180
cmd,6.825000,302.800000,0.459586,-1.049740,1.050626,-1.050592,-0.800066,-0.000180
cmd,6.830000,302.805000,0.457820,-1.049740,1.050626,-1.050592,-0.800066,-0.000180
cmd,6.835000,302.810000,0.456221,-1.049740,1.050626,-1.050592,-0.800066,-0.000180
cmd,6.840000,302.815000,0.454795,-1.049740,1.050626,-1.050592,-0.800066,-0.000180
cmd,6.845000,302.820000,0.453548,-1.049740,1.050626,-1.050592,-0.800066,-0.000180
cmd,6.850000,302.825000,0.452484,-1.049740,1.050626,-1.050592,-0.800066,-0.000180
cmd,6.855000,302.830000,0.451607,-1.049740,1.050626,-1.050592,-0.800066,-0.000180
cmd,6.860000,302.835000,0.450922,-1.049740,1.050626,-1.050592,-0.800066,-0.000180
cmd,6.865000,302.840000,0.450431,-1.049740,1.050626,-1.050592,-0.800066,-0.000180
cmd,6.870000,302.845000,0.450135,-1.049740,1.050626,-1.050592,-0.800066,-0.000180
cmd,6.875000,302.850000,0.450036,-1.049740,1.050626,-1.050592,-0.800066,-0.000180
cmd,6.880000,302.855000,0.450135,-1.049740,1.050626,-1.050592,-0.800066,-0.000180
cmd,6.885000,302.860000,0.450431,-1.049740,1.050626,-1.050592,-0.800066,-0.000180
cmd,6.890000,302.865000,0.450922,-1.049740,1.050626,-1.050592,-0.800066,-0.000180
cmd,6.895000,302.870000,0.451607,-1.049740,1.050626,-1.050592,-0.800066,-0.000180
cmd,6.900000,302.875000,0.452484,-1.049740,1.050626,-1.050592,-0.800066,-0.000180
cmd,6.905000,302.880000,0.453548,-1.049740,1.050626,-1.050592,-0.800066,-0.000180
cmd,6.910000,302.885000,0.454795,-1.049740,1.050626,-1.050592,-0.800066,-0.000180
cmd,6.915000,302.890000,0.456221,-1.049740,1.050626,-1.050592,-0.800066,-0.000180
cmd,6.920000,302.895000,0.457820,-1.049740,1.050626,-1.050592,-0.800066,-0.000180
cmd,6.925000,302.900000,0.459586,-1.049740,1.050626,-1.050592,-0.800066,-0.000180
cmd,6.930000,302.905000,0.461511,-1.049740,1.050626,-1.050592,-0.800066,-0.000180
cmd,6.935000,302.910000,0.463588,-1.049740,1.050626,-1.050592,-0.800066,-0.000180
cmd,6.940000,302.915000,0.465809,-1.049740,1.050626,-1.050592,-0.800066,-0.000180
cmd,6.945000,302.920000,0.468165,-1.049740,1.050626,-1.050592,-0.800066,-0.000180
cmd,6.950000,302.925000,0.470647,-1.049740,1.050626,-1.050592,-0.800066,-0.000180
cmd,6.955000,302.930000,0.473245,-1.049740,1.050626,-1.050592,-0.800066,-0.000180
cmd,6.960000,302.935000,0.475949,-1.049740,1.050626,-1.050592,-0.800066,-0.000180
cmd,6.965000,302.940000,0.478747,-1.049740,1.050626,-1.050592,-0.800066,-0.000180
cmd,6.970000,302.945000,0.481630,-1.049740,1.050626,-1.050592,-0.800066,-0.000180
cmd,6.975000,302.950000,0.484586,-1.049740,1.050626,-1.050592,-0.800066,-0.000180
cmd,6.980000,302.955000,0.487602,-1.049740,1.050626,-1.050592,-0.800066,-0.000180
cmd,6.985000,302.960000,0.490667,-1.049740,1.050626,-1.050592,-0.800066,-0.000180
cmd,6.990000,302.965000,0.493770,-1.049740,1.050626,-1.050592,-0.800066,-0.000180
cmd,6.995000,302.970000,0.496897,-1.049740,1.050626,-1.050592,-0.800066,-0.000180
cmd,7.000000,302.975000,0.500036,-1.049740,1.050626,-1.050592,-0.800066,-0.000180
cmd,7.005000,302.980000,0.503176,-1.049740,1.050626,-1.050592,-0.800066,-0.000180
cmd,7.010000,302.985000,0.506303,-1.049740,1.050626,-1.050592,-0.800066,-0.000180
cmd,7.015000,302.990000,0.509405,-1.049740,1.050626,-1.050592,-0.800066,-0.000180
cmd,7.020000,302.995000,0.512471,-1.049740,1.050626,-1.050592,-0.800066,-0.000180
cmd,7.025000,303.000000,0.515487,-1.049740,1.050626,-1.050592,-0.800066,-0.000180
cmd,7.030000,303.005000,0.518443,-1.049740,1.050626,-1.050592,-0.800066,-0.000180
cmd,7.035000,303.010000,0.521325,-1.049740,1.050626,-1.050592,-0.800066,-0.000180
cmd,7.040000,303.015000,0.524124,-1.049740,1.050626,-1.050592,-0.800066,-0.000180
cmd,7.045000,303.020000,0.526828,-1.049740,1.050626,-1.050592,-0.800066,-0.000180
cmd,7.050000,303.025000,0.529426,-1.049740,1.050626,-1.050592,-0.800066,-0.000180
cmd,7.055000,303.030000,0.531908,-1.049740,1.050626,-1.050592,-0.800066,-0.000180
cmd,7.060000,303.035000,0.534264,-1.049740,1.050626,-1.050592,-0.800066,-0.000180
cmd,7.065000,303.040000,0.536485,-1.049740,1.050626,-1.050592,-0.800066,-0.000180
cmd,7.070000,303.045000,0.538562,-1.049740,1.050626,-1.050592,-0.800066,-0.000180
cmd,7.075000,303.050000,0.540487,-1.049740,1.050626,-1.050592,-0.800066,-0.000180
cmd,7.080000,303.055000,0.542253,-1.049740,1.050626,-1.050592,-0.800066,-0.000180
cmd,7.085000,303.060000,0.543852,-1.049740,1.050626,-1.050592,-0.800066,-0.000180
cmd,7.090000,303.065000,0.545278,-1.049740,1.050626,-1.050592,-0.800066,-0.000180
cmd,7.095000,303.070000,0.546525,-1.049740,1.050626,-1.050592,-0.800066,-0.000180
cmd,7.100000,303.075000,0.547589,-1.049740,1.050626,-1.050592,-0.800066,-0.000180
cmd,7.105000,303.080000,0.548466,-1.049740,1.050626,-1.050592,-0.800066,-0.000180
cmd,7.110000,303.085000,0.549151,-1.049740,1.050626,-1.050592,-0.800066,-0.000180
cmd,7.115000,303.090000,0.549642,-1.049740,1.050626,-1.050592,-0.800066,-0.000180
cmd,7.120000,303.095000,0.549938,-1.049740,1.050626,-1.050592,-0.800066,-0.000180
cmd,7.125000,303.100000,0.550036,-1.049740,1.050626,-1.050592,-0.800066,-0.000180
cmd,7.130000,303.105000,0.549938,-1.049740,1.050626,-1.050592,-0.800066,-0.000180
cmd,7.135000,303.110000,0.549642,-1.049740,1.050626,-1.050592,-0.800066,-0.000180
cmd,7.140000,303.115000,0.549151,-1.049740,1.050626,-1.050592,-0.800066,-0.000180
cmd,7.145000,303.120000,0.548466,-1.049740,1.050626,-1.050592,-0.800066,-0.000180
cmd,7.150000,303.125000,0.547589,-1.049740,1.050626,-1.050592,-0.800066,-0.000180
cmd,7.155000,303.130000,0.546525,-1.049740,1.050626,-1.050592,-0.800066,-0.000180
cmd,7.160000,303.135000,0.545278,-1.049740,1.050626,-1.050592,-0.800066,-0.000180
cmd,7.165000,303.140000,0.543852,-1.049740,1.050626,-1.050592,-0.800066,-0.000180
cmd,7.170000,303.145000,0.542253,-1.049740,1.050626,-1.050592,-0.800066,-0.000180
cmd,7.175000,303.150000,0.540487,-1.049740,1.050626,-1.050592,-0.800066,-0.000180
cmd,7.180000,303.155000,0.538562,-1.049740,1.050626,-1.050592,-0.800066,-0.000180
cmd,7.185000,303.160000,0.536485,-1.049740,1.050626,-1.050592,-0.800066,-0.000180
cmd,7.190000,303.165000,0.534264,-1.049740,1.050626,-1.050592,-0.800066,-0.000180
cmd,7.195000,303.170000,0.531908,-1.049740,1.050626,-1.050592,-0.800066,-0.000180
cmd,7.200000,303.175000,0.529426,-1.049740,1.050626,-1.050592,-0.800066,-0.000180
cmd,7.205000,303.180000,0.526828,-1.049740,1.050626,-1.050592,-0.800066,-0.000180
cmd,7.210000,303.185000,0.524124,-1.049740,1.050626,-1.050592,-0.800066,-0.000180
cmd,7.215000,303.190000,0.521325,-1.049740,1.050626,-1.050592,-0.800066,-0.000180
cmd,7.220000,303.195000,0.518443,-1.049740,1.050626,-1.050592,-0.800066,-0.000180
cmd,7.225000,303.200000,0.515487,-1.049740,1.050626,-1.050592,-0.800066,-0.000180
cmd,7.230000,303.205000,0.512471,-1.049740,1.050626,-1.050592,-0.800066,-0.000180
cmd,7.235000,303.210000,0.509405,-1.049740,1.050626,-1.050592,-0.800066,-0.000180
cmd,7.240000,303.215000,0.506303,-1.049740,1.050626,-1.050592,-0.800066,-0.000180
cmd,7.245000,303.220000,0.503176,-1.049740,1.050626,-1.050592,-0.800066,-0.000180
cmd,7.250000,303.225000,0.500036,-1.049740,1.050626,-1.050592,-0.800066,-0.000180
cmd,7.255000,303.230000,0.496897,-1.049740,1.050626,-1.050592,-0.800066,-0.000180
cmd,7.260000,303.235000,0.493770,-1.049740,1.050626,-1.050592,-0.800066,-0.000180
cmd,7.265000,303.240000,0.490667,-1.049740,1.050626,-1.050592,-0.800066,-0.000180
cmd,7.270000,303.245000,0.487602,-1.049740,1.050626,-1.050592,-0.800066,-0.000180
cmd,7.275000,303.250000,0.484586,-1.049740,1.050626,-1.050592,-0.800066,-0.000180
cmd,7.280000,303.255000,0.481630,-1.049740,1.050626,-1.050592,-0.800066,-0.000180
cmd,7.285000,303.260000,0.478747,-1.049740,1.050626,-1.050592,-0.800066,-0.000180
cmd,7.290000,303.265000,0.475949,-1.049740,1.050626,-1.050592,-0.800066,-0.000180
cmd,7.295000,303.270000,0.473245,-1.049740,1.050626,-1.050592,-0.800066,-0.000180
cmd,7.300000,303.275000,0.470647,-1.049740,1.050626,-1.050592,-0.800066,-0.000180
cmd,7.305000,303.280000,0.468165,-1.049740,1.050626,-1.050592,-0.800066,-0.000180
cmd,7.310000,303.285000,0.465809,-1.049740,1.050626,-1.050592,-0.800066,-0.000180
cmd,7.315000,303.290000,0.463588,-1.049740,1.050626,-1.050592,-0.800066,-0.000180
cmd,7.320000,303.295000,0.461511,-1.049740,1.050626,-1.050592,-0.800066,-0.000180
cmd,7.325000,303.300000,0.459586,-1.049740,1.050626,-1.050592,-0.800066,-0.000180
cmd,7.330000,303.305000,0.457820,-1.049740,1.050626,-1.050592,-0.800066,-0.000180
cmd,7.335000,303.310000,0.456221,-1.049740,1.050626,-1.050592,-0.800066,-0.000180
cmd,7.340000,303.315000,0.454795,-1.049740,1.050626,-1.050592,-0.800066,-0.000180
cmd,7.345000,303.320000,0.453548,-1.049740,1.050626,-1.050592,-0.800066,-0.000180
cmd,7.350000,303.325000,0.452484,-1.049740,1.050626,-1.050592,-0.800066,-0.000180
cmd,7.355000,303.330000,0.451607,-1.049740,1.050626,-1.050592,-0.800066,-0.000180
cmd,7.360000,303.335000,0.450922,-1.049740,1.050626,-1.050592,-0.800066,-0.000180
cmd,7.365000,303.340000,0.450431,-1.049740,1.050626,-1.050592,-0.800066,-0.000180
cmd,7.370000,303.345000,0.450135,-1.049740,1.050626,-1.050592,-0.800066,-0.000180
cmd,7.375000,303.350000,0.450036,-1.049740,1.050626,-1.050592,-0.800066,-0.000180
cmd,7.380000,303.355000,0.450135,-1.049740,1.050626,-1.050592,-0.800066,-0.000180
cmd,7.385000,303.360000,0.450431,-1.049740,1.050626,-1.050592,-0.800066,-0.000180
cmd,7.390000,303.365000,0.450922,-1.049740,1.050626,-1.050592,-0.800066,-0.000180
cmd,7.395000,303.370000,0.451607,-1.049740,1.050626,-1.050592,-0.800066,-0.000180
cmd,7.400000,303.375000,0.452484,-1.049740,1.050626,-1.050592,-0.800066,-0.000180
cmd,7.405000,303.380000,0.453548,-1.049740,1.050626,-1.050592,-0.800066,-0.000180
cmd,7.410000,303.385000,0.454795,-1.049740,1.050626,-1.050592,-0.800066,-0.000180
cmd,7.415000,303.390000,0.456221,-1.049740,1.050626,-1.050592,-0.800066,-0.000180
cmd,7.420000,303.395000,0.457820,-1.049740,1.050626,-1.050592,-0.800066,-0.000180
cmd,7.425000,303.400000,0.459586,-1.049740,1.050626,-1.050592,-0.800066,-0.000180
cmd,7.430000,303.405000,0.461511,-1.049740,1.050626,-1.050592,-0.800066,-0.000180
cmd,7.435000,303.410000,0.463588,-1.049740,1.050626,-1.050592,-0.800066,-0.000180
cmd,7.440000,303.415000,0.465809,-1.049740,1.050626,-1.050592,-0.800066,-0.000180
cmd,7.445000,303.420000,0.468165,-1.049740,1.050626,-1.050592,-0.800066,-0.000180
cmd,7.450000,303.425000,0.470647,-1.049740,1.050626,-1.050592,-0.800066,-0.000180
cmd,7.455000,303.430000,0.473245,-1.049740,1.050626,-1.050592,-0.800066,-0.000180
cmd,7.460000,303.435000,0.475949,-1.049740,1.050626,-1.050592,-0.800066,-0.000180
cmd,7.465000,303.440000,0.478747,-1.049740,1.050626,-1.050592,-0.800066,-0.000180
cmd,7.470000,303.445000,0.481630,-1.049740,1.050626,-1.050592,-0.800066,-0.000180
cmd,7.475000,303.450000,0.484586,-1.049740,1.050626,-1.050592,-0.800066,-0.000180
cmd,7.480000,303.455000,0.487602,-1.049740,1.050626,-1.050592,-0.800066,-0.000180
cmd,7.485000,303.460000,0.490667,-1.049740,1.050626,-1.050592,-0.800066,-0.000180
cmd,7.490000,303.465000,0.493770,-1.049740,1.050626,-1.050592,-0.800066,-0.000180
cmd,7.495000,303.470000,0.496897,-1.049740,1.050626,-1.050592,-0.800066,-0.000180
cmd,7.500000,303.475000,0.500036,-1.049740,1.050626,-1.050592,-0.800066,-0.000180
cmd,7.505000,303.480000,0.503176,-1.049740,1.050626,-1.050592,-0.800066,-0.000180
cmd,7.510000,303.485000,0.506303,-1.049740,1.050626,-1.050592,-0.800066,-0.000180
cmd,7.515000,303.490000,0.509405,-1.049740,1.050626,-1.050592,-0.800066,-0.000180
cmd,7.520000,303.495000,0.512471,-1.049740,1.050626,-1.050592,-0.800066,-0.000180
cmd,7.525000,303.500000,0.515487,-1.049740,1.050626,-1.050592,-0.800066,-0.000180
cmd,7.530000,303.505000,0.518443,-1.049740,1.050626,-1.050592,-0.800066,-0.000180
cmd,7.535000,303.510000,0.521325,-1.049740,1.050626,-1.050592,-0.800066,-0.000180
cmd,7.540000,303.515000,0.524124,-1.049740,1.050626,-1.050592,-0.800066,-0.000180
cmd,7.545000,303.520000,0.526828,-1.049740,1.050626,-1.050592,-0.800066,-0.000180
cmd,7.550000,303.525000,0.529426,-1.049740,1.050626,-1.050592,-0.800066,-0.000180
cmd,7.555000,303.530000,0.531908,-1.049740,1.050626,-1.050592,-0.800066,-0.000180
cmd,7.560000,303.535000,0.534264,-1.049740,1.050626,-1.050592,-0.800066,-0.000180
cmd,7.565000,303.540000,0.536485,-1.049740,1.050626,-1.050592,-0.800066,-0.000180
cmd,7.570000,303.545000,0.538562,-1.049740,1.050626,-1.050592,-0.800066,-0.000180
cmd,7.575000,303.550000,0.540487,-1.049740,1.050626,-1.050592,-0.800066,-0.000180
cmd,7.580000,303.555000,0.542253,-1.049740,1.050626,-1.050592,-0.800066,-0.000180
cmd,7.585000,303.560000,0.543852,-1.049740,1.050626,-1.050592,-0.800066,-0.000180
cmd,7.590000,303.565000,0.545278,-1.049740,1.050626,-1.050592,-0.800066,-0.000180
cmd,7.595000,303.570000,0.546525,-1.049740,1.050626,-1.050592,-0.800066,-0.000180
cmd,7.600000,303.575000,0.547589,-1.049740,1.050626,-1.050592,-0.800066,-0.000180
cmd,7.605000,303.580000,0.548466,-1.049740,1.050626,-1.050592,-0.800066,-0.000180
cmd,7.610000,303.585000,0.549151,-1.049740,1.050626,-1.050592,-0.800066,-0.000180
cmd,7.615000,303.590000,0.549642,-1.049740,1.050626,-1.050592,-0.800066,-0.000180
cmd,7.620000,303.595000,0.549938,-1.049740,1.050626,-1.050592,-0.800066,-0.000180
cmd,7.625000,303.600000,0.550036,-1.049740,1.050626,-1.050592,-0.800066,-0.000180
cmd,7.630000,303.605000,0.549938,-1.049740,1.050626,-1.050592,-0.800066,-0.000180
cmd,7.635000,303.610000,0.549642,-1.049740,1.050626,-1.050592,-0.800066,-0.000180
cmd,7.640000,303.615000,0.549151,-1.049740,1.050626,-1.050592,-0.800066,-0.000180
cmd,7.645000,303.620000,0.548466,-1.049740,1.050626,-1.050592,-0.800066,-0.000180
cmd,7.650000,303.625000,0.547589,-1.049740,1.050626,-1.050592,-0.800066,-0.000180
cmd,7.655000,303.630000,0.546525,-1.049740,1.050626,-1.050592,-0.800066,-0.000180
cmd,7.660000,303.635000,0.545278,-1.049740,1.050626,-1.050592,-0.800066,-0.000180
cmd,7.665000,303.640000,0.543852,-1.049740,1.050626,-1.050592,-0.800066,-0.000180
cmd,7.670000,303.645000,0.542253,-1.049740,1.050626,-1.050592,-0.800066,-0.000180
cmd,7.675000,303.650000,0.540487,-1.049740,1.050626,-1.050592,-0.800066,-0.000180
cmd,7.680000,303.655000,0.538562,-1.049740,1.050626,-1.050592,-0.800066,-0.000180
cmd,7.685000,303.660000,0.536485,-1.049740,1.050626,-1.050592,-0.800066,-0.000180
cmd,7.690000,303.665000,0.534264,-1.049740,1.050626,-1.050592,-0.800066,-0.000180
cmd,7.695000,303.670000,0.531908,-1.049740,1.050626,-1.050592,-0.800066,-0.000180
cmd,7.700000,303.675000,0.529426,-1.049740,1.050626,-1.050592,-0.800066,-0.000180
cmd,7.705000,303.680000,0.526828,-1.049740,1.050626,-1.050592,-0.800066,-0.000180
cmd,7.710000,303.685000,0.524124,-1.049740,1.050626,-1.050592,-0.800066,-0.000180
cmd,7.715000,303.690000,0.521325,-1.049740,1.050626,-1.050592,-0.800066,-0.000180
cmd,7.720000,303.695000,0.518443,-1.049740,1.050626,-1.050592,-0.800066,-0.000180
cmd,7.725000,303.700000,0.515487,-1.049740,1.050626,-1.050592,-0.800066,-0.000180
cmd,7.730000,303.705000,0.512471,-1.049740,1.050626,-1.050592,-0.800066,-0.000180
cmd,7.735000,303.710000,0.509405,-1.049740,1.050626,-1.050592,-0.800066,-0.000180
cmd,7.740000,303.715000,0.506303,-1.049740,1.050626,-1.050592,-0.800066,-0.000180
cmd,7.745000,303.720000,0.503176,-1.049740,1.050626,-1.050592,-0.800066,-0.000180
cmd,7.750000,303.725000,0.500036,-1.049740,1.050626,-1.050592,-0.800066,-0.000180
cmd,7.755000,303.730000,0.496897,-1.049740,1.050626,-1.050592,-0.800066,-0.000180
cmd,7.760000,303.735000,0.493770,-1.049740,1.050626,-1.050592,-0.800066,-0.000180
cmd,7.765000,303.740000,0.490667,-1.049740,1.050626,-1.050592,-0.800066,-0.000180
cmd,7.770000,303.745000,0.487602,-1.049740,1.050626,-1.050592,-0.800066,-0.000180
cmd,7.775000,303.750000,0.484586,-1.049740,1.050626,-1.050592,-0.800066,-0.000180
cmd,7.780000,303.755000,0.481630,-1.049740,1.050626,-1.050592,-0.800066,-0.000180
cmd,7.785000,303.760000,0.478747,-1.049740,1.050626,-1.050592,-0.800066,-0.000180
cmd,7.790000,303.765000,0.475949,-1.049740,1.050626,-1.050592,-0.800066,-0.000180
cmd,7.795000,303.770000,0.473245,-1.049740,1.050626,-1.050592,-0.800066,-0.000180
cmd,7.800000,303.775000,0.470647,-1.049740,1.050626,-1.050592,-0.800066,-0.000180
cmd,7.805000,303.780000,0.468165,-1.049740,1.050626,-1.050592,-0.800066,-0.000180
cmd,7.810000,303.785000,0.465809,-1.049740,1.050626,-1.050592,-0.800066,-0.000180
cmd,7.815000,303.790000,0.463588,-1.049740,1.050626,-1.050592,-0.800066,-0.000180
cmd,7.820000,303.795000,0.461511,-1.049740,1.050626,-1.050592,-0.800066,-0.000180
cmd,7.825000,303.800000,0.459586,-1.049740,1.050626,-1.050592,-0.800066,-0.000180
cmd,7.830000,303.805000,0.457820,-1.049740,1.050626,-1.050592,-0.800066,-0.000180
cmd,7.835000,303.810000,0.456221,-1.049740,1.050626,-1.050592,-0.800066,-0.000180
cmd,7.840000,303.815000,0.454795,-1.049740,1.050626,-1.050592,-0.800066,-0.000180
cmd,7.845000,303.820000,0.453548,-1.049740,1.050626,-1.050592,-0.800066,-0.000180
cmd,7.850000,303.825000,0.452484,-1.049740,1.050626,-1.050592,-0.800066,-0.000180
cmd,7.855000,303.830000,0.451607,-1.049740,1.050626,-1.050592,-0.800066,-0.000180
cmd,7.860000,303.835000,0.450922,-1.049740,1.050626,-1.050592,-0.800066,-0.000180
cmd,7.865000,303.840000,0.450431,-1.049740,1.050626,-1.050592,-0.800066,-0.000180
cmd,7.870000,303.845000,0.450135,-1.049740,1.050626,-1.050592,-0.800066,-0.000180
cmd,7.875000,303.850000,0.450036,-1.049740,1.050626,-1.050592,-0.800066,-0.000180
cmd,7.880000,303.855000,0.450135,-1.049740,1.050626,-1.050592,-0.800066,-0.000180
cmd,7.885000,303.860000,0.450431,-1.049740,1.050626,-1.050592,-0.800066,-0.000180
cmd,7.890000,303.865000,0.450922,-1.049740,1.050626,-1.050592,-0.800066,-0.000180
cmd,7.895000,303.870000,0.451607,-1.049740,1.050626,-1.050592,-0.800066,-0.000180
cmd,7.900000,303.875000,0.452484,-1.049740,1.050626,-1.050592,-0.800066,-0.000180
cmd,7.905000,303.880000,0.453548,-1.049740,1.050626,-1.050592,-0.800066,-0.000180
cmd,7.910000,303.885000,0.454795,-1.049740,1.050626,-1.050592,-0.800066,-0.000180
cmd,7.915000,303.890000,0.456221,-1.049740,1.050626,-1.050592,-0.800066,-0.000180
cmd,7.920000,303.895000,0.457820,-1.049740,1.050626,-1.050592,-0.800066,-0.000180
cmd,7.925000,303.900000,0.459586,-1.049740,1.050626,-1.050592,-0.800066,-0.000180
cmd,7.930000,303.905000,0.461511,-1.049740,1.050626,-1.050592,-0.800066,-0.000180
cmd,7.935000,303.910000,0.463588,-1.049740,1.050626,-1.050592,-0.800066,-0.000180
cmd,7.940000,303.915000,0.465809,-1.049740,1.050626,-1.050592,-0.800066,-0.000180
cmd,7.945000,303.920000,0.468165,-1.049740,1.050626,-1.050592,-0.800066,-0.000180
cmd,7.950000,303.925000,0.470647,-1.049740,1.050626,-1.050592,-0.800066,-0.000180
cmd,7.955000,303.930000,0.473245,-1.049740,1.050626,-1.050592,-0.800066,-0.000180
cmd,7.960000,303.935000,0.475949,-1.049740,1.050626,-1.050592,-0.800066,-0.000180
cmd,7.965000,303.940000,0.478747,-1.049740,1.050626,-1.050592,-0.800066,-0.000180
cmd,7.970000,303.945000,0.481630,-1.049740,1.050626,-1.050592,-0.800066,-0.000180
cmd,7.975000,303.950000,0.484586,-1.049740,1.050626,-1.050592,-0.800066,-0.000180
cmd,7.980000,303.955000,0.487602,-1.049740,1.050626,-1.050592,-0.800066,-0.000180
cmd,7.985000,303.960000,0.490667,-1.049740,1.050626,-1.050592,-0.800066,-0.000180
cmd,7.990000,303.965000,0.493770,-1.049740,1.050626,-1.050592,-0.800066,-0.000180
cmd,7.995000,303.970000,0.496897,-1.049740,1.050626,-1.050592,-0.800066,-0.000180
cmd,8.000000,303.975000,0.500036,-1.049740,1.050626,-1.050592,-0.800066,-0.000180
cmd,8.005000,303.980000,0.503176,-1.049740,1.050626,-1.050592,-0.800066,-0.000180
cmd,8.010000,303.985000,0.506303,-1.049740,1.050626,-1.050592,-0.800066,-0.000180
cmd,8.015000,303.990000,0.509405,-1.049740,1.050626,-1.050592,-0.800066,-0.000180
cmd,8.020000,303.995000,0.512471,-1.049740,1.050626,-1.050592,-0.800066,-0.000180
cmd,8.025000,304.000000,0.515487,-1.049740,1.050626,-1.050592,-0.800066,-0.000180
cmd,8.030000,304.005000,0.518443,-1.049740,1.050626,-1.050592,-0.800066,-0.000180
cmd,8.035000,304.010000,0.521325,-1.049740,1.050626,-1.050592,-0.800066,-0.000180
cmd,8.040000,304.015000,0.524124,-1.049740,1.050626,-1.050592,-0.800066,-0.000180
cmd,8.045000,304.020000,0.526828,-1.049740,1.050626,-1.050592,-0.800066,-0.000180
cmd,8.050000,304.025000,0.529426,-1.049740,1.050626,-1.050592,-0.800066,-0.000180
cmd,8.055000,304.030000,0.531908,-1.049740,1.050626,-1.050592,-0.800066,-0.000180
cmd,8.060000,304.035000,0.534264,-1.049740,1.050626,-1.050592,-0.800066,-0.000180
cmd,8.065000,304.040000,0.536485,-1.049740,1.050626,-1.050592,-0.800066,-0.000180
cmd,8.070000,304.045000,0.538562,-1.049740,1.050626,-1.050592,-0.800066,-0.000180
cmd,8.075000,304.050000,0.540487,-1.049740,1.050626,-1.050592,-0.800066,-0.000180
cmd,8.080000,304.055000,0.542253,-1.049740,1.050626,-1.050592,-0.800066,-0.000180
cmd,8.085000,304.060000,0.543852,-1.049740,1.050626,-1.050592,-0.800066,-0.000180
cmd,8.090000,304.065000,0.545278,-1.049740,1.050626,-1.050592,-0.800066,-0.000180
cmd,8.095000,304.070000,0.546525,-1.049740,1.050626,-1.050592,-0.800066,-0.000180
cmd,8.100000,304.075000,0.547589,-1.049740,1.050626,-1.050592,-0.800066,-0.000180
cmd,8.105000,304.080000,0.548466,-1.049740,1.050626,-1.050592,-0.800066,-0.000180
cmd,8.110000,304.085000,0.549151,-1.049740,1.050626,-1.050592,-0.800066,-0.000180
cmd,8.115000,304.090000,0.549642,-1.049740,1.050626,-1.050592,-0.800066,-0.000180
cmd,8.120000,304.095000,0.549938,-1.049740,1.050626,-1.050592,-0.800066,-0.000180
cmd,8.125000,304.100000,0.550036,-1.049740,1.050626,-1.050592,-0.800066,-0.000180
cmd,8.130000,304.105000,0.549938,-1.049740,1.050626,-1.050592,-0.800066,-0.000180
cmd,8.135000,304.110000,0.549642,-1.049740,1.050626,-1.050592,-0.800066,-0.000180
cmd,8.140000,304.115000,0.549151,-1.049740,1.050626,-1.050592,-0.800066,-0.000180
cmd,8.145000,304.120000,0.548466,-1.049740,1.050626,-1.050592,-0.800066,-0.000180
cmd,8.150000,304.125000,0.547589,-1.049740,1.050626,-1.050592,-0.800066,-0.000180
cmd,8.155000,304.130000,0.546525,-1.049740,1.050626,-1.050592,-0.800066,-0.000180
cmd,8.160000,304.135000,0.545278,-1.049740,1.050626,-1.050592,-0.800066,-0.000180
cmd,8.165000,304.140000,0.543852,-1.049740,1.050626,-1.050592,-0.800066,-0.000180
cmd,8.170000,304.145000,0.542253,-1.049740,1.050626,-1.050592,-0.800066,-0.000180
cmd,8.175000,304.150000,0.540487,-1.049740,1.050626,-1.050592,-0.800066,-0.000180
cmd,8.180000,304.155000,0.538562,-1.049740,1.050626,-1.050592,-0.800066,-0.000180
cmd,8.185000,304.160000,0.536485,-1.049740,1.050626,-1.050592,-0.800066,-0.000180
cmd,8.190000,304.165000,0.534264,-1.049740,1.050626,-1.050592,-0.800066,-0.000180
cmd,8.195000,304.170000,0.531908,-1.049740,1.050626,-1.050592,-0.800066,-0.000180
cmd,8.200000,304.175000,0.529426,-1.049740,1.050626,-1.050592,-0.800066,-0.000180
cmd,8.205000,304.180000,0.526828,-1.049740,1.050626,-1.050592,-0.800066,-0.000180
cmd,8.210000,304.185000,0.524124,-1.049740,1.050626,-1.050592,-0.800066,-0.000180
cmd,8.215000,304.190000,0.521325,-1.049740,1.050626,-1.050592,-0.800066,-0.000180
cmd,8.220000,304.195000,0.518443,-1.049740,1.050626,-1.050592,-0.800066,-0.000180
cmd,8.225000,304.200000,0.515487,-1.049740,1.050626,-1.050592,-0.800066,-0.000180
cmd,8.230000,304.205000,0.512471,-1.049740,1.050626,-1.050592,-0.800066,-0.000180
cmd,8.235000,304.210000,0.509405,-1.049740,1.050626,-1.050592,-0.800066,-0.000180
cmd,8.240000,304.215000,0.506303,-1.049740,1.050626,-1.050592,-0.800066,-0.000180
cmd,8.245000,304.220000,0.503176,-1.049740,1.050626,-1.050592,-0.800066,-0.000180
cmd,8.250000,304.225000,0.500036,-1.049740,1.050626,-1.050592,-0.800066,-0.000180
cmd,8.255000,304.230000,0.496897,-1.049740,1.050626,-1.050592,-0.800066,-0.000180
cmd,8.260000,304.235000,0.493770,-1.049740,1.050626,-1.050592,-0.800066,-0.000180
cmd,8.265000,304.240000,0.490667,-1.049740,1.050626,-1.050592,-0.800066,-0.000180
cmd,8.270000,304.245000,0.487602,-1.049740,1.050626,-1.050592,-0.800066,-0.000180
cmd,8.275000,304.250000,0.484586,-1.049740,1.050626,-1.050592,-0.800066,-0.000180
cmd,8.280000,304.255000,0.481630,-1.049740,1.050626,-1.050592,-0.800066,-0.000180
cmd,8.285000,304.260000,0.478747,-1.049740,1.050626,-1.050592,-0.800066,-0.000180
cmd,8.290000,304.265000,0.475949,-1.049740,1.050626,-1.050592,-0.800066,-0.000180
cmd,8.295000,304.270000,0.473245,-1.049740,1.050626,-1.050592,-0.800066,-0.000180
cmd,8.300000,304.275000,0.470647,-1.049740,1.050626,-1.050592,-0.800066,-0.000180
cmd,8.305000,304.280000,0.468165,-1.049740,1.050626,-1.050592,-0.800066,-0.000180
cmd,8.310000,304.285000,0.465809,-1.049740,1.050626,-1.050592,-0.800066,-0.000180
cmd,8.315000,304.290000,0.463588,-1.049740,1.050626,-1.050592,-0.800066,-0.000180
cmd,8.320000,304.295000,0.461511,-1.049740,1.050626,-1.050592,-0.800066,-0.000180
cmd,8.325000,304.300000,0.459586,-1.049740,1.050626,-1.050592,-0.800066,-0.000180
cmd,8.330000,304.305000,0.457820,-1.049740,1.050626,-1.050592,-0.800066,-0.000180
cmd,8.335000,304.310000,0.456221,-1.049740,1.050626,-1.050592,-0.800066,-0.000180
cmd,8.340000,304.315000,0.454795,-1.049740,1.050626,-1.050592,-0.800066,-0.000180
cmd,8.345000,304.320000,0.453548,-1.049740,1.050626,-1.050592,-0.800066,-0.000180
cmd,8.350000,304.325000,0.452484,-1.049740,1.050626,-1.050592,-0.800066,-0.000180
cmd,8.355000,304.330000,0.451607,-1.049740,1.050626,-1.050592,-0.800066,-0.000180
cmd,8.360000,304.335000,0.450922,-1.049740,1.050626,-1.050592,-0.800066,-0.000180
cmd,8.365000,304.340000,0.450431,-1.049740,1.050626,-1.050592,-0.800066,-0.000180
cmd,8.370000,304.345000,0.450135,-1.049740,1.050626,-1.050592,-0.800066,-0.000180
cmd,8.375000,304.350000,0.450036,-1.049740,1.050626,-1.050592,-0.800066,-0.000180
cmd,8.380000,304.355000,0.450135,-1.049740,1.050626,-1.050592,-0.800066,-0.000180
cmd,8.385000,304.360000,0.450431,-1.049740,1.050626,-1.050592,-0.800066,-0.000180
cmd,8.390000,304.365000,0.450922,-1.049740,1.050626,-1.050592,-0.800066,-0.000180
cmd,8.395000,304.370000,0.451607,-1.049740,1.050626,-1.050592,-0.800066,-0.000180
cmd,8.400000,304.375000,0.452484,-1.049740,1.050626,-1.050592,-0.800066,-0.000180
cmd,8.405000,304.380000,0.453548,-1.049740,1.050626,-1.050592,-0.800066,-0.000180
cmd,8.410000,304.385000,0.454795,-1.049740,1.050626,-1.050592,-0.800066,-0.000180
cmd,8.415000,304.390000,0.456221,-1.049740,1.050626,-1.050592,-0.800066,-0.000180
cmd,8.420000,304.395000,0.457820,-1.049740,1.050626,-1.050592,-0.800066,-0.000180
cmd,8.425000,304.400000,0.459586,-1.049740,1.050626,-1.050592,-0.800066,-0.000180
cmd,8.430000,304.405000,0.461511,-1.049740,1.050626,-1.050592,-0.800066,-0.000180
cmd,8.435000,304.410000,0.463588,-1.049740,1.050626,-1.050592,-0.800066,-0.000180
cmd,8.440000,304.415000,0.465809,-1.049740,1.050626,-1.050592,-0.800066,-0.000180
cmd,8.445000,304.420000,0.468165,-1.049740,1.050626,-1.050592,-0.800066,-0.000180
cmd,8.450000,304.425000,0.470647,-1.049740,1.050626,-1.050592,-0.800066,-0.000180
cmd,8.455000,304.430000,0.473245,-1.049740,1.050626,-1.050592,-0.800066,-0.000180
cmd,8.460000,304.435000,0.475949,-1.049740,1.050626,-1.050592,-0.800066,-0.000180
cmd,8.465000,304.440000,0.478747,-1.049740,1.050626,-1.050592,-0.800066,-0.000180
cmd,8.470000,304.445000,0.481630,-1.049740,1.050626,-1.050592,-0.800066,-0.000180
cmd,8.475000,304.450000,0.484586,-1.049740,1.050626,-1.050592,-0.800066,-0.000180
cmd,8.480000,304.455000,0.487602,-1.049740,1.050626,-1.050592,-0.800066,-0.000180
cmd,8.485000,304.460000,0.490667,-1.049740,1.050626,-1.050592,-0.800066,-0.000180
cmd,8.490000,304.465000,0.493770,-1.049740,1.050626,-1.050592,-0.800066,-0.000180
cmd,8.495000,304.470000,0.496897,-1.049740,1.050626,-1.050592,-0.800066,-0.000180
cmd,8.500000,304.475000,0.500036,-1.049740,1.050626,-1.050592,-0.800066,-0.000180
cmd,8.505000,304.480000,0.503176,-1.049740,1.050626,-1.050592,-0.800066,-0.000180
cmd,8.510000,304.485000,0.506303,-1.049740,1.050626,-1.050592,-0.800066,-0.000180
cmd,8.515000,304.490000,0.509405,-1.049740,1.050626,-1.050592,-0.800066,-0.000180
cmd,8.520000,304.495000,0.512471,-1.049740,1.050626,-1.050592,-0.800066,-0.000180
cmd,8.525000,304.500000,0.515487,-1.049740,1.050626,-1.050592,-0.800066,-0.000180
cmd,8.530000,304.505000,0.518443,-1.049740,1.050626,-1.050592,-0.800066,-0.000180
cmd,8.535000,304.510000,0.521325,-1.049740,1.050626,-1.050592,-0.800066,-0.000180
cmd,8.540000,304.515000,0.524124,-1.049740,1.050626,-1.050592,-0.800066,-0.000180
cmd,8.545000,304.520000,0.526828,-1.049740,1.050626,-1.050592,-0.800066,-0.000180
cmd,8.550000,304.525000,0.529426,-1.049740,1.050626,-1.050592,-0.800066,-0.000180
cmd,8.555000,304.530000,0.531908,-1.049740,1.050626,-1.050592,-0.800066,-0.000180
cmd,8.560000,304.535000,0.534264,-1.049740,1.050626,-1.050592,-0.800066,-0.000180
cmd,8.565000,304.540000,0.536485,-1.049740,1.050626,-1.050592,-0.800066,-0.000180
cmd,8.570000,304.545000,0.538562,-1.049740,1.050626,-1.050592,-0.800066,-0.000180
cmd,8.575000,304.550000,0.540487,-1.049740,1.050626,-1.050592,-0.800066,-0.000180
cmd,8.580000,304.555000,0.542253,-1.049740,1.050626,-1.050592,-0.800066,-0.000180
cmd,8.585000,304.560000,0.543852,-1.049740,1.050626,-1.050592,-0.800066,-0.000180
cmd,8.590000,304.565000,0.545278,-1.049740,1.050626,-1.050592,-0.800066,-0.000180
cmd,8.595000,304.570000,0.546525,-1.049740,1.050626,-1.050592,-0.800066,-0.000180
cmd,8.600000,304.575000,0.547589,-1.049740,1.050626,-1.050592,-0.800066,-0.000180
cmd,8.605000,304.580000,0.548466,-1.049740,1.050626,-1.050592,-0.800066,-0.000180
cmd,8.610000,304.585000,0.549151,-1.049740,1.050626,-1.050592,-0.800066,-0.000180
cmd,8.615000,304.590000,0.549642,-1.049740,1.050626,-1.050592,-0.800066,-0.000180
cmd,8.620000,304.595000,0.549938,-1.049740,1.050626,-1.050592,-0.800066,-0.000180
cmd,8.625000,304.600000,0.550036,-1.049740,1.050626,-1.050592,-0.800066,-0.000180
cmd,8.630000,304.605000,0.549938,-1.049740,1.050626,-1.050592,-0.800066,-0.000180
cmd,8.635000,304.610000,0.549642,-1.049740,1.050626,-1.050592,-0.800066,-0.000180
cmd,8.640000,304.615000,0.549151,-1.049740,1.050626,-1.050592,-0.800066,-0.000180
cmd,8.645000,304.620000,0.548466,-1.049740,1.050626,-1.050592,-0.800066,-0.000180
cmd,8.650000,304.625000,0.547589,-1.049740,1.050626,-1.050592,-0.800066,-0.000180
cmd,8.655000,304.630000,0.546525,-1.049740,1.050626,-1.050592,-0.800066,-0.000180
cmd,8.660000,304.635000,0.545278,-1.049740,1.050626,-1.050592,-0.800066,-0.000180
cmd,8.665000,304.640000,0.543852,-1.049740,1.050626,-1.050592,-0.800066,-0.000180
cmd,8.670000,304.645000,0.542253,-1.049740,1.050626,-1.050592,-0.800066,-0.000180
cmd,8.675000,304.650000,0.540487,-1.049740,1.050626,-1.050592,-0.800066,-0.000180
cmd,8.680000,304.655000,0.538562,-1.049740,1.050626,-1.050592,-0.800066,-0.000180
cmd,8.685000,304.660000,0.536485,-1.049740,1.050626,-1.050592,-0.800066,-0.000180
cmd,8.690000,304.665000,0.534264,-1.049740,1.050626,-1.050592,-0.800066,-0.000180
cmd,8.695000,304.670000,0.531908,-1.049740,1.050626,-1.050592,-0.800066,-0.000180
cmd,8.700000,304.675000,0.529426,-1.049740,1.050626,-1.050592,-0.800066,-0.000180
cmd,8.705000,304.680000,0.526828,-1.049740,1.050626,-1.050592,-0.800066,-0.000180
cmd,8.710000,304.685000,0.524124,-1.049740,1.050626,-1.050592,-0.800066,-0.000180
cmd,8.715000,304.690000,0.521325,-1.049740,1.050626,-1.050592,-0.800066,-0.000180
cmd,8.720000,304.695000,0.518443,-1.049740,1.050626,-1.050592,-0.800066,-0.000180
cmd,8.725000,304.700000,0.515487,-1.049740,1.050626,-1.050592,-0.800066,-0.000180
cmd,8.730000,304.705000,0.512471,-1.049740,1.050626,-1.050592,-0.800066,-0.000180
cmd,8.735000,304.710000,0.509405,-1.049740,1.050626,-1.050592,-0.800066,-0.000180
cmd,8.740000,304.715000,0.506303,-1.049740,1.050626,-1.050592,-0.800066,-0.000180
cmd,8.745000,304.720000,0.503176,-1.049740,1.050626,-1.050592,-0.800066,-0.000180
cmd,8.750000,304.725000,0.500036,-1.049740,1.050626,-1.050592,-0.800066,-0.000180
cmd,8.755000,304.730000,0.496897,-1.049740,1.050626,-1.050592,-0.800066,-0.000180
cmd,8.760000,304.735000,0.493770,-1.049740,1.050626,-1.050592,-0.800066,-0.000180
cmd,8.765000,304.740000,0.490667,-1.049740,1.050626,-1.050592,-0.800066,-0.000180
cmd,8.770000,304.745000,0.487602,-1.049740,1.050626,-1.050592,-0.800066,-0.000180
cmd,8.775000,304.750000,0.484586,-1.049740,1.050626,-1.050592,-0.800066,-0.000180
cmd,8.780000,304.755000,0.481630,-1.049740,1.050626,-1.050592,-0.800066,-0.000180
cmd,8.785000,304.760000,0.478747,-1.049740,1.050626,-1.050592,-0.800066,-0.000180
cmd,8.790000,304.765000,0.475949,-1.049740,1.050626,-1.050592,-0.800066,-0.000180
cmd,8.795000,304.770000,0.473245,-1.049740,1.050626,-1.050592,-0.800066,-0.000180
cmd,8.800000,304.775000,0.470647,-1.049740,1.050626,-1.050592,-0.800066,-0.000180
cmd,8.805000,304.780000,0.468165,-1.049740,1.050626,-1.050592,-0.800066,-0.000180
cmd,8.810000,304.785000,0.465809,-1.049740,1.050626,-1.050592,-0.800066,-0.000180
cmd,8.815000,304.790000,0.463588,-1.049740,1.050626,-1.050592,-0.800066,-0.000180
cmd,8.820000,304.795000,0.461511,-1.049740,1.050626,-1.050592,-0.800066,-0.000180
cmd,8.825000,304.800000,0.459586,-1.049740,1.050626,-1.050592,-0.800066,-0.000180
cmd,8.830000,304.805000,0.457820,-1.049740,1.050626,-1.050592,-0.800066,-0.000180
cmd,8.835000,304.810000,0.456221,-1.049740,1.050626,-1.050592,-0.800066,-0.000180
cmd,8.840000,304.815000,0.454795,-1.049740,1.050626,-1.050592,-0.800066,-0.000180
cmd,8.845000,304.820000,0.453548,-1.049740,1.050626,-1.050592,-0.800066,-0.000180
cmd,8.850000,304.825000,0.452484,-1.049740,1.050626,-1.050592,-0.800066,-0.000180
cmd,8.855000,304.830000,0.451607,-1.049740,1.050626,-1.050592,-0.800066,-0.000180
cmd,8.860000,304.835000,0.450922,-1.049740,1.050626,-1.050592,-0.800066,-0.000180
cmd,8.865000,304.840000,0.450431,-1.049740,1.050626,-1.050592,-0.800066,-0.000180
cmd,8.870000,304.845000,0.450135,-1.049740,1.050626,-1.050592,-0.800066,-0.000180
cmd,8.875000,304.850000,0.450036,-1.049740,1.050626,-1.050592,-0.800066,-0.000180
cmd,8.880000,304.855000,0.450135,-1.049740,1.050626,-1.050592,-0.800066,-0.000180
cmd,8.885000,304.860000,0.450431,-1.049740,1.050626,-1.050592,-0.800066,-0.000180
cmd,8.890000,304.865000,0.450922,-1.049740,1.050626,-1.050592,-0.800066,-0.000180
cmd,8.895000,304.870000,0.451607,-1.049740,1.050626,-1.050592,-0.800066,-0.000180
cmd,8.900000,304.875000,0.452484,-1.049740,1.050626,-1.050592,-0.800066,-0.000180
cmd,8.905000,304.880000,0.453548,-1.049740,1.050626,-1.050592,-0.800066,-0.000180
cmd,8.910000,304.885000,0.454795,-1.049740,1.050626,-1.050592,-0.800066,-0.000180
cmd,8.915000,304.890000,0.456221,-1.049740,1.050626,-1.050592,-0.800066,-0.000180
cmd,8.920000,304.895000,0.457820,-1.049740,1.050626,-1.050592,-0.800066,-0.000180
cmd,8.925000,304.900000,0.459586,-1.049740,1.050626,-1.050592,-0.800066,-0.000180
cmd,8.930000,304.905000,0.461511,-1.049740,1.050626,-1.050592,-0.800066,-0.000180
cmd,8.935000,304.910000,0.463588,-1.049740,1.050626,-1.050592,-0.800066,-0.000180
cmd,8.940000,304.915000,0.465809,-1.049740,1.050626,-1.050592,-0.800066,-0.000180
cmd,8.945000,304.920000,0.468165,-1.049740,1.050626,-1.050592,-0.800066,-0.000180
cmd,8.950000,304.925000,0.470647,-1.049740,1.050626,-1.050592,-0.800066,-0.000180
cmd,8.955000,304.930000,0.473245,-1.049740,1.050626,-1.050592,-0.800066,-0.000180
cmd,8.960000,304.935000,0.475949,-1.049740,1.050626,-1.050592,-0.800066,-0.000180
cmd,8.965000,304.940000,0.478747,-1.049740,1.050626,-1.050592,-0.800066,-0.000180
cmd,8.970000,304.945000,0.481630,-1.049740,1.050626,-1.050592,-0.800066,-0.000180
cmd,8.975000,304.950000,0.484586,-1.049740,1.050626,-1.050592,-0.800066,-0.000180
cmd,8.980000,304.955000,0.487602,-1.049740,1.050626,-1.050592,-0.800066,-0.000180
cmd,8.985000,304.960000,0.490667,-1.049740,1.050626,-1.050592,-0.800066,-0.000180
cmd,8.990000,304.965000,0.493770,-1.049740,1.050626,-1.050592,-0.800066,-0.000180
cmd,8.995000,304.970000,0.496897,-1.049740,1.050626,-1.050592,-0.800066,-0.000180
cmd,9.000000,304.975000,0.500036,-1.049740,1.050626,-1.050592,-0.800066,-0.000180
cmd,9.005000,304.980000,0.503176,-1.049740,1.050626,-1.050592,-0.800066,-0.000180
cmd,9.010000,304.985000,0.506303,-1.049740,1.050626,-1.050592,-0.800066,-0.000180
cmd,9.015000,304.990000,0.509405,-1.049740,1.050626,-1.050592,-0.800066,-0.000180
cmd,9.020000,304.995000,0.512471,-1.049740,1.050626,-1.050592,-0.800066,-0.000180
cmd,9.025000,305.000000,0.515487,-1.049740,1.050626,-1.050592,-0.800066,-0.000180
cmd,9.030000,305.005000,0.518443,-1.049740,1.050626,-1.050592,-0.800066,-0.000180
cmd,9.035000,305.010000,0.521325,-1.049740,1.050626,-1.050592,-0.800066,-0.000180
cmd,9.040000,305.015000,0.524124,-1.049740,1.050626,-1.050592,-0.800066,-0.000180
cmd,9.045000,305.020000,0.526828,-1.049740,1.050626,-1.050592,-0.800066,-0.000180
cmd,9.050000,305.025000,0.529426,-1.049740,1.050626,-1.050592,-0.800066,-0.000180
cmd,9.055000,305.030000,0.531908,-1.049740,1.050626,-1.050592,-0.800066,-0.000180
cmd,9.060000,305.035000,0.534264,-1.049740,1.050626,-1.050592,-0.800066,-0.000180
cmd,9.065000,305.040000,0.536485,-1.049740,1.050626,-1.050592,-0.800066,-0.000180
cmd,9.070000,305.045000,0.538562,-1.049740,1.050626,-1.050592,-0.800066,-0.000180
cmd,9.075000,305.050000,0.540487,-1.049740,1.050626,-1.050592,-0.800066,-0.000180
cmd,9.080000,305.055000,0.542253,-1.049740,1.050626,-1.050592,-0.800066,-0.000180
cmd,9.085000,305.060000,0.543852,-1.049740,1.050626,-1.050592,-0.800066,-0.000180
cmd,9.090000,305.065000,0.545278,-1.049740,1.050626,-1.050592,-0.800066,-0.000180
cmd,9.095000,305.070000,0.546525,-1.049740,1.050626,-1.050592,-0.800066,-0.000180
cmd,9.100000,305.075000,0.547589,-1.049740,1.050626,-1.050592,-0.800066,-0.000180
cmd,9.105000,305.080000,0.548466,-1.049740,1.050626,-1.050592,-0.800066,-0.000180
cmd,9.110000,305.085000,0.549151,-1.049740,1.050626,-1.050592,-0.800066,-0.000180
cmd,9.115000,305.090000,0.549642,-1.049740,1.050626,-1.050592,-0.800066,-0.000180
cmd,9.120000,305.095000,0.549938,-1.049740,1.050626,-1.050592,-0.800066,-0.000180
cmd,9.125000,305.100000,0.550036,-1.049740,1.050626,-1.050592,-0.800066,-0.000180
cmd,9.130000,305.105000,0.549938,-1.049740,1.050626,-1.050592,-0.800066,-0.000180
cmd,9.135000,305.110000,0.549642,-1.049740,1.050626,-1.050592,-0.800066,-0.000180
cmd,9.140000,305.115000,0.549151,-1.049740,1.050626,-1.050592,-0.800066,-0.000180
cmd,9.145000,305.120000,0.548466,-1.049740,1.050626,-1.050592,-0.800066,-0.000180
cmd,9.150000,305.125000,0.547589,-1.049740,1.050626,-1.050592,-0.800066,-0.000180
cmd,9.155000,305.130000,0.546525,-1.049740,1.050626,-1.050592,-0.800066,-0.000180
cmd,9.160000,305.135000,0.545278,-1.049740,1.050626,-1.050592,-0.800066,-0.000180
cmd,9.165000,305.140000,0.543852,-1.049740,1.050626,-1.050592,-0.800066,-0.000180
cmd,9.170000,305.145000,0.542253,-1.049740,1.050626,-1.050592,-0.800066,-0.000180
cmd,9.175000,305.150000,0.540487,-1.049740,1.050626,-1.050592,-0.800066,-0.000180
cmd,9.180000,305.155000,0.538562,-1.049740,1.050626,-1.050592,-0.800066,-0.000180
cmd,9.185000,305.160000,0.536485,-1.049740,1.050626,-1.050592,-0.800066,-0.000180
cmd,9.190000,305.165000,0.534264,-1.049740,1.050626,-1.050592,-0.800066,-0.000180
cmd,9.195000,305.170000,0.531908,-1.049740,1.050626,-1.050592,-0.800066,-0.000180
cmd,9.200000,305.175000,0.529426,-1.049740,1.050626,-1.050592,-0.800066,-0.000180
cmd,9.205000,305.180000,0.526828,-1.049740,1.050626,-1.050592,-0.800066,-0.000180
cmd,9.210000,305.185000,0.524124,-1.049740,1.050626,-1.050592,-0.800066,-0.000180
cmd,9.215000,305.190000,0.521325,-1.049740,1.050626,-1.050592,-0.800066,-0.000180
cmd,9.220000,305.195000,0.518443,-1.049740,1.050626,-1.050592,-0.800066,-0.000180
cmd,9.225000,305.200000,0.515487,-1.049740,1.050626,-1.050592,-0.800066,-0.000180
cmd,9.230000,305.205000,0.512471,-1.049740,1.050626,-1.050592,-0.800066,-0.000180
cmd,9.235000,305.210000,0.509405,-1.049740,1.050626,-1.050592,-0.800066,-0.000180
cmd,9.240000,305.215000,0.506303,-1.049740,1.050626,-1.050592,-0.800066,-0.000180
cmd,9.245000,305.220000,0.503176,-1.049740,1.050626,-1.050592,-0.800066,-0.000180
cmd,9.250000,305.225000,0.500036,-1.049740,1.050626,-1.050592,-0.800066,-0.000180
cmd,9.255000,305.230000,0.496897,-1.049740,1.050626,-1.050592,-0.800066,-0.000180
cmd,9.260000,305.235000,0.493770,-1.049740,1.050626,-1.050592,-0.800066,-0.000180
cmd,9.265000,305.240000,0.490667,-1.049740,1.050626,-1.050592,-0.800066,-0.000180
cmd,9.270000,305.245000,0.487602,-1.049740,1.050626,-1.050592,-0.800066,-0.000180
cmd,9.275000,305.250000,0.484586,-1.049740,1.050626,-1.050592,-0.800066,-0.000180
cmd,9.280000,305.255000,0.481630,-1.049740,1.050626,-1.050592,-0.800066,-0.000180
cmd,9.285000,305.260000,0.478747,-1.049740,1.050626,-1.050592,-0.800066,-0.000180
cmd,9.290000,305.265000,0.475949,-1.049740,1.050626,-1.050592,-0.800066,-0.000180
cmd,9.295000,305.270000,0.473245,-1.049740,1.050626,-1.050592,-0.800066,-0.000180
cmd,9.300000,305.275000,0.470647,-1.049740,1.050626,-1.050592,-0.800066,-0.000180
cmd,9.305000,305.280000,0.468165,-1.049740,1.050626,-1.050592,-0.800066,-0.000180
cmd,9.310000,305.285000,0.465809,-1.049740,1.050626,-1.050592,-0.800066,-0.000180
cmd,9.315000,305.290000,0.463588,-1.049740,1.050626,-1.050592,-0.800066,-0.000180
cmd,9.320000,305.295000,0.461511,-1.049740,1.050626,-1.050592,-0.800066,-0.000180
cmd,9.325000,305.300000,0.459586,-1.049740,1.050626,-1.050592,-0.800066,-0.000180
cmd,9.330000,305.305000,0.457820,-1.049740,1.050626,-1.050592,-0.800066,-0.000180
cmd,9.335000,305.310000,0.456221,-1.049740,1.050626,-1.050592,-0.800066,-0.000180
cmd,9.340000,305.315000,0.454795,-1.049740,1.050626,-1.050592,-0.800066,-0.000180
cmd,9.345000,305.320000,0.453548,-1.049740,1.050626,-1.050592,-0.800066,-0.000180
cmd,9.350000,305.325000,0.452484,-1.049740,1.050626,-1.050592,-0.800066,-0.000180
cmd,9.355000,305.330000,0.451607,-1.049740,1.050626,-1.050592,-0.800066,-0.000180
cmd,9.360000,305.335000,0.450922,-1.049740,1.050626,-1.050592,-0.800066,-0.000180
cmd,9.365000,305.340000,0.450431,-1.049740,1.050626,-1.050592,-0.800066,-0.000180
cmd,9.370000,305.345000,0.450135,-1.049740,1.050626,-1.050592,-0.800066,-0.000180
cmd,9.375000,305.350000,0.450036,-1.049740,1.050626,-1.050592,-0.800066,-0.000180
cmd,9.380000,305.355000,0.450135,-1.049740,1.050626,-1.050592,-0.800066,-0.000180
cmd,9.385000,305.360000,0.450431,-1.049740,1.050626,-1.050592,-0.800066,-0.000180
cmd,9.390000,305.365000,0.450922,-1.049740,1.050626,-1.050592,-0.800066,-0.000180
cmd,9.395000,305.370000,0.451607,-1.049740,1.050626,-1.050592,-0.800066,-0.000180
cmd,9.400000,305.375000,0.452484,-1.049740,1.050626,-1.050592,-0.800066,-0.000180
cmd,9.405000,305.380000,0.453548,-1.049740,1.050626,-1.050592,-0.800066,-0.000180
cmd,9.410000,305.385000,0.454795,-1.049740,1.050626,-1.050592,-0.800066,-0.000180
cmd,9.415000,305.390000,0.456221,-1.049740,1.050626,-1.050592,-0.800066,-0.000180
cmd,9.420000,305.395000,0.457820,-1.049740,1.050626,-1.050592,-0.800066,-0.000180
cmd,9.425000,305.400000,0.459586,-1.049740,1.050626,-1.050592,-0.800066,-0.000180
cmd,9.430000,305.405000,0.461511,-1.049740,1.050626,-1.050592,-0.800066,-0.000180
cmd,9.435000,305.410000,0.463588,-1.049740,1.050626,-1.050592,-0.800066,-0.000180
cmd,9.440000,305.415000,0.465809,-1.049740,1.050626,-1.050592,-0.800066,-0.000180
cmd,9.445000,305.420000,0.468165,-1.049740,1.050626,-1.050592,-0.800066,-0.000180
cmd,9.450000,305.425000,0.470647,-1.049740,1.050626,-1.050592,-0.800066,-0.000180
cmd,9.455000,305.430000,0.473245,-1.049740,1.050626,-1.050592,-0.800066,-0.000180
cmd,9.460000,305.435000,0.475949,-1.049740,1.050626,-1.050592,-0.800066,-0.000180
cmd,9.465000,305.440000,0.478747,-1.049740,1.050626,-1.050592,-0.800066,-0.000180
cmd,9.470000,305.445000,0.481630,-1.049740,1.050626,-1.050592,-0.800066,-0.000180
cmd,9.475000,305.450000,0.484586,-1.049740,1.050626,-1.050592,-0.800066,-0.000180
cmd,9.480000,305.455000,0.487602,-1.049740,1.050626,-1.050592,-0.800066,-0.000180
cmd,9.485000,305.460000,0.490667,-1.049740,1.050626,-1.050592,-0.800066,-0.000180
cmd,9.490000,305.465000,0.493770,-1.049740,1.050626,-1.050592,-0.800066,-0.000180
cmd,9.495000,305.470000,0.496897,-1.049740,1.050626,-1.050592,-0.800066,-0.000180
cmd,9.500000,305.475000,0.500036,-1.049740,1.050626,-1.050592,-0.800066,-0.000180
cmd,9.505000,305.480000,0.503176,-1.049740,1.050626,-1.050592,-0.800066,-0.000180
cmd,9.510000,305.485000,0.506303,-1.049740,1.050626,-1.050592,-0.800066,-0.000180
cmd,9.515000,305.490000,0.509405,-1.049740,1.050626,-1.050592,-0.800066,-0.000180
cmd,9.520000,305.495000,0.512471,-1.049740,1.050626,-1.050592,-0.800066,-0.000180
cmd,9.525000,305.500000,0.515487,-1.049740,1.050626,-1.050592,-0.800066,-0.000180
cmd,9.530000,305.505000,0.518443,-1.049740,1.050626,-1.050592,-0.800066,-0.000180
cmd,9.535000,305.510000,0.521325,-1.049740,1.050626,-1.050592,-0.800066,-0.000180
cmd,9.540000,305.515000,0.524124,-1.049740,1.050626,-1.050592,-0.800066,-0.000180
cmd,9.545000,305.520000,0.526828,-1.049740,1.050626,-1.050592,-0.800066,-0.000180
cmd,9.550000,305.525000,0.529426,-1.049740,1.050626,-1.050592,-0.800066,-0.000180
cmd,9.555000,305.530000,0.531908,-1.049740,1.050626,-1.050592,-0.800066,-0.000180
cmd,9.560000,305.535000,0.534264,-1.049740,1.050626,-1.050592,-0.800066,-0.000180
cmd,9.565000,305.540000,0.536485,-1.049740,1.050626,-1.050592,-0.800066,-0.000180
cmd,9.570000,305.545000,0.538562,-1.049740,1.050626,-1.050592,-0.800066,-0.000180
cmd,9.575000,305.550000,0.540487,-1.049740,1.050626,-1.050592,-0.800066,-0.000180
cmd,9.580000,305.555000,0.542253,-1.049740,1.050626,-1.050592,-0.800066,-0.000180
cmd,9.585000,305.560000,0.543852,-1.049740,1.050626,-1.050592,-0.800066,-0.000180
cmd,9.590000,305.565000,0.545278,-1.049740,1.050626,-1.050592,-0.800066,-0.000180
cmd,9.595000,305.570000,0.546525,-1.049740,1.050626,-1.050592,-0.800066,-0.000180
cmd,9.600000,305.575000,0.547589,-1.049740,1.050626,-1.050592,-0.800066,-0.000180
cmd,9.605000,305.580000,0.548466,-1.049740,1.050626,-1.050592,-0.800066,-0.000180
cmd,9.610000,305.585000,0.549151,-1.049740,1.050626,-1.050592,-0.800066,-0.000180
cmd,9.615000,305.590000,0.549642,-1.049740,1.050626,-1.050592,-0.800066,-0.000180
cmd,9.620000,305.595000,0.549938,-1.049740,1.050626,-1.050592,-0.800066,-0.000180
cmd,9.625000,305.600000,0.550036,-1.049740,1.050626,-1.050592,-0.800066,-0.000180
cmd,9.630000,305.605000,0.549938,-1.049740,1.050626,-1.050592,-0.800066,-0.000180
cmd,9.635000,305.610000,0.549642,-1.049740,1.050626,-1.050592,-0.800066,-0.000180
cmd,9.640000,305.615000,0.549151,-1.049740,1.050626,-1.050592,-0.800066,-0.000180
cmd,9.645000,305.620000,0.548466,-1.049740,1.050626,-1.050592,-0.800066,-0.000180
cmd,9.650000,305.625000,0.547589,-1.049740,1.050626,-1.050592,-0.800066,-0.000180
cmd,9.655000,305.630000,0.546525,-1.049740,1.050626,-1.050592,-0.800066,-0.000180
cmd,9.660000,305.635000,0.545278,-1.049740,1.050626,-1.050592,-0.800066,-0.000180
cmd,9.665000,305.640000,0.543852,-1.049740,1.050626,-1.050592,-0.800066,-0.000180
cmd,9.670000,305.645000,0.542253,-1.049740,1.050626,-1.050592,-0.800066,-0.000180
cmd,9.675000,305.650000,0.540487,-1.049740,1.050626,-1.050592,-0.800066,-0.000180
cmd,9.680000,305.655000,0.538562,-1.049740,1.050626,-1.050592,-0.800066,-0.000180
cmd,9.685000,305.660000,0.536485,-1.049740,1.050626,-1.050592,-0.800066,-0.000180
cmd,9.690000,305.665000,0.534264,-1.049740,1.050626,-1.050592,-0.800066,-0.000180
cmd,9.695000,305.670000,0.531908,-1.049740,1.050626,-1.050592,-0.800066,-0.000180
cmd,9.700000,305.675000,0.529426,-1.049740,1.050626,-1.050592,-0.800066,-0.000180
cmd,9.705000,305.680000,0.526828,-1.049740,1.050626,-1.050592,-0.800066,-0.000180
cmd,9.710000,305.685000,0.524124,-1.049740,1.050626,-1.050592,-0.800066,-0.000180
cmd,9.715000,305.690000,0.521325,-1.049740,1.050626,-1.050592,-0.800066,-0.000180
cmd,9.720000,305.695000,0.518443,-1.049740,1.050626,-1.050592,-0.800066,-0.000180
cmd,9.725000,305.700000,0.515487,-1.049740,1.050626,-1.050592,-0.800066,-0.000180
cmd,9.730000,305.705000,0.512471,-1.049740,1.050626,-1.050592,-0.800066,-0.000180
cmd,9.735000,305.710000,0.509405,-1.049740,1.050626,-1.050592,-0.800066,-0.000180
cmd,9.740000,305.715000,0.506303,-1.049740,1.050626,-1.050592,-0.800066,-0.000180
cmd,9.745000,305.720000,0.503176,-1.049740,1.050626,-1.050592,-0.800066,-0.000180
cmd,9.750000,305.725000,0.500036,-1.049740,1.050626,-1.050592,-0.800066,-0.000180
cmd,9.755000,305.730000,0.496897,-1.049740,1.050626,-1.050592,-0.800066,-0.000180
cmd,9.760000,305.735000,0.493770,-1.049740,1.050626,-1.050592,-0.800066,-0.000180
cmd,9.765000,305.740000,0.490667,-1.049740,1.050626,-1.050592,-0.800066,-0.000180
cmd,9.770000,305.745000,0.487602,-1.049740,1.050626,-1.050592,-0.800066,-0.000180
cmd,9.775000,305.750000,0.484586,-1.049740,1.050626,-1.050592,-0.800066,-0.000180
cmd,9.780000,305.755000,0.481630,-1.049740,1.050626,-1.050592,-0.800066,-0.000180
cmd,9.785000,305.760000,0.478747,-1.049740,1.050626,-1.050592,-0.800066,-0.000180
cmd,9.790000,305.765000,0.475949,-1.049740,1.050626,-1.050592,-0.800066,-0.000180
cmd,9.795000,305.770000,0.473245,-1.049740,1.050626,-1.050592,-0.800066,-0.000180
cmd,9.800000,305.775000,0.470647,-1.049740,1.050626,-1.050592,-0.800066,-0.000180
cmd,9.805000,305.780000,0.468165,-1.049740,1.050626,-1.050592,-0.800066,-0.000180
cmd,9.810000,305.785000,0.465809,-1.049740,1.050626,-1.050592,-0.800066,-0.000180
cmd,9.815000,305.790000,0.463588,-1.049740,1.050626,-1.050592,-0.800066,-0.000180
cmd,9.820000,305.795000,0.461511,-1.049740,1.050626,-1.050592,-0.800066,-0.000180
cmd,9.825000,305.800000,0.459586,-1.049740,1.050626,-1.050592,-0.800066,-0.000180
cmd,9.830000,305.805000,0.457820,-1.049740,1.050626,-1.050592,-0.800066,-0.000180
cmd,9.835000,305.810000,0.456221,-1.049740,1.050626,-1.050592,-0.800066,-0.000180
cmd,9.840000,305.815000,0.454795,-1.049740,1.050626,-1.050592,-0.800066,-0.000180
cmd,9.845000,305.820000,0.453548,-1.049740,1.050626,-1.050592,-0.800066,-0.000180
cmd,9.850000,305.825000,0.452484,-1.049740,1.050626,-1.050592,-0.800066,-0.000180
cmd,9.855000,305.830000,0.451607,-1.049740,1.050626,-1.050592,-0.800066,-0.000180
cmd,9.860000,305.835000,0.450922,-1.049740,1.050626,-1.050592,-0.800066,-0.000180
cmd,9.865000,305.840000,0.450431,-1.049740,1.050626,-1.050592,-0.800066,-0.000180
cmd,9.870000,305.845000,0.450135,-1.049740,1.050626,-1.050592,-0.800066,-0.000180
cmd,9.875000,305.850000,0.450036,-1.049740,1.050626,-1.050592,-0.800066,-0.000180
cmd,9.880000,305.855000,0.450135,-1.049740,1.050626,-1.050592,-0.800066,-0.000180
cmd,9.885000,305.860000,0.450431,-1.049740,1.050626,-1.050592,-0.800066,-0.000180
cmd,9.890000,305.865000,0.450922,-1.049740,1.050626,-1.050592,-0.800066,-0.000180
cmd,9.895000,305.870000,0.451607,-1.049740,1.050626,-1.050592,-0.800066,-0.000180
cmd,9.900000,305.875000,0.452484,-1.049740,1.050626,-1.050592,-0.800066,-0.000180
cmd,9.905000,305.880000,0.453548,-1.049740,1.050626,-1.050592,-0.800066,-0.000180
cmd,9.910000,305.885000,0.454795,-1.049740,1.050626,-1.050592,-0.800066,-0.000180
cmd,9.915000,305.890000,0.456221,-1.049740,1.050626,-1.050592,-0.800066,-0.000180
cmd,9.920000,305.895000,0.457820,-1.049740,1.050626,-1.050592,-0.800066,-0.000180
cmd,9.925000,305.900000,0.459586,-1.049740,1.050626,-1.050592,-0.800066,-0.000180
cmd,9.930000,305.905000,0.461511,-1.049740,1.050626,-1.050592,-0.800066,-0.000180
cmd,9.935000,305.910000,0.463588,-1.049740,1.050626,-1.050592,-0.800066,-0.000180
cmd,9.940000,305.915000,0.465809,-1.049740,1.050626,-1.050592,-0.800066,-0.000180
cmd,9.945000,305.920000,0.468165,-1.049740,1.050626,-1.050592,-0.800066,-0.000180
cmd,9.950000,305.925000,0.470647,-1.049740,1.050626,-1.050592,-0.800066,-0.000180
cmd,9.955000,305.930000,0.473245,-1.049740,1.050626,-1.050592,-0.800066,-0.000180
cmd,9.960000,305.935000,0.475949,-1.049740,1.050626,-1.050592,-0.800066,-0.000180
cmd,9.965000,305.940000,0.478747,-1.049740,1.050626,-1.050592,-0.800066,-0.000180
cmd,9.970000,305.945000,0.481630,-1.049740,1.050626,-1.050592,-0.800066,-0.000180
cmd,9.975000,305.950000,0.484586,-1.049740,1.050626,-1.050592,-0.800066,-0.000180
cmd,9.980000,305.955000,0.487602,-1.049740,1.050626,-1.050592,-0.800066,-0.000180
cmd,9.985000,305.960000,0.490667,-1.049740,1.050626,-1.050592,-0.800066,-0.000180
cmd,9.990000,305.965000,0.493770,-1.049740,1.050626,-1.050592,-0.800066,-0.000180
cmd,9.995000,305.970000,0.496897,-1.049740,1.050626,-1.050592,-0.800066,-0.000180
cmd,10.000000,305.975000,0.500036,-1.049740,1.050626,-1.050592,-0.800066,-0.000180
cmd,10.005000,305.980000,0.503176,-1.049740,1.050626,-1.050592,-0.800066,-0.000180
cmd,10.010000,305.985000,0.506303,-1.049740,1.050626,-1.050592,-0.800066,-0.000180
cmd,10.015000,305.990000,0.509405,-1.049740,1.050626,-1.050592,-0.800066,-0.000180
cmd,10.020000,305.995000,0.512471,-1.049740,1.050626,-1.050592,-0.800066,-0.000180
cmd,10.025000,306.000000,0.515487,-1.049740,1.050626,-1.050592,-0.800066,-0.000180
cmd,10.030000,306.005000,0.518443,-1.049740,1.050626,-1.050592,-0.800066,-0.000180
cmd,10.035000,306.010000,0.521325,-1.049740,1.050626,-1.050592,-0.800066,-0.000180
cmd,10.040000,306.015000,0.524124,-1.049740,1.050626,-1.050592,-0.800066,-0.000180
cmd,10.045000,306.020000,0.526828,-1.049740,1.050626,-1.050592,-0.800066,-0.000180
cmd,10.050000,306.025000,0.529426,-1.049740,1.050626,-1.050592,-0.800066,-0.000180
cmd,10.055000,306.030000,0.531908,-1.049740,1.050626,-1.050592,-0.800066,-0.000180
cmd,10.060000,306.035000,0.534264,-1.049740,1.050626,-1.050592,-0.800066,-0.000180
cmd,10.065000,306.040000,0.536485,-1.049740,1.050626,-1.050592,-0.800066,-0.000180
cmd,10.070000,306.045000,0.538562,-1.049740,1.050626,-1.050592,-0.800066,-0.000180
cmd,10.075000,306.050000,0.540487,-1.049740,1.050626,-1.050592,-0.800066,-0.000180
cmd,10.080000,306.055000,0.542253,-1.049740,1.050626,-1.050592,-0.800066,-0.000180
cmd,10.085000,306.060000,0.543852,-1.049740,1.050626,-1.050592,-0.800066,-0.000180
cmd,10.090000,306.065000,0.545278,-1.049740,1.050626,-1.050592,-0.800066,-0.000180
cmd,10.095000,306.070000,0.546525,-1.049740,1.050626,-1.050592,-0.800066,-0.000180
cmd,10.100000,306.075000,0.547589,-1.049740,1.050626,-1.050592,-0.800066,-0.000180
cmd,10.105000,306.080000,0.548466,-1.049740,1.050626,-1.050592,-0.800066,-0.000180
cmd,10.110000,306.085000,0.549151,-1.049740,1.050626,-1.050592,-0.800066,-0.000180
cmd,10.115000,306.090000,0.549642,-1.049740,1.050626,-1.050592,-0.800066,-0.000180
cmd,10.120000,306.095000,0.549938,-1.049740,1.050626,-1.050592,-0.800066,-0.000180
cmd,10.125000,306.100000,0.550036,-1.049740,1.050626,-1.050592,-0.800066,-0.000180
cmd,10.130000,306.105000,0.549938,-1.049740,1.050626,-1.050592,-0.800066,-0.000180
cmd,10.135000,306.110000,0.549642,-1.049740,1.050626,-1.050592,-0.800066,-0.000180
cmd,10.140000,306.115000,0.549151,-1.049740,1.050626,-1.050592,-0.800066,-0.000180
cmd,10.145000,306.120000,0.548466,-1.049740,1.050626,-1.050592,-0.800066,-0.000180
cmd,10.150000,306.125000,0.547589,-1.049740,1.050626,-1.050592,-0.800066,-0.000180
cmd,10.155000,306.130000,0.546525,-1.049740,1.050626,-1.050592,-0.800066,-0.000180
cmd,10.160000,306.135000,0.545278,-1.049740,1.050626,-1.050592,-0.800066,-0.000180
cmd,10.165000,306.140000,0.543852,-1.049740,1.050626,-1.050592,-0.800066,-0.000180
cmd,10.170000,306.145000,0.542253,-1.049740,1.050626,-1.050592,-0.800066,-0.000180
cmd,10.175000,306.150000,0.540487,-1.049740,1.050626,-1.050592,-0.800066,-0.000180
cmd,10.180000,306.155000,0.538562,-1.049740,1.050626,-1.050592,-0.800066,-0.000180
cmd,10.185000,306.160000,0.536485,-1.049740,1.050626,-1.050592,-0.800066,-0.000180
cmd,10.190000,306.165000,0.534264,-1.049740,1.050626,-1.050592,-0.800066,-0.000180
cmd,10.195000,306.170000,0.531908,-1.049740,1.050626,-1.050592,-0.800066,-0.000180
cmd,10.200000,306.175000,0.529426,-1.049740,1.050626,-1.050592,-0.800066,-0.000180
cmd,10.205000,306.180000,0.526828,-1.049740,1.050626,-1.050592,-0.800066,-0.000180
cmd,10.210000,306.185000,0.524124,-1.049740,1.050626,-1.050592,-0.800066,-0.000180
cmd,10.215000,306.190000,0.521325,-1.049740,1.050626,-1.050592,-0.800066,-0.000180
cmd,10.220000,306.195000,0.518443,-1.049740,1.050626,-1.050592,-0.800066,-0.000180
cmd,10.225000,306.200000,0.515487,-1.049740,1.050626,-1.050592,-0.800066,-0.000180
cmd,10.230000,306.205000,0.512471,-1.049740,1.050626,-1.050592,-0.800066,-0.000180
cmd,10.235000,306.210000,0.509405,-1.049740,1.050626,-1.050592,-0.800066,-0.000180
cmd,10.240000,306.215000,0.506303,-1.049740,1.050626,-1.050592,-0.800066,-0.000180
cmd,10.245000,306.220000,0.503176,-1.049740,1.050626,-1.050592,-0.800066,-0.000180
cmd,10.250000,306.225000,0.500036,-1.049740,1.050626,-1.050592,-0.800066,-0.000180
cmd,10.255000,306.230000,0.496897,-1.049740,1.050626,-1.050592,-0.800066,-0.000180
cmd,10.260000,306.235000,0.493770,-1.049740,1.050626,-1.050592,-0.800066,-0.000180
cmd,10.265000,306.240000,0.490667,-1.049740,1.050626,-1.050592,-0.800066,-0.000180
cmd,10.270000,306.245000,0.487602,-1.049740,1.050626,-1.050592,-0.800066,-0.000180
cmd,10.275000,306.250000,0.484586,-1.049740,1.050626,-1.050592,-0.800066,-0.000180
cmd,10.280000,306.255000,0.481630,-1.049740,1.050626,-1.050592,-0.800066,-0.000180
cmd,10.285000,306.260000,0.478747,-1.049740,1.050626,-1.050592,-0.800066,-0.000180
cmd,10.290000,306.265000,0.475949,-1.049740,1.050626,-1.050592,-0.800066,-0.000180
cmd,10.295000,306.270000,0.473245,-1.049740,1.050626,-1.050592,-0.800066,-0.000180
cmd,10.300000,306.275000,0.470647,-1.049740,1.050626,-1.050592,-0.800066,-0.000180
cmd,10.305000,306.280000,0.468165,-1.049740,1.050626,-1.050592,-0.800066,-0.000180
cmd,10.310000,306.285000,0.465809,-1.049740,1.050626,-1.050592,-0.800066,-0.000180
cmd,10.315000,306.290000,0.463588,-1.049740,1.050626,-1.050592,-0.800066,-0.000180
cmd,10.320000,306.295000,0.461511,-1.049740,1.050626,-1.050592,-0.800066,-0.000180
cmd,10.325000,306.300000,0.459586,-1.049740,1.050626,-1.050592,-0.800066,-0.000180
cmd,10.330000,306.305000,0.457820,-1.049740,1.050626,-1.050592,-0.800066,-0.000180
cmd,10.335000,306.310000,0.456221,-1.049740,1.050626,-1.050592,-0.800066,-0.000180
cmd,10.340000,306.315000,0.454795,-1.049740,1.050626,-1.050592,-0.800066,-0.000180
cmd,10.345000,306.320000,0.453548,-1.049740,1.050626,-1.050592,-0.800066,-0.000180
cmd,10.350000,306.325000,0.452484,-1.049740,1.050626,-1.050592,-0.800066,-0.000180
cmd,10.355000,306.330000,0.451607,-1.049740,1.050626,-1.050592,-0.800066,-0.000180
cmd,10.360000,306.335000,0.450922,-1.049740,1.050626,-1.050592,-0.800066,-0.000180
cmd,10.365000,306.340000,0.450431,-1.049740,1.050626,-1.050592,-0.800066,-0.000180
cmd,10.370000,306.345000,0.450135,-1.049740,1.050626,-1.050592,-0.800066,-0.000180
cmd,10.375000,306.350000,0.450036,-1.049740,1.050626,-1.050592,-0.800066,-0.000180
cmd,10.380000,306.355000,0.450135,-1.049740,1.050626,-1.050592,-0.800066,-0.000180
cmd,10.385000,306.360000,0.450431,-1.049740,1.050626,-1.050592,-0.800066,-0.000180
cmd,10.390000,306.365000,0.450922,-1.049740,1.050626,-1.050592,-0.800066,-0.000180
cmd,10.395000,306.370000,0.451607,-1.049740,1.050626,-1.050592,-0.800066,-0.000180
cmd,10.400000,306.375000,0.452484,-1.049740,1.050626,-1.050592,-0.800066,-0.000180
cmd,10.405000,306.380000,0.453548,-1.049740,1.050626,-1.050592,-0.800066,-0.000180
cmd,10.410000,306.385000,0.454795,-1.049740,1.050626,-1.050592,-0.800066,-0.000180
cmd,10.415000,306.390000,0.456221,-1.049740,1.050626,-1.050592,-0.800066,-0.000180
cmd,10.420000,306.395000,0.457820,-1.049740,1.050626,-1.050592,-0.800066,-0.000180
cmd,10.425000,306.400000,0.459586,-1.049740,1.050626,-1.050592,-0.800066,-0.000180
cmd,10.430000,306.405000,0.461511,-1.049740,1.050626,-1.050592,-0.800066,-0.000180
cmd,10.435000,306.410000,0.463588,-1.049740,1.050626,-1.050592,-0.800066,-0.000180
cmd,10.440000,306.415000,0.465809,-1.049740,1.050626,-1.050592,-0.800066,-0.000180
cmd,10.445000,306.420000,0.468165,-1.049740,1.050626,-1.050592,-0.800066,-0.000180
cmd,10.450000,306.425000,0.470647,-1.049740,1.050626,-1.050592,-0.800066,-0.000180
cmd,10.455000,306.430000,0.473245,-1.049740,1.050626,-1.050592,-0.800066,-0.000180
cmd,10.460000,306.435000,0.475949,-1.049740,1.050626,-1.050592,-0.800066,-0.000180
cmd,10.465000,306.440000,0.478747,-1.049740,1.050626,-1.050592,-0.800066,-0.000180
cmd,10.470000,306.445000,0.481630,-1.049740,1.050626,-1.050592,-0.800066,-0.000180
cmd,10.475000,306.450000,0.484586,-1.049740,1.050626,-1.050592,-0.800066,-0.000180
cmd,10.480000,306.455000,0.487602,-1.049740,1.050626,-1.050592,-0.800066,-0.000180
cmd,10.485000,306.460000,0.490667,-1.049740,1.050626,-1.050592,-0.800066,-0.000180
cmd,10.490000,306.465000,0.493770,-1.049740,1.050626,-1.050592,-0.800066,-0.000180
cmd,10.495000,306.470000,0.496897,-1.049740,1.050626,-1.050592,-0.800066,-0.000180
cmd,10.500000,306.475000,0.500036,-1.049740,1.050626,-1.050592,-0.800066,-0.000180
cmd,10.505000,306.480000,0.503176,-1.049740,1.050626,-1.050592,-0.800066,-0.000180
cmd,10.510000,306.485000,0.506303,-1.049740,1.050626,-1.050592,-0.800066,-0.000180
cmd,10.515000,306.490000,0.509405,-1.049740,1.050626,-1.050592,-0.800066,-0.000180
cmd,10.520000,306.495000,0.512471,-1.049740,1.050626,-1.050592,-0.800066,-0.000180
cmd,10.525000,306.500000,0.515487,-1.049740,1.050626,-1.050592,-0.800066,-0.000180
cmd,10.530000,306.505000,0.518443,-1.049740,1.050626,-1.050592,-0.800066,-0.000180
cmd,10.535000,306.510000,0.521325,-1.049740,1.050626,-1.050592,-0.800066,-0.000180
cmd,10.540000,306.515000,0.524124,-1.049740,1.050626,-1.050592,-0.800066,-0.000180
cmd,10.545000,306.520000,0.526828,-1.049740,1.050626,-1.050592,-0.800066,-0.000180
cmd,10.550000,306.525000,0.529426,-1.049740,1.050626,-1.050592,-0.800066,-0.000180
cmd,10.555000,306.530000,0.531908,-1.049740,1.050626,-1.050592,-0.800066,-0.000180
cmd,10.560000,306.535000,0.534264,-1.049740,1.050626,-1.050592,-0.800066,-0.000180
cmd,10.565000,306.540000,0.536485,-1.049740,1.050626,-1.050592,-0.800066,-0.000180
cmd,10.570000,306.545000,0.538562,-1.049740,1.050626,-1.050592,-0.800066,-0.000180
cmd,10.575000,306.550000,0.540487,-1.049740,1.050626,-1.050592,-0.800066,-0.000180
cmd,10.580000,306.555000,0.542253,-1.049740,1.050626,-1.050592,-0.800066,-0.000180
cmd,10.585000,306.560000,0.543852,-1.049740,1.050626,-1.050592,-0.800066,-0.000180
cmd,10.590000,306.565000,0.545278,-1.049740,1.050626,-1.050592,-0.800066,-0.000180
cmd,10.595000,306.570000,0.546525,-1.049740,1.050626,-1.050592,-0.800066,-0.000180
cmd,10.600000,306.575000,0.547589,-1.049740,1.050626,-1.050592,-0.800066,-0.000180
cmd,10.605000,306.580000,0.548466,-1.049740,1.050626,-1.050592,-0.800066,-0.000180
cmd,10.610000,306.585000,0.549151,-1.049740,1.050626,-1.050592,-0.800066,-0.000180
cmd,10.615000,306.590000,0.549642,-1.049740,1.050626,-1.050592,-0.800066,-0.000180
cmd,10.620000,306.595000,0.549938,-1.049740,1.050626,-1.050592,-0.800066,-0.000180
cmd,10.625000,306.600000,0.550036,-1.049740,1.050626,-1.050592,-0.800066,-0.000180
cmd,10.630000,306.605000,0.549938,-1.049740,1.050626,-1.050592,-0.800066,-0.000180
cmd,10.635000,306.610000,0.549642,-1.049740,1.050626,-1.050592,-0.800066,-0.000180
cmd,10.640000,306.615000,0.549151,-1.049740,1.050626,-1.050592,-0.800066,-0.000180
cmd,10.645000,306.620000,0.548466,-1.049740,1.050626,-1.050592,-0.800066,-0.000180
cmd,10.650000,306.625000,0.547589,-1.049740,1.050626,-1.050592,-0.800066,-0.000180
cmd,10.655000,306.630000,0.546525,-1.049740,1.050626,-1.050592,-0.800066,-0.000180
cmd,10.660000,306.635000,0.545278,-1.049740,1.050626,-1.050592,-0.800066,-0.000180
cmd,10.665000,306.640000,0.543852,-1.049740,1.050626,-1.050592,-0.800066,-0.000180
cmd,10.670000,306.645000,0.542253,-1.049740,1.050626,-1.050592,-0.800066,-0.000180
cmd,10.675000,306.650000,0.540487,-1.049740,1.050626,-1.050592,-0.800066,-0.000180
cmd,10.680000,306.655000,0.538562,-1.049740,1.050626,-1.050592,-0.800066,-0.000180
cmd,10.685000,306.660000,0.536485,-1.049740,1.050626,-1.050592,-0.800066,-0.000180
cmd,10.690000,306.665000,0.534264,-1.049740,1.050626,-1.050592,-0.800066,-0.000180
cmd,10.695000,306.670000,0.531908,-1.049740,1.050626,-1.050592,-0.800066,-0.000180
cmd,10.700000,306.675000,0.529426,-1.049740,1.050626,-1.050592,-0.800066,-0.000180
cmd,10.705000,306.680000,0.526828,-1.049740,1.050626,-1.050592,-0.800066,-0.000180
cmd,10.710000,306.685000,0.524124,-1.049740,1.050626,-1.050592,-0.800066,-0.000180
cmd,10.715000,306.690000,0.521325,-1.049740,1.050626,-1.050592,-0.800066,-0.000180
cmd,10.720000,306.695000,0.518443,-1.049740,1.050626,-1.050592,-0.800066,-0.000180
cmd,10.725000,306.700000,0.515487,-1.049740,1.050626,-1.050592,-0.800066,-0.000180
cmd,10.730000,306.705000,0.512471,-1.049740,1.050626,-1.050592,-0.800066,-0.000180
cmd,10.735000,306.710000,0.509405,-1.049740,1.050626,-1.050592,-0.800066,-0.000180
cmd,10.740000,306.715000,0.506303,-1.049740,1.050626,-1.050592,-0.800066,-0.000180
cmd,10.745000,306.720000,0.503176,-1.049740,1.050626,-1.050592,-0.800066,-0.000180
cmd,10.750000,306.725000,0.500036,-1.049740,1.050626,-1.050592,-0.800066,-0.000180
cmd,10.755000,306.730000,0.496897,-1.049740,1.050626,-1.050592,-0.800066,-0.000180
cmd,10.760000,306.735000,0.493770,-1.049740,1.050626,-1.050592,-0.800066,-0.000180
cmd,10.765000,306.740000,0.490667,-1.049740,1.050626,-1.050592,-0.800066,-0.000180
cmd,10.770000,306.745000,0.487602,-1.049740,1.050626,-1.050592,-0.800066,-0.000180
cmd,10.775000,306.750000,0.484586,-1.049740,1.050626,-1.050592,-0.800066,-0.000180
cmd,10.780000,306.755000,0.481630,-1.049740,1.050626,-1.050592,-0.800066,-0.000180
cmd,10.785000,306.760000,0.478747,-1.049740,1.050626,-1.050592,-0.800066,-0.000180
cmd,10.790000,306.765000,0.475949,-1.049740,1.050626,-1.050592,-0.800066,-0.000180
cmd,10.795000,306.770000,0.473245,-1.049740,1.050626,-1.050592,-0.800066,-0.000180
cmd,10.800000,306.775000,0.470647,-1.049740,1.050626,-1.050592,-0.800066,-0.000180
cmd,10.805000,306.780000,0.468165,-1.049740,1.050626,-1.050592,-0.800066,-0.000180
cmd,10.810000,306.785000,0.465809,-1.049740,1.050626,-1.050592,-0.800066,-0.000180
cmd,10.815000,306.790000,0.463588,-1.049740,1.050626,-1.050592,-0.800066,-0.000180
cmd,10.820000,306.795000,0.461511,-1.049740,1.050626,-1.050592,-0.800066,-0.000180
cmd,10.825000,306.800000,0.459586,-1.049740,1.050626,-1.050592,-0.800066,-0.000180
cmd,10.830000,306.805000,0.457820,-1.049740,1.050626,-1.050592,-0.800066,-0.000180
cmd,10.835000,306.810000,0.456221,-1.049740,1.050626,-1.050592,-0.800066,-0.000180
cmd,10.840000,306.815000,0.454795,-1.049740,1.050626,-1.050592,-0.800066,-0.000180
cmd,10.845000,306.820000,0.453548,-1.049740,1.050626,-1.050592,-0.800066,-0.000180
cmd,10.850000,306.825000,0.452484,-1.049740,1.050626,-1.050592,-0.800066,-0.000180
cmd,10.855000,306.830000,0.451607,-1.049740,1.050626,-1.050592,-0.800066,-0.000180
cmd,10.860000,306.835000,0.450922,-1.049740,1.050626,-1.050592,-0.800066,-0.000180
cmd,10.865000,306.840000,0.450431,-1.049740,1.050626,-1.050592,-0.800066,-0.000180
cmd,10.870000,306.845000,0.450135,-1.049740,1.050626,-1.050592,-0.800066,-0.000180
cmd,10.875000,306.850000,0.450036,-1.049740,1.050626,-1.050592,-0.800066,-0.000180
cmd,10.880000,306.855000,0.450135,-1.049740,1.050626,-1.050592,-0.800066,-0.000180
cmd,10.885000,306.860000,0.450431,-1.049740,1.050626,-1.050592,-0.800066,-0.000180
cmd,10.890000,306.865000,0.450922,-1.049740,1.050626,-1.050592,-0.800066,-0.000180
cmd,10.895000,306.870000,0.451607,-1.049740,1.050626,-1.050592,-0.800066,-0.000180
cmd,10.900000,306.875000,0.452484,-1.049740,1.050626,-1.050592,-0.800066,-0.000180
cmd,10.905000,306.880000,0.453548,-1.049740,1.050626,-1.050592,-0.800066,-0.000180
cmd,10.910000,306.885000,0.454795,-1.049740,1.050626,-1.050592,-0.800066,-0.000180
cmd,10.915000,306.890000,0.456221,-1.049740,1.050626,-1.050592,-0.800066,-0.000180
cmd,10.920000,306.895000,0.457820,-1.049740,1.050626,-1.050592,-0.800066,-0.000180
cmd,10.925000,306.900000,0.459586,-1.049740,1.050626,-1.050592,-0.800066,-0.000180
cmd,10.930000,306.905000,0.461511,-1.049740,1.050626,-1.050592,-0.800066,-0.000180
cmd,10.935000,306.910000,0.463588,-1.049740,1.050626,-1.050592,-0.800066,-0.000180
cmd,10.940000,306.915000,0.465809,-1.049740,1.050626,-1.050592,-0.800066,-0.000180
cmd,10.945000,306.920000,0.468165,-1.049740,1.050626,-1.050592,-0.800066,-0.000180
cmd,10.950000,306.925000,0.470647,-1.049740,1.050626,-1.050592,-0.800066,-0.000180
cmd,10.955000,306.930000,0.473245,-1.049740,1.050626,-1.050592,-0.800066,-0.000180
cmd,10.960000,306.935000,0.475949,-1.049740,1.050626,-1.050592,-0.800066,-0.000180
cmd,10.965000,306.940000,0.478747,-1.049740,1.050626,-1.050592,-0.800066,-0.000180
cmd,10.970000,306.945000,0.481630,-1.049740,1.050626,-1.050592,-0.800066,-0.000180
cmd,10.975000,306.950000,0.484586,-1.049740,1.050626,-1.050592,-0.800066,-0.000180
cmd,10.980000,306.955000,0.487602,-1.049740,1.050626,-1.050592,-0.800066,-0.000180
cmd,10.985000,306.960000,0.490667,-1.049740,1.050626,-1.050592,-0.800066,-0.000180
cmd,10.990000,306.965000,0.493770,-1.049740,1.050626,-1.050592,-0.800066,-0.000180
cmd,10.995000,306.970000,0.496897,-1.049740,1.050626,-1.050592,-0.800066,-0.000180
cmd,11.000000,306.975000,0.500036,-1.049740,1.050626,-1.050592,-0.800066,-0.000180
cmd,11.005000,306.980000,0.503176,-1.049740,1.050626,-1.050592,-0.800066,-0.000180
cmd,11.010000,306.985000,0.506303,-1.049740,1.050626,-1.050592,-0.800066,-0.000180
cmd,11.015000,306.990000,0.509405,-1.049740,1.050626,-1.050592,-0.800066,-0.000180
cmd,11.020000,306.995000,0.512471,-1.049740,1.050626,-1.050592,-0.800066,-0.000180
cmd,11.025000,307.000000,0.515487,-1.049740,1.050626,-1.050592,-0.800066,-0.000180
cmd,11.030000,307.005000,0.518443,-1.049740,1.050626,-1.050592,-0.800066,-0.000180
cmd,11.035000,307.010000,0.521325,-1.049740,1.050626,-1.050592,-0.800066,-0.000180
cmd,11.040000,307.015000,0.524124,-1.049740,1.050626,-1.050592,-0.800066,-0.000180
cmd,11.045000,307.020000,0.526828,-1.049740,1.050626,-1.050592,-0.800066,-0.000180
cmd,11.050000,307.025000,0.529426,-1.049740,1.050626,-1.050592,-0.800066,-0.000180
cmd,11.055000,307.030000,0.531908,-1.049740,1.050626,-1.050592,-0.800066,-0.000180
cmd,11.060000,307.035000,0.534264,-1.049740,1.050626,-1.050592,-0.800066,-0.000180
cmd,11.065000,307.040000,0.536485,-1.049740,1.050626,-1.050592,-0.800066,-0.000180
cmd,11.070000,307.045000,0.538562,-1.049740,1.050626,-1.050592,-0.800066,-0.000180
cmd,11.075000,307.050000,0.540487,-1.049740,1.050626,-1.050592,-0.800066,-0.000180
cmd,11.080000,307.055000,0.542253,-1.049740,1.050626,-1.050592,-0.800066,-0.000180
cmd,11.085000,307.060000,0.543852,-1.049740,1.050626,-1.050592,-0.800066,-0.000180
cmd,11.090000,307.065000,0.545278,-1.049740,1.050626,-1.050592,-0.800066,-0.000180
cmd,11.095000,307.070000,0.546525,-1.049740,1.050626,-1.050592,-0.800066,-0.000180
cmd,11.100000,307.075000,0.547589,-1.049740,1.050626,-1.050592,-0.800066,-0.000180
cmd,11.105000,307.080000,0.548466,-1.049740,1.050626,-1.050592,-0.800066,-0.000180
cmd,11.110000,307.085000,0.549151,-1.049740,1.050626,-1.050592,-0.800066,-0.000180
cmd,11.115000,307.090000,0.549642,-1.049740,1.050626,-1.050592,-0.800066,-0.000180
cmd,11.120000,307.095000,0.549938,-1.049740,1.050626,-1.050592,-0.800066,-0.000180
cmd,11.125000,307.100000,0.550036,-1.049740,1.050626,-1.050592,-0.800066,-0.000180
cmd,11.130000,307.105000,0.549938,-1.049740,1.050626,-1.050592,-0.800066,-0.000180
cmd,11.135000,307.110000,0.549642,-1.049740,1.050626,-1.050592,-0.800066,-0.000180
cmd,11.140000,307.115000,0.549151,-1.049740,1.050626,-1.050592,-0.800066,-0.000180
cmd,11.145000,307.120000,0.548466,-1.049740,1.050626,-1.050592,-0.800066,-0.000180
cmd,11.150000,307.125000,0.547589,-1.049740,1.050626,-1.050592,-0.800066,-0.000180
cmd,11.155000,307.130000,0.546525,-1.049740,1.050626,-1.050592,-0.800066,-0.000180
cmd,11.160000,307.135000,0.545278,-1.049740,1.050626,-1.050592,-0.800066,-0.000180
cmd,11.165000,307.140000,0.543852,-1.049740,1.050626,-1.050592,-0.800066,-0.000180
cmd,11.170000,307.145000,0.542253,-1.049740,1.050626,-1.050592,-0.800066,-0.000180
cmd,11.175000,307.150000,0.540487,-1.049740,1.050626,-1.050592,-0.800066,-0.000180
cmd,11.180000,307.155000,0.538562,-1.049740,1.050626,-1.050592,-0.800066,-0.000180
cmd,11.185000,307.160000,0.536485,-1.049740,1.050626,-1.050592,-0.800066,-0.000180
cmd,11.190000,307.165000,0.534264,-1.049740,1.050626,-1.050592,-0.800066,-0.000180
cmd,11.195000,307.170000,0.531908,-1.049740,1.050626,-1.050592,-0.800066,-0.000180
cmd,11.200000,307.175000,0.529426,-1.049740,1.050626,-1.050592,-0.800066,-0.000180
cmd,11.205000,307.180000,0.526828,-1.049740,1.050626,-1.050592,-0.800066,-0.000180
cmd,11.210000,307.185000,0.524124,-1.049740,1.050626,-1.050592,-0.800066,-0.000180
cmd,11.215000,307.190000,0.521325,-1.049740,1.050626,-1.050592,-0.800066,-0.000180
cmd,11.220000,307.195000,0.518443,-1.049740,1.050626,-1.050592,-0.800066,-0.000180
cmd,11.225000,307.200000,0.515487,-1.049740,1.050626,-1.050592,-0.800066,-0.000180
cmd,11.230000,307.205000,0.512471,-1.049740,1.050626,-1.050592,-0.800066,-0.000180
cmd,11.235000,307.210000,0.509405,-1.049740,1.050626,-1.050592,-0.800066,-0.000180
cmd,11.240000,307.215000,0.506303,-1.049740,1.050626,-1.050592,-0.800066,-0.000180
cmd,11.245000,307.220000,0.503176,-1.049740,1.050626,-1.050592,-0.800066,-0.000180
cmd,11.250000,307.225000,0.500036,-1.049740,1.050626,-1.050592,-0.800066,-0.000180
cmd,11.255000,307.230000,0.496897,-1.049740,1.050626,-1.050592,-0.800066,-0.000180
cmd,11.260000,307.235000,0.493770,-1.049740,1.050626,-1.050592,-0.800066,-0.000180
cmd,11.265000,307.240000,0.490667,-1.049740,1.050626,-1.050592,-0.800066,-0.000180
cmd,11.270000,307.245000,0.487602,-1.049740,1.050626,-1.050592,-0.800066,-0.000180
cmd,11.275000,307.250000,0.484586,-1.049740,1.050626,-1.050592,-0.800066,-0.000180
cmd,11.280000,307.255000,0.481630,-1.049740,1.050626,-1.050592,-0.800066,-0.000180
cmd,11.285000,307.260000,0.478747,-1.049740,1.050626,-1.050592,-0.800066,-0.000180
cmd,11.290000,307.265000,0.475949,-1.049740,1.050626,-1.050592,-0.800066,-0.000180
cmd,11.295000,307.270000,0.473245,-1.049740,1.050626,-1.050592,-0.800066,-0.000180
cmd,11.300000,307.275000,0.470647,-1.049740,1.050626,-1.050592,-0.800066,-0.000180
cmd,11.305000,307.280000,0.468165,-1.049740,1.050626,-1.050592,-0.800066,-0.000180
cmd,11.310000,307.285000,0.465809,-1.049740,1.050626,-1.050592,-0.800066,-0.000180
cmd,11.315000,307.290000,0.463588,-1.049740,1.050626,-1.050592,-0.800066,-0.000180
cmd,11.320000,307.295000,0.461511,-1.049740,1.050626,-1.050592,-0.800066,-0.000180
cmd,11.325000,307.300000,0.459586,-1.049740,1.050626,-1.050592,-0.800066,-0.000180
cmd,11.330000,307.305000,0.457820,-1.049740,1.050626,-1.050592,-0.800066,-0.000180
cmd,11.335000,307.310000,0.456221,-1.049740,1.050626,-1.050592,-0.800066,-0.000180
cmd,11.340000,307.315000,0.454795,-1.049740,1.050626,-1.050592,-0.800066,-0.000180
cmd,11.345000,307.320000,0.453548,-1.049740,1.050626,-1.050592,-0.800066,-0.000180
cmd,11.350000,307.325000,0.452484,-1.049740,1.050626,-1.050592,-0.800066,-0.000180
cmd,11.355000,307.330000,0.451607,-1.049740,1.050626,-1.050592,-0.800066,-0.000180
cmd,11.360000,307.335000,0.450922,-1.049740,1.050626,-1.050592,-0.800066,-0.000180
cmd,11.365000,307.340000,0.450431,-1.049740,1.050626,-1.050592,-0.800066,-0.000180
cmd,11.370000,307.345000,0.450135,-1.049740,1.050626,-1.050592,-0.800066,-0.000180
cmd,11.375000,307.350000,0.450036,-1.049740,1.050626,-1.050592,-0.800066,-0.000180
cmd,11.380000,307.355000,0.450135,-1.049740,1.050626,-1.050592,-0.800066,-0.000180
cmd,11.385000,307.360000,0.450431,-1.049740,1.050626,-1.050592,-0.800066,-0.000180
cmd,11.390000,307.365000,0.450922,-1.049740,1.050626,-1.050592,-0.800066,-0.000180
cmd,11.395000,307.370000,0.451607,-1.049740,1.050626,-1.050592,-0.800066,-0.000180
cmd,11.400000,307.375000,0.452484,-1.049740,1.050626,-1.050592,-0.800066,-0.000180
cmd,11.405000,307.380000,0.453548,-1.049740,1.050626,-1.050592,-0.800066,-0.000180
cmd,11.410000,307.385000,0.454795,-1.049740,1.050626,-1.050592,-0.800066,-0.000180
cmd,11.415000,307.390000,0.456221,-1.049740,1.050626,-1.050592,-0.800066,-0.000180
cmd,11.420000,307.395000,0.457820,-1.049740,1.050626,-1.050592,-0.800066,-0.000180
cmd,11.425000,307.400000,0.459586,-1.049740,1.050626,-1.050592,-0.800066,-0.000180
cmd,11.430000,307.405000,0.461511,-1.049740,1.050626,-1.050592,-0.800066,-0.000180
cmd,11.435000,307.410000,0.463588,-1.049740,1.050626,-1.050592,-0.800066,-0.000180
cmd,11.440000,307.415000,0.465809,-1.049740,1.050626,-1.050592,-0.800066,-0.000180
cmd,11.445000,307.420000,0.468165,-1.049740,1.050626,-1.050592,-0.800066,-0.000180
cmd,11.450000,307.425000,0.470647,-1.049740,1.050626,-1.050592,-0.800066,-0.000180
cmd,11.455000,307.430000,0.473245,-1.049740,1.050626,-1.050592,-0.800066,-0.000180
cmd,11.460000,307.435000,0.475949,-1.049740,1.050626,-1.050592,-0.800066,-0.000180
cmd,11.465000,307.440000,0.478747,-1.049740,1.050626,-1.050592,-0.800066,-0.000180
cmd,11.470000,307.445000,0.481630,-1.049740,1.050626,-1.050592,-0.800066,-0.000180
cmd,11.475000,307.450000,0.484586,-1.049740,1.050626,-1.050592,-0.800066,-0.000180
cmd,11.480000,307.455000,0.487602,-1.049740,1.050626,-1.050592,-0.800066,-0.000180
cmd,11.485000,307.460000,0.490667,-1.049740,1.050626,-1.050592,-0.800066,-0.000180
cmd,11.490000,307.465000,0.493770,-1.049740,1.050626,-1.050592,-0.800066,-0.000180
cmd,11.495000,307.470000,0.496897,-1.049740,1.050626,-1.050592,-0.800066,-0.000180
cmd,11.500000,307.475000,0.500036,-1.049740,1.050626,-1.050592,-0.800066,-0.000180
cmd,11.505000,307.480000,0.503176,-1.049740,1.050626,-1.050592,-0.800066,-0.000180
cmd,11.510000,307.485000,0.506303,-1.049740,1.050626,-1.050592,-0.800066,-0.000180
cmd,11.515000,307.490000,0.509405,-1.049740,1.050626,-1.050592,-0.800066,-0.000180
cmd,11.520000,307.495000,0.512471,-1.049740,1.050626,-1.050592,-0.800066,-0.000180
cmd,11.525000,307.500000,0.515487,-1.049740,1.050626,-1.050592,-0.800066,-0.000180
cmd,11.530000,307.505000,0.518443,-1.049740,1.050626,-1.050592,-0.800066,-0.000180
cmd,11.535000,307.510000,0.521325,-1.049740,1.050626,-1.050592,-0.800066,-0.000180
cmd,11.540000,307.515000,0.524124,-1.049740,1.050626,-1.050592,-0.800066,-0.000180
cmd,11.545000,307.520000,0.526828,-1.049740,1.050626,-1.050592,-0.800066,-0.000180
cmd,11.550000,307.525000,0.529426,-1.049740,1.050626,-1.050592,-0.800066,-0.000180
cmd,11.555000,307.530000,0.531908,-1.049740,1.050626,-1.050592,-0.800066,-0.000180
cmd,11.560000,307.535000,0.534264,-1.049740,1.050626,-1.050592,-0.800066,-0.000180
cmd,11.565000,307.540000,0.536485,-1.049740,1.050626,-1.050592,-0.800066,-0.000180
cmd,11.570000,307.545000,0.538562,-1.049740,1.050626,-1.050592,-0.800066,-0.000180
cmd,11.575000,307.550000,0.540487,-1.049740,1.050626,-1.050592,-0.800066,-0.000180
cmd,11.580000,307.555000,0.542253,-1.049740,1.050626,-1.050592,-0.800066,-0.000180
cmd,11.585000,307.560000,0.543852,-1.049740,1.050626,-1.050592,-0.800066,-0.000180
cmd,11.590000,307.565000,0.545278,-1.049740,1.050626,-1.050592,-0.800066,-0.000180
cmd,11.595000,307.570000,0.546525,-1.049740,1.050626,-1.050592,-0.800066,-0.000180
cmd,11.600000,307.575000,0.547589,-1.049740,1.050626,-1.050592,-0.800066,-0.000180
cmd,11.605000,307.580000,0.548466,-1.049740,1.050626,-1.050592,-0.800066,-0.000180
cmd,11.610000,307.585000,0.549151,-1.049740,1.050626,-1.050592,-0.800066,-0.000180
cmd,11.615000,307.590000,0.549642,-1.049740,1.050626,-1.050592,-0.800066,-0.000180
cmd,11.620000,307.595000,0.549938,-1.049740,1.050626,-1.050592,-0.800066,-0.000180
cmd,11.625000,307.600000,0.550036,-1.049740,1.050626,-1.050592,-0.800066,-0.000180
cmd,11.630000,307.605000,0.549938,-1.049740,1.050626,-1.050592,-0.800066,-0.000180
cmd,11.635000,307.610000,0.549642,-1.049740,1.050626,-1.050592,-0.800066,-0.000180
cmd,11.640000,307.615000,0.549151,-1.049740,1.050626,-1.050592,-0.800066,-0.000180
cmd,11.645000,307.620000,0.548466,-1.049740,1.050626,-1.050592,-0.800066,-0.000180
cmd,11.650000,307.625000,0.547589,-1.049740,1.050626,-1.050592,-0.800066,-0.000180
cmd,11.655000,307.630000,0.546525,-1.049740,1.050626,-1.050592,-0.800066,-0.000180
cmd,11.660000,307.635000,0.545278,-1.049740,1.050626,-1.050592,-0.800066,-0.000180
cmd,11.665000,307.640000,0.543852,-1.049740,1.050626,-1.050592,-0.800066,-0.000180
cmd,11.670000,307.645000,0.542253,-1.049740,1.050626,-1.050592,-0.800066,-0.000180
cmd,11.675000,307.650000,0.540487,-1.049740,1.050626,-1.050592,-0.800066,-0.000180
cmd,11.680000,307.655000,0.538562,-1.049740,1.050626,-1.050592,-0.800066,-0.000180
cmd,11.685000,307.660000,0.536485,-1.049740,1.050626,-1.050592,-0.800066,-0.000180
cmd,11.690000,307.665000,0.534264,-1.049740,1.050626,-1.050592,-0.800066,-0.000180
cmd,11.695000,307.670000,0.531908,-1.049740,1.050626,-1.050592,-0.800066,-0.000180
cmd,11.700000,307.675000,0.529426,-1.049740,1.050626,-1.050592,-0.800066,-0.000180
cmd,11.705000,307.680000,0.526828,-1.049740,1.050626,-1.050592,-0.800066,-0.000180
cmd,11.710000,307.685000,0.524124,-1.049740,1.050626,-1.050592,-0.800066,-0.000180
cmd,11.715000,307.690000,0.521325,-1.049740,1.050626,-1.050592,-0.800066,-0.000180
cmd,11.720000,307.695000,0.518443,-1.049740,1.050626,-1.050592,-0.800066,-0.000180
cmd,11.725000,307.700000,0.515487,-1.049740,1.050626,-1.050592,-0.800066,-0.000180
cmd,11.730000,307.705000,0.512471,-1.049740,1.050626,-1.050592,-0.800066,-0.000180
cmd,11.735000,307.710000,0.509405,-1.049740,1.050626,-1.050592,-0.800066,-0.000180
cmd,11.740000,307.715000,0.506303,-1.049740,1.050626,-1.050592,-0.800066,-0.000180
cmd,11.745000,307.720000,0.503176,-1.049740,1.050626,-1.050592,-0.800066,-0.000180
cmd,11.750000,307.725000,0.500036,-1.049740,1.050626,-1.050592,-0.800066,-0.000180
cmd,11.755000,307.730000,0.496897,-1.049740,1.050626,-1.050592,-0.800066,-0.000180
cmd,11.760000,307.735000,0.493770,-1.049740,1.050626,-1.050592,-0.800066,-0.000180
cmd,11.765000,307.740000,0.490667,-1.049740,1.050626,-1.050592,-0.800066,-0.000180
cmd,11.770000,307.745000,0.487602,-1.049740,1.050626,-1.050592,-0.800066,-0.000180
cmd,11.775000,307.750000,0.484586,-1.049740,1.050626,-1.050592,-0.800066,-0.000180
cmd,11.780000,307.755000,0.481630,-1.049740,1.050626,-1.050592,-0.800066,-0.000180
cmd,11.785000,307.760000,0.478747,-1.049740,1.050626,-1.050592,-0.800066,-0.000180
cmd,11.790000,307.765000,0.475949,-1.049740,1.050626,-1.050592,-0.800066,-0.000180
cmd,11.795000,307.770000,0.473245,-1.049740,1.050626,-1.050592,-0.800066,-0.000180
cmd,11.800000,307.775000,0.470647,-1.049740,1.050626,-1.050592,-0.800066,-0.000180
cmd,11.805000,307.780000,0.468165,-1.049740,1.050626,-1.050592,-0.800066,-0.000180
cmd,11.810000,307.785000,0.465809,-1.049740,1.050626,-1.050592,-0.800066,-0.000180
cmd,11.815000,307.790000,0.463588,-1.049740,1.050626,-1.050592,-0.800066,-0.000180
cmd,11.820000,307.795000,0.461511,-1.049740,1.050626,-1.050592,-0.800066,-0.000180
cmd,11.825000,307.800000,0.459586,-1.049740,1.050626,-1.050592,-0.800066,-0.000180
cmd,11.830000,307.805000,0.457820,-1.049740,1.050626,-1.050592,-0.800066,-0.000180
cmd,11.835000,307.810000,0.456221,-1.049740,1.050626,-1.050592,-0.800066,-0.000180
cmd,11.840000,307.815000,0.454795,-1.049740,1.050626,-1.050592,-0.800066,-0.000180
cmd,11.845000,307.820000,0.453548,-1.049740,1.050626,-1.050592,-0.800066,-0.000180
cmd,11.850000,307.825000,0.452484,-1.049740,1.050626,-1.050592,-0.800066,-0.000180
cmd,11.855000,307.830000,0.451607,-1.049740,1.050626,-1.050592,-0.800066,-0.000180
cmd,11.860000,307.835000,0.450922,-1.049740,1.050626,-1.050592,-0.800066,-0.000180
cmd,11.865000,307.840000,0.450431,-1.049740,1.050626,-1.050592,-0.800066,-0.000180
cmd,11.870000,307.845000,0.450135,-1.049740,1.050626,-1.050592,-0.800066,-0.000180
cmd,11.875000,307.850000,0.450036,-1.049740,1.050626,-1.050592,-0.800066,-0.000180
cmd,11.880000,307.855000,0.450135,-1.049740,1.050626,-1.050592,-0.800066,-0.000180
cmd,11.885000,307.860000,0.450431,-1.049740,1.050626,-1.050592,-0.800066,-0.000180
cmd,11.890000,307.865000,0.450922,-1.049740,1.050626,-1.050592,-0.800066,-0.000180
cmd,11.895000,307.870000,0.451607,-1.049740,1.050626,-1.050592,-0.800066,-0.000180
cmd,11.900000,307.875000,0.452484,-1.049740,1.050626,-1.050592,-0.800066,-0.000180
cmd,11.905000,307.880000,0.453548,-1.049740,1.050626,-1.050592,-0.800066,-0.000180
cmd,11.910000,307.885000,0.454795,-1.049740,1.050626,-1.050592,-0.800066,-0.000180
cmd,11.915000,307.890000,0.456221,-1.049740,1.050626,-1.050592,-0.800066,-0.000180
cmd,11.920000,307.895000,0.457820,-1.049740,1.050626,-1.050592,-0.800066,-0.000180
cmd,11.925000,307.900000,0.459586,-1.049740,1.050626,-1.050592,-0.800066,-0.000180
cmd,11.930000,307.905000,0.461511,-1.049740,1.050626,-1.050592,-0.800066,-0.000180
cmd,11.935000,307.910000,0.463588,-1.049740,1.050626,-1.050592,-0.800066,-0.000180
cmd,11.940000,307.915000,0.465809,-1.049740,1.050626,-1.050592,-0.800066,-0.000180
cmd,11.945000,307.920000,0.468165,-1.049740,1.050626,-1.050592,-0.800066,-0.000180
cmd,11.950000,307.925000,0.470647,-1.049740,1.050626,-1.050592,-0.800066,-0.000180
cmd,11.955000,307.930000,0.473245,-1.049740,1.050626,-1.050592,-0.800066,-0.000180
cmd,11.960000,307.935000,0.475949,-1.049740,1.050626,-1.050592,-0.800066,-0.000180
cmd,11.965000,307.940000,0.478747,-1.049740,1.050626,-1.050592,-0.800066,-0.000180
cmd,11.970000,307.945000,0.481630,-1.049740,1.050626,-1.050592,-0.800066,-0.000180
cmd,11.975000,307.950000,0.484586,-1.049740,1.050626,-1.050592,-0.800066,-0.000180
cmd,11.980000,307.955000,0.487602,-1.049740,1.050626,-1.050592,-0.800066,-0.000180
cmd,11.985000,307.960000,0.490667,-1.049740,1.050626,-1.050592,-0.800066,-0.000180
cmd,11.990000,307.965000,0.493770,-1.049740,1.050626,-1.050592,-0.800066,-0.000180
cmd,11.995000,307.970000,0.496897,-1.049740,1.050626,-1.050592,-0.800066,-0.000180
cmd,12.000000,307.975000,0.500036,-1.049740,1.050626,-1.050592,-0.800066,-0.000180
cmd,12.005000,307.980000,0.503176,-1.049740,1.050626,-1.050592,-0.800066,-0.000180
cmd,12.010000,307.985000,0.506303,-1.049740,1.050626,-1.050592,-0.800066,-0.000180
cmd,12.015000,307.990000,0.509405,-1.049740,1.050626,-1.050592,-0.800066,-0.000180
cmd,12.020000,307.995000,0.512471,-1.049740,1.050626,-1.050592,-0.800066,-0.000180
cmd,12.025000,308.000000,0.515487,-1.049740,1.050626,-1.050592,-0.800066,-0.000180
cmd,12.030000,308.005000,0.518443,-1.049740,1.050626,-1.050592,-0.800066,-0.000180
cmd,12.035000,308.010000,0.521325,-1.049740,1.050626,-1.050592,-0.800066,-0.000180
cmd,12.040000,308.015000,0.524124,-1.049740,1.050626,-1.050592,-0.800066,-0.000180
cmd,12.045000,308.020000,0.526828,-1.049740,1.050626,-1.050592,-0.800066,-0.000180
cmd,12.050000,308.025000,0.529426,-1.049740,1.050626,-1.050592,-0.800066,-0.000180
cmd,12.055000,308.030000,0.531908,-1.049740,1.050626,-1.050592,-0.800066,-0.000180
cmd,12.060000,308.035000,0.534264,-1.049740,1.050626,-1.050592,-0.800066,-0.000180
cmd,12.065000,308.040000,0.536485,-1.049740,1.050626,-1.050592,-0.800066,-0.000180
cmd,12.070000,308.045000,0.538562,-1.049740,1.050626,-1.050592,-0.800066,-0.000180
cmd,12.075000,308.050000,0.540487,-1.049740,1.050626,-1.050592,-0.800066,-0.000180
cmd,12.080000,308.055000,0.542253,-1.049740,1.050626,-1.050592,-0.800066,-0.000180
cmd,12.085000,308.060000,0.543852,-1.049740,1.050626,-1.050592,-0.800066,-0.000180
cmd,12.090000,308.065000,0.545278,-1.049740,1.050626,-1.050592,-0.800066,-0.000180
cmd,12.095000,308.070000,0.546525,-1.049740,1.050626,-1.050592,-0.800066,-0.000180
cmd,12.100000,308.075000,0.547589,-1.049740,1.050626,-1.050592,-0.800066,-0.000180
cmd,12.105000,308.080000,0.548466,-1.049740,1.050626,-1.050592,-0.800066,-0.000180
cmd,12.110000,308.085000,0.549151,-1.049740,1.050626,-1.050592,-0.800066,-0.000180
cmd,12.115000,308.090000,0.549642,-1.049740,1.050626,-1.050592,-0.800066,-0.000180
cmd,12.120000,308.095000,0.549938,-1.049740,1.050626,-1.050592,-0.800066,-0.000180
cmd,12.125000,308.100000,0.550036,-1.049740,1.050626,-1.050592,-0.800066,-0.000180
cmd,12.130000,308.105000,0.549938,-1.049740,1.050626,-1.050592,-0.800066,-0.000180
cmd,12.135000,308.110000,0.549642,-1.049740,1.050626,-1.050592,-0.800066,-0.000180
cmd,12.140000,308.115000,0.549151,-1.049740,1.050626,-1.050592,-0.800066,-0.000180
cmd,12.145000,308.120000,0.548466,-1.049740,1.050626,-1.050592,-0.800066,-0.000180
cmd,12.150000,308.125000,0.547589,-1.049740,1.050626,-1.050592,-0.800066,-0.000180
cmd,12.155000,308.130000,0.546525,-1.049740,1.050626,-1.050592,-0.800066,-0.000180
cmd,12.160000,308.135000,0.545278,-1.049740,1.050626,-1.050592,-0.800066,-0.000180
cmd,12.165000,308.140000,0.543852,-1.049740,1.050626,-1.050592,-0.800066,-0.000180
cmd,12.170000,308.145000,0.542253,-1.049740,1.050626,-1.050592,-0.800066,-0.000180
cmd,12.175000,308.150000,0.540487,-1.049740,1.050626,-1.050592,-0.800066,-0.000180
cmd,12.180000,308.155000,0.538562,-1.049740,1.050626,-1.050592,-0.800066,-0.000180
cmd,12.185000,308.160000,0.536485,-1.049740,1.050626,-1.050592,-0.800066,-0.000180
cmd,12.190000,308.165000,0.534264,-1.049740,1.050626,-1.050592,-0.800066,-0.000180
cmd,12.195000,308.170000,0.531908,-1.049740,1.050626,-1.050592,-0.800066,-0.000180
cmd,12.200000,308.175000,0.529426,-1.049740,1.050626,-1.050592,-0.800066,-0.000180
cmd,12.205000,308.180000,0.526828,-1.049740,1.050626,-1.050592,-0.800066,-0.000180
cmd,12.210000,308.185000,0.524124,-1.049740,1.050626,-1.050592,-0.800066,-0.000180
cmd,12.215000,308.190000,0.521325,-1.049740,1.050626,-1.050592,-0.800066,-0.000180
cmd,12.220000,308.195000,0.518443,-1.049740,1.050626,-1.050592,-0.800066,-0.000180
cmd,12.225000,308.200000,0.515487,-1.049740,1.050626,-1.050592,-0.800066,-0.000180
cmd,12.230000,308.205000,0.512471,-1.049740,1.050626,-1.050592,-0.800066,-0.000180
cmd,12.235000,308.210000,0.509405,-1.049740,1.050626,-1.050592,-0.800066,-0.000180
cmd,12.240000,308.215000,0.506303,-1.049740,1.050626,-1.050592,-0.800066,-0.000180
cmd,12.245000,308.220000,0.503176,-1.049740,1.050626,-1.050592,-0.800066,-0.000180
cmd,12.250000,308.225000,0.500036,-1.049740,1.050626,-1.050592,-0.800066,-0.000180
cmd,12.255000,308.230000,0.496897,-1.049740,1.050626,-1.050592,-0.800066,-0.000180
cmd,12.260000,308.235000,0.493770,-1.049740,1.050626,-1.050592,-0.800066,-0.000180
cmd,12.265000,308.240000,0.490667,-1.049740,1.050626,-1.050592,-0.800066,-0.000180
cmd,12.270000,308.245000,0.487602,-1.049740,1.050626,-1.050592,-0.800066,-0.000180
cmd,12.275000,308.250000,0.484586,-1.049740,1.050626,-1.050592,-0.800066,-0.000180
cmd,12.280000,308.255000,0.481630,-1.049740,1.050626,-1.050592,-0.800066,-0.000180
cmd,12.285000,308.260000,0.478747,-1.049740,1.050626,-1.050592,-0.800066,-0.000180
cmd,12.290000,308.265000,0.475949,-1.049740,1.050626,-1.050592,-0.800066,-0.000180
cmd,12.295000,308.270000,0.473245,-1.049740,1.050626,-1.050592,-0.800066,-0.000180
cmd,12.300000,308.275000,0.470647,-1.049740,1.050626,-1.050592,-0.800066,-0.000180
cmd,12.305000,308.280000,0.468165,-1.049740,1.050626,-1.050592,-0.800066,-0.000180
cmd,12.310000,308.285000,0.465809,-1.049740,1.050626,-1.050592,-0.800066,-0.000180
cmd,12.315000,308.290000,0.463588,-1.049740,1.050626,-1.050592,-0.800066,-0.000180
cmd,12.320000,308.295000,0.461511,-1.049740,1.050626,-1.050592,-0.800066,-0.000180
cmd,12.325000,308.300000,0.459586,-1.049740,1.050626,-1.050592,-0.800066,-0.000180
cmd,12.330000,308.305000,0.457820,-1.049740,1.050626,-1.050592,-0.800066,-0.000180
cmd,12.335000,308.310000,0.456221,-1.049740,1.050626,-1.050592,-0.800066,-0.000180
cmd,12.340000,308.315000,0.454795,-1.049740,1.050626,-1.050592,-0.800066,-0.000180
cmd,12.345000,308.320000,0.453548,-1.049740,1.050626,-1.050592,-0.800066,-0.000180
cmd,12.350000,308.325000,0.452484,-1.049740,1.050626,-1.050592,-0.800066,-0.000180
cmd,12.355000,308.330000,0.451607,-1.049740,1.050626,-1.050592,-0.800066,-0.000180
cmd,12.360000,308.335000,0.450922,-1.049740,1.050626,-1.050592,-0.800066,-0.000180
cmd,12.365000,308.340000,0.450431,-1.049740,1.050626,-1.050592,-0.800066,-0.000180
cmd,12.370000,308.345000,0.450135,-1.049740,1.050626,-1.050592,-0.800066,-0.000180
cmd,12.375000,308.350000,0.450036,-1.049740,1.050626,-1.050592,-0.800066,-0.000180
cmd,12.380000,308.355000,0.450135,-1.049740,1.050626,-1.050592,-0.800066,-0.000180
cmd,12.385000,308.360000,0.450431,-1.049740,1.050626,-1.050592,-0.800066,-0.000180
cmd,12.390000,308.365000,0.450922,-1.049740,1.050626,-1.050592,-0.800066,-0.000180
cmd,12.395000,308.370000,0.451607,-1.049740,1.050626,-1.050592,-0.800066,-0.000180
cmd,12.400000,308.375000,0.452484,-1.049740,1.050626,-1.050592,-0.800066,-0.000180
cmd,12.405000,308.380000,0.453548,-1.049740,1.050626,-1.050592,-0.800066,-0.000180
cmd,12.410000,308.385000,0.454795,-1.049740,1.050626,-1.050592,-0.800066,-0.000180
cmd,12.415000,308.390000,0.456221,-1.049740,1.050626,-1.050592,-0.800066,-0.000180
cmd,12.420000,308.395000,0.457820,-1.049740,1.050626,-1.050592,-0.800066,-0.000180
cmd,12.425000,308.400000,0.459586,-1.049740,1.050626,-1.050592,-0.800066,-0.000180
cmd,12.430000,308.405000,0.461511,-1.049740,1.050626,-1.050592,-0.800066,-0.000180
cmd,12.435000,308.410000,0.463588,-1.049740,1.050626,-1.050592,-0.800066,-0.000180
cmd,12.440000,308.415000,0.465809,-1.049740,1.050626,-1.050592,-0.800066,-0.000180
cmd,12.445000,308.420000,0.468165,-1.049740,1.050626,-1.050592,-0.800066,-0.000180
cmd,12.450000,308.425000,0.470647,-1.049740,1.050626,-1.050592,-0.800066,-0.000180
cmd,12.455000,308.430000,0.473245,-1.049740,1.050626,-1.050592,-0.800066,-0.000180
cmd,12.460000,308.435000,0.475949,-1.049740,1.050626,-1.050592,-0.800066,-0.000180
cmd,12.465000,308.440000,0.478747,-1.049740,1.050626,-1.050592,-0.800066,-0.000180
cmd,12.470000,308.445000,0.481630,-1.049740,1.050626,-1.050592,-0.800066,-0.000180
cmd,12.475000,308.450000,0.484586,-1.049740,1.050626,-1.050592,-0.800066,-0.000180
cmd,12.480000,308.455000,0.487602,-1.049740,1.050626,-1.050592,-0.800066,-0.000180
cmd,12.485000,308.460000,0.490667,-1.049740,1.050626,-1.050592,-0.800066,-0.000180
cmd,12.490000,308.465000,0.493770,-1.049740,1.050626,-1.050592,-0.800066,-0.000180
cmd,12.495000,308.470000,0.496897,-1.049740,1.050626,-1.050592,-0.800066,-0.000180
cmd,12.500000,308.475000,0.500036,-1.049740,1.050626,-1.050592,-0.800066,-0.000180
cmd,12.505000,308.480000,0.503176,-1.049740,1.050626,-1.050592,-0.800066,-0.000180
cmd,12.510000,308.485000,0.506303,-1.049740,1.050626,-1.050592,-0.800066,-0.000180
cmd,12.515000,308.490000,0.509405,-1.049740,1.050626,-1.050592,-0.800066,-0.000180
cmd,12.520000,308.495000,0.512471,-1.049740,1.050626,-1.050592,-0.800066,-0.000180
cmd,12.525000,308.500000,0.515487,-1.049740,1.050626,-1.050592,-0.800066,-0.000180
cmd,12.530000,308.505000,0.518443,-1.049740,1.050626,-1.050592,-0.800066,-0.000180
cmd,12.535000,308.510000,0.521325,-1.049740,1.050626,-1.050592,-0.800066,-0.000180
cmd,12.540000,308.515000,0.524124,-1.049740,1.050626,-1.050592,-0.800066,-0.000180
cmd,12.545000,308.520000,0.526828,-1.049740,1.050626,-1.050592,-0.800066,-0.000180
cmd,12.550000,308.525000,0.529426,-1.049740,1.050626,-1.050592,-0.800066,-0.000180
cmd,12.555000,308.530000,0.531908,-1.049740,1.050626,-1.050592,-0.800066,-0.000180
cmd,12.560000,308.535000,0.534264,-1.049740,1.050626,-1.050592,-0.800066,-0.000180
cmd,12.565000,308.540000,0.536485,-1.049740,1.050626,-1.050592,-0.800066,-0.000180
cmd,12.570000,308.545000,0.538562,-1.049740,1.050626,-1.050592,-0.800066,-0.000180
cmd,12.575000,308.550000,0.540487,-1.049740,1.050626,-1.050592,-0.800066,-0.000180
cmd,12.580000,308.555000,0.542253,-1.049740,1.050626,-1.050592,-0.800066,-0.000180
cmd,12.585000,308.560000,0.543852,-1.049740,1.050626,-1.050592,-0.800066,-0.000180
cmd,12.590000,308.565000,0.545278,-1.049740,1.050626,-1.050592,-0.800066,-0.000180
cmd,12.595000,308.570000,0.546525,-1.049740,1.050626,-1.050592,-0.800066,-0.000180
cmd,12.600000,308.575000,0.547589,-1.049740,1.050626,-1.050592,-0.800066,-0.000180
cmd,12.605000,308.580000,0.548466,-1.049740,1.050626,-1.050592,-0.800066,-0.000180
cmd,12.610000,308.585000,0.549151,-1.049740,1.050626,-1.050592,-0.800066,-0.000180
cmd,12.615000,308.590000,0.549642,-1.049740,1.050626,-1.050592,-0.800066,-0.000180
cmd,12.620000,308.595000,0.549938,-1.049740,1.050626,-1.050592,-0.800066,-0.000180
cmd,12.625000,308.600000,0.550036,-1.049740,1.050626,-1.050592,-0.800066,-0.000180
cmd,12.630000,308.605000,0.549938,-1.049740,1.050626,-1.050592,-0.800066,-0.000180
cmd,12.635000,308.610000,0.549642,-1.049740,1.050626,-1.050592,-0.800066,-0.000180
cmd,12.640000,308.615000,0.549151,-1.049740,1.050626,-1.050592,-0.800066,-0.000180
cmd,12.645000,308.620000,0.548466,-1.049740,1.050626,-1.050592,-0.800066,-0.000180
cmd,12.650000,308.625000,0.547589,-1.049740,1.050626,-1.050592,-0.800066,-0.000180
cmd,12.655000,308.630000,0.546525,-1.049740,1.050626,-1.050592,-0.800066,-0.000180
cmd,12.660000,308.635000,0.545278,-1.049740,1.050626,-1.050592,-0.800066,-0.000180
cmd,12.665000,308.640000,0.543852,-1.049740,1.050626,-1.050592,-0.800066,-0.000180
cmd,12.670000,308.645000,0.542253,-1.049740,1.050626,-1.050592,-0.800066,-0.000180
cmd,12.675000,308.650000,0.540487,-1.049740,1.050626,-1.050592,-0.800066,-0.000180
cmd,12.680000,308.655000,0.538562,-1.049740,1.050626,-1.050592,-0.800066,-0.000180
cmd,12.685000,308.660000,0.536485,-1.049740,1.050626,-1.050592,-0.800066,-0.000180
cmd,12.690000,308.665000,0.534264,-1.049740,1.050626,-1.050592,-0.800066,-0.000180
cmd,12.695000,308.670000,0.531908,-1.049740,1.050626,-1.050592,-0.800066,-0.000180
cmd,12.700000,308.675000,0.529426,-1.049740,1.050626,-1.050592,-0.800066,-0.000180
cmd,12.705000,308.680000,0.526828,-1.049740,1.050626,-1.050592,-0.800066,-0.000180
cmd,12.710000,308.685000,0.524124,-1.049740,1.050626,-1.050592,-0.800066,-0.000180
cmd,12.715000,308.690000,0.521325,-1.049740,1.050626,-1.050592,-0.800066,-0.000180
cmd,12.720000,308.695000,0.518443,-1.049740,1.050626,-1.050592,-0.800066,-0.000180
cmd,12.725000,308.700000,0.515487,-1.049740,1.050626,-1.050592,-0.800066,-0.000180
cmd,12.730000,308.705000,0.512471,-1.049740,1.050626,-1.050592,-0.800066,-0.000180
cmd,12.735000,308.710000,0.509405,-1.049740,1.050626,-1.050592,-0.800066,-0.000180
cmd,12.740000,308.715000,0.506303,-1.049740,1.050626,-1.050592,-0.800066,-0.000180
cmd,12.745000,308.720000,0.503176,-1.049740,1.050626,-1.050592,-0.800066,-0.000180
cmd,12.750000,308.725000,0.500036,-1.049740,1.050626,-1.050592,-0.800066,-0.000180
cmd,12.755000,308.730000,0.496897,-1.049740,1.050626,-1.050592,-0.800066,-0.000180
cmd,12.760000,308.735000,0.493770,-1.049740,1.050626,-1.050592,-0.800066,-0.000180
cmd,12.765000,308.740000,0.490667,-1.049740,1.050626,-1.050592,-0.800066,-0.000180
cmd,12.770000,308.745000,0.487602,-1.049740,1.050626,-1.050592,-0.800066,-0.000180
cmd,12.775000,308.750000,0.484586,-1.049740,1.050626,-1.050592,-0.800066,-0.000180
cmd,12.780000,308.755000,0.481630,-1.049740,1.050626,-1.050592,-0.800066,-0.000180
cmd,12.785000,308.760000,0.478747,-1.049740,1.050626,-1.050592,-0.800066,-0.000180
cmd,12.790000,308.765000,0.475949,-1.049740,1.050626,-1.050592,-0.800066,-0.000180
cmd,12.795000,308.770000,0.473245,-1.049740,1.050626,-1.050592,-0.800066,-0.000180
cmd,12.800000,308.775000,0.470647,-1.049740,1.050626,-1.050592,-0.800066,-0.000180
cmd,12.805000,308.780000,0.468165,-1.049740,1.050626,-1.050592,-0.800066,-0.000180
cmd,12.810000,308.785000,0.465809,-1.049740,1.050626,-1.050592,-0.800066,-0.000180
cmd,12.815000,308.790000,0.463588,-1.049740,1.050626,-1.050592,-0.800066,-0.000180
cmd,12.820000,308.795000,0.461511,-1.049740,1.050626,-1.050592,-0.800066,-0.000180
cmd,12.825000,308.800000,0.459586,-1.049740,1.050626,-1.050592,-0.800066,-0.000180
cmd,12.830000,308.805000,0.457820,-1.049740,1.050626,-1.050592,-0.800066,-0.000180
cmd,12.835000,308.810000,0.456221,-1.049740,1.050626,-1.050592,-0.800066,-0.000180
cmd,12.840000,308.815000,0.454795,-1.049740,1.050626,-1.050592,-0.800066,-0.000180
cmd,12.845000,308.820000,0.453548,-1.049740,1.050626,-1.050592,-0.800066,-0.000180
cmd,12.850000,308.825000,0.452484,-1.049740,1.050626,-1.050592,-0.800066,-0.000180
cmd,12.855000,308.830000,0.451607,-1.049740,1.050626,-1.050592,-0.800066,-0.000180
cmd,12.860000,308.835000,0.450922,-1.049740,1.050626,-1.050592,-0.800066,-0.000180
cmd,12.865000,308.840000,0.450431,-1.049740,1.050626,-1.050592,-0.800066,-0.000180
cmd,12.870000,308.845000,0.450135,-1.049740,1.050626,-1.050592,-0.800066,-0.000180
cmd,12.875000,308.850000,0.450036,-1.049740,1.050626,-1.050592,-0.800066,-0.000180
cmd,12.880000,308.855000,0.450135,-1.049740,1.050626,-1.050592,-0.800066,-0.000180
cmd,12.885000,308.860000,0.450431,-1.049740,1.050626,-1.050592,-0.800066,-0.000180
cmd,12.890000,308.865000,0.450922,-1.049740,1.050626,-1.050592,-0.800066,-0.000180
cmd,12.895000,308.870000,0.451607,-1.049740,1.050626,-1.050592,-0.800066,-0.000180
cmd,12.900000,308.875000,0.452484,-1.049740,1.050626,-1.050592,-0.800066,-0.000180
cmd,12.905000,308.880000,0.453548,-1.049740,1.050626,-1.050592,-0.800066,-0.000180
cmd,12.910000,308.885000,0.454795,-1.049740,1.050626,-1.050592,-0.800066,-0.000180
cmd,12.915000,308.890000,0.456221,-1.049740,1.050626,-1.050592,-0.800066,-0.000180
cmd,12.920000,308.895000,0.457820,-1.049740,1.050626,-1.050592,-0.800066,-0.000180
cmd,12.925000,308.900000,0.459586,-1.049740,1.050626,-1.050592,-0.800066,-0.000180
cmd,12.930000,308.905000,0.461511,-1.049740,1.050626,-1.050592,-0.800066,-0.000180
cmd,12.935000,308.910000,0.463588,-1.049740,1.050626,-1.050592,-0.800066,-0.000180
cmd,12.940000,308.915000,0.465809,-1.049740,1.050626,-1.050592,-0.800066,-0.000180
cmd,12.945000,308.920000,0.468165,-1.049740,1.050626,-1.050592,-0.800066,-0.000180
cmd,12.950000,308.925000,0.470647,-1.049740,1.050626,-1.050592,-0.800066,-0.000180
cmd,12.955000,308.930000,0.473245,-1.049740,1.050626,-1.050592,-0.800066,-0.000180
cmd,12.960000,308.935000,0.475949,-1.049740,1.050626,-1.050592,-0.800066,-0.000180
cmd,12.965000,308.940000,0.478747,-1.049740,1.050626,-1.050592,-0.800066,-0.000180
cmd,12.970000,308.945000,0.481630,-1.049740,1.050626,-1.050592,-0.800066,-0.000180
cmd,12.975000,308.950000,0.484586,-1.049740,1.050626,-1.050592,-0.800066,-0.000180
cmd,12.980000,308.955000,0.487602,-1.049740,1.050626,-1.050592,-0.800066,-0.000180
cmd,12.985000,308.960000,0.490667,-1.049740,1.050626,-1.050592,-0.800066,-0.000180
cmd,12.990000,308.965000,0.493770,-1.049740,1.050626,-1.050592,-0.800066,-0.000180
cmd,12.995000,308.970000,0.496897,-1.049740,1.050626,-1.050592,-0.800066,-0.000180
cmd,13.000000,308.975000,0.500036,-1.049740,1.050626,-1.050592,-0.800066,-0.000180
cmd,13.005000,308.980000,0.503176,-1.049740,1.050626,-1.050592,-0.800066,-0.000180
cmd,13.010000,308.985000,0.506303,-1.049740,1.050626,-1.050592,-0.800066,-0.000180
cmd,13.015000,308.990000,0.509405,-1.049740,1.050626,-1.050592,-0.800066,-0.000180
cmd,13.020000,308.995000,0.512471,-1.049740,1.050626,-1.050592,-0.800066,-0.000180
cmd,13.025000,309.000000,0.515487,-1.049740,1.050626,-1.050592,-0.800066,-0.000180
cmd,13.030000,309.005000,0.518443,-1.049740,1.050626,-1.050592,-0.800066,-0.000180
cmd,13.035000,309.010000,0.521325,-1.049740,1.050626,-1.050592,-0.800066,-0.000180
cmd,13.040000,309.015000,0.524124,-1.049740,1.050626,-1.050592,-0.800066,-0.000180
cmd,13.045000,309.020000,0.526828,-1.049740,1.050626,-1.050592,-0.800066,-0.000180
cmd,13.050000,309.025000,0.529426,-1.049740,1.050626,-1.050592,-0.800066,-0.000180
cmd,13.055000,309.030000,0.531908,-1.049740,1.050626,-1.050592,-0.800066,-0.000180
cmd,13.060000,309.035000,0.534264,-1.049740,1.050626,-1.050592,-0.800066,-0.000180
cmd,13.065000,309.040000,0.536485,-1.049740,1.050626,-1.050592,-0.800066,-0.000180
cmd,13.070000,309.045000,0.538562,-1.049740,1.050626,-1.050592,-0.800066,-0.000180
cmd,13.075000,309.050000,0.540487,-1.049740,1.050626,-1.050592,-0.800066,-0.000180
cmd,13.080000,309.055000,0.542253,-1.049740,1.050626,-1.050592,-0.800066,-0.000180
cmd,13.085000,309.060000,0.543852,-1.049740,1.050626,-1.050592,-0.800066,-0.000180
cmd,13.090000,309.065000,0.545278,-1.049740,1.050626,-1.050592,-0.800066,-0.000180
cmd,13.095000,309.070000,0.546525,-1.049740,1.050626,-1.050592,-0.800066,-0.000180
cmd,13.100000,309.075000,0.547589,-1.049740,1.050626,-1.050592,-0.800066,-0.000180
cmd,13.105000,309.080000,0.548466,-1.049740,1.050626,-1.050592,-0.800066,-0.000180
cmd,13.110000,309.085000,0.549151,-1.049740,1.050626,-1.050592,-0.800066,-0.000180
cmd,13.115000,309.090000,0.549642,-1.049740,1.050626,-1.050592,-0.800066,-0.000180
cmd,13.120000,309.095000,0.549938,-1.049740,1.050626,-1.050592,-0.800066,-0.000180
cmd,13.125000,309.100000,0.550036,-1.049740,1.050626,-1.050592,-0.800066,-0.000180
cmd,13.130000,309.105000,0.549938,-1.049740,1.050626,-1.050592,-0.800066,-0.000180
cmd,13.135000,309.110000,0.549642,-1.049740,1.050626,-1.050592,-0.800066,-0.000180
cmd,13.140000,309.115000,0.549151,-1.049740,1.050626,-1.050592,-0.800066,-0.000180
cmd,13.145000,309.120000,0.548466,-1.049740,1.050626,-1.050592,-0.800066,-0.000180
cmd,13.150000,309.125000,0.547589,-1.049740,1.050626,-1.050592,-0.800066,-0.000180
cmd,13.155000,309.130000,0.546525,-1.049740,1.050626,-1.050592,-0.800066,-0.000180
cmd,13.160000,309.135000,0.545278,-1.049740,1.050626,-1.050592,-0.800066,-0.000180
cmd,13.165000,309.140000,0.543852,-1.049740,1.050626,-1.050592,-0.800066,-0.000180
cmd,13.170000,309.145000,0.542253,-1.049740,1.050626,-1.050592,-0.800066,-0.000180
cmd,13.175000,309.150000,0.540487,-1.049740,1.050626,-1.050592,-0.800066,-0.000180
cmd,13.180000,309.155000,0.538562,-1.049740,1.050626,-1.050592,-0.800066,-0.000180
cmd,13.185000,309.160000,0.536485,-1.049740,1.050626,-1.050592,-0.800066,-0.000180
cmd,13.190000,309.165000,0.534264,-1.049740,1.050626,-1.050592,-0.800066,-0.000180
cmd,13.195000,309.170000,0.531908,-1.049740,1.050626,-1.050592,-0.800066,-0.000180
cmd,13.200000,309.175000,0.529426,-1.049740,1.050626,-1.050592,-0.800066,-0.000180
cmd,13.205000,309.180000,0.526828,-1.049740,1.050626,-1.050592,-0.800066,-0.000180
cmd,13.210000,309.185000,0.524124,-1.049740,1.050626,-1.050592,-0.800066,-0.000180
cmd,13.215000,309.190000,0.521325,-1.049740,1.050626,-1.050592,-0.800066,-0.000180
cmd,13.220000,309.195000,0.518443,-1.049740,1.050626,-1.050592,-0.800066,-0.000180
cmd,13.225000,309.200000,0.515487,-1.049740,1.050626,-1.050592,-0.800066,-0.000180
cmd,13.230000,309.205000,0.512471,-1.049740,1.050626,-1.050592,-0.800066,-0.000180
cmd,13.235000,309.210000,0.509405,-1.049740,1.050626,-1.050592,-0.800066,-0.000180
cmd,13.240000,309.215000,0.506303,-1.049740,1.050626,-1.050592,-0.800066,-0.000180
cmd,13.245000,309.220000,0.503176,-1.049740,1.050626,-1.050592,-0.800066,-0.000180
cmd,13.250000,309.225000,0.500036,-1.049740,1.050626,-1.050592,-0.800066,-0.000180
cmd,13.255000,309.230000,0.496897,-1.049740,1.050626,-1.050592,-0.800066,-0.000180
cmd,13.260000,309.235000,0.493770,-1.049740,1.050626,-1.050592,-0.800066,-0.000180
cmd,13.265000,309.240000,0.490667,-1.049740,1.050626,-1.050592,-0.800066,-0.000180
cmd,13.270000,309.245000,0.487602,-1.049740,1.050626,-1.050592,-0.800066,-0.000180
cmd,13.275000,309.250000,0.484586,-1.049740,1.050626,-1.050592,-0.800066,-0.000180
cmd,13.280000,309.255000,0.481630,-1.049740,1.050626,-1.050592,-0.800066,-0.000180
cmd,13.285000,309.260000,0.478747,-1.049740,1.050626,-1.050592,-0.800066,-0.000180
cmd,13.290000,309.265000,0.475949,-1.049740,1.050626,-1.050592,-0.800066,-0.000180
cmd,13.295000,309.270000,0.473245,-1.049740,1.050626,-1.050592,-0.800066,-0.000180
cmd,13.300000,309.275000,0.470647,-1.049740,1.050626,-1.050592,-0.800066,-0.000180
cmd,13.305000,309.280000,0.468165,-1.049740,1.050626,-1.050592,-0.800066,-0.000180
cmd,13.310000,309.285000,0.465809,-1.049740,1.050626,-1.050592,-0.800066,-0.000180
cmd,13.315000,309.290000,0.463588,-1.049740,1.050626,-1.050592,-0.800066,-0.000180
cmd,13.320000,309.295000,0.461511,-1.049740,1.050626,-1.050592,-0.800066,-0.000180
cmd,13.325000,309.300000,0.459586,-1.049740,1.050626,-1.050592,-0.800066,-0.000180
cmd,13.330000,309.305000,0.457820,-1.049740,1.050626,-1.050592,-0.800066,-0.000180
cmd,13.335000,309.310000,0.456221,-1.049740,1.050626,-1.050592,-0.800066,-0.000180
cmd,13.340000,309.315000,0.454795,-1.049740,1.050626,-1.050592,-0.800066,-0.000180
cmd,13.345000,309.320000,0.453548,-1.049740,1.050626,-1.050592,-0.800066,-0.000180
cmd,13.350000,309.325000,0.452484,-1.049740,1.050626,-1.050592,-0.800066,-0.000180
cmd,13.355000,309.330000,0.451607,-1.049740,1.050626,-1.050592,-0.800066,-0.000180
cmd,13.360000,309.335000,0.450922,-1.049740,1.050626,-1.050592,-0.800066,-0.000180
cmd,13.365000,309.340000,0.450431,-1.049740,1.050626,-1.050592,-0.800066,-0.000180
cmd,13.370000,309.345000,0.450135,-1.049740,1.050626,-1.050592,-0.800066,-0.000180
cmd,13.375000,309.350000,0.450036,-1.049740,1.050626,-1.050592,-0.800066,-0.000180
cmd,13.380000,309.355000,0.450135,-1.049740,1.050626,-1.050592,-0.800066,-0.000180
cmd,13.385000,309.360000,0.450431,-1.049740,1.050626,-1.050592,-0.800066,-0.000180
cmd,13.390000,309.365000,0.450922,-1.049740,1.050626,-1.050592,-0.800066,-0.000180
cmd,13.395000,309.370000,0.451607,-1.049740,1.050626,-1.050592,-0.800066,-0.000180
cmd,13.400000,309.375000,0.452484,-1.049740,1.050626,-1.050592,-0.800066,-0.000180
cmd,13.405000,309.380000,0.453548,-1.049740,1.050626,-1.050592,-0.800066,-0.000180
cmd,13.410000,309.385000,0.454795,-1.049740,1.050626,-1.050592,-0.800066,-0.000180
cmd,13.415000,309.390000,0.456221,-1.049740,1.050626,-1.050592,-0.800066,-0.000180
cmd,13.420000,309.395000,0.457820,-1.049740,1.050626,-1.050592,-0.800066,-0.000180
cmd,13.425000,309.400000,0.459586,-1.049740,1.050626,-1.050592,-0.800066,-0.000180
cmd,13.430000,309.405000,0.461511,-1.049740,1.050626,-1.050592,-0.800066,-0.000180
cmd,13.435000,309.410000,0.463588,-1.049740,1.050626,-1.050592,-0.800066,-0.000180
cmd,13.440000,309.415000,0.465809,-1.049740,1.050626,-1.050592,-0.800066,-0.000180
cmd,13.445000,309.420000,0.468165,-1.049740,1.050626,-1.050592,-0.800066,-0.000180
cmd,13.450000,309.425000,0.470647,-1.049740,1.050626,-1.050592,-0.800066,-0.000180
cmd,13.455000,309.430000,0.473245,-1.049740,1.050626,-1.050592,-0.800066,-0.000180
cmd,13.460000,309.435000,0.475949,-1.049740,1.050626,-1.050592,-0.800066,-0.000180
cmd,13.465000,309.440000,0.478747,-1.049740,1.050626,-1.050592,-0.800066,-0.000180
cmd,13.470000,309.445000,0.481630,-1.049740,1.050626,-1.050592,-0.800066,-0.000180
cmd,13.475000,309.450000,0.484586,-1.049740,1.050626,-1.050592,-0.800066,-0.000180
cmd,13.480000,309.455000,0.487602,-1.049740,1.050626,-1.050592,-0.800066,-0.000180
cmd,13.485000,309.460000,0.490667,-1.049740,1.050626,-1.050592,-0.800066,-0.000180
cmd,13.490000,309.465000,0.493770,-1.049740,1.050626,-1.050592,-0.800066,-0.000180
cmd,13.495000,309.470000,0.496897,-1.049740,1.050626,-1.050592,-0.800066,-0.000180
cmd,13.500000,309.475000,0.500036,-1.049740,1.050626,-1.050592,-0.800066,-0.000180
cmd,13.505000,309.480000,0.503176,-1.049740,1.050626,-1.050592,-0.800066,-0.000180
cmd,13.510000,309.485000,0.506303,-1.049740,1.050626,-1.050592,-0.800066,-0.000180
cmd,13.515000,309.490000,0.509405,-1.049740,1.050626,-1.050592,-0.800066,-0.000180
cmd,13.520000,309.495000,0.512471,-1.049740,1.050626,-1.050592,-0.800066,-0.000180
cmd,13.525000,309.500000,0.515487,-1.049740,1.050626,-1.050592,-0.800066,-0.000180
cmd,13.530000,309.505000,0.518443,-1.049740,1.050626,-1.050592,-0.800066,-0.000180
cmd,13.535000,309.510000,0.521325,-1.049740,1.050626,-1.050592,-0.800066,-0.000180
cmd,13.540000,309.515000,0.524124,-1.049740,1.050626,-1.050592,-0.800066,-0.000180
cmd,13.545000,309.520000,0.526828,-1.049740,1.050626,-1.050592,-0.800066,-0.000180
cmd,13.550000,309.525000,0.529426,-1.049740,1.050626,-1.050592,-0.800066,-0.000180
cmd,13.555000,309.530000,0.531908,-1.049740,1.050626,-1.050592,-0.800066,-0.000180
cmd,13.560000,309.535000,0.534264,-1.049740,1.050626,-1.050592,-0.800066,-0.000180
cmd,13.565000,309.540000,0.536485,-1.049740,1.050626,-1.050592,-0.800066,-0.000180
cmd,13.570000,309.545000,0.538562,-1.049740,1.050626,-1.050592,-0.800066,-0.000180
cmd,13.575000,309.550000,0.540487,-1.049740,1.050626,-1.050592,-0.800066,-0.000180
cmd,13.580000,309.555000,0.542253,-1.049740,1.050626,-1.050592,-0.800066,-0.000180
cmd,13.585000,309.560000,0.543852,-1.049740,1.050626,-1.050592,-0.800066,-0.000180
cmd,13.590000,309.565000,0.545278,-1.049740,1.050626,-1.050592,-0.800066,-0.000180
cmd,13.595000,309.570000,0.546525,-1.049740,1.050626,-1.050592,-0.800066,-0.000180
cmd,13.600000,309.575000,0.547589,-1.049740,1.050626,-1.050592,-0.800066,-0.000180
cmd,13.605000,309.580000,0.548466,-1.049740,1.050626,-1.050592,-0.800066,-0.000180
cmd,13.610000,309.585000,0.549151,-1.049740,1.050626,-1.050592,-0.800066,-0.000180
cmd,13.615000,309.590000,0.549642,-1.049740,1.050626,-1.050592,-0.800066,-0.000180
cmd,13.620000,309.595000,0.549938,-1.049740,1.050626,-1.050592,-0.800066,-0.000180
cmd,13.625000,309.600000,0.550036,-1.049740,1.050626,-1.050592,-0.800066,-0.000180
cmd,13.630000,309.605000,0.549938,-1.049740,1.050626,-1.050592,-0.800066,-0.000180
cmd,13.635000,309.610000,0.549642,-1.049740,1.050626,-1.050592,-0.800066,-0.000180
cmd,13.640000,309.615000,0.549151,-1.049740,1.050626,-1.050592,-0.800066,-0.000180
cmd,13.645000,309.620000,0.548466,-1.049740,1.050626,-1.050592,-0.800066,-0.000180
cmd,13.650000,309.625000,0.547589,-1.049740,1.050626,-1.050592,-0.800066,-0.000180
cmd,13.655000,309.630000,0.546525,-1.049740,1.050626,-1.050592,-0.800066,-0.000180
cmd,13.660000,309.635000,0.545278,-1.049740,1.050626,-1.050592,-0.800066,-0.000180
cmd,13.665000,309.640000,0.543852,-1.049740,1.050626,-1.050592,-0.800066,-0.000180
cmd,13.670000,309.645000,0.542253,-1.049740,1.050626,-1.050592,-0.800066,-0.000180
cmd,13.675000,309.650000,0.540487,-1.049740,1.050626,-1.050592,-0.800066,-0.000180
cmd,13.680000,309.655000,0.538562,-1.049740,1.050626,-1.050592,-0.800066,-0.000180
cmd,13.685000,309.660000,0.536485,-1.049740,1.050626,-1.050592,-0.800066,-0.000180
cmd,13.690000,309.665000,0.534264,-1.049740,1.050626,-1.050592,-0.800066,-0.000180
cmd,13.695000,309.670000,0.531908,-1.049740,1.050626,-1.050592,-0.800066,-0.000180
cmd,13.700000,309.675000,0.529426,-1.049740,1.050626,-1.050592,-0.800066,-0.000180
cmd,13.705000,309.680000,0.526828,-1.049740,1.050626,-1.050592,-0.800066,-0.000180
cmd,13.710000,309.685000,0.524124,-1.049740,1.050626,-1.050592,-0.800066,-0.000180
cmd,13.715000,309.690000,0.521325,-1.049740,1.050626,-1.050592,-0.800066,-0.000180
cmd,13.720000,309.695000,0.518443,-1.049740,1.050626,-1.050592,-0.800066,-0.000180
cmd,13.725000,309.700000,0.515487,-1.049740,1.050626,-1.050592,-0.800066,-0.000180
cmd,13.730000,309.705000,0.512471,-1.049740,1.050626,-1.050592,-0.800066,-0.000180
cmd,13.735000,309.710000,0.509405,-1.049740,1.050626,-1.050592,-0.800066,-0.000180
cmd,13.740000,309.715000,0.506303,-1.049740,1.050626,-1.050592,-0.800066,-0.000180
cmd,13.745000,309.720000,0.503176,-1.049740,1.050626,-1.050592,-0.800066,-0.000180
cmd,13.750000,309.725000,0.500036,-1.049740,1.050626,-1.050592,-0.800066,-0.000180
cmd,13.755000,309.730000,0.496897,-1.049740,1.050626,-1.050592,-0.800066,-0.000180
cmd,13.760000,309.735000,0.493770,-1.049740,1.050626,-1.050592,-0.800066,-0.000180
cmd,13.765000,309.740000,0.490667,-1.049740,1.050626,-1.050592,-0.800066,-0.000180
cmd,13.770000,309.745000,0.487602,-1.049740,1.050626,-1.050592,-0.800066,-0.000180
cmd,13.775000,309.750000,0.484586,-1.049740,1.050626,-1.050592,-0.800066,-0.000180
cmd,13.780000,309.755000,0.481630,-1.049740,1.050626,-1.050592,-0.800066,-0.000180
cmd,13.785000,309.760000,0.478747,-1.049740,1.050626,-1.050592,-0.800066,-0.000180
cmd,13.790000,309.765000,0.475949,-1.049740,1.050626,-1.050592,-0.800066,-0.000180
cmd,13.795000,309.770000,0.473245,-1.049740,1.050626,-1.050592,-0.800066,-0.000180
cmd,13.800000,309.775000,0.470647,-1.049740,1.050626,-1.050592,-0.800066,-0.000180
cmd,13.805000,309.780000,0.468165,-1.049740,1.050626,-1.050592,-0.800066,-0.000180
cmd,13.810000,309.785000,0.465809,-1.049740,1.050626,-1.050592,-0.800066,-0.000180
cmd,13.815000,309.790000,0.463588,-1.049740,1.050626,-1.050592,-0.800066,-0.000180
cmd,13.820000,309.795000,0.461511,-1.049740,1.050626,-1.050592,-0.800066,-0.000180
cmd,13.825000,309.800000,0.459586,-1.049740,1.050626,-1.050592,-0.800066,-0.000180
cmd,13.830000,309.805000,0.457820,-1.049740,1.050626,-1.050592,-0.800066,-0.000180
cmd,13.835000,309.810000,0.456221,-1.049740,1.050626,-1.050592,-0.800066,-0.000180
cmd,13.840000,309.815000,0.454795,-1.049740,1.050626,-1.050592,-0.800066,-0.000180
cmd,13.845000,309.820000,0.453548,-1.049740,1.050626,-1.050592,-0.800066,-0.000180
cmd,13.850000,309.825000,0.452484,-1.049740,1.050626,-1.050592,-0.800066,-0.000180
cmd,13.855000,309.830000,0.451607,-1.049740,1.050626,-1.050592,-0.800066,-0.000180
cmd,13.860000,309.835000,0.450922,-1.049740,1.050626,-1.050592,-0.800066,-0.000180
cmd,13.865000,309.840000,0.450431,-1.049740,1.050626,-1.050592,-0.800066,-0.000180
cmd,13.870000,309.845000,0.450135,-1.049740,1.050626,-1.050592,-0.800066,-0.000180
cmd,13.875000,309.850000,0.450036,-1.049740,1.050626,-1.050592,-0.800066,-0.000180
cmd,13.880000,309.855000,0.450135,-1.049740,1.050626,-1.050592,-0.800066,-0.000180
cmd,13.885000,309.860000,0.450431,-1.049740,1.050626,-1.050592,-0.800066,-0.000180
cmd,13.890000,309.865000,0.450922,-1.049740,1.050626,-1.050592,-0.800066,-0.000180
cmd,13.895000,309.870000,0.451607,-1.049740,1.050626,-1.050592,-0.800066,-0.000180
cmd,13.900000,309.875000,0.452484,-1.049740,1.050626,-1.050592,-0.800066,-0.000180
cmd,13.905000,309.880000,0.453548,-1.049740,1.050626,-1.050592,-0.800066,-0.000180
cmd,13.910000,309.885000,0.454795,-1.049740,1.050626,-1.050592,-0.800066,-0.000180
cmd,13.915000,309.890000,0.456221,-1.049740,1.050626,-1.050592,-0.800066,-0.000180
cmd,13.920000,309.895000,0.457820,-1.049740,1.050626,-1.050592,-0.800066,-0.000180
cmd,13.925000,309.900000,0.459586,-1.049740,1.050626,-1.050592,-0.800066,-0.000180
cmd,13.930000,309.905000,0.461511,-1.049740,1.050626,-1.050592,-0.800066,-0.000180
cmd,13.935000,309.910000,0.463588,-1.049740,1.050626,-1.050592,-0.800066,-0.000180
cmd,13.940000,309.915000,0.465809,-1.049740,1.050626,-1.050592,-0.800066,-0.000180
cmd,13.945000,309.920000,0.468165,-1.049740,1.050626,-1.050592,-0.800066,-0.000180
cmd,13.950000,309.925000,0.470647,-1.049740,1.050626,-1.050592,-0.800066,-0.000180
cmd,13.955000,309.930000,0.473245,-1.049740,1.050626,-1.050592,-0.800066,-0.000180
cmd,13.960000,309.935000,0.475949,-1.049740,1.050626,-1.050592,-0.800066,-0.000180
cmd,13.965000,309.940000,0.478747,-1.049740,1.050626,-1.050592,-0.800066,-0.000180
cmd,13.970000,309.945000,0.481630,-1.049740,1.050626,-1.050592,-0.800066,-0.000180
cmd,13.975000,309.950000,0.484586,-1.049740,1.050626,-1.050592,-0.800066,-0.000180
cmd,13.980000,309.955000,0.487602,-1.049740,1.050626,-1.050592,-0.800066,-0.000180
cmd,13.985000,309.960000,0.490667,-1.049740,1.050626,-1.050592,-0.800066,-0.000180
cmd,13.990000,309.965000,0.493770,-1.049740,1.050626,-1.050592,-0.800066,-0.000180
cmd,13.995000,309.970000,0.496897,-1.049740,1.050626,-1.050592,-0.800066,-0.000180
cmd,14.000000,309.975000,0.500036,-1.049740,1.050626,-1.050592,-0.800066,-0.000180
cmd,14.005000,309.980000,0.503176,-1.049740,1.050626,-1.050592,-0.800066,-0.000180
cmd,14.010000,309.985000,0.506303,-1.049740,1.050626,-1.050592,-0.800066,-0.000180
cmd,14.015000,309.990000,0.509405,-1.049740,1.050626,-1.050592,-0.800066,-0.000180
cmd,14.020000,309.995000,0.512471,-1.049740,1.050626,-1.050592,-0.800066,-0.000180
cmd,14.025000,310.000000,0.515487,-1.049740,1.050626,-1.050592,-0.800066,-0.000180
cmd,14.030000,310.005000,0.518443,-1.049740,1.050626,-1.050592,-0.800066,-0.000180
cmd,14.035000,310.010000,0.521325,-1.049740,1.050626,-1.050592,-0.800066,-0.000180
cmd,14.040000,310.015000,0.524124,-1.049740,1.050626,-1.050592,-0.800066,-0.000180
cmd,14.045000,310.020000,0.526828,-1.049740,1.050626,-1.050592,-0.800066,-0.000180
cmd,14.050000,310.025000,0.529426,-1.049740,1.050626,-1.050592,-0.800066,-0.000180
cmd,14.055000,310.030000,0.531908,-1.049740,1.050626,-1.050592,-0.800066,-0.000180
cmd,14.060000,310.035000,0.534264,-1.049740,1.050626,-1.050592,-0.800066,-0.000180
cmd,14.065000,310.040000,0.536485,-1.049740,1.050626,-1.050592,-0.800066,-0.000180
cmd,14.070000,310.045000,0.538562,-1.049740,1.050626,-1.050592,-0.800066,-0.000180
cmd,14.075000,310.050000,0.540487,-1.049740,1.050626,-1.050592,-0.800066,-0.000180
cmd,14.080000,310.055000,0.542253,-1.049740,1.050626,-1.050592,-0.800066,-0.000180
cmd,14.085000,310.060000,0.543852,-1.049740,1.050626,-1.050592,-0.800066,-0.000180
cmd,14.090000,310.065000,0.545278,-1.049740,1.050626,-1.050592,-0.800066,-0.000180
cmd,14.095000,310.070000,0.546525,-1.049740,1.050626,-1.050592,-0.800066,-0.000180
cmd,14.100000,310.075000,0.547589,-1.049740,1.050626,-1.050592,-0.800066,-0.000180
cmd,14.105000,310.080000,0.548466,-1.049740,1.050626,-1.050592,-0.800066,-0.000180
cmd,14.110000,310.085000,0.549151,-1.049740,1.050626,-1.050592,-0.800066,-0.000180
cmd,14.115000,310.090000,0.549642,-1.049740,1.050626,-1.050592,-0.800066,-0.000180
cmd,14.120000,310.095000,0.549938,-1.049740,1.050626,-1.050592,-0.800066,-0.000180
cmd,14.125000,310.100000,0.550036,-1.049740,1.050626,-1.050592,-0.800066,-0.000180
cmd,14.130000,310.105000,0.549938,-1.049740,1.050626,-1.050592,-0.800066,-0.000180
cmd,14.135000,310.110000,0.549642,-1.049740,1.050626,-1.050592,-0.800066,-0.000180
cmd,14.140000,310.115000,0.549151,-1.049740,1.050626,-1.050592,-0.800066,-0.000180
cmd,14.145000,310.120000,0.548466,-1.049740,1.050626,-1.050592,-0.800066,-0.000180
cmd,14.150000,310.125000,0.547589,-1.049740,1.050626,-1.050592,-0.800066,-0.000180
cmd,14.155000,310.130000,0.546525,-1.049740,1.050626,-1.050592,-0.800066,-0.000180
cmd,14.160000,310.135000,0.545278,-1.049740,1.050626,-1.050592,-0.800066,-0.000180
cmd,14.165000,310.140000,0.543852,-1.049740,1.050626,-1.050592,-0.800066,-0.000180
cmd,14.170000,310.145000,0.542253,-1.049740,1.050626,-1.050592,-0.800066,-0.000180
cmd,14.175000,310.150000,0.540487,-1.049740,1.050626,-1.050592,-0.800066,-0.000180
cmd,14.180000,310.155000,0.538562,-1.049740,1.050626,-1.050592,-0.800066,-0.000180
cmd,14.185000,310.160000,0.536485,-1.049740,1.050626,-1.050592,-0.800066,-0.000180
cmd,14.190000,310.165000,0.534264,-1.049740,1.050626,-1.050592,-0.800066,-0.000180
cmd,14.195000,310.170000,0.531908,-1.049740,1.050626,-1.050592,-0.800066,-0.000180
cmd,14.200000,310.175000,0.529426,-1.049740,1.050626,-1.050592,-0.800066,-0.000180
cmd,14.205000,310.180000,0.526828,-1.049740,1.050626,-1.050592,-0.800066,-0.000180
cmd,14.210000,310.185000,0.524124,-1.049740,1.050626,-1.050592,-0.800066,-0.000180
cmd,14.215000,310.190000,0.521325,-1.049740,1.050626,-1.050592,-0.800066,-0.000180
cmd,14.220000,310.195000,0.518443,-1.049740,1.050626,-1.050592,-0.800066,-0.000180
cmd,14.225000,310.200000,0.515487,-1.049740,1.050626,-1.050592,-0.800066,-0.000180
cmd,14.230000,310.205000,0.512471,-1.049740,1.050626,-1.050592,-0.800066,-0.000180
cmd,14.235000,310.210000,0.509405,-1.049740,1.050626,-1.050592,-0.800066,-0.000180
cmd,14.240000,310.215000,0.506303,-1.049740,1.050626,-1.050592,-0.800066,-0.000180
cmd,14.245000,310.220000,0.503176,-1.049740,1.050626,-1.050592,-0.800066,-0.000180
cmd,14.250000,310.225000,0.500036,-1.049740,1.050626,-1.050592,-0.800066,-0.000180
cmd,14.255000,310.230000,0.496897,-1.049740,1.050626,-1.050592,-0.800066,-0.000180
cmd,14.260000,310.235000,0.493770,-1.049740,1.050626,-1.050592,-0.800066,-0.000180
cmd,14.265000,310.240000,0.490667,-1.049740,1.050626,-1.050592,-0.800066,-0.000180
cmd,14.270000,310.245000,0.487602,-1.049740,1.050626,-1.050592,-0.800066,-0.000180
cmd,14.275000,310.250000,0.484586,-1.049740,1.050626,-1.050592,-0.800066,-0.000180
cmd,14.280000,310.255000,0.481630,-1.049740,1.050626,-1.050592,-0.800066,-0.000180
cmd,14.285000,310.260000,0.478747,-1.049740,1.050626,-1.050592,-0.800066,-0.000180
cmd,14.290000,310.265000,0.475949,-1.049740,1.050626,-1.050592,-0.800066,-0.000180
cmd,14.295000,310.270000,0.473245,-1.049740,1.050626,-1.050592,-0.800066,-0.000180
cmd,14.300000,310.275000,0.470647,-1.049740,1.050626,-1.050592,-0.800066,-0.000180
cmd,14.305000,310.280000,0.468165,-1.049740,1.050626,-1.050592,-0.800066,-0.000180
cmd,14.310000,310.285000,0.465809,-1.049740,1.050626,-1.050592,-0.800066,-0.000180
cmd,14.315000,310.290000,0.463588,-1.049740,1.050626,-1.050592,-0.800066,-0.000180
cmd,14.320000,310.295000,0.461511,-1.049740,1.050626,-1.050592,-0.800066,-0.000180
cmd,14.325000,310.300000,0.459586,-1.049740,1.050626,-1.050592,-0.800066,-0.000180
cmd,14.330000,310.305000,0.457820,-1.049740,1.050626,-1.050592,-0.800066,-0.000180
cmd,14.335000,310.310000,0.456221,-1.049740,1.050626,-1.050592,-0.800066,-0.000180
cmd,14.340000,310.315000,0.454795,-1.049740,1.050626,-1.050592,-0.800066,-0.000180
cmd,14.345000,310.320000,0.453548,-1.049740,1.050626,-1.050592,-0.800066,-0.000180
cmd,14.350000,310.325000,0.452484,-1.049740,1.050626,-1.050592,-0.800066,-0.000180
cmd,14.355000,310.330000,0.451607,-1.049740,1.050626,-1.050592,-0.800066,-0.000180
cmd,14.360000,310.335000,0.450922,-1.049740,1.050626,-1.050592,-0.800066,-0.000180
cmd,14.365000,310.340000,0.450431,-1.049740,1.050626,-1.050592,-0.800066,-0.000180
cmd,14.370000,310.345000,0.450135,-1.049740,1.050626,-1.050592,-0.800066,-0.000180
cmd,14.375000,310.350000,0.450036,-1.049740,1.050626,-1.050592,-0.800066,-0.000180
cmd,14.380000,310.355000,0.450135,-1.049740,1.050626,-1.050592,-0.800066,-0.000180
cmd,14.385000,310.360000,0.450431,-1.049740,1.050626,-1.050592,-0.800066,-0.000180
cmd,14.390000,310.365000,0.450922,-1.049740,1.050626,-1.050592,-0.800066,-0.000180
cmd,14.395000,310.370000,0.451607,-1.049740,1.050626,-1.050592,-0.800066,-0.000180
cmd,14.400000,310.375000,0.452484,-1.049740,1.050626,-1.050592,-0.800066,-0.000180
cmd,14.405000,310.380000,0.453548,-1.049740,1.050626,-1.050592,-0.800066,-0.000180
cmd,14.410000,310.385000,0.454795,-1.049740,1.050626,-1.050592,-0.800066,-0.000180
cmd,14.415000,310.390000,0.456221,-1.049740,1.050626,-1.050592,-0.800066,-0.000180
cmd,14.420000,310.395000,0.457820,-1.049740,1.050626,-1.050592,-0.800066,-0.000180
cmd,14.425000,310.400000,0.459586,-1.049740,1.050626,-1.050592,-0.800066,-0.000180
cmd,14.430000,310.405000,0.461511,-1.049740,1.050626,-1.050592,-0.800066,-0.000180
cmd,14.435000,310.410000,0.463588,-1.049740,1.050626,-1.050592,-0.800066,-0.000180
cmd,14.440000,310.415000,0.465809,-1.049740,1.050626,-1.050592,-0.800066,-0.000180
cmd,14.445000,310.420000,0.468165,-1.049740,1.050626,-1.050592,-0.800066,-0.000180
cmd,14.450000,310.425000,0.470647,-1.049740,1.050626,-1.050592,-0.800066,-0.000180
cmd,14.455000,310.430000,0.473245,-1.049740,1.050626,-1.050592,-0.800066,-0.000180
cmd,14.460000,310.435000,0.475949,-1.049740,1.050626,-1.050592,-0.800066,-0.000180
cmd,14.465000,310.440000,0.478747,-1.049740,1.050626,-1.050592,-0.800066,-0.000180
cmd,14.470000,310.445000,0.481630,-1.049740,1.050626,-1.050592,-0.800066,-0.000180
cmd,14.475000,310.450000,0.484586,-1.049740,1.050626,-1.050592,-0.800066,-0.000180
cmd,14.480000,310.455000,0.487602,-1.049740,1.050626,-1.050592,-0.800066,-0.000180
cmd,14.485000,310.460000,0.490667,-1.049740,1.050626,-1.050592,-0.800066,-0.000180
cmd,14.490000,310.465000,0.493770,-1.049740,1.050626,-1.050592,-0.800066,-0.000180
cmd,14.495000,310.470000,0.496897,-1.049740,1.050626,-1.050592,-0.800066,-0.000180
cmd,14.500000,310.475000,0.500036,-1.049740,1.050626,-1.050592,-0.800066,-0.000180
cmd,14.505000,310.480000,0.503176,-1.049740,1.050626,-1.050592,-0.800066,-0.000180
cmd,14.510000,310.485000,0.506303,-1.049740,1.050626,-1.050592,-0.800066,-0.000180
cmd,14.515000,310.490000,0.509405,-1.049740,1.050626,-1.050592,-0.800066,-0.000180
cmd,14.520000,310.495000,0.512471,-1.049740,1.050626,-1.050592,-0.800066,-0.000180
cmd,14.525000,310.500000,0.515487,-1.049740,1.050626,-1.050592,-0.800066,-0.000180
cmd,14.530000,310.505000,0.518443,-1.049740,1.050626,-1.050592,-0.800066,-0.000180
cmd,14.535000,310.510000,0.521325,-1.049740,1.050626,-1.050592,-0.800066,-0.000180
cmd,14.540000,310.515000,0.524124,-1.049740,1.050626,-1.050592,-0.800066,-0.000180
cmd,14.545000,310.520000,0.526828,-1.049740,1.050626,-1.050592,-0.800066,-0.000180
cmd,14.550000,310.525000,0.529426,-1.049740,1.050626,-1.050592,-0.800066,-0.000180
cmd,14.555000,310.530000,0.531908,-1.049740,1.050626,-1.050592,-0.800066,-0.000180
cmd,14.560000,310.535000,0.534264,-1.049740,1.050626,-1.050592,-0.800066,-0.000180
cmd,14.565000,310.540000,0.536485,-1.049740,1.050626,-1.050592,-0.800066,-0.000180
cmd,14.570000,310.545000,0.538562,-1.049740,1.050626,-1.050592,-0.800066,-0.000180
cmd,14.575000,310.550000,0.540487,-1.049740,1.050626,-1.050592,-0.800066,-0.000180
cmd,14.580000,310.555000,0.542253,-1.049740,1.050626,-1.050592,-0.800066,-0.000180
cmd,14.585000,310.560000,0.543852,-1.049740,1.050626,-1.050592,-0.800066,-0.000180
cmd,14.590000,310.565000,0.545278,-1.049740,1.050626,-1.050592,-0.800066,-0.000180
cmd,14.595000,310.570000,0.546525,-1.049740,1.050626,-1.050592,-0.800066,-0.000180
cmd,14.600000,310.575000,0.547589,-1.049740,1.050626,-1.050592,-0.800066,-0.000180
cmd,14.605000,310.580000,0.548466,-1.049740,1.050626,-1.050592,-0.800066,-0.000180
cmd,14.610000,310.585000,0.549151,-1.049740,1.050626,-1.050592,-0.800066,-0.000180
cmd,14.615000,310.590000,0.549642,-1.049740,1.050626,-1.050592,-0.800066,-0.000180
cmd,14.620000,310.595000,0.549938,-1.049740,1.050626,-1.050592,-0.800066,-0.000180
cmd,14.625000,310.600000,0.550036,-1.049740,1.050626,-1.050592,-0.800066,-0.000180
cmd,14.630000,310.605000,0.549938,-1.049740,1.050626,-1.050592,-0.800066,-0.000180
cmd,14.635000,310.610000,0.549642,-1.049740,1.050626,-1.050592,-0.800066,-0.000180
cmd,14.640000,310.615000,0.549151,-1.049740,1.050626,-1.050592,-0.800066,-0.000180
cmd,14.645000,310.620000,0.548466,-1.049740,1.050626,-1.050592,-0.800066,-0.000180
cmd,14.650000,310.625000,0.547589,-1.049740,1.050626,-1.050592,-0.800066,-0.000180
cmd,14.655000,310.630000,0.546525,-1.049740,1.050626,-1.050592,-0.800066,-0.000180
cmd,14.660000,310.635000,0.545278,-1.049740,1.050626,-1.050592,-0.800066,-0.000180
cmd,14.665000,310.640000,0.543852,-1.049740,1.050626,-1.050592,-0.800066,-0.000180
cmd,14.670000,310.645000,0.542253,-1.049740,1.050626,-1.050592,-0.800066,-0.000180
cmd,14.675000,310.650000,0.540487,-1.049740,1.050626,-1.050592,-0.800066,-0.000180
cmd,14.680000,310.655000,0.538562,-1.049740,1.050626,-1.050592,-0.800066,-0.000180
cmd,14.685000,310.660000,0.536485,-1.049740,1.050626,-1.050592,-0.800066,-0.000180
cmd,14.690000,310.665000,0.534264,-1.049740,1.050626,-1.050592,-0.800066,-0.000180
cmd,14.695000,310.670000,0.531908,-1.049740,1.050626,-1.050592,-0.800066,-0.000180
cmd,14.700000,310.675000,0.529426,-1.049740,1.050626,-1.050592,-0.800066,-0.000180
cmd,14.705000,310.680000,0.526828,-1.049740,1.050626,-1.050592,-0.800066,-0.000180
cmd,14.710000,310.685000,0.524124,-1.049740,1.050626,-1.050592,-0.800066,-0.000180
cmd,14.715000,310.690000,0.521325,-1.049740,1.050626,-1.050592,-0.800066,-0.000180
cmd,14.720000,310.695000,0.518443,-1.049740,1.050626,-1.050592,-0.800066,-0.000180
cmd,14.725000,310.700000,0.515487,-1.049740,1.050626,-1.050592,-0.800066,-0.000180
cmd,14.730000,310.705000,0.512471,-1.049740,1.050626,-1.050592,-0.800066,-0.000180
cmd,14.735000,310.710000,0.509405,-1.049740,1.050626,-1.050592,-0.800066,-0.000180
cmd,14.740000,310.715000,0.506303,-1.049740,1.050626,-1.050592,-0.800066,-0.000180
cmd,14.745000,310.720000,0.503176,-1.049740,1.050626,-1.050592,-0.800066,-0.000180
cmd,14.750000,310.725000,0.500036,-1.049740,1.050626,-1.050592,-0.800066,-0.000180
cmd,14.755000,310.730000,0.496897,-1.049740,1.050626,-1.050592,-0.800066,-0.000180
cmd,14.760000,310.735000,0.493770,-1.049740,1.050626,-1.050592,-0.800066,-0.000180
cmd,14.765000,310.740000,0.490667,-1.049740,1.050626,-1.050592,-0.800066,-0.000180
cmd,14.770000,310.745000,0.487602,-1.049740,1.050626,-1.050592,-0.800066,-0.000180
cmd,14.775000,310.750000,0.484586,-1.049740,1.050626,-1.050592,-0.800066,-0.000180
cmd,14.780000,310.755000,0.481630,-1.049740,1.050626,-1.050592,-0.800066,-0.000180
cmd,14.785000,310.760000,0.478747,-1.049740,1.050626,-1.050592,-0.800066,-0.000180
cmd,14.790000,310.765000,0.475949,-1.049740,1.050626,-1.050592,-0.800066,-0.000180
cmd,14.795000,310.770000,0.473245,-1.049740,1.050626,-1.050592,-0.800066,-0.000180
cmd,14.800000,310.775000,0.470647,-1.049740,1.050626,-1.050592,-0.800066,-0.000180
cmd,14.805000,310.780000,0.468165,-1.049740,1.050626,-1.050592,-0.800066,-0.000180
cmd,14.810000,310.785000,0.465809,-1.049740,1.050626,-1.050592,-0.800066,-0.000180
cmd,14.815000,310.790000,0.463588,-1.049740,1.050626,-1.050592,-0.800066,-0.000180
cmd,14.820000,310.795000,0.461511,-1.049740,1.050626,-1.050592,-0.800066,-0.000180
cmd,14.825000,310.800000,0.459586,-1.049740,1.050626,-1.050592,-0.800066,-0.000180
cmd,14.830000,310.805000,0.457820,-1.049740,1.050626,-1.050592,-0.800066,-0.000180
cmd,14.835000,310.810000,0.456221,-1.049740,1.050626,-1.050592,-0.800066,-0.000180
cmd,14.840000,310.815000,0.454795,-1.049740,1.050626,-1.050592,-0.800066,-0.000180
cmd,14.845000,310.820000,0.453548,-1.049740,1.050626,-1.050592,-0.800066,-0.000180
cmd,14.850000,310.825000,0.452484,-1.049740,1.050626,-1.050592,-0.800066,-0.000180
cmd,14.855000,310.830000,0.451607,-1.049740,1.050626,-1.050592,-0.800066,-0.000180
cmd,14.860000,310.835000,0.450922,-1.049740,1.050626,-1.050592,-0.800066,-0.000180
cmd,14.865000,310.840000,0.450431,-1.049740,1.050626,-1.050592,-0.800066,-0.000180
cmd,14.870000,310.845000,0.450135,-1.049740,1.050626,-1.050592,-0.800066,-0.000180
cmd,14.875000,310.850000,0.450036,-1.049740,1.050626,-1.050592,-0.800066,-0.000180
cmd,14.880000,310.855000,0.450135,-1.049740,1.050626,-1.050592,-0.800066,-0.000180
cmd,14.885000,310.860000,0.450431,-1.049740,1.050626,-1.050592,-0.800066,-0.000180
cmd,14.890000,310.865000,0.450922,-1.049740,1.050626,-1.050592,-0.800066,-0.000180
cmd,14.895000,310.870000,0.451607,-1.049740,1.050626,-1.050592,-0.800066,-0.000180
cmd,14.900000,310.875000,0.452484,-1.049740,1.050626,-1.050592,-0.800066,-0.000180
cmd,14.905000,310.880000,0.453548,-1.049740,1.050626,-1.050592,-0.800066,-0.000180
cmd,14.910000,310.885000,0.454795,-1.049740,1.050626,-1.050592,-0.800066,-0.000180
cmd,14.915000,310.890000,0.456221,-1.049740,1.050626,-1.050592,-0.800066,-0.000180
cmd,14.920000,310.895000,0.457820,-1.049740,1.050626,-1.050592,-0.800066,-0.000180
cmd,14.925000,310.900000,0.459586,-1.049740,1.050626,-1.050592,-0.800066,-0.000180
cmd,14.930000,310.905000,0.461511,-1.049740,1.050626,-1.050592,-0.800066,-0.000180
cmd,14.935000,310.910000,0.463588,-1.049740,1.050626,-1.050592,-0.800066,-0.000180
cmd,14.940000,310.915000,0.465809,-1.049740,1.050626,-1.050592,-0.800066,-0.000180
cmd,14.945000,310.920000,0.468165,-1.049740,1.050626,-1.050592,-0.800066,-0.000180
cmd,14.950000,310.925000,0.470647,-1.049740,1.050626,-1.050592,-0.800066,-0.000180
cmd,14.955000,310.930000,0.473245,-1.049740,1.050626,-1.050592,-0.800066,-0.000180
cmd,14.960000,310.935000,0.475949,-1.049740,1.050626,-1.050592,-0.800066,-0.000180
cmd,14.965000,310.940000,0.478747,-1.049740,1.050626,-1.050592,-0.800066,-0.000180
cmd,14.970000,310.945000,0.481630,-1.049740,1.050626,-1.050592,-0.800066,-0.000180
cmd,14.975000,310.950000,0.484586,-1.049740,1.050626,-1.050592,-0.800066,-0.000180
cmd,14.980000,310.955000,0.487602,-1.049740,1.050626,-1.050592,-0.800066,-0.000180
cmd,14.985000,310.960000,0.490667,-1.049740,1.050626,-1.050592,-0.800066,-0.000180
cmd,14.990000,310.965000,0.493770,-1.049740,1.050626,-1.050592,-0.800066,-0.000180
cmd,14.995000,310.970000,0.496897,-1.049740,1.050626,-1.050592,-0.800066,-0.000180
cmd,15.000000,310.975000,0.500036,-1.049740,1.050626,-1.050592,-0.800066,-0.000180
actual,-0.125000,295.850000,0.500036,-1.049740,1.050626,-1.050592,-0.800066,-0.000180
actual,-0.120000,295.855000,0.500036,-1.049740,1.050626,-1.050592,-0.800066,-0.000180
actual,-0.115000,295.860000,0.500036,-1.049740,1.050626,-1.050592,-0.800066,-0.000180
actual,-0.110000,295.865000,0.500036,-1.049740,1.050626,-1.050592,-0.800066,-0.000180
actual,-0.105000,295.870000,0.500036,-1.049740,1.050626,-1.050592,-0.800066,-0.000180
actual,-0.100000,295.875000,0.500036,-1.049740,1.050626,-1.050592,-0.800066,-0.000180
actual,-0.095000,295.880000,0.500036,-1.049740,1.050626,-1.050592,-0.800066,-0.000180
actual,-0.090000,295.885000,0.500036,-1.049740,1.050626,-1.050592,-0.800066,-0.000180
actual,-0.085000,295.890000,0.500036,-1.049740,1.050626,-1.050592,-0.800066,-0.000180
actual,-0.080000,295.895000,0.500036,-1.049740,1.050626,-1.050592,-0.800066,-0.000180
actual,-0.075000,295.900000,0.500036,-1.049740,1.050626,-1.050592,-0.800066,-0.000180
actual,-0.070000,295.905000,0.500036,-1.049740,1.050626,-1.050592,-0.800066,-0.000180
actual,-0.065000,295.910000,0.500036,-1.049740,1.050626,-1.050592,-0.800066,-0.000180
actual,-0.060000,295.915000,0.500036,-1.049740,1.050626,-1.050592,-0.800066,-0.000180
actual,-0.055000,295.920000,0.500036,-1.049740,1.050626,-1.050592,-0.800066,-0.000180
actual,-0.050000,295.925000,0.500036,-1.049740,1.050626,-1.050592,-0.800066,-0.000180
actual,-0.045000,295.930000,0.500036,-1.049740,1.050626,-1.050592,-0.800066,-0.000180
actual,-0.040000,295.935000,0.500036,-1.049740,1.050626,-1.050592,-0.800066,-0.000180
actual,-0.035000,295.940000,0.500036,-1.049740,1.050626,-1.050592,-0.800066,-0.000180
actual,-0.030000,295.945000,0.500036,-1.049740,1.050626,-1.050592,-0.800066,-0.000180
actual,-0.025000,295.950000,0.500036,-1.049740,1.050626,-1.050592,-0.800066,-0.000180
actual,-0.020000,295.955000,0.500036,-1.049740,1.050626,-1.050592,-0.800066,-0.000180
actual,-0.015000,295.960000,0.500036,-1.049740,1.050626,-1.050592,-0.800066,-0.000180
actual,-0.010000,295.965000,0.500036,-1.049740,1.050626,-1.050592,-0.800066,-0.000180
actual,-0.005000,295.970000,0.500036,-1.049740,1.050626,-1.050592,-0.800066,-0.000180
actual,0.000000,295.975000,0.500036,-1.049740,1.050626,-1.050592,-0.800066,-0.000180
actual,0.005000,295.980000,0.500036,-1.049740,1.050626,-1.050592,-0.800066,-0.000180
actual,0.010000,295.985000,0.500036,-1.049740,1.050626,-1.050592,-0.800066,-0.000180
actual,0.015000,295.990000,0.500036,-1.049740,1.050626,-1.050592,-0.800066,-0.000180
actual,0.020000,295.995000,0.500036,-1.049740,1.050626,-1.050592,-0.800066,-0.000180
actual,0.025000,296.000000,0.500036,-1.049740,1.050626,-1.050592,-0.800066,-0.000180
actual,0.030000,296.005000,0.500036,-1.049740,1.050626,-1.050592,-0.800066,-0.000180
actual,0.035000,296.010000,0.503804,-1.049740,1.050626,-1.050592,-0.800066,-0.000180
actual,0.040000,296.015000,0.506784,-1.049740,1.050626,-1.050592,-0.800066,-0.000180
actual,0.045000,296.020000,0.509897,-1.049740,1.050626,-1.050592,-0.800066,-0.000180
actual,0.050000,296.025000,0.512938,-1.049740,1.050626,-1.050592,-0.800066,-0.000180
actual,0.055000,296.030000,0.515935,-1.049740,1.050626,-1.050592,-0.800066,-0.000180
actual,0.060000,296.035000,0.518869,-1.049740,1.050626,-1.050592,-0.800066,-0.000180
actual,0.065000,296.040000,0.521729,-1.049740,1.050626,-1.050592,-0.800066,-0.000180
actual,0.070000,296.045000,0.524503,-1.049740,1.050626,-1.050592,-0.800066,-0.000180
actual,0.075000,296.050000,0.527181,-1.049740,1.050626,-1.050592,-0.800066,-0.000180
actual,0.080000,296.055000,0.529752,-1.049740,1.050626,-1.050592,-0.800066,-0.000180
actual,0.085000,296.060000,0.532207,-1.049740,1.050626,-1.050592,-0.800066,-0.000180
actual,0.090000,296.065000,0.534534,-1.049740,1.050626,-1.050592,-0.800066,-0.000180
actual,0.095000,296.070000,0.536726,-1.049740,1.050626,-1.050592,-0.800066,-0.000180
actual,0.100000,296.075000,0.538773,-1.049740,1.050626,-1.050592,-0.800066,-0.000180
actual,0.105000,296.080000,0.540667,-1.049740,1.050626,-1.050592,-0.800066,-0.000180
actual,0.110000,296.085000,0.542402,-1.049740,1.050626,-1.050592,-0.800066,-0.000180
actual,0.115000,296.090000,0.543969,-1.049740,1.050626,-1.050592,-0.800066,-0.000180
actual,0.120000,296.095000,0.545363,-1.049740,1.050626,-1.050592,-0.800066,-0.000180
actual,0.125000,296.100000,0.546579,-1.049740,1.050626,-1.050592,-0.800066,-0.000180
actual,0.130000,296.105000,0.547611,-1.049740,1.050626,-1.050592,-0.800066,-0.000180
actual,0.135000,296.110000,0.548456,-1.049740,1.050626,-1.050592,-0.800066,-0.000180
actual,0.140000,296.115000,0.549109,-1.049740,1.050626,-1.050592,-0.800066,-0.000180
actual,0.145000,296.120000,0.549569,-1.049740,1.050626,-1.050592,-0.800066,-0.000180
actual,0.150000,296.125000,0.549834,-1.049740,1.050626,-1.050592,-0.800066,-0.000180
actual,0.155000,296.130000,0.549903,-1.049740,1.050626,-1.050592,-0.800066,-0.000180
actual,0.160000,296.135000,0.549775,-1.049740,1.050626,-1.050592,-0.800066,-0.000180
actual,0.165000,296.140000,0.549450,-1.049740,1.050626,-1.050592,-0.800066,-0.000180
actual,0.170000,296.145000,0.548931,-1.049740,1.050626,-1.050592,-0.800066,-0.000180
actual,0.175000,296.150000,0.548220,-1.049740,1.050626,-1.050592,-0.800066,-0.000180
actual,0.180000,296.155000,0.547318,-1.049740,1.050626,-1.050592,-0.800066,-0.000180
actual,0.185000,296.160000,0.546229,-1.049740,1.050626,-1.050592,-0.800066,-0.000180
actual,0.190000,296.165000,0.544959,-1.049740,1.050626,-1.050592,-0.800066,-0.000180
actual,0.195000,296.170000,0.543511,-1.049740,1.050626,-1.050592,-0.800066,-0.000180
actual,0.200000,296.175000,0.541892,-1.049740,1.050626,-1.050592,-0.800066,-0.000180
actual,0.205000,296.180000,0.540108,-1.049740,1.050626,-1.050592,-0.800066,-0.000180
actual,0.210000,296.185000,0.538166,-1.049740,1.050626,-1.050592,-0.800066,-0.000180
actual,0.215000,296.190000,0.536074,-1.049740,1.050626,-1.050592,-0.800066,-0.000180
actual,0.220000,296.195000,0.533839,-1.049740,1.050626,-1.050592,-0.800066,-0.000180
actual,0.225000,296.200000,0.531472,-1.049740,1.050626,-1.050592,-0.800066,-0.000180
actual,0.230000,296.205000,0.528980,-1.049740,1.050626,-1.050592,-0.800066,-0.000180
actual,0.235000,296.210000,0.526374,-1.049740,1.050626,-1.050592,-0.800066,-0.000180
actual,0.240000,296.215000,0.523665,-1.049740,1.050626,-1.050592,-0.800066,-0.000180
actual,0.245000,296.220000,0.520862,-1.049740,1.050626,-1.050592,-0.800066,-0.000180
actual,0.250000,296.225000,0.517977,-1.049740,1.050626,-1.050592,-0.800066,-0.000180
actual,0.255000,296.230000,0.515021,-1.049740,1.050626,-1.050592,-0.800066,-0.000180
actual,0.260000,296.235000,0.512007,-1.049740,1.050626,-1.050592,-0.800066,-0.000180
actual,0.265000,296.240000,0.508945,-1.049740,1.050626,-1.050592,-0.800066,-0.000180
actual,0.270000,296.245000,0.505849,-1.049740,1.050626,-1.050592,-0.800066,-0.000180
actual,0.275000,296.250000,0.502729,-1.049740,1.050626,-1.050592,-0.800066,-0.000180
actual,0.280000,296.255000,0.499599,-1.049740,1.050626,-1.050592,-0.800066,-0.000180
actual,0.285000,296.260000,0.496471,-1.049740,1.050626,-1.050592,-0.800066,-0.000180
actual,0.290000,296.265000,0.493356,-1.049740,1.050626,-1.050592,-0.800066,-0.000180
actual,0.295000,296.270000,0.490269,-1.049740,1.050626,-1.050592,-0.800066,-0.000180
actual,0.300000,296.275000,0.487220,-1.049740,1.050626,-1.050592,-0.800066,-0.000180
actual,0.305000,296.280000,0.484221,-1.049740,1.050626,-1.050592,-0.800066,-0.000180
actual,0.310000,296.285000,0.481286,-1.049740,1.050626,-1.050592,-0.800066,-0.000180
actual,0.315000,296.290000,0.478424,-1.049740,1.050626,-1.050592,-0.800066,-0.000180
actual,0.320000,296.295000,0.475647,-1.049740,1.050626,-1.050592,-0.800066,-0.000180
actual,0.325000,296.300000,0.472967,-1.049740,1.050626,-1.050592,-0.800066,-0.000180
actual,0.330000,296.305000,0.470394,-1.049740,1.050626,-1.050592,-0.800066,-0.000180
actual,0.335000,296.310000,0.467938,-1.049740,1.050626,-1.050592,-0.800066,-0.000180
actual,0.340000,296.315000,0.465609,-1.049740,1.050626,-1.050592,-0.800066,-0.000180
actual,0.345000,296.320000,0.463415,-1.049740,1.050626,-1.050592,-0.800066,-0.000180
actual,0.350000,296.325000,0.461366,-1.049740,1.050626,-1.050592,-0.800066,-0.000180
actual,0.355000,296.330000,0.459470,-1.049740,1.050626,-1.050592,-0.800066,-0.000180
actual,0.360000,296.335000,0.457734,-1.049740,1.050626,-1.050592,-0.800066,-0.000180
actual,0.365000,296.340000,0.456165,-1.049740,1.050626,-1.050592,-0.800066,-0.000180
actual,0.370000,296.345000,0.454770,-1.049740,1.050626,-1.050592,-0.800066,-0.000180
actual,0.375000,296.350000,0.453553,-1.049740,1.050626,-1.050592,-0.800066,-0.000180
actual,0.380000,296.355000,0.452519,-1.049740,1.050626,-1.050592,-0.800066,-0.000180
actual,0.385000,296.360000,0.451673,-1.049740,1.050626,-1.050592,-0.800066,-0.000180
actual,0.390000,296.365000,0.451018,-1.049740,1.050626,-1.050592,-0.800066,-0.000180
actual,0.395000,296.370000,0.450557,-1.049740,1.050626,-1.050592,-0.800066,-0.000180
actual,0.400000,296.375000,0.450290,-1.049740,1.050626,-1.050592,-0.800066,-0.000180
actual,0.405000,296.380000,0.450221,-1.049740,1.050626,-1.050592,-0.800066,-0.000180
actual,0.410000,296.385000,0.450347,-1.049740,1.050626,-1.050592,-0.800066,-0.000180
actual,0.415000,296.390000,0.450670,-1.049740,1.050626,-1.050592,-0.800066,-0.000180
actual,0.420000,296.395000,0.451188,-1.049740,1.050626,-1.050592,-0.800066,-0.000180
actual,0.425000,296.400000,0.451899,-1.049740,1.050626,-1.050592,-0.800066,-0.000180
actual,0.430000,296.405000,0.452800,-1.049740,1.050626,-1.050592,-0.800066,-0.000180
actual,0.435000,296.410000,0.453887,-1.049740,1.050626,-1.050592,-0.800066,-0.000180
actual,0.440000,296.415000,0.455156,-1.049740,1.050626,-1.050592,-0.800066,-0.000180
actual,0.445000,296.420000,0.456603,-1.049740,1.050626,-1.050592,-0.800066,-0.000180
actual,0.450000,296.425000,0.458221,-1.049740,1.050626,-1.050592,-0.800066,-0.000180
actual,0.455000,296.430000,0.460004,-1.049740,1.050626,-1.050592,-0.800066,-0.000180
actual,0.460000,296.435000,0.461945,-1.049740,1.050626,-1.050592,-0.800066,-0.000180
actual,0.465000,296.440000,0.464036,-1.049740,1.050626,-1.050592,-0.800066,-0.000180
actual,0.470000,296.445000,0.466270,-1.049740,1.050626,-1.050592,-0.800066,-0.000180
actual,0.475000,296.450000,0.468637,-1.049740,1.050626,-1.050592,-0.800066,-0.000180
actual,0.480000,296.455000,0.471127,-1.049740,1.050626,-1.050592,-0.800066,-0.000180
actual,0.485000,296.460000,0.473732,-1.049740,1.050626,-1.050592,-0.800066,-0.000180
actual,0.490000,296.465000,0.476441,-1.049740,1.050626,-1.050592,-0.800066,-0.000180
actual,0.495000,296.470000,0.479243,-1.049740,1.050626,-1.050592,-0.800066,-0.000180
actual,0.500000,296.475000,0.482127,-1.049740,1.050626,-1.050592,-0.800066,-0.000180
actual,0.505000,296.480000,0.485082,-1.049740,1.050626,-1.050592,-0.800066,-0.000180
actual,0.510000,296.485000,0.488096,-1.049740,1.050626,-1.050592,-0.800066,-0.000180
actual,0.515000,296.490000,0.491157,-1.049740,1.050626,-1.050592,-0.800066,-0.000180
actual,0.520000,296.495000,0.494253,-1.049740,1.050626,-1.050592,-0.800066,-0.000180
actual,0.525000,296.500000,0.497371,-1.049740,1.050626,-1.050592,-0.800066,-0.000180
actual,0.530000,296.505000,0.500501,-1.049740,1.050626,-1.050592,-0.800066,-0.000180
actual,0.535000,296.510000,0.503629,-1.049740,1.050626,-1.050592,-0.800066,-0.000180
actual,0.540000,296.515000,0.506742,-1.049740,1.050626,-1.050592,-0.800066,-0.000180
actual,0.545000,296.520000,0.509829,-1.049740,1.050626,-1.050592,-0.800066,-0.000180
actual,0.550000,296.525000,0.512877,-1.049740,1.050626,-1.050592,-0.800066,-0.000180
actual,0.555000,296.530000,0.515875,-1.049740,1.050626,-1.050592,-0.800066,-0.000180
actual,0.560000,296.535000,0.518810,-1.049740,1.050626,-1.050592,-0.800066,-0.000180
actual,0.565000,296.540000,0.521672,-1.049740,1.050626,-1.050592,-0.800066,-0.000180
actual,0.570000,296.545000,0.524447,-1.049740,1.050626,-1.050592,-0.800066,-0.000180
actual,0.575000,296.550000,0.527127,-1.049740,1.050626,-1.050592,-0.800066,-0.000180
actual,0.580000,296.555000,0.529700,-1.049740,1.050626,-1.050592,-0.800066,-0.000180
actual,0.585000,296.560000,0.532155,-1.049740,1.050626,-1.050592,-0.800066,-0.000180
actual,0.590000,296.565000,0.534484,-1.049740,1.050626,-1.050592,-0.800066,-0.000180
actual,0.595000,296.570000,0.536677,-1.049740,1.050626,-1.050592,-0.800066,-0.000180
actual,0.600000,296.575000,0.538725,-1.049740,1.050626,-1.050592,-0.800066,-0.000180
actual,0.605000,296.580000,0.540621,-1.049740,1.050626,-1.050592,-0.800066,-0.000180
actual,0.610000,296.585000,0.542356,-1.049740,1.050626,-1.050592,-0.800066,-0.000180
actual,0.615000,296.590000,0.543925,-1.049740,1.050626,-1.050592,-0.800066,-0.000180
actual,0.620000,296.595000,0.545320,-1.049740,1.050626,-1.050592,-0.800066,-0.000180
actual,0.625000,296.600000,0.546537,-1.049740,1.050626,-1.050592,-0.800066,-0.000180
actual,0.630000,296.605000,0.547570,-1.049740,1.050626,-1.050592,-0.800066,-0.000180
actual,0.635000,296.610000,0.548416,-1.049740,1.050626,-1.050592,-0.800066,-0.000180
actual,0.640000,296.615000,0.549070,-1.049740,1.050626,-1.050592,-0.800066,-0.000180
actual,0.645000,296.620000,0.549531,-1.049740,1.050626,-1.050592,-0.800066,-0.000180
actual,0.650000,296.625000,0.549797,-1.049740,1.050626,-1.050592,-0.800066,-0.000180
actual,0.655000,296.630000,0.549867,-1.049740,1.050626,-1.050592,-0.800066,-0.000180
actual,0.660000,296.635000,0.549739,-1.049740,1.050626,-1.050592,-0.800066,-0.000180
actual,0.665000,296.640000,0.549416,-1.049740,1.050626,-1.050592,-0.800066,-0.000180
actual,0.670000,296.645000,0.548898,-1.049740,1.050626,-1.050592,-0.800066,-0.000180
actual,0.675000,296.650000,0.548187,-1.049740,1.050626,-1.050592,-0.800066,-0.000180
actual,0.680000,296.655000,0.547286,-1.049740,1.050626,-1.050592,-0.800066,-0.000180
actual,0.685000,296.660000,0.546198,-1.049740,1.050626,-1.050592,-0.800066,-0.000180
actual,0.690000,296.665000,0.544929,-1.049740,1.050626,-1.050592,-0.800066,-0.000180
actual,0.695000,296.670000,0.543482,-1.049740,1.050626,-1.050592,-0.800066,-0.000180
actual,0.700000,296.675000,0.541864,-1.049740,1.050626,-1.050592,-0.800066,-0.000180
actual,0.705000,296.680000,0.540080,-1.049740,1.050626,-1.050592,-0.800066,-0.000180
actual,0.710000,296.685000,0.538139,-1.049740,1.050626,-1.050592,-0.800066,-0.000180
actual,0.715000,296.690000,0.536047,-1.049740,1.050626,-1.050592,-0.800066,-0.000180
actual,0.720000,296.695000,0.533813,-1.049740,1.050626,-1.050592,-0.800066,-0.000180
actual,0.725000,296.700000,0.531446,-1.049740,1.050626,-1.050592,-0.800066,-0.000180
actual,0.730000,296.705000,0.528955,-1.049740,1.050626,-1.050592,-0.800066,-0.000180
actual,0.735000,296.710000,0.526350,-1.049740,1.050626,-1.050592,-0.800066,-0.000180
actual,0.740000,296.715000,0.523641,-1.049740,1.050626,-1.050592,-0.800066,-0.000180
actual,0.745000,296.720000,0.520839,-1.049740,1.050626,-1.050592,-0.800066,-0.000180
actual,0.750000,296.725000,0.517955,-1.049740,1.050626,-1.050592,-0.800066,-0.000180
actual,0.755000,296.730000,0.515000,-1.049740,1.050626,-1.050592,-0.800066,-0.000180
actual,0.760000,296.735000,0.511986,-1.049740,1.050626,-1.050592,-0.800066,-0.000180
actual,0.765000,296.740000,0.508924,-1.049740,1.050626,-1.050592,-0.800066,-0.000180
actual,0.770000,296.745000,0.505828,-1.049740,1.050626,-1.050592,-0.800066,-0.000180
actual,0.775000,296.750000,0.502709,-1.049740,1.050626,-1.050592,-0.800066,-0.000180
actual,0.780000,296.755000,0.499580,-1.049740,1.050626,-1.050592,-0.800066,-0.000180
actual,0.785000,296.760000,0.496452,-1.049740,1.050626,-1.050592,-0.800066,-0.000180
actual,0.790000,296.765000,0.493338,-1.049740,1.050626,-1.050592,-0.800066,-0.000180
actual,0.795000,296.770000,0.490251,-1.049740,1.050626,-1.050592,-0.800066,-0.000180
actual,0.800000,296.775000,0.487202,-1.049740,1.050626,-1.050592,-0.800066,-0.000180
actual,0.805000,296.780000,0.484204,-1.049740,1.050626,-1.050592,-0.800066,-0.000180
actual,0.810000,296.785000,0.481269,-1.049740,1.050626,-1.050592,-0.800066,-0.000180
actual,0.815000,296.790000,0.478408,-1.049740,1.050626,-1.050592,-0.800066,-0.000180
actual,0.820000,296.795000,0.475632,-1.049740,1.050626,-1.050592,-0.800066,-0.000180
actual,0.825000,296.800000,0.472952,-1.049740,1.050626,-1.050592,-0.800066,-0.000180
actual,0.830000,296.805000,0.470379,-1.049740,1.050626,-1.050592,-0.800066,-0.000180
actual,0.835000,296.810000,0.467923,-1.049740,1.050626,-1.050592,-0.800066,-0.000180
actual,0.840000,296.815000,0.465594,-1.049740,1.050626,-1.050592,-0.800066,-0.000180
actual,0.845000,296.820000,0.463401,-1.049740,1.050626,-1.050592,-0.800066,-0.000180
actual,0.850000,296.825000,0.461353,-1.049740,1.050626,-1.050592,-0.800066,-0.000180
actual,0.855000,296.830000,0.459457,-1.049740,1.050626,-1.050592,-0.800066,-0.000180
actual,0.860000,296.835000,0.457721,-1.049740,1.050626,-1.050592,-0.800066,-0.000180
actual,0.865000,296.840000,0.456153,-1.049740,1.050626,-1.050592,-0.800066,-0.000180
actual,0.870000,296.845000,0.454757,-1.049740,1.050626,-1.050592,-0.800066,-0.000180
actual,0.875000,296.850000,0.453541,-1.049740,1.050626,-1.050592,-0.800066,-0.000180
actual,0.880000,296.855000,0.452507,-1.049740,1.050626,-1.050592,-0.800066,-0.000180
actual,0.885000,296.860000,0.451662,-1.049740,1.050626,-1.050592,-0.800066,-0.000180
actual,0.890000,296.865000,0.451007,-1.049740,1.050626,-1.050592,-0.800066,-0.000180
actual,0.895000,296.870000,0.450546,-1.049740,1.050626,-1.050592,-0.800066,-0.000180
actual,0.900000,296.875000,0.450280,-1.049740,1.050626,-1.050592,-0.800066,-0.000180
actual,0.905000,296.880000,0.450210,-1.049740,1.050626,-1.050592,-0.800066,-0.000180
actual,0.910000,296.885000,0.450337,-1.049740,1.050626,-1.050592,-0.800066,-0.000180
actual,0.915000,296.890000,0.450661,-1.049740,1.050626,-1.050592,-0.800066,-0.000180
actual,0.920000,296.895000,0.451179,-1.049740,1.050626,-1.050592,-0.800066,-0.000180
actual,0.925000,296.900000,0.451890,-1.049740,1.050626,-1.050592,-0.800066,-0.000180
actual,0.930000,296.905000,0.452791,-1.049740,1.050626,-1.050592,-0.800066,-0.000180
actual,0.935000,296.910000,0.453878,-1.049740,1.050626,-1.050592,-0.800066,-0.000180
actual,0.940000,296.915000,0.455148,-1.049740,1.050626,-1.050592,-0.800066,-0.000180
actual,0.945000,296.920000,0.456594,-1.049740,1.050626,-1.050592,-0.800066,-0.000180
actual,0.950000,296.925000,0.458212,-1.049740,1.050626,-1.050592,-0.800066,-0.000180
actual,0.955000,296.930000,0.459996,-1.049740,1.050626,-1.050592,-0.800066,-0.000180
actual,0.960000,296.935000,0.461937,-1.049740,1.050626,-1.050592,-0.800066,-0.000180
actual,0.965000,296.940000,0.464029,-1.049740,1.050626,-1.050592,-0.800066,-0.000180
actual,0.970000,296.945000,0.466262,-1.049740,1.050626,-1.050592,-0.800066,-0.000180
actual,0.975000,296.950000,0.468629,-1.049740,1.050626,-1.050592,-0.800066,-0.000180
actual,0.980000,296.955000,0.471120,-1.049740,1.050626,-1.050592,-0.800066,-0.000180
actual,0.985000,296.960000,0.473726,-1.049740,1.050626,-1.050592,-0.800066,-0.000180
actual,0.990000,296.965000,0.476434,-1.049740,1.050626,-1.050592,-0.800066,-0.000180
actual,0.995000,296.970000,0.479237,-1.049740,1.050626,-1.050592,-0.800066,-0.000180
actual,1.000000,296.975000,0.482121,-1.049740,1.050626,-1.050592,-0.800066,-0.000180
actual,1.005000,296.980000,0.485076,-1.049740,1.050626,-1.050592,-0.800066,-0.000180
actual,1.010000,296.985000,0.488090,-1.049740,1.050626,-1.050592,-0.800066,-0.000180
actual,1.015000,296.990000,0.491151,-1.049740,1.050626,-1.050592,-0.800066,-0.000180
actual,1.020000,296.995000,0.494247,-1.049740,1.050626,-1.050592,-0.800066,-0.000180
actual,1.025000,297.000000,0.497366,-1.049740,1.050626,-1.050592,-0.800066,-0.000180
actual,1.030000,297.005000,0.500495,-1.049740,1.050626,-1.050592,-0.800066,-0.000180
actual,1.035000,297.010000,0.503623,-1.049740,1.050626,-1.050592,-0.800066,-0.000180
actual,1.040000,297.015000,0.506737,-1.049740,1.050626,-1.050592,-0.800066,-0.000180
actual,1.045000,297.020000,0.509824,-1.049740,1.050626,-1.050592,-0.800066,-0.000180
actual,1.050000,297.025000,0.512872,-1.049740,1.050626,-1.050592,-0.800066,-0.000180
actual,1.055000,297.030000,0.515870,-1.049740,1.050626,-1.050592,-0.800066,-0.000180
actual,1.060000,297.035000,0.518806,-1.049740,1.050626,-1.050592,-0.800066,-0.000180
actual,1.065000,297.040000,0.521667,-1.049740,1.050626,-1.050592,-0.800066,-0.000180
actual,1.070000,297.045000,0.524443,-1.049740,1.050626,-1.050592,-0.800066,-0.000180
actual,1.075000,297.050000,0.527123,-1.049740,1.050626,-1.050592,-0.800066,-0.000180
actual,1.080000,297.055000,0.529695,-1.049740,1.050626,-1.050592,-0.800066,-0.000180
actual,1.085000,297.060000,0.532151,-1.049740,1.050626,-1.050592,-0.800066,-0.000180
actual,1.090000,297.065000,0.534480,-1.049740,1.050626,-1.050592,-0.800066,-0.000180
actual,1.095000,297.070000,0.536673,-1.049740,1.050626,-1.050592,-0.800066,-0.000180
actual,1.100000,297.075000,0.538721,-1.049740,1.050626,-1.050592,-0.800066,-0.000180
actual,1.105000,297.080000,0.540617,-1.049740,1.050626,-1.050592,-0.800066,-0.000180
actual,1.110000,297.085000,0.542353,-1.049740,1.050626,-1.050592,-0.800066,-0.000180
actual,1.115000,297.090000,0.543921,-1.049740,1.050626,-1.050592,-0.800066,-0.000180
actual,1.120000,297.095000,0.545317,-1.049740,1.050626,-1.050592,-0.800066,-0.000180
actual,1.125000,297.100000,0.546534,-1.049740,1.050626,-1.050592,-0.800066,-0.000180
actual,1.130000,297.105000,0.547567,-1.049740,1.050626,-1.050592,-0.800066,-0.000180
actual,1.135000,297.110000,0.548412,-1.049740,1.050626,-1.050592,-0.800066,-0.000180
actual,1.140000,297.115000,0.549067,-1.049740,1.050626,-1.050592,-0.800066,-0.000180
actual,1.145000,297.120000,0.549528,-1.049740,1.050626,-1.050592,-0.800066,-0.000180
actual,1.150000,297.125000,0.549794,-1.049740,1.050626,-1.050592,-0.800066,-0.000180
actual,1.155000,297.130000,0.549864,-1.049740,1.050626,-1.050592,-0.800066,-0.000180
actual,1.160000,297.135000,0.549737,-1.049740,1.050626,-1.050592,-0.800066,-0.000180
actual,1.165000,297.140000,0.549413,-1.049740,1.050626,-1.050592,-0.800066,-0.000180
actual,1.170000,297.145000,0.548895,-1.049740,1.050626,-1.050592,-0.800066,-0.000180
actual,1.175000,297.150000,0.548184,-1.049740,1.050626,-1.050592,-0.800066,-0.000180
actual,1.180000,297.155000,0.547283,-1.049740,1.050626,-1.050592,-0.800066,-0.000180
actual,1.185000,297.160000,0.546196,-1.049740,1.050626,-1.050592,-0.800066,-0.000180
actual,1.190000,297.165000,0.544926,-1.049740,1.050626,-1.050592,-0.800066,-0.000180
actual,1.195000,297.170000,0.543480,-1.049740,1.050626,-1.050592,-0.800066,-0.000180
actual,1.200000,297.175000,0.541861,-1.049740,1.050626,-1.050592,-0.800066,-0.000180
actual,1.205000,297.180000,0.540078,-1.049740,1.050626,-1.050592,-0.800066,-0.000180
actual,1.210000,297.185000,0.538137,-1.049740,1.050626,-1.050592,-0.800066,-0.000180
actual,1.215000,297.190000,0.536045,-1.049740,1.050626,-1.050592,-0.800066,-0.000180
actual,1.220000,297.195000,0.533811,-1.049740,1.050626,-1.050592,-0.800066,-0.000180
actual,1.225000,297.200000,0.531444,-1.049740,1.050626,-1.050592,-0.800066,-0.000180
actual,1.230000,297.205000,0.528953,-1.049740,1.050626,-1.050592,-0.800066,-0.000180
actual,1.235000,297.210000,0.526348,-1.049740,1.050626,-1.050592,-0.800066,-0.000180
actual,1.240000,297.215000,0.523639,-1.049740,1.050626,-1.050592,-0.800066,-0.000180
actual,1.245000,297.220000,0.520837,-1.049740,1.050626,-1.050592,-0.800066,-0.000180
actual,1.250000,297.225000,0.517953,-1.049740,1.050626,-1.050592,-0.800066,-0.000180
actual,1.255000,297.230000,0.514998,-1.049740,1.050626,-1.050592,-0.800066,-0.000180
actual,1.260000,297.235000,0.511984,-1.049740,1.050626,-1.050592,-0.800066,-0.000180
actual,1.265000,297.240000,0.508923,-1.049740,1.050626,-1.050592,-0.800066,-0.000180
actual,1.270000,297.245000,0.505827,-1.049740,1.050626,-1.050592,-0.800066,-0.000180
actual,1.275000,297.250000,0.502708,-1.049740,1.050626,-1.050592,-0.800066,-0.000180
actual,1.280000,297.255000,0.499578,-1.049740,1.050626,-1.050592,-0.800066,-0.000180
actual,1.285000,297.260000,0.496450,-1.049740,1.050626,-1.050592,-0.800066,-0.000180
actual,1.290000,297.265000,0.493337,-1.049740,1.050626,-1.050592,-0.800066,-0.000180
actual,1.295000,297.270000,0.490249,-1.049740,1.050626,-1.050592,-0.800066,-0.000180
actual,1.300000,297.275000,0.487201,-1.049740,1.050626,-1.050592,-0.800066,-0.000180
actual,1.305000,297.280000,0.484203,-1.049740,1.050626,-1.050592,-0.800066,-0.000180
actual,1.310000,297.285000,0.481268,-1.049740,1.050626,-1.050592,-0.800066,-0.000180
actual,1.315000,297.290000,0.478406,-1.049740,1.050626,-1.050592,-0.800066,-0.000180
actual,1.320000,297.295000,0.475630,-1.049740,1.050626,-1.050592,-0.800066,-0.000180
actual,1.325000,297.300000,0.472951,-1.049740,1.050626,-1.050592,-0.800066,-0.000180
actual,1.330000,297.305000,0.470378,-1.049740,1.050626,-1.050592,-0.800066,-0.000180
actual,1.335000,297.310000,0.467922,-1.049740,1.050626,-1.050592,-0.800066,-0.000180
actual,1.340000,297.315000,0.465593,-1.049740,1.050626,-1.050592,-0.800066,-0.000180
actual,1.345000,297.320000,0.463400,-1.049740,1.050626,-1.050592,-0.800066,-0.000180
actual,1.350000,297.325000,0.461352,-1.049740,1.050626,-1.050592,-0.800066,-0.000180
actual,1.355000,297.330000,0.459456,-1.049740,1.050626,-1.050592,-0.800066,-0.000180
actual,1.360000,297.335000,0.457720,-1.049740,1.050626,-1.050592,-0.800066,-0.000180
actual,1.365000,297.340000,0.456152,-1.049740,1.050626,-1.050592,-0.800066,-0.000180
actual,1.370000,297.345000,0.454756,-1.049740,1.050626,-1.050592,-0.800066,-0.000180
actual,1.375000,297.350000,0.453540,-1.049740,1.050626,-1.050592,-0.800066,-0.000180
actual,1.380000,297.355000,0.452506,-1.049740,1.050626,-1.050592,-0.800066,-0.000180
actual,1.385000,297.360000,0.451661,-1.049740,1.050626,-1.050592,-0.800066,-0.000180
actual,1.390000,297.365000,0.451006,-1.049740,1.050626,-1.050592,-0.800066,-0.000180
actual,1.395000,297.370000,0.450545,-1.049740,1.050626,-1.050592,-0.800066,-0.000180
actual,1.400000,297.375000,0.450279,-1.049740,1.050626,-1.050592,-0.800066,-0.000180
actual,1.405000,297.380000,0.450209,-1.049740,1.050626,-1.050592,-0.800066,-0.000180
actual,1.410000,297.385000,0.450337,-1.049740,1.050626,-1.050592,-0.800066,-0.000180
actual,1.415000,297.390000,0.450660,-1.049740,1.050626,-1.050592,-0.800066,-0.000180
actual,1.420000,297.395000,0.451178,-1.049740,1.050626,-1.050592,-0.800066,-0.000180
actual,1.425000,297.400000,0.451889,-1.049740,1.050626,-1.050592,-0.800066,-0.000180
actual,1.430000,297.405000,0.452790,-1.049740,1.050626,-1.050592,-0.800066,-0.000180
actual,1.435000,297.410000,0.453877,-1.049740,1.050626,-1.050592,-0.800066,-0.000180
actual,1.440000,297.415000,0.455147,-1.049740,1.050626,-1.050592,-0.800066,-0.000180
actual,1.445000,297.420000,0.456594,-1.049740,1.050626,-1.050592,-0.800066,-0.000180
actual,1.450000,297.425000,0.458212,-1.049740,1.050626,-1.050592,-0.800066,-0.000180
actual,1.455000,297.430000,0.459995,-1.049740,1.050626,-1.050592,-0.800066,-0.000180
actual,1.460000,297.435000,0.461936,-1.049740,1.050626,-1.050592,-0.800066,-0.000180
actual,1.465000,297.440000,0.464028,-1.049740,1.050626,-1.050592,-0.800066,-0.000180
actual,1.470000,297.445000,0.466262,-1.049740,1.050626,-1.050592,-0.800066,-0.000180
actual,1.475000,297.450000,0.468629,-1.049740,1.050626,-1.050592,-0.800066,-0.000180
actual,1.480000,297.455000,0.471120,-1.049740,1.050626,-1.050592,-0.800066,-0.000180
actual,1.485000,297.460000,0.473725,-1.049740,1.050626,-1.050592,-0.800066,-0.000180
actual,1.490000,297.465000,0.476434,-1.049740,1.050626,-1.050592,-0.800066,-0.000180
actual,1.495000,297.470000,0.479236,-1.049740,1.050626,-1.050592,-0.800066,-0.000180
actual,1.500000,297.475000,0.482120,-1.049740,1.050626,-1.050592,-0.800066,-0.000180
actual,1.505000,297.480000,0.485075,-1.049740,1.050626,-1.050592,-0.800066,-0.000180
actual,1.510000,297.485000,0.488089,-1.049740,1.050626,-1.050592,-0.800066,-0.000180
actual,1.515000,297.490000,0.491150,-1.049740,1.050626,-1.050592,-0.800066,-0.000180
actual,1.520000,297.495000,0.494246,-1.049740,1.050626,-1.050592,-0.800066,-0.000180
actual,1.525000,297.500000,0.497365,-1.049740,1.050626,-1.050592,-0.800066,-0.000180
actual,1.530000,297.505000,0.500495,-1.049740,1.050626,-1.050592,-0.800066,-0.000180
actual,1.535000,297.510000,0.503623,-1.049740,1.050626,-1.050592,-0.800066,-0.000180
actual,1.540000,297.515000,0.506736,-1.049740,1.050626,-1.050592,-0.800066,-0.000180
actual,1.545000,297.520000,0.509824,-1.049740,1.050626,-1.050592,-0.800066,-0.000180
actual,1.550000,297.525000,0.512872,-1.049740,1.050626,-1.050592,-0.800066,-0.000180
actual,1.555000,297.530000,0.515870,-1.049740,1.050626,-1.050592,-0.800066,-0.000180
actual,1.560000,297.535000,0.518805,-1.049740,1.050626,-1.050592,-0.800066,-0.000180
actual,1.565000,297.540000,0.521667,-1.049740,1.050626,-1.050592,-0.800066,-0.000180
actual,1.570000,297.545000,0.524443,-1.049740,1.050626,-1.050592,-0.800066,-0.000180
actual,1.575000,297.550000,0.527122,-1.049740,1.050626,-1.050592,-0.800066,-0.000180
actual,1.580000,297.555000,0.529695,-1.049740,1.050626,-1.050592,-0.800066,-0.000180
actual,1.585000,297.560000,0.532151,-1.049740,1.050626,-1.050592,-0.800066,-0.000180
actual,1.590000,297.565000,0.534480,-1.049740,1.050626,-1.050592,-0.800066,-0.000180
actual,1.595000,297.570000,0.536673,-1.049740,1.050626,-1.050592,-0.800066,-0.000180
actual,1.600000,297.575000,0.538721,-1.049740,1.050626,-1.050592,-0.800066,-0.000180
actual,1.605000,297.580000,0.540617,-1.049740,1.050626,-1.050592,-0.800066,-0.000180
actual,1.610000,297.585000,0.542353,-1.049740,1.050626,-1.050592,-0.800066,-0.000180
actual,1.615000,297.590000,0.543921,-1.049740,1.050626,-1.050592,-0.800066,-0.000180
actual,1.620000,297.595000,0.545317,-1.049740,1.050626,-1.050592,-0.800066,-0.000180
actual,1.625000,297.600000,0.546533,-1.049740,1.050626,-1.050592,-0.800066,-0.000180
actual,1.630000,297.605000,0.547566,-1.049740,1.050626,-1.050592,-0.800066,-0.000180
actual,1.635000,297.610000,0.548412,-1.049740,1.050626,-1.050592,-0.800066,-0.000180
actual,1.640000,297.615000,0.549067,-1.049740,1.050626,-1.050592,-0.800066,-0.000180
actual,1.645000,297.620000,0.549528,-1.049740,1.050626,-1.050592,-0.800066,-0.000180
actual,1.650000,297.625000,0.549794,-1.049740,1.050626,-1.050592,-0.800066,-0.000180
actual,1.655000,297.630000,0.549863,-1.049740,1.050626,-1.050592,-0.800066,-0.000180
actual,1.660000,297.635000,0.549736,-1.049740,1.050626,-1.050592,-0.800066,-0.000180
actual,1.665000,297.640000,0.549413,-1.049740,1.050626,-1.050592,-0.800066,-0.000180
actual,1.670000,297.645000,0.548895,-1.049740,1.050626,-1.050592,-0.800066,-0.000180
actual,1.675000,297.650000,0.548184,-1.049740,1.050626,-1.050592,-0.800066,-0.000180
actual,1.680000,297.655000,0.547283,-1.049740,1.050626,-1.050592,-0.800066,-0.000180
actual,1.685000,297.660000,0.546196,-1.049740,1.050626,-1.050592,-0.800066,-0.000180
actual,1.690000,297.665000,0.544926,-1.049740,1.050626,-1.050592,-0.800066,-0.000180
actual,1.695000,297.670000,0.543479,-1.049740,1.050626,-1.050592,-0.800066,-0.000180
actual,1.700000,297.675000,0.541861,-1.049740,1.050626,-1.050592,-0.800066,-0.000180
actual,1.705000,297.680000,0.540078,-1.049740,1.050626,-1.050592,-0.800066,-0.000180
actual,1.710000,297.685000,0.538137,-1.049740,1.050626,-1.050592,-0.800066,-0.000180
actual,1.715000,297.690000,0.536045,-1.049740,1.050626,-1.050592,-0.800066,-0.000180
actual,1.720000,297.695000,0.533811,-1.049740,1.050626,-1.050592,-0.800066,-0.000180
actual,1.725000,297.700000,0.531444,-1.049740,1.050626,-1.050592,-0.800066,-0.000180
actual,1.730000,297.705000,0.528953,-1.049740,1.050626,-1.050592,-0.800066,-0.000180
actual,1.735000,297.710000,0.526348,-1.049740,1.050626,-1.050592,-0.800066,-0.000180
actual,1.740000,297.715000,0.523639,-1.049740,1.050626,-1.050592,-0.800066,-0.000180
actual,1.745000,297.720000,0.520837,-1.049740,1.050626,-1.050592,-0.800066,-0.000180
actual,1.750000,297.725000,0.517953,-1.049740,1.050626,-1.050592,-0.800066,-0.000180
actual,1.755000,297.730000,0.514998,-1.049740,1.050626,-1.050592,-0.800066,-0.000180
actual,1.760000,297.735000,0.511984,-1.049740,1.050626,-1.050592,-0.800066,-0.000180
actual,1.765000,297.740000,0.508923,-1.049740,1.050626,-1.050592,-0.800066,-0.000180
actual,1.770000,297.745000,0.505827,-1.049740,1.050626,-1.050592,-0.800066,-0.000180
actual,1.775000,297.750000,0.502707,-1.049740,1.050626,-1.050592,-0.800066,-0.000180
actual,1.780000,297.755000,0.499578,-1.049740,1.050626,-1.050592,-0.800066,-0.000180
actual,1.785000,297.760000,0.496450,-1.049740,1.050626,-1.050592,-0.800066,-0.000180
actual,1.790000,297.765000,0.493337,-1.049740,1.050626,-1.050592,-0.800066,-0.000180
actual,1.795000,297.770000,0.490249,-1.049740,1.050626,-1.050592,-0.800066,-0.000180
actual,1.800000,297.775000,0.487201,-1.049740,1.050626,-1.050592,-0.800066,-0.000180
actual,1.805000,297.780000,0.484203,-1.049740,1.050626,-1.050592,-0.800066,-0.000180
actual,1.810000,297.785000,0.481268,-1.049740,1.050626,-1.050592,-0.800066,-0.000180
actual,1.815000,297.790000,0.478406,-1.049740,1.050626,-1.050592,-0.800066,-0.000180
actual,1.820000,297.795000,0.475630,-1.049740,1.050626,-1.050592,-0.800066,-0.000180
actual,1.825000,297.800000,0.472951,-1.049740,1.050626,-1.050592,-0.800066,-0.000180
actual,1.830000,297.805000,0.470378,-1.049740,1.050626,-1.050592,-0.800066,-0.000180
actual,1.835000,297.810000,0.467922,-1.049740,1.050626,-1.050592,-0.800066,-0.000180
actual,1.840000,297.815000,0.465593,-1.049740,1.050626,-1.050592,-0.800066,-0.000180
actual,1.845000,297.820000,0.463400,-1.049740,1.050626,-1.050592,-0.800066,-0.000180
actual,1.850000,297.825000,0.461352,-1.049740,1.050626,-1.050592,-0.800066,-0.000180
actual,1.855000,297.830000,0.459456,-1.049740,1.050626,-1.050592,-0.800066,-0.000180
actual,1.860000,297.835000,0.457720,-1.049740,1.050626,-1.050592,-0.800066,-0.000180
actual,1.865000,297.840000,0.456152,-1.049740,1.050626,-1.050592,-0.800066,-0.000180
actual,1.870000,297.845000,0.454756,-1.049740,1.050626,-1.050592,-0.800066,-0.000180
actual,1.875000,297.850000,0.453540,-1.049740,1.050626,-1.050592,-0.800066,-0.000180
actual,1.880000,297.855000,0.452506,-1.049740,1.050626,-1.050592,-0.800066,-0.000180
actual,1.885000,297.860000,0.451661,-1.049740,1.050626,-1.050592,-0.800066,-0.000180
actual,1.890000,297.865000,0.451006,-1.049740,1.050626,-1.050592,-0.800066,-0.000180
actual,1.895000,297.870000,0.450545,-1.049740,1.050626,-1.050592,-0.800066,-0.000180
actual,1.900000,297.875000,0.450279,-1.049740,1.050626,-1.050592,-0.800066,-0.000180
actual,1.905000,297.880000,0.450209,-1.049740,1.050626,-1.050592,-0.800066,-0.000180
actual,1.910000,297.885000,0.450337,-1.049740,1.050626,-1.050592,-0.800066,-0.000180
actual,1.915000,297.890000,0.450660,-1.049740,1.050626,-1.050592,-0.800066,-0.000180
actual,1.920000,297.895000,0.451178,-1.049740,1.050626,-1.050592,-0.800066,-0.000180
actual,1.925000,297.900000,0.451889,-1.049740,1.050626,-1.050592,-0.800066,-0.000180
actual,1.930000,297.905000,0.452790,-1.049740,1.050626,-1.050592,-0.800066,-0.000180
actual,1.935000,297.910000,0.453877,-1.049740,1.050626,-1.050592,-0.800066,-0.000180
actual,1.940000,297.915000,0.455147,-1.049740,1.050626,-1.050592,-0.800066,-0.000180
actual,1.945000,297.920000,0.456594,-1.049740,1.050626,-1.050592,-0.800066,-0.000180
actual,1.950000,297.925000,0.458212,-1.049740,1.050626,-1.050592,-0.800066,-0.000180
actual,1.955000,297.930000,0.459995,-1.049740,1.050626,-1.050592,-0.800066,-0.000180
actual,1.960000,297.935000,0.461936,-1.049740,1.050626,-1.050592,-0.800066,-0.000180
actual,1.965000,297.940000,0.464028,-1.049740,1.050626,-1.050592,-0.800066,-0.000180
actual,1.970000,297.945000,0.466262,-1.049740,1.050626,-1.050592,-0.800066,-0.000180
actual,1.975000,297.950000,0.468629,-1.049740,1.050626,-1.050592,-0.800066,-0.000180
actual,1.980000,297.955000,0.471120,-1.049740,1.050626,-1.050592,-0.800066,-0.000180
actual,1.985000,297.960000,0.473725,-1.049740,1.050626,-1.050592,-0.800066,-0.000180
actual,1.990000,297.965000,0.476434,-1.049740,1.050626,-1.050592,-0.800066,-0.000180
actual,1.995000,297.970000,0.479236,-1.049740,1.050626,-1.050592,-0.800066,-0.000180
actual,2.000000,297.975000,0.482120,-1.049740,1.050626,-1.050592,-0.800066,-0.000180
actual,2.005000,297.980000,0.485075,-1.049740,1.050626,-1.050592,-0.800066,-0.000180
actual,2.010000,297.985000,0.488089,-1.049740,1.050626,-1.050592,-0.800066,-0.000180
actual,2.015000,297.990000,0.491150,-1.049740,1.050626,-1.050592,-0.800066,-0.000180
actual,2.020000,297.995000,0.494246,-1.049740,1.050626,-1.050592,-0.800066,-0.000180
actual,2.025000,298.000000,0.497365,-1.049740,1.050626,-1.050592,-0.800066,-0.000180
actual,2.030000,298.005000,0.500495,-1.049740,1.050626,-1.050592,-0.800066,-0.000180
actual,2.035000,298.010000,0.503623,-1.049740,1.050626,-1.050592,-0.800066,-0.000180
actual,2.040000,298.015000,0.506736,-1.049740,1.050626,-1.050592,-0.800066,-0.000180
actual,2.045000,298.020000,0.509824,-1.049740,1.050626,-1.050592,-0.800066,-0.000180
actual,2.050000,298.025000,0.512872,-1.049740,1.050626,-1.050592,-0.800066,-0.000180
actual,2.055000,298.030000,0.515870,-1.049740,1.050626,-1.050592,-0.800066,-0.000180
actual,2.060000,298.035000,0.518805,-1.049740,1.050626,-1.050592,-0.800066,-0.000180
actual,2.065000,298.040000,0.521667,-1.049740,1.050626,-1.050592,-0.800066,-0.000180
actual,2.070000,298.045000,0.524443,-1.049740,1.050626,-1.050592,-0.800066,-0.000180
actual,2.075000,298.050000,0.527122,-1.049740,1.050626,-1.050592,-0.800066,-0.000180
actual,2.080000,298.055000,0.529695,-1.049740,1.050626,-1.050592,-0.800066,-0.000180
actual,2.085000,298.060000,0.532151,-1.049740,1.050626,-1.050592,-0.800066,-0.000180
actual,2.090000,298.065000,0.534480,-1.049740,1.050626,-1.050592,-0.800066,-0.000180
actual,2.095000,298.070000,0.536673,-1.049740,1.050626,-1.050592,-0.800066,-0.000180
actual,2.100000,298.075000,0.538721,-1.049740,1.050626,-1.050592,-0.800066,-0.000180
actual,2.105000,298.080000,0.540617,-1.049740,1.050626,-1.050592,-0.800066,-0.000180
actual,2.110000,298.085000,0.542352,-1.049740,1.050626,-1.050592,-0.800066,-0.000180
actual,2.115000,298.090000,0.543921,-1.049740,1.050626,-1.050592,-0.800066,-0.000180
actual,2.120000,298.095000,0.545317,-1.049740,1.050626,-1.050592,-0.800066,-0.000180
actual,2.125000,298.100000,0.546533,-1.049740,1.050626,-1.050592,-0.800066,-0.000180
actual,2.130000,298.105000,0.547566,-1.049740,1.050626,-1.050592,-0.800066,-0.000180
actual,2.135000,298.110000,0.548412,-1.049740,1.050626,-1.050592,-0.800066,-0.000180
actual,2.140000,298.115000,0.549067,-1.049740,1.050626,-1.050592,-0.800066,-0.000180
actual,2.145000,298.120000,0.549528,-1.049740,1.050626,-1.050592,-0.800066,-0.000180
actual,2.150000,298.125000,0.549794,-1.049740,1.050626,-1.050592,-0.800066,-0.000180
actual,2.155000,298.130000,0.549863,-1.049740,1.050626,-1.050592,-0.800066,-0.000180
actual,2.160000,298.135000,0.549736,-1.049740,1.050626,-1.050592,-0.800066,-0.000180
actual,2.165000,298.140000,0.549413,-1.049740,1.050626,-1.050592,-0.800066,-0.000180
actual,2.170000,298.145000,0.548895,-1.049740,1.050626,-1.050592,-0.800066,-0.000180
actual,2.175000,298.150000,0.548184,-1.049740,1.050626,-1.050592,-0.800066,-0.000180
actual,2.180000,298.155000,0.547283,-1.049740,1.050626,-1.050592,-0.800066,-0.000180
actual,2.185000,298.160000,0.546196,-1.049740,1.050626,-1.050592,-0.800066,-0.000180
actual,2.190000,298.165000,0.544926,-1.049740,1.050626,-1.050592,-0.800066,-0.000180
actual,2.195000,298.170000,0.543479,-1.049740,1.050626,-1.050592,-0.800066,-0.000180
actual,2.200000,298.175000,0.541861,-1.049740,1.050626,-1.050592,-0.800066,-0.000180
actual,2.205000,298.180000,0.540078,-1.049740,1.050626,-1.050592,-0.800066,-0.000180
actual,2.210000,298.185000,0.538137,-1.049740,1.050626,-1.050592,-0.800066,-0.000180
actual,2.215000,298.190000,0.536045,-1.049740,1.050626,-1.050592,-0.800066,-0.000180
actual,2.220000,298.195000,0.533811,-1.049740,1.050626,-1.050592,-0.800066,-0.000180
actual,2.225000,298.200000,0.531444,-1.049740,1.050626,-1.050592,-0.800066,-0.000180
actual,2.230000,298.205000,0.528953,-1.049740,1.050626,-1.050592,-0.800066,-0.000180
actual,2.235000,298.210000,0.526348,-1.049740,1.050626,-1.050592,-0.800066,-0.000180
actual,2.240000,298.215000,0.523639,-1.049740,1.050626,-1.050592,-0.800066,-0.000180
actual,2.245000,298.220000,0.520837,-1.049740,1.050626,-1.050592,-0.800066,-0.000180
actual,2.250000,298.225000,0.517953,-1.049740,1.050626,-1.050592,-0.800066,-0.000180
actual,2.255000,298.230000,0.514998,-1.049740,1.050626,-1.050592,-0.800066,-0.000180
actual,2.260000,298.235000,0.511984,-1.049740,1.050626,-1.050592,-0.800066,-0.000180
actual,2.265000,298.240000,0.508923,-1.049740,1.050626,-1.050592,-0.800066,-0.000180
actual,2.270000,298.245000,0.505827,-1.049740,1.050626,-1.050592,-0.800066,-0.000180
actual,2.275000,298.250000,0.502707,-1.049740,1.050626,-1.050592,-0.800066,-0.000180
actual,2.280000,298.255000,0.499578,-1.049740,1.050626,-1.050592,-0.800066,-0.000180
actual,2.285000,298.260000,0.496450,-1.049740,1.050626,-1.050592,-0.800066,-0.000180
actual,2.290000,298.265000,0.493337,-1.049740,1.050626,-1.050592,-0.800066,-0.000180
actual,2.295000,298.270000,0.490249,-1.049740,1.050626,-1.050592,-0.800066,-0.000180
actual,2.300000,298.275000,0.487201,-1.049740,1.050626,-1.050592,-0.800066,-0.000180
actual,2.305000,298.280000,0.484203,-1.049740,1.050626,-1.050592,-0.800066,-0.000180
actual,2.310000,298.285000,0.481268,-1.049740,1.050626,-1.050592,-0.800066,-0.000180
actual,2.315000,298.290000,0.478406,-1.049740,1.050626,-1.050592,-0.800066,-0.000180
actual,2.320000,298.295000,0.475630,-1.049740,1.050626,-1.050592,-0.800066,-0.000180
actual,2.325000,298.300000,0.472951,-1.049740,1.050626,-1.050592,-0.800066,-0.000180
actual,2.330000,298.305000,0.470378,-1.049740,1.050626,-1.050592,-0.800066,-0.000180
actual,2.335000,298.310000,0.467922,-1.049740,1.050626,-1.050592,-0.800066,-0.000180
actual,2.340000,298.315000,0.465593,-1.049740,1.050626,-1.050592,-0.800066,-0.000180
actual,2.345000,298.320000,0.463400,-1.049740,1.050626,-1.050592,-0.800066,-0.000180
actual,2.350000,298.325000,0.461352,-1.049740,1.050626,-1.050592,-0.800066,-0.000180
actual,2.355000,298.330000,0.459456,-1.049740,1.050626,-1.050592,-0.800066,-0.000180
actual,2.360000,298.335000,0.457720,-1.049740,1.050626,-1.050592,-0.800066,-0.000180
actual,2.365000,298.340000,0.456152,-1.049740,1.050626,-1.050592,-0.800066,-0.000180
actual,2.370000,298.345000,0.454756,-1.049740,1.050626,-1.050592,-0.800066,-0.000180
actual,2.375000,298.350000,0.453540,-1.049740,1.050626,-1.050592,-0.800066,-0.000180
actual,2.380000,298.355000,0.452506,-1.049740,1.050626,-1.050592,-0.800066,-0.000180
actual,2.385000,298.360000,0.451661,-1.049740,1.050626,-1.050592,-0.800066,-0.000180
actual,2.390000,298.365000,0.451006,-1.049740,1.050626,-1.050592,-0.800066,-0.000180
actual,2.395000,298.370000,0.450545,-1.049740,1.050626,-1.050592,-0.800066,-0.000180
actual,2.400000,298.375000,0.450279,-1.049740,1.050626,-1.050592,-0.800066,-0.000180
actual,2.405000,298.380000,0.450209,-1.049740,1.050626,-1.050592,-0.800066,-0.000180
actual,2.410000,298.385000,0.450337,-1.049740,1.050626,-1.050592,-0.800066,-0.000180
actual,2.415000,298.390000,0.450660,-1.049740,1.050626,-1.050592,-0.800066,-0.000180
actual,2.425000,298.400000,0.451889,-1.049740,1.050626,-1.050592,-0.800066,-0.000180
actual,2.430000,298.405000,0.452790,-1.049740,1.050626,-1.050592,-0.800066,-0.000180
actual,2.435000,298.410000,0.453877,-1.049740,1.050626,-1.050592,-0.800066,-0.000180
actual,2.440000,298.415000,0.455147,-1.049740,1.050626,-1.050592,-0.800066,-0.000180
actual,2.445000,298.420000,0.456594,-1.049740,1.050626,-1.050592,-0.800066,-0.000180
actual,2.450000,298.425000,0.458212,-1.049740,1.050626,-1.050592,-0.800066,-0.000180
actual,2.455000,298.430000,0.459995,-1.049740,1.050626,-1.050592,-0.800066,-0.000180
actual,2.460000,298.435000,0.461936,-1.049740,1.050626,-1.050592,-0.800066,-0.000180
actual,2.465000,298.440000,0.464028,-1.049740,1.050626,-1.050592,-0.800066,-0.000180
actual,2.470000,298.445000,0.466262,-1.049740,1.050626,-1.050592,-0.800066,-0.000180
actual,2.475000,298.450000,0.468629,-1.049740,1.050626,-1.050592,-0.800066,-0.000180
actual,2.480000,298.455000,0.471120,-1.049740,1.050626,-1.050592,-0.800066,-0.000180
actual,2.485000,298.460000,0.473725,-1.049740,1.050626,-1.050592,-0.800066,-0.000180
actual,2.490000,298.465000,0.476434,-1.049740,1.050626,-1.050592,-0.800066,-0.000180
actual,2.495000,298.470000,0.479236,-1.049740,1.050626,-1.050592,-0.800066,-0.000180
actual,2.500000,298.475000,0.482120,-1.049740,1.050626,-1.050592,-0.800066,-0.000180
actual,2.505000,298.480000,0.485075,-1.049740,1.050626,-1.050592,-0.800066,-0.000180
actual,2.510000,298.485000,0.488089,-1.049740,1.050626,-1.050592,-0.800066,-0.000180
actual,2.515000,298.490000,0.491150,-1.049740,1.050626,-1.050592,-0.800066,-0.000180
actual,2.520000,298.495000,0.494246,-1.049740,1.050626,-1.050592,-0.800066,-0.000180
actual,2.525000,298.500000,0.497365,-1.049740,1.050626,-1.050592,-0.800066,-0.000180
actual,2.530000,298.505000,0.500495,-1.049740,1.050626,-1.050592,-0.800066,-0.000180
actual,2.535000,298.510000,0.503623,-1.049740,1.050626,-1.050592,-0.800066,-0.000180
actual,2.540000,298.515000,0.506736,-1.049740,1.050626,-1.050592,-0.800066,-0.000180
actual,2.545000,298.520000,0.509823,-1.049740,1.050626,-1.050592,-0.800066,-0.000180
actual,2.550000,298.525000,0.512872,-1.049740,1.050626,-1.050592,-0.800066,-0.000180
actual,2.555000,298.530000,0.515870,-1.049740,1.050626,-1.050592,-0.800066,-0.000180
actual,2.560000,298.535000,0.518805,-1.049740,1.050626,-1.050592,-0.800066,-0.000180
actual,2.565000,298.540000,0.521667,-1.049740,1.050626,-1.050592,-0.800066,-0.000180
actual,2.570000,298.545000,0.524443,-1.049740,1.050626,-1.050592,-0.800066,-0.000180
actual,2.575000,298.550000,0.527122,-1.049740,1.050626,-1.050592,-0.800066,-0.000180
actual,2.580000,298.555000,0.529695,-1.049740,1.050626,-1.050592,-0.800066,-0.000180
actual,2.585000,298.560000,0.532151,-1.049740,1.050626,-1.050592,-0.800066,-0.000180
actual,2.590000,298.565000,0.534480,-1.049740,1.050626,-1.050592,-0.800066,-0.000180
actual,2.595000,298.570000,0.536673,-1.049740,1.050626,-1.050592,-0.800066,-0.000180
actual,2.600000,298.575000,0.538721,-1.049740,1.050626,-1.050592,-0.800066,-0.000180
actual,2.605000,298.580000,0.540617,-1.049740,1.050626,-1.050592,-0.800066,-0.000180
actual,2.610000,298.585000,0.542352,-1.049740,1.050626,-1.050592,-0.800066,-0.000180
actual,2.615000,298.590000,0.543921,-1.049740,1.050626,-1.050592,-0.800066,-0.000180
actual,2.620000,298.595000,0.545317,-1.049740,1.050626,-1.050592,-0.800066,-0.000180
actual,2.625000,298.600000,0.546533,-1.049740,1.050626,-1.050592,-0.800066,-0.000180
actual,2.630000,298.605000,0.547566,-1.049740,1.050626,-1.050592,-0.800066,-0.000180
actual,2.635000,298.610000,0.548412,-1.049740,1.050626,-1.050592,-0.800066,-0.000180
actual,2.640000,298.615000,0.549067,-1.049740,1.050626,-1.050592,-0.800066,-0.000180
actual,2.645000,298.620000,0.549528,-1.049740,1.050626,-1.050592,-0.800066,-0.000180
actual,2.650000,298.625000,0.549794,-1.049740,1.050626,-1.050592,-0.800066,-0.000180
actual,2.655000,298.630000,0.549863,-1.049740,1.050626,-1.050592,-0.800066,-0.000180
actual,2.660000,298.635000,0.549736,-1.049740,1.050626,-1.050592,-0.800066,-0.000180
actual,2.665000,298.640000,0.549413,-1.049740,1.050626,-1.050592,-0.800066,-0.000180
actual,2.670000,298.645000,0.548895,-1.049740,1.050626,-1.050592,-0.800066,-0.000180
actual,2.675000,298.650000,0.548184,-1.049740,1.050626,-1.050592,-0.800066,-0.000180
actual,2.680000,298.655000,0.547283,-1.049740,1.050626,-1.050592,-0.800066,-0.000180
actual,2.685000,298.660000,0.546196,-1.049740,1.050626,-1.050592,-0.800066,-0.000180
actual,2.690000,298.665000,0.544926,-1.049740,1.050626,-1.050592,-0.800066,-0.000180
actual,2.695000,298.670000,0.543479,-1.049740,1.050626,-1.050592,-0.800066,-0.000180
actual,2.700000,298.675000,0.541861,-1.049740,1.050626,-1.050592,-0.800066,-0.000180
actual,2.705000,298.680000,0.540078,-1.049740,1.050626,-1.050592,-0.800066,-0.000180
actual,2.710000,298.685000,0.538137,-1.049740,1.050626,-1.050592,-0.800066,-0.000180
actual,2.715000,298.690000,0.536045,-1.049740,1.050626,-1.050592,-0.800066,-0.000180
actual,2.720000,298.695000,0.533811,-1.049740,1.050626,-1.050592,-0.800066,-0.000180
actual,2.725000,298.700000,0.531444,-1.049740,1.050626,-1.050592,-0.800066,-0.000180
actual,2.730000,298.705000,0.528953,-1.049740,1.050626,-1.050592,-0.800066,-0.000180
actual,2.735000,298.710000,0.526348,-1.049740,1.050626,-1.050592,-0.800066,-0.000180
actual,2.740000,298.715000,0.523639,-1.049740,1.050626,-1.050592,-0.800066,-0.000180
actual,2.745000,298.720000,0.520837,-1.049740,1.050626,-1.050592,-0.800066,-0.000180
actual,2.750000,298.725000,0.517953,-1.049740,1.050626,-1.050592,-0.800066,-0.000180
actual,2.755000,298.730000,0.514998,-1.049740,1.050626,-1.050592,-0.800066,-0.000180
actual,2.760000,298.735000,0.511984,-1.049740,1.050626,-1.050592,-0.800066,-0.000180
actual,2.765000,298.740000,0.508923,-1.049740,1.050626,-1.050592,-0.800066,-0.000180
actual,2.770000,298.745000,0.505826,-1.049740,1.050626,-1.050592,-0.800066,-0.000180
actual,2.775000,298.750000,0.502707,-1.049740,1.050626,-1.050592,-0.800066,-0.000180
actual,2.780000,298.755000,0.499578,-1.049740,1.050626,-1.050592,-0.800066,-0.000180
actual,2.785000,298.760000,0.496450,-1.049740,1.050626,-1.050592,-0.800066,-0.000180
actual,2.790000,298.765000,0.493337,-1.049740,1.050626,-1.050592,-0.800066,-0.000180
actual,2.795000,298.770000,0.490249,-1.049740,1.050626,-1.050592,-0.800066,-0.000180
actual,2.800000,298.775000,0.487201,-1.049740,1.050626,-1.050592,-0.800066,-0.000180
actual,2.805000,298.780000,0.484203,-1.049740,1.050626,-1.050592,-0.800066,-0.000180
actual,2.810000,298.785000,0.481268,-1.049740,1.050626,-1.050592,-0.800066,-0.000180
actual,2.815000,298.790000,0.478406,-1.049740,1.050626,-1.050592,-0.800066,-0.000180
actual,2.820000,298.795000,0.475630,-1.049740,1.050626,-1.050592,-0.800066,-0.000180
actual,2.830000,298.805000,0.470378,-1.049740,1.050626,-1.050592,-0.800066,-0.000180
actual,2.835000,298.810000,0.467922,-1.049740,1.050626,-1.050592,-0.800066,-0.000180
actual,2.840000,298.815000,0.465593,-1.049740,1.050626,-1.050592,-0.800066,-0.000180
actual,2.845000,298.820000,0.463400,-1.049740,1.050626,-1.050592,-0.800066,-0.000180
actual,2.850000,298.825000,0.461352,-1.049740,1.050626,-1.050592,-0.800066,-0.000180
actual,2.855000,298.830000,0.459456,-1.049740,1.050626,-1.050592,-0.800066,-0.000180
actual,2.860000,298.835000,0.457720,-1.049740,1.050626,-1.050592,-0.800066,-0.000180
actual,2.865000,298.840000,0.456152,-1.049740,1.050626,-1.050592,-0.800066,-0.000180
actual,2.870000,298.845000,0.454756,-1.049740,1.050626,-1.050592,-0.800066,-0.000180
actual,2.875000,298.850000,0.453540,-1.049740,1.050626,-1.050592,-0.800066,-0.000180
actual,2.880000,298.855000,0.452506,-1.049740,1.050626,-1.050592,-0.800066,-0.000180
actual,2.885000,298.860000,0.451661,-1.049740,1.050626,-1.050592,-0.800066,-0.000180
actual,2.890000,298.865000,0.451006,-1.049740,1.050626,-1.050592,-0.800066,-0.000180
actual,2.900000,298.875000,0.450279,-1.049740,1.050626,-1.050592,-0.800066,-0.000180
actual,2.905000,298.880000,0.450209,-1.049740,1.050626,-1.050592,-0.800066,-0.000180
actual,2.910000,298.885000,0.450337,-1.049740,1.050626,-1.050592,-0.800066,-0.000180
actual,2.915000,298.890000,0.450660,-1.049740,1.050626,-1.050592,-0.800066,-0.000180
actual,2.920000,298.895000,0.451178,-1.049740,1.050626,-1.050592,-0.800066,-0.000180
actual,2.925000,298.900000,0.451889,-1.049740,1.050626,-1.050592,-0.800066,-0.000180
actual,2.930000,298.905000,0.452790,-1.049740,1.050626,-1.050592,-0.800066,-0.000180
actual,2.935000,298.910000,0.453877,-1.049740,1.050626,-1.050592,-0.800066,-0.000180
actual,2.940000,298.915000,0.455147,-1.049740,1.050626,-1.050592,-0.800066,-0.000180
actual,2.945000,298.920000,0.456594,-1.049740,1.050626,-1.050592,-0.800066,-0.000180
actual,2.950000,298.925000,0.458212,-1.049740,1.050626,-1.050592,-0.800066,-0.000180
actual,2.955000,298.930000,0.459995,-1.049740,1.050626,-1.050592,-0.800066,-0.000180
actual,2.960000,298.935000,0.461936,-1.049740,1.050626,-1.050592,-0.800066,-0.000180
actual,2.965000,298.940000,0.464028,-1.049740,1.050626,-1.050592,-0.800066,-0.000180
actual,2.970000,298.945000,0.466262,-1.049740,1.050626,-1.050592,-0.800066,-0.000180
actual,2.975000,298.950000,0.468629,-1.049740,1.050626,-1.050592,-0.800066,-0.000180
actual,2.980000,298.955000,0.471120,-1.049740,1.050626,-1.050592,-0.800066,-0.000180
actual,2.985000,298.960000,0.473725,-1.049740,1.050626,-1.050592,-0.800066,-0.000180
actual,2.990000,298.965000,0.476434,-1.049740,1.050626,-1.050592,-0.800066,-0.000180
actual,2.995000,298.970000,0.479236,-1.049740,1.050626,-1.050592,-0.800066,-0.000180
actual,3.000000,298.975000,0.482120,-1.049740,1.050626,-1.050592,-0.800066,-0.000180
actual,3.005000,298.980000,0.485075,-1.049740,1.050626,-1.050592,-0.800066,-0.000180
actual,3.010000,298.985000,0.488089,-1.049740,1.050626,-1.050592,-0.800066,-0.000180
actual,3.015000,298.990000,0.491150,-1.049740,1.050626,-1.050592,-0.800066,-0.000180
actual,3.020000,298.995000,0.494246,-1.049740,1.050626,-1.050592,-0.800066,-0.000180
actual,3.025000,299.000000,0.497365,-1.049740,1.050626,-1.050592,-0.800066,-0.000180
actual,3.030000,299.005000,0.500495,-1.049740,1.050626,-1.050592,-0.800066,-0.000180
actual,3.035000,299.010000,0.503623,-1.049740,1.050626,-1.050592,-0.800066,-0.000180
actual,3.040000,299.015000,0.506736,-1.049740,1.050626,-1.050592,-0.800066,-0.000180
actual,3.045000,299.020000,0.509823,-1.049740,1.050626,-1.050592,-0.800066,-0.000180
actual,3.050000,299.025000,0.512872,-1.049740,1.050626,-1.050592,-0.800066,-0.000180
actual,3.055000,299.030000,0.515870,-1.049740,1.050626,-1.050592,-0.800066,-0.000180
actual,3.060000,299.035000,0.518805,-1.049740,1.050626,-1.050592,-0.800066,-0.000180
actual,3.065000,299.040000,0.521667,-1.049740,1.050626,-1.050592,-0.800066,-0.000180
actual,3.070000,299.045000,0.524443,-1.049740,1.050626,-1.050592,-0.800066,-0.000180
actual,3.075000,299.050000,0.527122,-1.049740,1.050626,-1.050592,-0.800066,-0.000180
actual,3.080000,299.055000,0.529695,-1.049740,1.050626,-1.050592,-0.800066,-0.000180
actual,3.085000,299.060000,0.532151,-1.049740,1.050626,-1.050592,-0.800066,-0.000180
actual,3.090000,299.065000,0.534480,-1.049740,1.050626,-1.050592,-0.800066,-0.000180
actual,3.095000,299.070000,0.536673,-1.049740,1.050626,-1.050592,-0.800066,-0.000180
actual,3.100000,299.075000,0.538721,-1.049740,1.050626,-1.050592,-0.800066,-0.000180
actual,3.105000,299.080000,0.540617,-1.049740,1.050626,-1.050592,-0.800066,-0.000180
actual,3.110000,299.085000,0.542352,-1.049740,1.050626,-1.050592,-0.800066,-0.000180
actual,3.115000,299.090000,0.543921,-1.049740,1.050626,-1.050592,-0.800066,-0.000180
actual,3.120000,299.095000,0.545317,-1.049740,1.050626,-1.050592,-0.800066,-0.000180
actual,3.125000,299.100000,0.546533,-1.049740,1.050626,-1.050592,-0.800066,-0.000180
actual,3.130000,299.105000,0.547566,-1.049740,1.050626,-1.050592,-0.800066,-0.000180
actual,3.135000,299.110000,0.548412,-1.049740,1.050626,-1.050592,-0.800066,-0.000180
actual,3.140000,299.115000,0.549067,-1.049740,1.050626,-1.050592,-0.800066,-0.000180
actual,3.145000,299.120000,0.549528,-1.049740,1.050626,-1.050592,-0.800066,-0.000180
actual,3.150000,299.125000,0.549794,-1.049740,1.050626,-1.050592,-0.800066,-0.000180
actual,3.155000,299.130000,0.549863,-1.049740,1.050626,-1.050592,-0.800066,-0.000180
actual,3.160000,299.135000,0.549736,-1.049740,1.050626,-1.050592,-0.800066,-0.000180
actual,3.165000,299.140000,0.549413,-1.049740,1.050626,-1.050592,-0.800066,-0.000180
actual,3.170000,299.145000,0.548895,-1.049740,1.050626,-1.050592,-0.800066,-0.000180
actual,3.175000,299.150000,0.548184,-1.049740,1.050626,-1.050592,-0.800066,-0.000180
actual,3.180000,299.155000,0.547283,-1.049740,1.050626,-1.050592,-0.800066,-0.000180
actual,3.185000,299.160000,0.546196,-1.049740,1.050626,-1.050592,-0.800066,-0.000180
actual,3.190000,299.165000,0.544926,-1.049740,1.050626,-1.050592,-0.800066,-0.000180
actual,3.195000,299.170000,0.543479,-1.049740,1.050626,-1.050592,-0.800066,-0.000180
actual,3.200000,299.175000,0.541861,-1.049740,1.050626,-1.050592,-0.800066,-0.000180
actual,3.205000,299.180000,0.540078,-1.049740,1.050626,-1.050592,-0.800066,-0.000180
actual,3.210000,299.185000,0.538137,-1.049740,1.050626,-1.050592,-0.800066,-0.000180
actual,3.215000,299.190000,0.536045,-1.049740,1.050626,-1.050592,-0.800066,-0.000180
actual,3.220000,299.195000,0.533811,-1.049740,1.050626,-1.050592,-0.800066,-0.000180
actual,3.225000,299.200000,0.531444,-1.049740,1.050626,-1.050592,-0.800066,-0.000180
actual,3.230000,299.205000,0.528953,-1.049740,1.050626,-1.050592,-0.800066,-0.000180
actual,3.235000,299.210000,0.526348,-1.049740,1.050626,-1.050592,-0.800066,-0.000180
actual,3.240000,299.215000,0.523639,-1.049740,1.050626,-1.050592,-0.800066,-0.000180
actual,3.245000,299.220000,0.520837,-1.049740,1.050626,-1.050592,-0.800066,-0.000180
actual,3.250000,299.225000,0.517953,-1.049740,1.050626,-1.050592,-0.800066,-0.000180
actual,3.255000,299.230000,0.514998,-1.049740,1.050626,-1.050592,-0.800066,-0.000180
actual,3.260000,299.235000,0.511984,-1.049740,1.050626,-1.050592,-0.800066,-0.000180
actual,3.265000,299.240000,0.508923,-1.049740,1.050626,-1.050592,-0.800066,-0.000180
actual,3.270000,299.245000,0.505826,-1.049740,1.050626,-1.050592,-0.800066,-0.000180
actual,3.275000,299.250000,0.502707,-1.049740,1.050626,-1.050592,-0.800066,-0.000180
actual,3.280000,299.255000,0.499578,-1.049740,1.050626,-1.050592,-0.800066,-0.000180
actual,3.285000,299.260000,0.496450,-1.049740,1.050626,-1.050592,-0.800066,-0.000180
actual,3.290000,299.265000,0.493337,-1.049740,1.050626,-1.050592,-0.800066,-0.000180
actual,3.295000,299.270000,0.490249,-1.049740,1.050626,-1.050592,-0.800066,-0.000180
actual,3.300000,299.275000,0.487201,-1.049740,1.050626,-1.050592,-0.800066,-0.000180
actual,3.305000,299.280000,0.484203,-1.049740,1.050626,-1.050592,-0.800066,-0.000180
actual,3.310000,299.285000,0.481268,-1.049740,1.050626,-1.050592,-0.800066,-0.000180
actual,3.315000,299.290000,0.478406,-1.049740,1.050626,-1.050592,-0.800066,-0.000180
actual,3.320000,299.295000,0.475630,-1.049740,1.050626,-1.050592,-0.800066,-0.000180
actual,3.325000,299.300000,0.472951,-1.049740,1.050626,-1.050592,-0.800066,-0.000180
actual,3.330000,299.305000,0.470378,-1.049740,1.050626,-1.050592,-0.800066,-0.000180
actual,3.335000,299.310000,0.467922,-1.049740,1.050626,-1.050592,-0.800066,-0.000180
actual,3.340000,299.315000,0.465593,-1.049740,1.050626,-1.050592,-0.800066,-0.000180
actual,3.345000,299.320000,0.463400,-1.049740,1.050626,-1.050592,-0.800066,-0.000180
actual,3.350000,299.325000,0.461352,-1.049740,1.050626,-1.050592,-0.800066,-0.000180
actual,3.355000,299.330000,0.459456,-1.049740,1.050626,-1.050592,-0.800066,-0.000180
actual,3.360000,299.335000,0.457720,-1.049740,1.050626,-1.050592,-0.800066,-0.000180
actual,3.365000,299.340000,0.456152,-1.049740,1.050626,-1.050592,-0.800066,-0.000180
actual,3.370000,299.345000,0.454756,-1.049740,1.050626,-1.050592,-0.800066,-0.000180
actual,3.375000,299.350000,0.453540,-1.049740,1.050626,-1.050592,-0.800066,-0.000180
actual,3.380000,299.355000,0.452506,-1.049740,1.050626,-1.050592,-0.800066,-0.000180
actual,3.385000,299.360000,0.451661,-1.049740,1.050626,-1.050592,-0.800066,-0.000180
actual,3.390000,299.365000,0.451006,-1.049740,1.050626,-1.050592,-0.800066,-0.000180
actual,3.395000,299.370000,0.450545,-1.049740,1.050626,-1.050592,-0.800066,-0.000180
actual,3.400000,299.375000,0.450279,-1.049740,1.050626,-1.050592,-0.800066,-0.000180
actual,3.405000,299.380000,0.450209,-1.049740,1.050626,-1.050592,-0.800066,-0.000180
actual,3.410000,299.385000,0.450337,-1.049740,1.050626,-1.050592,-0.800066,-0.000180
actual,3.415000,299.390000,0.450660,-1.049740,1.050626,-1.050592,-0.800066,-0.000180
actual,3.420000,299.395000,0.451178,-1.049740,1.050626,-1.050592,-0.800066,-0.000180
actual,3.425000,299.400000,0.451889,-1.049740,1.050626,-1.050592,-0.800066,-0.000180
actual,3.430000,299.405000,0.452790,-1.049740,1.050626,-1.050592,-0.800066,-0.000180
actual,3.435000,299.410000,0.453877,-1.049740,1.050626,-1.050592,-0.800066,-0.000180
actual,3.440000,299.415000,0.455147,-1.049740,1.050626,-1.050592,-0.800066,-0.000180
actual,3.445000,299.420000,0.456594,-1.049740,1.050626,-1.050592,-0.800066,-0.000180
actual,3.450000,299.425000,0.458212,-1.049740,1.050626,-1.050592,-0.800066,-0.000180
actual,3.455000,299.430000,0.459995,-1.049740,1.050626,-1.050592,-0.800066,-0.000180
actual,3.460000,299.435000,0.461936,-1.049740,1.050626,-1.050592,-0.800066,-0.000180
actual,3.465000,299.440000,0.464028,-1.049740,1.050626,-1.050592,-0.800066,-0.000180
actual,3.470000,299.445000,0.466262,-1.049740,1.050626,-1.050592,-0.800066,-0.000180
actual,3.475000,299.450000,0.468629,-1.049740,1.050626,-1.050592,-0.800066,-0.000180
actual,3.480000,299.455000,0.471120,-1.049740,1.050626,-1.050592,-0.800066,-0.000180
actual,3.485000,299.460000,0.473725,-1.049740,1.050626,-1.050592,-0.800066,-0.000180
actual,3.490000,299.465000,0.476434,-1.049740,1.050626,-1.050592,-0.800066,-0.000180
actual,3.495000,299.470000,0.479236,-1.049740,1.050626,-1.050592,-0.800066,-0.000180
actual,3.500000,299.475000,0.482120,-1.049740,1.050626,-1.050592,-0.800066,-0.000180
actual,3.505000,299.480000,0.485075,-1.049740,1.050626,-1.050592,-0.800066,-0.000180
actual,3.510000,299.485000,0.488089,-1.049740,1.050626,-1.050592,-0.800066,-0.000180
actual,3.515000,299.490000,0.491150,-1.049740,1.050626,-1.050592,-0.800066,-0.000180
actual,3.520000,299.495000,0.494246,-1.049740,1.050626,-1.050592,-0.800066,-0.000180
actual,3.525000,299.500000,0.497365,-1.049740,1.050626,-1.050592,-0.800066,-0.000180
actual,3.530000,299.505000,0.500495,-1.049740,1.050626,-1.050592,-0.800066,-0.000180
actual,3.535000,299.510000,0.503623,-1.049740,1.050626,-1.050592,-0.800066,-0.000180
actual,3.540000,299.515000,0.506736,-1.049740,1.050626,-1.050592,-0.800066,-0.000180
actual,3.545000,299.520000,0.509823,-1.049740,1.050626,-1.050592,-0.800066,-0.000180
actual,3.550000,299.525000,0.512872,-1.049740,1.050626,-1.050592,-0.800066,-0.000180
actual,3.555000,299.530000,0.515870,-1.049740,1.050626,-1.050592,-0.800066,-0.000180
actual,3.560000,299.535000,0.518805,-1.049740,1.050626,-1.050592,-0.800066,-0.000180
actual,3.565000,299.540000,0.521667,-1.049740,1.050626,-1.050592,-0.800066,-0.000180
actual,3.570000,299.545000,0.524443,-1.049740,1.050626,-1.050592,-0.800066,-0.000180
actual,3.575000,299.550000,0.527122,-1.049740,1.050626,-1.050592,-0.800066,-0.000180
actual,3.580000,299.555000,0.529695,-1.049740,1.050626,-1.050592,-0.800066,-0.000180
actual,3.585000,299.560000,0.532151,-1.049740,1.050626,-1.050592,-0.800066,-0.000180
actual,3.590000,299.565000,0.534480,-1.049740,1.050626,-1.050592,-0.800066,-0.000180
actual,3.595000,299.570000,0.536673,-1.049740,1.050626,-1.050592,-0.800066,-0.000180
actual,3.600000,299.575000,0.538721,-1.049740,1.050626,-1.050592,-0.800066,-0.000180
actual,3.605000,299.580000,0.540617,-1.049740,1.050626,-1.050592,-0.800066,-0.000180
actual,3.610000,299.585000,0.542352,-1.049740,1.050626,-1.050592,-0.800066,-0.000180
actual,3.615000,299.590000,0.543921,-1.049740,1.050626,-1.050592,-0.800066,-0.000180
actual,3.620000,299.595000,0.545317,-1.049740,1.050626,-1.050592,-0.800066,-0.000180
actual,3.625000,299.600000,0.546533,-1.049740,1.050626,-1.050592,-0.800066,-0.000180
actual,3.630000,299.605000,0.547566,-1.049740,1.050626,-1.050592,-0.800066,-0.000180
actual,3.635000,299.610000,0.548412,-1.049740,1.050626,-1.050592,-0.800066,-0.000180
actual,3.640000,299.615000,0.549067,-1.049740,1.050626,-1.050592,-0.800066,-0.000180
actual,3.645000,299.620000,0.549528,-1.049740,1.050626,-1.050592,-0.800066,-0.000180
actual,3.650000,299.625000,0.549794,-1.049740,1.050626,-1.050592,-0.800066,-0.000180
actual,3.655000,299.630000,0.549863,-1.049740,1.050626,-1.050592,-0.800066,-0.000180
actual,3.660000,299.635000,0.549736,-1.049740,1.050626,-1.050592,-0.800066,-0.000180
actual,3.665000,299.640000,0.549413,-1.049740,1.050626,-1.050592,-0.800066,-0.000180
actual,3.670000,299.645000,0.548895,-1.049740,1.050626,-1.050592,-0.800066,-0.000180
actual,3.675000,299.650000,0.548184,-1.049740,1.050626,-1.050592,-0.800066,-0.000180
actual,3.680000,299.655000,0.547283,-1.049740,1.050626,-1.050592,-0.800066,-0.000180
actual,3.685000,299.660000,0.546196,-1.049740,1.050626,-1.050592,-0.800066,-0.000180
actual,3.690000,299.665000,0.544926,-1.049740,1.050626,-1.050592,-0.800066,-0.000180
actual,3.695000,299.670000,0.543479,-1.049740,1.050626,-1.050592,-0.800066,-0.000180
actual,3.700000,299.675000,0.541861,-1.049740,1.050626,-1.050592,-0.800066,-0.000180
actual,3.705000,299.680000,0.540078,-1.049740,1.050626,-1.050592,-0.800066,-0.000180
actual,3.710000,299.685000,0.538137,-1.049740,1.050626,-1.050592,-0.800066,-0.000180
actual,3.715000,299.690000,0.536045,-1.049740,1.050626,-1.050592,-0.800066,-0.000180
actual,3.720000,299.695000,0.533811,-1.049740,1.050626,-1.050592,-0.800066,-0.000180
actual,3.725000,299.700000,0.531444,-1.049740,1.050626,-1.050592,-0.800066,-0.000180
actual,3.730000,299.705000,0.528953,-1.049740,1.050626,-1.050592,-0.800066,-0.000180
actual,3.735000,299.710000,0.526348,-1.049740,1.050626,-1.050592,-0.800066,-0.000180
actual,3.740000,299.715000,0.523639,-1.049740,1.050626,-1.050592,-0.800066,-0.000180
actual,3.745000,299.720000,0.520837,-1.049740,1.050626,-1.050592,-0.800066,-0.000180
actual,3.750000,299.725000,0.517953,-1.049740,1.050626,-1.050592,-0.800066,-0.000180
actual,3.755000,299.730000,0.514998,-1.049740,1.050626,-1.050592,-0.800066,-0.000180
actual,3.760000,299.735000,0.511984,-1.049740,1.050626,-1.050592,-0.800066,-0.000180
actual,3.765000,299.740000,0.508923,-1.049740,1.050626,-1.050592,-0.800066,-0.000180
actual,3.770000,299.745000,0.505826,-1.049740,1.050626,-1.050592,-0.800066,-0.000180
actual,3.775000,299.750000,0.502707,-1.049740,1.050626,-1.050592,-0.800066,-0.000180
actual,3.780000,299.755000,0.499578,-1.049740,1.050626,-1.050592,-0.800066,-0.000180
actual,3.785000,299.760000,0.496450,-1.049740,1.050626,-1.050592,-0.800066,-0.000180
actual,3.790000,299.765000,0.493337,-1.049740,1.050626,-1.050592,-0.800066,-0.000180
actual,3.795000,299.770000,0.490249,-1.049740,1.050626,-1.050592,-0.800066,-0.000180
actual,3.800000,299.775000,0.487201,-1.049740,1.050626,-1.050592,-0.800066,-0.000180
actual,3.805000,299.780000,0.484203,-1.049740,1.050626,-1.050592,-0.800066,-0.000180
actual,3.810000,299.785000,0.481268,-1.049740,1.050626,-1.050592,-0.800066,-0.000180
actual,3.815000,299.790000,0.478406,-1.049740,1.050626,-1.050592,-0.800066,-0.000180
actual,3.820000,299.795000,0.475630,-1.049740,1.050626,-1.050592,-0.800066,-0.000180
actual,3.825000,299.800000,0.472951,-1.049740,1.050626,-1.050592,-0.800066,-0.000180
actual,3.830000,299.805000,0.470378,-1.049740,1.050626,-1.050592,-0.800066,-0.000180
actual,3.835000,299.810000,0.467922,-1.049740,1.050626,-1.050592,-0.800066,-0.000180
actual,3.840000,299.815000,0.465593,-1.049740,1.050626,-1.050592,-0.800066,-0.000180
actual,3.845000,299.820000,0.463400,-1.049740,1.050626,-1.050592,-0.800066,-0.000180
actual,3.850000,299.825000,0.461352,-1.049740,1.050626,-1.050592,-0.800066,-0.000180
actual,3.855000,299.830000,0.459456,-1.049740,1.050626,-1.050592,-0.800066,-0.000180
actual,3.860000,299.835000,0.457720,-1.049740,1.050626,-1.050592,-0.800066,-0.000180
actual,3.865000,299.840000,0.456152,-1.049740,1.050626,-1.050592,-0.800066,-0.000180
actual,3.870000,299.845000,0.454756,-1.049740,1.050626,-1.050592,-0.800066,-0.000180
actual,3.875000,299.850000,0.453540,-1.049740,1.050626,-1.050592,-0.800066,-0.000180
actual,3.880000,299.855000,0.452506,-1.049740,1.050626,-1.050592,-0.800066,-0.000180
actual,3.885000,299.860000,0.451661,-1.049740,1.050626,-1.050592,-0.800066,-0.000180
actual,3.890000,299.865000,0.451006,-1.049740,1.050626,-1.050592,-0.800066,-0.000180
actual,3.895000,299.870000,0.450545,-1.049740,1.050626,-1.050592,-0.800066,-0.000180
actual,3.900000,299.875000,0.450279,-1.049740,1.050626,-1.050592,-0.800066,-0.000180
actual,3.905000,299.880000,0.450209,-1.049740,1.050626,-1.050592,-0.800066,-0.000180
actual,3.910000,299.885000,0.450337,-1.049740,1.050626,-1.050592,-0.800066,-0.000180
actual,3.915000,299.890000,0.450660,-1.049740,1.050626,-1.050592,-0.800066,-0.000180
actual,3.920000,299.895000,0.451178,-1.049740,1.050626,-1.050592,-0.800066,-0.000180
actual,3.925000,299.900000,0.451889,-1.049740,1.050626,-1.050592,-0.800066,-0.000180
actual,3.930000,299.905000,0.452790,-1.049740,1.050626,-1.050592,-0.800066,-0.000180
actual,3.935000,299.910000,0.453877,-1.049740,1.050626,-1.050592,-0.800066,-0.000180
actual,3.940000,299.915000,0.455147,-1.049740,1.050626,-1.050592,-0.800066,-0.000180
actual,3.945000,299.920000,0.456594,-1.049740,1.050626,-1.050592,-0.800066,-0.000180
actual,3.950000,299.925000,0.458212,-1.049740,1.050626,-1.050592,-0.800066,-0.000180
actual,3.955000,299.930000,0.459995,-1.049740,1.050626,-1.050592,-0.800066,-0.000180
actual,3.960000,299.935000,0.461936,-1.049740,1.050626,-1.050592,-0.800066,-0.000180
actual,3.965000,299.940000,0.464028,-1.049740,1.050626,-1.050592,-0.800066,-0.000180
actual,3.970000,299.945000,0.466262,-1.049740,1.050626,-1.050592,-0.800066,-0.000180
actual,3.975000,299.950000,0.468629,-1.049740,1.050626,-1.050592,-0.800066,-0.000180
actual,3.980000,299.955000,0.471120,-1.049740,1.050626,-1.050592,-0.800066,-0.000180
actual,3.985000,299.960000,0.473725,-1.049740,1.050626,-1.050592,-0.800066,-0.000180
actual,3.990000,299.965000,0.476434,-1.049740,1.050626,-1.050592,-0.800066,-0.000180
actual,3.995000,299.970000,0.479236,-1.049740,1.050626,-1.050592,-0.800066,-0.000180
actual,4.000000,299.975000,0.482120,-1.049740,1.050626,-1.050592,-0.800066,-0.000180
actual,4.005000,299.980000,0.485075,-1.049740,1.050626,-1.050592,-0.800066,-0.000180
actual,4.010000,299.985000,0.488089,-1.049740,1.050626,-1.050592,-0.800066,-0.000180
actual,4.015000,299.990000,0.491150,-1.049740,1.050626,-1.050592,-0.800066,-0.000180
actual,4.020000,299.995000,0.494246,-1.049740,1.050626,-1.050592,-0.800066,-0.000180
actual,4.025000,300.000000,0.497365,-1.049740,1.050626,-1.050592,-0.800066,-0.000180
actual,4.030000,300.005000,0.500495,-1.049740,1.050626,-1.050592,-0.800066,-0.000180
actual,4.035000,300.010000,0.503623,-1.049740,1.050626,-1.050592,-0.800066,-0.000180
actual,4.040000,300.015000,0.506736,-1.049740,1.050626,-1.050592,-0.800066,-0.000180
actual,4.045000,300.020000,0.509823,-1.049740,1.050626,-1.050592,-0.800066,-0.000180
actual,4.050000,300.025000,0.512872,-1.049740,1.050626,-1.050592,-0.800066,-0.000180
actual,4.055000,300.030000,0.515870,-1.049740,1.050626,-1.050592,-0.800066,-0.000180
actual,4.060000,300.035000,0.518805,-1.049740,1.050626,-1.050592,-0.800066,-0.000180
actual,4.065000,300.040000,0.521667,-1.049740,1.050626,-1.050592,-0.800066,-0.000180
actual,4.070000,300.045000,0.524443,-1.049740,1.050626,-1.050592,-0.800066,-0.000180
actual,4.075000,300.050000,0.527122,-1.049740,1.050626,-1.050592,-0.800066,-0.000180
actual,4.080000,300.055000,0.529695,-1.049740,1.050626,-1.050592,-0.800066,-0.000180
actual,4.085000,300.060000,0.532151,-1.049740,1.050626,-1.050592,-0.800066,-0.000180
actual,4.090000,300.065000,0.534480,-1.049740,1.050626,-1.050592,-0.800066,-0.000180
actual,4.095000,300.070000,0.536673,-1.049740,1.050626,-1.050592,-0.800066,-0.000180
actual,4.100000,300.075000,0.538721,-1.049740,1.050626,-1.050592,-0.800066,-0.000180
actual,4.105000,300.080000,0.540617,-1.049740,1.050626,-1.050592,-0.800066,-0.000180
actual,4.110000,300.085000,0.542352,-1.049740,1.050626,-1.050592,-0.800066,-0.000180
actual,4.115000,300.090000,0.543921,-1.049740,1.050626,-1.050592,-0.800066,-0.000180
actual,4.120000,300.095000,0.545317,-1.049740,1.050626,-1.050592,-0.800066,-0.000180
actual,4.125000,300.100000,0.546533,-1.049740,1.050626,-1.050592,-0.800066,-0.000180
actual,4.130000,300.105000,0.547566,-1.049740,1.050626,-1.050592,-0.800066,-0.000180
actual,4.135000,300.110000,0.548412,-1.049740,1.050626,-1.050592,-0.800066,-0.000180
actual,4.140000,300.115000,0.549067,-1.049740,1.050626,-1.050592,-0.800066,-0.000180
actual,4.145000,300.120000,0.549528,-1.049740,1.050626,-1.050592,-0.800066,-0.000180
actual,4.150000,300.125000,0.549794,-1.049740,1.050626,-1.050592,-0.800066,-0.000180
actual,4.155000,300.130000,0.549863,-1.049740,1.050626,-1.050592,-0.800066,-0.000180
actual,4.160000,300.135000,0.549736,-1.049740,1.050626,-1.050592,-0.800066,-0.000180
actual,4.165000,300.140000,0.549413,-1.049740,1.050626,-1.050592,-0.800066,-0.000180
actual,4.170000,300.145000,0.548895,-1.049740,1.050626,-1.050592,-0.800066,-0.000180
actual,4.175000,300.150000,0.548184,-1.049740,1.050626,-1.050592,-0.800066,-0.000180
actual,4.180000,300.155000,0.547283,-1.049740,1.050626,-1.050592,-0.800066,-0.000180
actual,4.185000,300.160000,0.546196,-1.049740,1.050626,-1.050592,-0.800066,-0.000180
actual,4.190000,300.165000,0.544926,-1.049740,1.050626,-1.050592,-0.800066,-0.000180
actual,4.195000,300.170000,0.543479,-1.049740,1.050626,-1.050592,-0.800066,-0.000180
actual,4.200000,300.175000,0.541861,-1.049740,1.050626,-1.050592,-0.800066,-0.000180
actual,4.205000,300.180000,0.540078,-1.049740,1.050626,-1.050592,-0.800066,-0.000180
actual,4.210000,300.185000,0.538137,-1.049740,1.050626,-1.050592,-0.800066,-0.000180
actual,4.215000,300.190000,0.536045,-1.049740,1.050626,-1.050592,-0.800066,-0.000180
actual,4.220000,300.195000,0.533811,-1.049740,1.050626,-1.050592,-0.800066,-0.000180
actual,4.225000,300.200000,0.531444,-1.049740,1.050626,-1.050592,-0.800066,-0.000180
actual,4.230000,300.205000,0.528953,-1.049740,1.050626,-1.050592,-0.800066,-0.000180
actual,4.235000,300.210000,0.526348,-1.049740,1.050626,-1.050592,-0.800066,-0.000180
actual,4.240000,300.215000,0.523639,-1.049740,1.050626,-1.050592,-0.800066,-0.000180
actual,4.245000,300.220000,0.520837,-1.049740,1.050626,-1.050592,-0.800066,-0.000180
actual,4.250000,300.225000,0.517953,-1.049740,1.050626,-1.050592,-0.800066,-0.000180
actual,4.255000,300.230000,0.514998,-1.049740,1.050626,-1.050592,-0.800066,-0.000180
actual,4.260000,300.235000,0.511984,-1.049740,1.050626,-1.050592,-0.800066,-0.000180
actual,4.265000,300.240000,0.508923,-1.049740,1.050626,-1.050592,-0.800066,-0.000180
actual,4.270000,300.245000,0.505826,-1.049740,1.050626,-1.050592,-0.800066,-0.000180
actual,4.275000,300.250000,0.502707,-1.049740,1.050626,-1.050592,-0.800066,-0.000180
actual,4.280000,300.255000,0.499578,-1.049740,1.050626,-1.050592,-0.800066,-0.000180
actual,4.285000,300.260000,0.496450,-1.049740,1.050626,-1.050592,-0.800066,-0.000180
actual,4.290000,300.265000,0.493337,-1.049740,1.050626,-1.050592,-0.800066,-0.000180
actual,4.295000,300.270000,0.490249,-1.049740,1.050626,-1.050592,-0.800066,-0.000180
actual,4.300000,300.275000,0.487201,-1.049740,1.050626,-1.050592,-0.800066,-0.000180
actual,4.305000,300.280000,0.484203,-1.049740,1.050626,-1.050592,-0.800066,-0.000180
actual,4.310000,300.285000,0.481268,-1.049740,1.050626,-1.050592,-0.800066,-0.000180
actual,4.315000,300.290000,0.478406,-1.049740,1.050626,-1.050592,-0.800066,-0.000180
actual,4.320000,300.295000,0.475630,-1.049740,1.050626,-1.050592,-0.800066,-0.000180
actual,4.325000,300.300000,0.472951,-1.049740,1.050626,-1.050592,-0.800066,-0.000180
actual,4.330000,300.305000,0.470378,-1.049740,1.050626,-1.050592,-0.800066,-0.000180
actual,4.335000,300.310000,0.467922,-1.049740,1.050626,-1.050592,-0.800066,-0.000180
actual,4.340000,300.315000,0.465593,-1.049740,1.050626,-1.050592,-0.800066,-0.000180
actual,4.345000,300.320000,0.463400,-1.049740,1.050626,-1.050592,-0.800066,-0.000180
actual,4.350000,300.325000,0.461352,-1.049740,1.050626,-1.050592,-0.800066,-0.000180
actual,4.355000,300.330000,0.459456,-1.049740,1.050626,-1.050592,-0.800066,-0.000180
actual,4.360000,300.335000,0.457720,-1.049740,1.050626,-1.050592,-0.800066,-0.000180
actual,4.365000,300.340000,0.456152,-1.049740,1.050626,-1.050592,-0.800066,-0.000180
actual,4.370000,300.345000,0.454756,-1.049740,1.050626,-1.050592,-0.800066,-0.000180
actual,4.375000,300.350000,0.453540,-1.049740,1.050626,-1.050592,-0.800066,-0.000180
actual,4.380000,300.355000,0.452506,-1.049740,1.050626,-1.050592,-0.800066,-0.000180
actual,4.385000,300.360000,0.451661,-1.049740,1.050626,-1.050592,-0.800066,-0.000180
actual,4.390000,300.365000,0.451006,-1.049740,1.050626,-1.050592,-0.800066,-0.000180
actual,4.395000,300.370000,0.450545,-1.049740,1.050626,-1.050592,-0.800066,-0.000180
actual,4.400000,300.375000,0.450279,-1.049740,1.050626,-1.050592,-0.800066,-0.000180
actual,4.405000,300.380000,0.450209,-1.049740,1.050626,-1.050592,-0.800066,-0.000180
actual,4.410000,300.385000,0.450337,-1.049740,1.050626,-1.050592,-0.800066,-0.000180
actual,4.415000,300.390000,0.450660,-1.049740,1.050626,-1.050592,-0.800066,-0.000180
actual,4.420000,300.395000,0.451178,-1.049740,1.050626,-1.050592,-0.800066,-0.000180
actual,4.425000,300.400000,0.451889,-1.049740,1.050626,-1.050592,-0.800066,-0.000180
actual,4.430000,300.405000,0.452790,-1.049740,1.050626,-1.050592,-0.800066,-0.000180
actual,4.435000,300.410000,0.453877,-1.049740,1.050626,-1.050592,-0.800066,-0.000180
actual,4.440000,300.415000,0.455147,-1.049740,1.050626,-1.050592,-0.800066,-0.000180
actual,4.445000,300.420000,0.456594,-1.049740,1.050626,-1.050592,-0.800066,-0.000180
actual,4.450000,300.425000,0.458212,-1.049740,1.050626,-1.050592,-0.800066,-0.000180
actual,4.455000,300.430000,0.459995,-1.049740,1.050626,-1.050592,-0.800066,-0.000180
actual,4.460000,300.435000,0.461936,-1.049740,1.050626,-1.050592,-0.800066,-0.000180
actual,4.465000,300.440000,0.464028,-1.049740,1.050626,-1.050592,-0.800066,-0.000180
actual,4.470000,300.445000,0.466262,-1.049740,1.050626,-1.050592,-0.800066,-0.000180
actual,4.475000,300.450000,0.468629,-1.049740,1.050626,-1.050592,-0.800066,-0.000180
actual,4.480000,300.455000,0.471120,-1.049740,1.050626,-1.050592,-0.800066,-0.000180
actual,4.485000,300.460000,0.473725,-1.049740,1.050626,-1.050592,-0.800066,-0.000180
actual,4.490000,300.465000,0.476434,-1.049740,1.050626,-1.050592,-0.800066,-0.000180
actual,4.495000,300.470000,0.479236,-1.049740,1.050626,-1.050592,-0.800066,-0.000180
actual,4.500000,300.475000,0.482120,-1.049740,1.050626,-1.050592,-0.800066,-0.000180
actual,4.505000,300.480000,0.485075,-1.049740,1.050626,-1.050592,-0.800066,-0.000180
actual,4.510000,300.485000,0.488089,-1.049740,1.050626,-1.050592,-0.800066,-0.000180
actual,4.515000,300.490000,0.491150,-1.049740,1.050626,-1.050592,-0.800066,-0.000180
actual,4.520000,300.495000,0.494246,-1.049740,1.050626,-1.050592,-0.800066,-0.000180
actual,4.525000,300.500000,0.497365,-1.049740,1.050626,-1.050592,-0.800066,-0.000180
actual,4.530000,300.505000,0.500495,-1.049740,1.050626,-1.050592,-0.800066,-0.000180
actual,4.535000,300.510000,0.503623,-1.049740,1.050626,-1.050592,-0.800066,-0.000180
actual,4.540000,300.515000,0.506736,-1.049740,1.050626,-1.050592,-0.800066,-0.000180
actual,4.545000,300.520000,0.509823,-1.049740,1.050626,-1.050592,-0.800066,-0.000180
actual,4.550000,300.525000,0.512872,-1.049740,1.050626,-1.050592,-0.800066,-0.000180
actual,4.555000,300.530000,0.515870,-1.049740,1.050626,-1.050592,-0.800066,-0.000180
actual,4.560000,300.535000,0.518805,-1.049740,1.050626,-1.050592,-0.800066,-0.000180
actual,4.565000,300.540000,0.521667,-1.049740,1.050626,-1.050592,-0.800066,-0.000180
actual,4.570000,300.545000,0.524443,-1.049740,1.050626,-1.050592,-0.800066,-0.000180
actual,4.575000,300.550000,0.527122,-1.049740,1.050626,-1.050592,-0.800066,-0.000180
actual,4.580000,300.555000,0.529695,-1.049740,1.050626,-1.050592,-0.800066,-0.000180
actual,4.585000,300.560000,0.532151,-1.049740,1.050626,-1.050592,-0.800066,-0.000180
actual,4.590000,300.565000,0.534480,-1.049740,1.050626,-1.050592,-0.800066,-0.000180
actual,4.595000,300.570000,0.536673,-1.049740,1.050626,-1.050592,-0.800066,-0.000180
actual,4.600000,300.575000,0.538721,-1.049740,1.050626,-1.050592,-0.800066,-0.000180
actual,4.605000,300.580000,0.540617,-1.049740,1.050626,-1.050592,-0.800066,-0.000180
actual,4.610000,300.585000,0.542352,-1.049740,1.050626,-1.050592,-0.800066,-0.000180
actual,4.615000,300.590000,0.543921,-1.049740,1.050626,-1.050592,-0.800066,-0.000180
actual,4.620000,300.595000,0.545317,-1.049740,1.050626,-1.050592,-0.800066,-0.000180
actual,4.625000,300.600000,0.546533,-1.049740,1.050626,-1.050592,-0.800066,-0.000180
actual,4.630000,300.605000,0.547566,-1.049740,1.050626,-1.050592,-0.800066,-0.000180
actual,4.635000,300.610000,0.548412,-1.049740,1.050626,-1.050592,-0.800066,-0.000180
actual,4.640000,300.615000,0.549067,-1.049740,1.050626,-1.050592,-0.800066,-0.000180
actual,4.645000,300.620000,0.549528,-1.049740,1.050626,-1.050592,-0.800066,-0.000180
actual,4.650000,300.625000,0.549794,-1.049740,1.050626,-1.050592,-0.800066,-0.000180
actual,4.655000,300.630000,0.549863,-1.049740,1.050626,-1.050592,-0.800066,-0.000180
actual,4.660000,300.635000,0.549736,-1.049740,1.050626,-1.050592,-0.800066,-0.000180
actual,4.665000,300.640000,0.549413,-1.049740,1.050626,-1.050592,-0.800066,-0.000180
actual,4.670000,300.645000,0.548895,-1.049740,1.050626,-1.050592,-0.800066,-0.000180
actual,4.675000,300.650000,0.548184,-1.049740,1.050626,-1.050592,-0.800066,-0.000180
actual,4.680000,300.655000,0.547283,-1.049740,1.050626,-1.050592,-0.800066,-0.000180
actual,4.685000,300.660000,0.546196,-1.049740,1.050626,-1.050592,-0.800066,-0.000180
actual,4.690000,300.665000,0.544926,-1.049740,1.050626,-1.050592,-0.800066,-0.000180
actual,4.695000,300.670000,0.543479,-1.049740,1.050626,-1.050592,-0.800066,-0.000180
actual,4.700000,300.675000,0.541861,-1.049740,1.050626,-1.050592,-0.800066,-0.000180
actual,4.705000,300.680000,0.540078,-1.049740,1.050626,-1.050592,-0.800066,-0.000180
actual,4.710000,300.685000,0.538137,-1.049740,1.050626,-1.050592,-0.800066,-0.000180
actual,4.715000,300.690000,0.536045,-1.049740,1.050626,-1.050592,-0.800066,-0.000180
actual,4.720000,300.695000,0.533811,-1.049740,1.050626,-1.050592,-0.800066,-0.000180
actual,4.725000,300.700000,0.531444,-1.049740,1.050626,-1.050592,-0.800066,-0.000180
actual,4.730000,300.705000,0.528953,-1.049740,1.050626,-1.050592,-0.800066,-0.000180
actual,4.735000,300.710000,0.526348,-1.049740,1.050626,-1.050592,-0.800066,-0.000180
actual,4.740000,300.715000,0.523639,-1.049740,1.050626,-1.050592,-0.800066,-0.000180
actual,4.745000,300.720000,0.520837,-1.049740,1.050626,-1.050592,-0.800066,-0.000180
actual,4.750000,300.725000,0.517953,-1.049740,1.050626,-1.050592,-0.800066,-0.000180
actual,4.755000,300.730000,0.514998,-1.049740,1.050626,-1.050592,-0.800066,-0.000180
actual,4.760000,300.735000,0.511984,-1.049740,1.050626,-1.050592,-0.800066,-0.000180
actual,4.765000,300.740000,0.508923,-1.049740,1.050626,-1.050592,-0.800066,-0.000180
actual,4.770000,300.745000,0.505826,-1.049740,1.050626,-1.050592,-0.800066,-0.000180
actual,4.775000,300.750000,0.502707,-1.049740,1.050626,-1.050592,-0.800066,-0.000180
actual,4.780000,300.755000,0.499578,-1.049740,1.050626,-1.050592,-0.800066,-0.000180
actual,4.785000,300.760000,0.496450,-1.049740,1.050626,-1.050592,-0.800066,-0.000180
actual,4.790000,300.765000,0.493337,-1.049740,1.050626,-1.050592,-0.800066,-0.000180
actual,4.795000,300.770000,0.490249,-1.049740,1.050626,-1.050592,-0.800066,-0.000180
actual,4.800000,300.775000,0.487201,-1.049740,1.050626,-1.050592,-0.800066,-0.000180
actual,4.805000,300.780000,0.484203,-1.049740,1.050626,-1.050592,-0.800066,-0.000180
actual,4.810000,300.785000,0.481268,-1.049740,1.050626,-1.050592,-0.800066,-0.000180
actual,4.815000,300.790000,0.478406,-1.049740,1.050626,-1.050592,-0.800066,-0.000180
actual,4.820000,300.795000,0.475630,-1.049740,1.050626,-1.050592,-0.800066,-0.000180
actual,4.825000,300.800000,0.472951,-1.049740,1.050626,-1.050592,-0.800066,-0.000180
actual,4.830000,300.805000,0.470378,-1.049740,1.050626,-1.050592,-0.800066,-0.000180
actual,4.835000,300.810000,0.467922,-1.049740,1.050626,-1.050592,-0.800066,-0.000180
actual,4.840000,300.815000,0.465593,-1.049740,1.050626,-1.050592,-0.800066,-0.000180
actual,4.845000,300.820000,0.463400,-1.049740,1.050626,-1.050592,-0.800066,-0.000180
actual,4.850000,300.825000,0.461352,-1.049740,1.050626,-1.050592,-0.800066,-0.000180
actual,4.860000,300.835000,0.457720,-1.049740,1.050626,-1.050592,-0.800066,-0.000180
actual,4.865000,300.840000,0.456152,-1.049740,1.050626,-1.050592,-0.800066,-0.000180
actual,4.870000,300.845000,0.454756,-1.049740,1.050626,-1.050592,-0.800066,-0.000180
actual,4.875000,300.850000,0.453540,-1.049740,1.050626,-1.050592,-0.800066,-0.000180
actual,4.880000,300.855000,0.452506,-1.049740,1.050626,-1.050592,-0.800066,-0.000180
actual,4.885000,300.860000,0.451661,-1.049740,1.050626,-1.050592,-0.800066,-0.000180
actual,4.890000,300.865000,0.451006,-1.049740,1.050626,-1.050592,-0.800066,-0.000180
actual,4.895000,300.870000,0.450545,-1.049740,1.050626,-1.050592,-0.800066,-0.000180
actual,4.900000,300.875000,0.450279,-1.049740,1.050626,-1.050592,-0.800066,-0.000180
actual,4.905000,300.880000,0.450209,-1.049740,1.050626,-1.050592,-0.800066,-0.000180
actual,4.910000,300.885000,0.450337,-1.049740,1.050626,-1.050592,-0.800066,-0.000180
actual,4.915000,300.890000,0.450660,-1.049740,1.050626,-1.050592,-0.800066,-0.000180
actual,4.920000,300.895000,0.451178,-1.049740,1.050626,-1.050592,-0.800066,-0.000180
actual,4.925000,300.900000,0.451889,-1.049740,1.050626,-1.050592,-0.800066,-0.000180
actual,4.930000,300.905000,0.452790,-1.049740,1.050626,-1.050592,-0.800066,-0.000180
actual,4.935000,300.910000,0.453877,-1.049740,1.050626,-1.050592,-0.800066,-0.000180
actual,4.940000,300.915000,0.455147,-1.049740,1.050626,-1.050592,-0.800066,-0.000180
actual,4.945000,300.920000,0.456594,-1.049740,1.050626,-1.050592,-0.800066,-0.000180
actual,4.950000,300.925000,0.458212,-1.049740,1.050626,-1.050592,-0.800066,-0.000180
actual,4.955000,300.930000,0.459995,-1.049740,1.050626,-1.050592,-0.800066,-0.000180
actual,4.960000,300.935000,0.461936,-1.049740,1.050626,-1.050592,-0.800066,-0.000180
actual,4.965000,300.940000,0.464028,-1.049740,1.050626,-1.050592,-0.800066,-0.000180
actual,4.970000,300.945000,0.466262,-1.049740,1.050626,-1.050592,-0.800066,-0.000180
actual,4.975000,300.950000,0.468629,-1.049740,1.050626,-1.050592,-0.800066,-0.000180
actual,4.980000,300.955000,0.471120,-1.049740,1.050626,-1.050592,-0.800066,-0.000180
actual,4.985000,300.960000,0.473725,-1.049740,1.050626,-1.050592,-0.800066,-0.000180
actual,4.990000,300.965000,0.476434,-1.049740,1.050626,-1.050592,-0.800066,-0.000180
actual,4.995000,300.970000,0.479236,-1.049740,1.050626,-1.050592,-0.800066,-0.000180
actual,5.000000,300.975000,0.482120,-1.049740,1.050626,-1.050592,-0.800066,-0.000180
actual,5.005000,300.980000,0.485075,-1.049740,1.050626,-1.050592,-0.800066,-0.000180
actual,5.010000,300.985000,0.488089,-1.049740,1.050626,-1.050592,-0.800066,-0.000180
actual,5.015000,300.990000,0.491150,-1.049740,1.050626,-1.050592,-0.800066,-0.000180
actual,5.020000,300.995000,0.494246,-1.049740,1.050626,-1.050592,-0.800066,-0.000180
actual,5.025000,301.000000,0.497365,-1.049740,1.050626,-1.050592,-0.800066,-0.000180
actual,5.030000,301.005000,0.500495,-1.049740,1.050626,-1.050592,-0.800066,-0.000180
actual,5.035000,301.010000,0.503623,-1.049740,1.050626,-1.050592,-0.800066,-0.000180
actual,5.040000,301.015000,0.506736,-1.049740,1.050626,-1.050592,-0.800066,-0.000180
actual,5.045000,301.020000,0.509823,-1.049740,1.050626,-1.050592,-0.800066,-0.000180
actual,5.050000,301.025000,0.512872,-1.049740,1.050626,-1.050592,-0.800066,-0.000180
actual,5.055000,301.030000,0.515870,-1.049740,1.050626,-1.050592,-0.800066,-0.000180
actual,5.060000,301.035000,0.518805,-1.049740,1.050626,-1.050592,-0.800066,-0.000180
actual,5.065000,301.040000,0.521667,-1.049740,1.050626,-1.050592,-0.800066,-0.000180
actual,5.070000,301.045000,0.524443,-1.049740,1.050626,-1.050592,-0.800066,-0.000180
actual,5.075000,301.050000,0.527122,-1.049740,1.050626,-1.050592,-0.800066,-0.000180
actual,5.080000,301.055000,0.529695,-1.049740,1.050626,-1.050592,-0.800066,-0.000180
actual,5.085000,301.060000,0.532151,-1.049740,1.050626,-1.050592,-0.800066,-0.000180
actual,5.090000,301.065000,0.534480,-1.049740,1.050626,-1.050592,-0.800066,-0.000180
actual,5.095000,301.070000,0.536673,-1.049740,1.050626,-1.050592,-0.800066,-0.000180
actual,5.100000,301.075000,0.538721,-1.049740,1.050626,-1.050592,-0.800066,-0.000180
actual,5.105000,301.080000,0.540617,-1.049740,1.050626,-1.050592,-0.800066,-0.000180
actual,5.110000,301.085000,0.542352,-1.049740,1.050626,-1.050592,-0.800066,-0.000180
actual,5.115000,301.090000,0.543921,-1.049740,1.050626,-1.050592,-0.800066,-0.000180
actual,5.120000,301.095000,0.545317,-1.049740,1.050626,-1.050592,-0.800066,-0.000180
actual,5.125000,301.100000,0.546533,-1.049740,1.050626,-1.050592,-0.800066,-0.000180
actual,5.130000,301.105000,0.547566,-1.049740,1.050626,-1.050592,-0.800066,-0.000180
actual,5.135000,301.110000,0.548412,-1.049740,1.050626,-1.050592,-0.800066,-0.000180
actual,5.140000,301.115000,0.549067,-1.049740,1.050626,-1.050592,-0.800066,-0.000180
actual,5.145000,301.120000,0.549528,-1.049740,1.050626,-1.050592,-0.800066,-0.000180
actual,5.150000,301.125000,0.549794,-1.049740,1.050626,-1.050592,-0.800066,-0.000180
actual,5.155000,301.130000,0.549863,-1.049740,1.050626,-1.050592,-0.800066,-0.000180
actual,5.160000,301.135000,0.549736,-1.049740,1.050626,-1.050592,-0.800066,-0.000180
actual,5.165000,301.140000,0.549413,-1.049740,1.050626,-1.050592,-0.800066,-0.000180
actual,5.170000,301.145000,0.548895,-1.049740,1.050626,-1.050592,-0.800066,-0.000180
actual,5.175000,301.150000,0.548184,-1.049740,1.050626,-1.050592,-0.800066,-0.000180
actual,5.180000,301.155000,0.547283,-1.049740,1.050626,-1.050592,-0.800066,-0.000180
actual,5.185000,301.160000,0.546196,-1.049740,1.050626,-1.050592,-0.800066,-0.000180
actual,5.190000,301.165000,0.544926,-1.049740,1.050626,-1.050592,-0.800066,-0.000180
actual,5.195000,301.170000,0.543479,-1.049740,1.050626,-1.050592,-0.800066,-0.000180
actual,5.200000,301.175000,0.541861,-1.049740,1.050626,-1.050592,-0.800066,-0.000180
actual,5.205000,301.180000,0.540078,-1.049740,1.050626,-1.050592,-0.800066,-0.000180
actual,5.210000,301.185000,0.538137,-1.049740,1.050626,-1.050592,-0.800066,-0.000180
actual,5.215000,301.190000,0.536045,-1.049740,1.050626,-1.050592,-0.800066,-0.000180
actual,5.220000,301.195000,0.533811,-1.049740,1.050626,-1.050592,-0.800066,-0.000180
actual,5.225000,301.200000,0.531444,-1.049740,1.050626,-1.050592,-0.800066,-0.000180
actual,5.230000,301.205000,0.528953,-1.049740,1.050626,-1.050592,-0.800066,-0.000180
actual,5.235000,301.210000,0.526348,-1.049740,1.050626,-1.050592,-0.800066,-0.000180
actual,5.240000,301.215000,0.523639,-1.049740,1.050626,-1.050592,-0.800066,-0.000180
actual,5.245000,301.220000,0.520837,-1.049740,1.050626,-1.050592,-0.800066,-0.000180
actual,5.250000,301.225000,0.517953,-1.049740,1.050626,-1.050592,-0.800066,-0.000180
actual,5.255000,301.230000,0.514998,-1.049740,1.050626,-1.050592,-0.800066,-0.000180
actual,5.260000,301.235000,0.511984,-1.049740,1.050626,-1.050592,-0.800066,-0.000180
actual,5.265000,301.240000,0.508923,-1.049740,1.050626,-1.050592,-0.800066,-0.000180
actual,5.270000,301.245000,0.505826,-1.049740,1.050626,-1.050592,-0.800066,-0.000180
actual,5.275000,301.250000,0.502707,-1.049740,1.050626,-1.050592,-0.800066,-0.000180
actual,5.280000,301.255000,0.499578,-1.049740,1.050626,-1.050592,-0.800066,-0.000180
actual,5.285000,301.260000,0.496450,-1.049740,1.050626,-1.050592,-0.800066,-0.000180
actual,5.290000,301.265000,0.493337,-1.049740,1.050626,-1.050592,-0.800066,-0.000180
actual,5.295000,301.270000,0.490249,-1.049740,1.050626,-1.050592,-0.800066,-0.000180
actual,5.300000,301.275000,0.487201,-1.049740,1.050626,-1.050592,-0.800066,-0.000180
actual,5.305000,301.280000,0.484203,-1.049740,1.050626,-1.050592,-0.800066,-0.000180
actual,5.310000,301.285000,0.481268,-1.049740,1.050626,-1.050592,-0.800066,-0.000180
actual,5.315000,301.290000,0.478406,-1.049740,1.050626,-1.050592,-0.800066,-0.000180
actual,5.320000,301.295000,0.475630,-1.049740,1.050626,-1.050592,-0.800066,-0.000180
actual,5.325000,301.300000,0.472951,-1.049740,1.050626,-1.050592,-0.800066,-0.000180
actual,5.330000,301.305000,0.470378,-1.049740,1.050626,-1.050592,-0.800066,-0.000180
actual,5.335000,301.310000,0.467922,-1.049740,1.050626,-1.050592,-0.800066,-0.000180
actual,5.340000,301.315000,0.465593,-1.049740,1.050626,-1.050592,-0.800066,-0.000180
actual,5.345000,301.320000,0.463400,-1.049740,1.050626,-1.050592,-0.800066,-0.000180
actual,5.350000,301.325000,0.461352,-1.049740,1.050626,-1.050592,-0.800066,-0.000180
actual,5.355000,301.330000,0.459456,-1.049740,1.050626,-1.050592,-0.800066,-0.000180
actual,5.360000,301.335000,0.457720,-1.049740,1.050626,-1.050592,-0.800066,-0.000180
actual,5.365000,301.340000,0.456152,-1.049740,1.050626,-1.050592,-0.800066,-0.000180
actual,5.370000,301.345000,0.454756,-1.049740,1.050626,-1.050592,-0.800066,-0.000180
actual,5.375000,301.350000,0.453540,-1.049740,1.050626,-1.050592,-0.800066,-0.000180
actual,5.380000,301.355000,0.452506,-1.049740,1.050626,-1.050592,-0.800066,-0.000180
actual,5.385000,301.360000,0.451661,-1.049740,1.050626,-1.050592,-0.800066,-0.000180
actual,5.390000,301.365000,0.451006,-1.049740,1.050626,-1.050592,-0.800066,-0.000180
actual,5.395000,301.370000,0.450545,-1.049740,1.050626,-1.050592,-0.800066,-0.000180
actual,5.400000,301.375000,0.450279,-1.049740,1.050626,-1.050592,-0.800066,-0.000180
actual,5.405000,301.380000,0.450209,-1.049740,1.050626,-1.050592,-0.800066,-0.000180
actual,5.410000,301.385000,0.450337,-1.049740,1.050626,-1.050592,-0.800066,-0.000180
actual,5.415000,301.390000,0.450660,-1.049740,1.050626,-1.050592,-0.800066,-0.000180
actual,5.420000,301.395000,0.451178,-1.049740,1.050626,-1.050592,-0.800066,-0.000180
actual,5.425000,301.400000,0.451889,-1.049740,1.050626,-1.050592,-0.800066,-0.000180
actual,5.430000,301.405000,0.452790,-1.049740,1.050626,-1.050592,-0.800066,-0.000180
actual,5.435000,301.410000,0.453877,-1.049740,1.050626,-1.050592,-0.800066,-0.000180
actual,5.440000,301.415000,0.455147,-1.049740,1.050626,-1.050592,-0.800066,-0.000180
actual,5.445000,301.420000,0.456594,-1.049740,1.050626,-1.050592,-0.800066,-0.000180
actual,5.450000,301.425000,0.458212,-1.049740,1.050626,-1.050592,-0.800066,-0.000180
actual,5.455000,301.430000,0.459995,-1.049740,1.050626,-1.050592,-0.800066,-0.000180
actual,5.460000,301.435000,0.461936,-1.049740,1.050626,-1.050592,-0.800066,-0.000180
actual,5.465000,301.440000,0.464028,-1.049740,1.050626,-1.050592,-0.800066,-0.000180
actual,5.470000,301.445000,0.466262,-1.049740,1.050626,-1.050592,-0.800066,-0.000180
actual,5.475000,301.450000,0.468629,-1.049740,1.050626,-1.050592,-0.800066,-0.000180
actual,5.480000,301.455000,0.471120,-1.049740,1.050626,-1.050592,-0.800066,-0.000180
actual,5.485000,301.460000,0.473725,-1.049740,1.050626,-1.050592,-0.800066,-0.000180
actual,5.490000,301.465000,0.476434,-1.049740,1.050626,-1.050592,-0.800066,-0.000180
actual,5.495000,301.470000,0.479236,-1.049740,1.050626,-1.050592,-0.800066,-0.000180
actual,5.500000,301.475000,0.482120,-1.049740,1.050626,-1.050592,-0.800066,-0.000180
actual,5.505000,301.480000,0.485075,-1.049740,1.050626,-1.050592,-0.800066,-0.000180
actual,5.510000,301.485000,0.488089,-1.049740,1.050626,-1.050592,-0.800066,-0.000180
actual,5.515000,301.490000,0.491150,-1.049740,1.050626,-1.050592,-0.800066,-0.000180
actual,5.520000,301.495000,0.494246,-1.049740,1.050626,-1.050592,-0.800066,-0.000180
actual,5.525000,301.500000,0.497365,-1.049740,1.050626,-1.050592,-0.800066,-0.000180
actual,5.530000,301.505000,0.500495,-1.049740,1.050626,-1.050592,-0.800066,-0.000180
actual,5.535000,301.510000,0.503623,-1.049740,1.050626,-1.050592,-0.800066,-0.000180
actual,5.540000,301.515000,0.506736,-1.049740,1.050626,-1.050592,-0.800066,-0.000180
actual,5.545000,301.520000,0.509823,-1.049740,1.050626,-1.050592,-0.800066,-0.000180
actual,5.550000,301.525000,0.512872,-1.049740,1.050626,-1.050592,-0.800066,-0.000180
actual,5.555000,301.530000,0.515870,-1.049740,1.050626,-1.050592,-0.800066,-0.000180
actual,5.560000,301.535000,0.518805,-1.049740,1.050626,-1.050592,-0.800066,-0.000180
actual,5.565000,301.540000,0.521667,-1.049740,1.050626,-1.050592,-0.800066,-0.000180
actual,5.570000,301.545000,0.524443,-1.049740,1.050626,-1.050592,-0.800066,-0.000180
actual,5.575000,301.550000,0.527122,-1.049740,1.050626,-1.050592,-0.800066,-0.000180
actual,5.580000,301.555000,0.529695,-1.049740,1.050626,-1.050592,-0.800066,-0.000180
actual,5.585000,301.560000,0.532151,-1.049740,1.050626,-1.050592,-0.800066,-0.000180
actual,5.590000,301.565000,0.534480,-1.049740,1.050626,-1.050592,-0.800066,-0.000180
actual,5.595000,301.570000,0.536673,-1.049740,1.050626,-1.050592,-0.800066,-0.000180
actual,5.600000,301.575000,0.538721,-1.049740,1.050626,-1.050592,-0.800066,-0.000180
actual,5.605000,301.580000,0.540617,-1.049740,1.050626,-1.050592,-0.800066,-0.000180
actual,5.610000,301.585000,0.542352,-1.049740,1.050626,-1.050592,-0.800066,-0.000180
actual,5.620000,301.595000,0.545317,-1.049740,1.050626,-1.050592,-0.800066,-0.000180
actual,5.625000,301.600000,0.546533,-1.049740,1.050626,-1.050592,-0.800066,-0.000180
actual,5.630000,301.605000,0.547566,-1.049740,1.050626,-1.050592,-0.800066,-0.000180
actual,5.635000,301.610000,0.548412,-1.049740,1.050626,-1.050592,-0.800066,-0.000180
actual,5.640000,301.615000,0.549067,-1.049740,1.050626,-1.050592,-0.800066,-0.000180
actual,5.645000,301.620000,0.549528,-1.049740,1.050626,-1.050592,-0.800066,-0.000180
actual,5.650000,301.625000,0.549794,-1.049740,1.050626,-1.050592,-0.800066,-0.000180
actual,5.655000,301.630000,0.549863,-1.049740,1.050626,-1.050592,-0.800066,-0.000180
actual,5.660000,301.635000,0.549736,-1.049740,1.050626,-1.050592,-0.800066,-0.000180
actual,5.665000,301.640000,0.549413,-1.049740,1.050626,-1.050592,-0.800066,-0.000180
actual,5.670000,301.645000,0.548895,-1.049740,1.050626,-1.050592,-0.800066,-0.000180
actual,5.675000,301.650000,0.548184,-1.049740,1.050626,-1.050592,-0.800066,-0.000180
actual,5.680000,301.655000,0.547283,-1.049740,1.050626,-1.050592,-0.800066,-0.000180
actual,5.685000,301.660000,0.546196,-1.049740,1.050626,-1.050592,-0.800066,-0.000180
actual,5.690000,301.665000,0.544926,-1.049740,1.050626,-1.050592,-0.800066,-0.000180
actual,5.695000,301.670000,0.543479,-1.049740,1.050626,-1.050592,-0.800066,-0.000180
actual,5.700000,301.675000,0.541861,-1.049740,1.050626,-1.050592,-0.800066,-0.000180
actual,5.705000,301.680000,0.540078,-1.049740,1.050626,-1.050592,-0.800066,-0.000180
actual,5.710000,301.685000,0.538137,-1.049740,1.050626,-1.050592,-0.800066,-0.000180
actual,5.715000,301.690000,0.536045,-1.049740,1.050626,-1.050592,-0.800066,-0.000180
actual,5.720000,301.695000,0.533811,-1.049740,1.050626,-1.050592,-0.800066,-0.000180
actual,5.725000,301.700000,0.531444,-1.049740,1.050626,-1.050592,-0.800066,-0.000180
actual,5.730000,301.705000,0.528953,-1.049740,1.050626,-1.050592,-0.800066,-0.000180
actual,5.735000,301.710000,0.526348,-1.049740,1.050626,-1.050592,-0.800066,-0.000180
actual,5.740000,301.715000,0.523639,-1.049740,1.050626,-1.050592,-0.800066,-0.000180
actual,5.745000,301.720000,0.520837,-1.049740,1.050626,-1.050592,-0.800066,-0.000180
actual,5.750000,301.725000,0.517953,-1.049740,1.050626,-1.050592,-0.800066,-0.000180
actual,5.755000,301.730000,0.514998,-1.049740,1.050626,-1.050592,-0.800066,-0.000180
actual,5.760000,301.735000,0.511984,-1.049740,1.050626,-1.050592,-0.800066,-0.000180
actual,5.765000,301.740000,0.508923,-1.049740,1.050626,-1.050592,-0.800066,-0.000180
actual,5.770000,301.745000,0.505826,-1.049740,1.050626,-1.050592,-0.800066,-0.000180
actual,5.775000,301.750000,0.502707,-1.049740,1.050626,-1.050592,-0.800066,-0.000180
actual,5.780000,301.755000,0.499578,-1.049740,1.050626,-1.050592,-0.800066,-0.000180
actual,5.785000,301.760000,0.496450,-1.049740,1.050626,-1.050592,-0.800066,-0.000180
actual,5.790000,301.765000,0.493337,-1.049740,1.050626,-1.050592,-0.800066,-0.000180
actual,5.795000,301.770000,0.490249,-1.049740,1.050626,-1.050592,-0.800066,-0.000180
actual,5.800000,301.775000,0.487201,-1.049740,1.050626,-1.050592,-0.800066,-0.000180
actual,5.805000,301.780000,0.484203,-1.049740,1.050626,-1.050592,-0.800066,-0.000180
actual,5.810000,301.785000,0.481268,-1.049740,1.050626,-1.050592,-0.800066,-0.000180
actual,5.815000,301.790000,0.478406,-1.049740,1.050626,-1.050592,-0.800066,-0.000180
actual,5.820000,301.795000,0.475630,-1.049740,1.050626,-1.050592,-0.800066,-0.000180
actual,5.825000,301.800000,0.472951,-1.049740,1.050626,-1.050592,-0.800066,-0.000180
actual,5.830000,301.805000,0.470378,-1.049740,1.050626,-1.050592,-0.800066,-0.000180
actual,5.835000,301.810000,0.467922,-1.049740,1.050626,-1.050592,-0.800066,-0.000180
actual,5.840000,301.815000,0.465593,-1.049740,1.050626,-1.050592,-0.800066,-0.000180
actual,5.845000,301.820000,0.463400,-1.049740,1.050626,-1.050592,-0.800066,-0.000180
actual,5.850000,301.825000,0.461352,-1.049740,1.050626,-1.050592,-0.800066,-0.000180
actual,5.855000,301.830000,0.459456,-1.049740,1.050626,-1.050592,-0.800066,-0.000180
actual,5.860000,301.835000,0.457720,-1.049740,1.050626,-1.050592,-0.800066,-0.000180
actual,5.865000,301.840000,0.456152,-1.049740,1.050626,-1.050592,-0.800066,-0.000180
actual,5.870000,301.845000,0.454756,-1.049740,1.050626,-1.050592,-0.800066,-0.000180
actual,5.875000,301.850000,0.453540,-1.049740,1.050626,-1.050592,-0.800066,-0.000180
actual,5.880000,301.855000,0.452506,-1.049740,1.050626,-1.050592,-0.800066,-0.000180
actual,5.885000,301.860000,0.451661,-1.049740,1.050626,-1.050592,-0.800066,-0.000180
actual,5.890000,301.865000,0.451006,-1.049740,1.050626,-1.050592,-0.800066,-0.000180
actual,5.895000,301.870000,0.450545,-1.049740,1.050626,-1.050592,-0.800066,-0.000180
actual,5.900000,301.875000,0.450279,-1.049740,1.050626,-1.050592,-0.800066,-0.000180
actual,5.905000,301.880000,0.450209,-1.049740,1.050626,-1.050592,-0.800066,-0.000180
actual,5.910000,301.885000,0.450337,-1.049740,1.050626,-1.050592,-0.800066,-0.000180
actual,5.915000,301.890000,0.450660,-1.049740,1.050626,-1.050592,-0.800066,-0.000180
actual,5.920000,301.895000,0.451178,-1.049740,1.050626,-1.050592,-0.800066,-0.000180
actual,5.925000,301.900000,0.451889,-1.049740,1.050626,-1.050592,-0.800066,-0.000180
actual,5.930000,301.905000,0.452790,-1.049740,1.050626,-1.050592,-0.800066,-0.000180
actual,5.935000,301.910000,0.453877,-1.049740,1.050626,-1.050592,-0.800066,-0.000180
actual,5.940000,301.915000,0.455147,-1.049740,1.050626,-1.050592,-0.800066,-0.000180
actual,5.945000,301.920000,0.456594,-1.049740,1.050626,-1.050592,-0.800066,-0.000180
actual,5.950000,301.925000,0.458212,-1.049740,1.050626,-1.050592,-0.800066,-0.000180
actual,5.955000,301.930000,0.459995,-1.049740,1.050626,-1.050592,-0.800066,-0.000180
actual,5.960000,301.935000,0.461936,-1.049740,1.050626,-1.050592,-0.800066,-0.000180
actual,5.965000,301.940000,0.464028,-1.049740,1.050626,-1.050592,-0.800066,-0.000180
actual,5.970000,301.945000,0.466262,-1.049740,1.050626,-1.050592,-0.800066,-0.000180
actual,5.975000,301.950000,0.468629,-1.049740,1.050626,-1.050592,-0.800066,-0.000180
actual,5.980000,301.955000,0.471120,-1.049740,1.050626,-1.050592,-0.800066,-0.000180
actual,5.985000,301.960000,0.473725,-1.049740,1.050626,-1.050592,-0.800066,-0.000180
actual,5.990000,301.965000,0.476434,-1.049740,1.050626,-1.050592,-0.800066,-0.000180
actual,5.995000,301.970000,0.479236,-1.049740,1.050626,-1.050592,-0.800066,-0.000180
actual,6.000000,301.975000,0.482120,-1.049740,1.050626,-1.050592,-0.800066,-0.000180
actual,6.005000,301.980000,0.485075,-1.049740,1.050626,-1.050592,-0.800066,-0.000180
actual,6.010000,301.985000,0.488089,-1.049740,1.050626,-1.050592,-0.800066,-0.000180
actual,6.015000,301.990000,0.491150,-1.049740,1.050626,-1.050592,-0.800066,-0.000180
actual,6.020000,301.995000,0.494246,-1.049740,1.050626,-1.050592,-0.800066,-0.000180
actual,6.025000,302.000000,0.497365,-1.049740,1.050626,-1.050592,-0.800066,-0.000180
actual,6.030000,302.005000,0.500495,-1.049740,1.050626,-1.050592,-0.800066,-0.000180
actual,6.035000,302.010000,0.503623,-1.049740,1.050626,-1.050592,-0.800066,-0.000180
actual,6.040000,302.015000,0.506736,-1.049740,1.050626,-1.050592,-0.800066,-0.000180
actual,6.045000,302.020000,0.509823,-1.049740,1.050626,-1.050592,-0.800066,-0.000180
actual,6.050000,302.025000,0.512872,-1.049740,1.050626,-1.050592,-0.800066,-0.000180
actual,6.055000,302.030000,0.515870,-1.049740,1.050626,-1.050592,-0.800066,-0.000180
actual,6.060000,302.035000,0.518805,-1.049740,1.050626,-1.050592,-0.800066,-0.000180
actual,6.065000,302.040000,0.521667,-1.049740,1.050626,-1.050592,-0.800066,-0.000180
actual,6.070000,302.045000,0.524443,-1.049740,1.050626,-1.050592,-0.800066,-0.000180
actual,6.075000,302.050000,0.527122,-1.049740,1.050626,-1.050592,-0.800066,-0.000180
actual,6.080000,302.055000,0.529695,-1.049740,1.050626,-1.050592,-0.800066,-0.000180
actual,6.085000,302.060000,0.532151,-1.049740,1.050626,-1.050592,-0.800066,-0.000180
actual,6.090000,302.065000,0.534480,-1.049740,1.050626,-1.050592,-0.800066,-0.000180
actual,6.095000,302.070000,0.536673,-1.049740,1.050626,-1.050592,-0.800066,-0.000180
actual,6.100000,302.075000,0.538721,-1.049740,1.050626,-1.050592,-0.800066,-0.000180
actual,6.105000,302.080000,0.540617,-1.049740,1.050626,-1.050592,-0.800066,-0.000180
actual,6.110000,302.085000,0.542352,-1.049740,1.050626,-1.050592,-0.800066,-0.000180
actual,6.115000,302.090000,0.543921,-1.049740,1.050626,-1.050592,-0.800066,-0.000180
actual,6.120000,302.095000,0.545317,-1.049740,1.050626,-1.050592,-0.800066,-0.000180
actual,6.125000,302.100000,0.546533,-1.049740,1.050626,-1.050592,-0.800066,-0.000180
actual,6.130000,302.105000,0.547566,-1.049740,1.050626,-1.050592,-0.800066,-0.000180
actual,6.135000,302.110000,0.548412,-1.049740,1.050626,-1.050592,-0.800066,-0.000180
actual,6.140000,302.115000,0.549067,-1.049740,1.050626,-1.050592,-0.800066,-0.000180
actual,6.145000,302.120000,0.549528,-1.049740,1.050626,-1.050592,-0.800066,-0.000180
actual,6.150000,302.125000,0.549794,-1.049740,1.050626,-1.050592,-0.800066,-0.000180
actual,6.155000,302.130000,0.549863,-1.049740,1.050626,-1.050592,-0.800066,-0.000180
actual,6.160000,302.135000,0.549736,-1.049740,1.050626,-1.050592,-0.800066,-0.000180
actual,6.165000,302.140000,0.549413,-1.049740,1.050626,-1.050592,-0.800066,-0.000180
actual,6.170000,302.145000,0.548895,-1.049740,1.050626,-1.050592,-0.800066,-0.000180
actual,6.175000,302.150000,0.548184,-1.049740,1.050626,-1.050592,-0.800066,-0.000180
actual,6.180000,302.155000,0.547283,-1.049740,1.050626,-1.050592,-0.800066,-0.000180
actual,6.185000,302.160000,0.546196,-1.049740,1.050626,-1.050592,-0.800066,-0.000180
actual,6.190000,302.165000,0.544926,-1.049740,1.050626,-1.050592,-0.800066,-0.000180
actual,6.195000,302.170000,0.543479,-1.049740,1.050626,-1.050592,-0.800066,-0.000180
actual,6.200000,302.175000,0.541861,-1.049740,1.050626,-1.050592,-0.800066,-0.000180
actual,6.205000,302.180000,0.540078,-1.049740,1.050626,-1.050592,-0.800066,-0.000180
actual,6.210000,302.185000,0.538137,-1.049740,1.050626,-1.050592,-0.800066,-0.000180
actual,6.215000,302.190000,0.536045,-1.049740,1.050626,-1.050592,-0.800066,-0.000180
actual,6.220000,302.195000,0.533811,-1.049740,1.050626,-1.050592,-0.800066,-0.000180
actual,6.225000,302.200000,0.531444,-1.049740,1.050626,-1.050592,-0.800066,-0.000180
actual,6.230000,302.205000,0.528953,-1.049740,1.050626,-1.050592,-0.800066,-0.000180
actual,6.235000,302.210000,0.526348,-1.049740,1.050626,-1.050592,-0.800066,-0.000180
actual,6.240000,302.215000,0.523639,-1.049740,1.050626,-1.050592,-0.800066,-0.000180
actual,6.245000,302.220000,0.520837,-1.049740,1.050626,-1.050592,-0.800066,-0.000180
actual,6.250000,302.225000,0.517953,-1.049740,1.050626,-1.050592,-0.800066,-0.000180
actual,6.255000,302.230000,0.514998,-1.049740,1.050626,-1.050592,-0.800066,-0.000180
actual,6.260000,302.235000,0.511984,-1.049740,1.050626,-1.050592,-0.800066,-0.000180
actual,6.265000,302.240000,0.508923,-1.049740,1.050626,-1.050592,-0.800066,-0.000180
actual,6.270000,302.245000,0.505826,-1.049740,1.050626,-1.050592,-0.800066,-0.000180
actual,6.275000,302.250000,0.502707,-1.049740,1.050626,-1.050592,-0.800066,-0.000180
actual,6.280000,302.255000,0.499578,-1.049740,1.050626,-1.050592,-0.800066,-0.000180
actual,6.285000,302.260000,0.496450,-1.049740,1.050626,-1.050592,-0.800066,-0.000180
actual,6.290000,302.265000,0.493337,-1.049740,1.050626,-1.050592,-0.800066,-0.000180
actual,6.295000,302.270000,0.490249,-1.049740,1.050626,-1.050592,-0.800066,-0.000180
actual,6.300000,302.275000,0.487201,-1.049740,1.050626,-1.050592,-0.800066,-0.000180
actual,6.305000,302.280000,0.484203,-1.049740,1.050626,-1.050592,-0.800066,-0.000180
actual,6.310000,302.285000,0.481268,-1.049740,1.050626,-1.050592,-0.800066,-0.000180
actual,6.315000,302.290000,0.478406,-1.049740,1.050626,-1.050592,-0.800066,-0.000180
actual,6.320000,302.295000,0.475630,-1.049740,1.050626,-1.050592,-0.800066,-0.000180
actual,6.325000,302.300000,0.472951,-1.049740,1.050626,-1.050592,-0.800066,-0.000180
actual,6.330000,302.305000,0.470378,-1.049740,1.050626,-1.050592,-0.800066,-0.000180
actual,6.335000,302.310000,0.467922,-1.049740,1.050626,-1.050592,-0.800066,-0.000180
actual,6.340000,302.315000,0.465593,-1.049740,1.050626,-1.050592,-0.800066,-0.000180
actual,6.345000,302.320000,0.463400,-1.049740,1.050626,-1.050592,-0.800066,-0.000180
actual,6.350000,302.325000,0.461352,-1.049740,1.050626,-1.050592,-0.800066,-0.000180
actual,6.355000,302.330000,0.459456,-1.049740,1.050626,-1.050592,-0.800066,-0.000180
actual,6.360000,302.335000,0.457720,-1.049740,1.050626,-1.050592,-0.800066,-0.000180
actual,6.365000,302.340000,0.456152,-1.049740,1.050626,-1.050592,-0.800066,-0.000180
actual,6.370000,302.345000,0.454756,-1.049740,1.050626,-1.050592,-0.800066,-0.000180
actual,6.375000,302.350000,0.453540,-1.049740,1.050626,-1.050592,-0.800066,-0.000180
actual,6.380000,302.355000,0.452506,-1.049740,1.050626,-1.050592,-0.800066,-0.000180
actual,6.385000,302.360000,0.451661,-1.049740,1.050626,-1.050592,-0.800066,-0.000180
actual,6.390000,302.365000,0.451006,-1.049740,1.050626,-1.050592,-0.800066,-0.000180
actual,6.395000,302.370000,0.450545,-1.049740,1.050626,-1.050592,-0.800066,-0.000180
actual,6.400000,302.375000,0.450279,-1.049740,1.050626,-1.050592,-0.800066,-0.000180
actual,6.405000,302.380000,0.450209,-1.049740,1.050626,-1.050592,-0.800066,-0.000180
actual,6.410000,302.385000,0.450337,-1.049740,1.050626,-1.050592,-0.800066,-0.000180
actual,6.415000,302.390000,0.450660,-1.049740,1.050626,-1.050592,-0.800066,-0.000180
actual,6.420000,302.395000,0.451178,-1.049740,1.050626,-1.050592,-0.800066,-0.000180
actual,6.425000,302.400000,0.451889,-1.049740,1.050626,-1.050592,-0.800066,-0.000180
actual,6.430000,302.405000,0.452790,-1.049740,1.050626,-1.050592,-0.800066,-0.000180
actual,6.435000,302.410000,0.453877,-1.049740,1.050626,-1.050592,-0.800066,-0.000180
actual,6.440000,302.415000,0.455147,-1.049740,1.050626,-1.050592,-0.800066,-0.000180
actual,6.445000,302.420000,0.456594,-1.049740,1.050626,-1.050592,-0.800066,-0.000180
actual,6.450000,302.425000,0.458212,-1.049740,1.050626,-1.050592,-0.800066,-0.000180
actual,6.455000,302.430000,0.459995,-1.049740,1.050626,-1.050592,-0.800066,-0.000180
actual,6.460000,302.435000,0.461936,-1.049740,1.050626,-1.050592,-0.800066,-0.000180
actual,6.465000,302.440000,0.464028,-1.049740,1.050626,-1.050592,-0.800066,-0.000180
actual,6.470000,302.445000,0.466262,-1.049740,1.050626,-1.050592,-0.800066,-0.000180
actual,6.475000,302.450000,0.468629,-1.049740,1.050626,-1.050592,-0.800066,-0.000180
actual,6.480000,302.455000,0.471120,-1.049740,1.050626,-1.050592,-0.800066,-0.000180
actual,6.485000,302.460000,0.473725,-1.049740,1.050626,-1.050592,-0.800066,-0.000180
actual,6.490000,302.465000,0.476434,-1.049740,1.050626,-1.050592,-0.800066,-0.000180
actual,6.495000,302.470000,0.479236,-1.049740,1.050626,-1.050592,-0.800066,-0.000180
actual,6.500000,302.475000,0.482120,-1.049740,1.050626,-1.050592,-0.800066,-0.000180
actual,6.505000,302.480000,0.485075,-1.049740,1.050626,-1.050592,-0.800066,-0.000180
actual,6.510000,302.485000,0.488089,-1.049740,1.050626,-1.050592,-0.800066,-0.000180
actual,6.515000,302.490000,0.491150,-1.049740,1.050626,-1.050592,-0.800066,-0.000180
actual,6.520000,302.495000,0.494246,-1.049740,1.050626,-1.050592,-0.800066,-0.000180
actual,6.525000,302.500000,0.497365,-1.049740,1.050626,-1.050592,-0.800066,-0.000180
actual,6.530000,302.505000,0.500495,-1.049740,1.050626,-1.050592,-0.800066,-0.000180
actual,6.535000,302.510000,0.503623,-1.049740,1.050626,-1.050592,-0.800066,-0.000180
actual,6.540000,302.515000,0.506736,-1.049740,1.050626,-1.050592,-0.800066,-0.000180
actual,6.545000,302.520000,0.509823,-1.049740,1.050626,-1.050592,-0.800066,-0.000180
actual,6.550000,302.525000,0.512872,-1.049740,1.050626,-1.050592,-0.800066,-0.000180
actual,6.555000,302.530000,0.515870,-1.049740,1.050626,-1.050592,-0.800066,-0.000180
actual,6.560000,302.535000,0.518805,-1.049740,1.050626,-1.050592,-0.800066,-0.000180
actual,6.565000,302.540000,0.521667,-1.049740,1.050626,-1.050592,-0.800066,-0.000180
actual,6.570000,302.545000,0.524443,-1.049740,1.050626,-1.050592,-0.800066,-0.000180
actual,6.575000,302.550000,0.527122,-1.049740,1.050626,-1.050592,-0.800066,-0.000180
actual,6.580000,302.555000,0.529695,-1.049740,1.050626,-1.050592,-0.800066,-0.000180
actual,6.585000,302.560000,0.532151,-1.049740,1.050626,-1.050592,-0.800066,-0.000180
actual,6.590000,302.565000,0.534480,-1.049740,1.050626,-1.050592,-0.800066,-0.000180
actual,6.595000,302.570000,0.536673,-1.049740,1.050626,-1.050592,-0.800066,-0.000180
actual,6.600000,302.575000,0.538721,-1.049740,1.050626,-1.050592,-0.800066,-0.000180
actual,6.605000,302.580000,0.540617,-1.049740,1.050626,-1.050592,-0.800066,-0.000180
actual,6.610000,302.585000,0.542352,-1.049740,1.050626,-1.050592,-0.800066,-0.000180
actual,6.615000,302.590000,0.543921,-1.049740,1.050626,-1.050592,-0.800066,-0.000180
actual,6.620000,302.595000,0.545317,-1.049740,1.050626,-1.050592,-0.800066,-0.000180
actual,6.625000,302.600000,0.546533,-1.049740,1.050626,-1.050592,-0.800066,-0.000180
actual,6.630000,302.605000,0.547566,-1.049740,1.050626,-1.050592,-0.800066,-0.000180
actual,6.635000,302.610000,0.548412,-1.049740,1.050626,-1.050592,-0.800066,-0.000180
actual,6.640000,302.615000,0.549067,-1.049740,1.050626,-1.050592,-0.800066,-0.000180
actual,6.645000,302.620000,0.549528,-1.049740,1.050626,-1.050592,-0.800066,-0.000180
actual,6.650000,302.625000,0.549794,-1.049740,1.050626,-1.050592,-0.800066,-0.000180
actual,6.655000,302.630000,0.549863,-1.049740,1.050626,-1.050592,-0.800066,-0.000180
actual,6.660000,302.635000,0.549736,-1.049740,1.050626,-1.050592,-0.800066,-0.000180
actual,6.665000,302.640000,0.549413,-1.049740,1.050626,-1.050592,-0.800066,-0.000180
actual,6.670000,302.645000,0.548895,-1.049740,1.050626,-1.050592,-0.800066,-0.000180
actual,6.675000,302.650000,0.548184,-1.049740,1.050626,-1.050592,-0.800066,-0.000180
actual,6.680000,302.655000,0.547283,-1.049740,1.050626,-1.050592,-0.800066,-0.000180
actual,6.685000,302.660000,0.546196,-1.049740,1.050626,-1.050592,-0.800066,-0.000180
actual,6.690000,302.665000,0.544926,-1.049740,1.050626,-1.050592,-0.800066,-0.000180
actual,6.695000,302.670000,0.543479,-1.049740,1.050626,-1.050592,-0.800066,-0.000180
actual,6.700000,302.675000,0.541861,-1.049740,1.050626,-1.050592,-0.800066,-0.000180
actual,6.705000,302.680000,0.540078,-1.049740,1.050626,-1.050592,-0.800066,-0.000180
actual,6.710000,302.685000,0.538137,-1.049740,1.050626,-1.050592,-0.800066,-0.000180
actual,6.715000,302.690000,0.536045,-1.049740,1.050626,-1.050592,-0.800066,-0.000180
actual,6.720000,302.695000,0.533811,-1.049740,1.050626,-1.050592,-0.800066,-0.000180
actual,6.725000,302.700000,0.531444,-1.049740,1.050626,-1.050592,-0.800066,-0.000180
actual,6.730000,302.705000,0.528953,-1.049740,1.050626,-1.050592,-0.800066,-0.000180
actual,6.735000,302.710000,0.526348,-1.049740,1.050626,-1.050592,-0.800066,-0.000180
actual,6.740000,302.715000,0.523639,-1.049740,1.050626,-1.050592,-0.800066,-0.000180
actual,6.745000,302.720000,0.520837,-1.049740,1.050626,-1.050592,-0.800066,-0.000180
actual,6.750000,302.725000,0.517953,-1.049740,1.050626,-1.050592,-0.800066,-0.000180
actual,6.755000,302.730000,0.514998,-1.049740,1.050626,-1.050592,-0.800066,-0.000180
actual,6.760000,302.735000,0.511984,-1.049740,1.050626,-1.050592,-0.800066,-0.000180
actual,6.765000,302.740000,0.508923,-1.049740,1.050626,-1.050592,-0.800066,-0.000180
actual,6.770000,302.745000,0.505826,-1.049740,1.050626,-1.050592,-0.800066,-0.000180
actual,6.775000,302.750000,0.502707,-1.049740,1.050626,-1.050592,-0.800066,-0.000180
actual,6.780000,302.755000,0.499578,-1.049740,1.050626,-1.050592,-0.800066,-0.000180
actual,6.785000,302.760000,0.496450,-1.049740,1.050626,-1.050592,-0.800066,-0.000180
actual,6.790000,302.765000,0.493337,-1.049740,1.050626,-1.050592,-0.800066,-0.000180
actual,6.795000,302.770000,0.490249,-1.049740,1.050626,-1.050592,-0.800066,-0.000180
actual,6.800000,302.775000,0.487201,-1.049740,1.050626,-1.050592,-0.800066,-0.000180
actual,6.805000,302.780000,0.484203,-1.049740,1.050626,-1.050592,-0.800066,-0.000180
actual,6.810000,302.785000,0.481268,-1.049740,1.050626,-1.050592,-0.800066,-0.000180
actual,6.815000,302.790000,0.478406,-1.049740,1.050626,-1.050592,-0.800066,-0.000180
actual,6.820000,302.795000,0.475630,-1.049740,1.050626,-1.050592,-0.800066,-0.000180
actual,6.825000,302.800000,0.472951,-1.049740,1.050626,-1.050592,-0.800066,-0.000180
actual,6.830000,302.805000,0.470378,-1.049740,1.050626,-1.050592,-0.800066,-0.000180
actual,6.835000,302.810000,0.467922,-1.049740,1.050626,-1.050592,-0.800066,-0.000180
actual,6.840000,302.815000,0.465593,-1.049740,1.050626,-1.050592,-0.800066,-0.000180
actual,6.850000,302.825000,0.461352,-1.049740,1.050626,-1.050592,-0.800066,-0.000180
actual,6.855000,302.830000,0.459456,-1.049740,1.050626,-1.050592,-0.800066,-0.000180
actual,6.860000,302.835000,0.457720,-1.049740,1.050626,-1.050592,-0.800066,-0.000180
actual,6.865000,302.840000,0.456152,-1.049740,1.050626,-1.050592,-0.800066,-0.000180
actual,6.870000,302.845000,0.454756,-1.049740,1.050626,-1.050592,-0.800066,-0.000180
actual,6.875000,302.850000,0.453540,-1.049740,1.050626,-1.050592,-0.800066,-0.000180
actual,6.880000,302.855000,0.452506,-1.049740,1.050626,-1.050592,-0.800066,-0.000180
actual,6.885000,302.860000,0.451661,-1.049740,1.050626,-1.050592,-0.800066,-0.000180
actual,6.890000,302.865000,0.451006,-1.049740,1.050626,-1.050592,-0.800066,-0.000180
actual,6.895000,302.870000,0.450545,-1.049740,1.050626,-1.050592,-0.800066,-0.000180
actual,6.900000,302.875000,0.450279,-1.049740,1.050626,-1.050592,-0.800066,-0.000180
actual,6.905000,302.880000,0.450209,-1.049740,1.050626,-1.050592,-0.800066,-0.000180
actual,6.910000,302.885000,0.450337,-1.049740,1.050626,-1.050592,-0.800066,-0.000180
actual,6.915000,302.890000,0.450660,-1.049740,1.050626,-1.050592,-0.800066,-0.000180
actual,6.920000,302.895000,0.451178,-1.049740,1.050626,-1.050592,-0.800066,-0.000180
actual,6.925000,302.900000,0.451889,-1.049740,1.050626,-1.050592,-0.800066,-0.000180
actual,6.930000,302.905000,0.452790,-1.049740,1.050626,-1.050592,-0.800066,-0.000180
actual,6.935000,302.910000,0.453877,-1.049740,1.050626,-1.050592,-0.800066,-0.000180
actual,6.940000,302.915000,0.455147,-1.049740,1.050626,-1.050592,-0.800066,-0.000180
actual,6.945000,302.920000,0.456594,-1.049740,1.050626,-1.050592,-0.800066,-0.000180
actual,6.950000,302.925000,0.458212,-1.049740,1.050626,-1.050592,-0.800066,-0.000180
actual,6.955000,302.930000,0.459995,-1.049740,1.050626,-1.050592,-0.800066,-0.000180
actual,6.960000,302.935000,0.461936,-1.049740,1.050626,-1.050592,-0.800066,-0.000180
actual,6.965000,302.940000,0.464028,-1.049740,1.050626,-1.050592,-0.800066,-0.000180
actual,6.970000,302.945000,0.466262,-1.049740,1.050626,-1.050592,-0.800066,-0.000180
actual,6.975000,302.950000,0.468629,-1.049740,1.050626,-1.050592,-0.800066,-0.000180
actual,6.980000,302.955000,0.471120,-1.049740,1.050626,-1.050592,-0.800066,-0.000180
actual,6.985000,302.960000,0.473725,-1.049740,1.050626,-1.050592,-0.800066,-0.000180
actual,6.990000,302.965000,0.476434,-1.049740,1.050626,-1.050592,-0.800066,-0.000180
actual,6.995000,302.970000,0.479236,-1.049740,1.050626,-1.050592,-0.800066,-0.000180
actual,7.000000,302.975000,0.482120,-1.049740,1.050626,-1.050592,-0.800066,-0.000180
actual,7.005000,302.980000,0.485075,-1.049740,1.050626,-1.050592,-0.800066,-0.000180
actual,7.010000,302.985000,0.488089,-1.049740,1.050626,-1.050592,-0.800066,-0.000180
actual,7.015000,302.990000,0.491150,-1.049740,1.050626,-1.050592,-0.800066,-0.000180
actual,7.020000,302.995000,0.494246,-1.049740,1.050626,-1.050592,-0.800066,-0.000180
actual,7.025000,303.000000,0.497365,-1.049740,1.050626,-1.050592,-0.800066,-0.000180
actual,7.030000,303.005000,0.500495,-1.049740,1.050626,-1.050592,-0.800066,-0.000180
actual,7.035000,303.010000,0.503623,-1.049740,1.050626,-1.050592,-0.800066,-0.000180
actual,7.040000,303.015000,0.506736,-1.049740,1.050626,-1.050592,-0.800066,-0.000180
actual,7.045000,303.020000,0.509823,-1.049740,1.050626,-1.050592,-0.800066,-0.000180
actual,7.050000,303.025000,0.512872,-1.049740,1.050626,-1.050592,-0.800066,-0.000180
actual,7.055000,303.030000,0.515870,-1.049740,1.050626,-1.050592,-0.800066,-0.000180
actual,7.060000,303.035000,0.518805,-1.049740,1.050626,-1.050592,-0.800066,-0.000180
actual,7.065000,303.040000,0.521667,-1.049740,1.050626,-1.050592,-0.800066,-0.000180
actual,7.070000,303.045000,0.524443,-1.049740,1.050626,-1.050592,-0.800066,-0.000180
actual,7.075000,303.050000,0.527122,-1.049740,1.050626,-1.050592,-0.800066,-0.000180
actual,7.080000,303.055000,0.529695,-1.049740,1.050626,-1.050592,-0.800066,-0.000180
actual,7.085000,303.060000,0.532151,-1.049740,1.050626,-1.050592,-0.800066,-0.000180
actual,7.090000,303.065000,0.534480,-1.049740,1.050626,-1.050592,-0.800066,-0.000180
actual,7.095000,303.070000,0.536673,-1.049740,1.050626,-1.050592,-0.800066,-0.000180
actual,7.100000,303.075000,0.538721,-1.049740,1.050626,-1.050592,-0.800066,-0.000180
actual,7.105000,303.080000,0.540617,-1.049740,1.050626,-1.050592,-0.800066,-0.000180
actual,7.110000,303.085000,0.542352,-1.049740,1.050626,-1.050592,-0.800066,-0.000180
actual,7.115000,303.090000,0.543921,-1.049740,1.050626,-1.050592,-0.800066,-0.000180
actual,7.120000,303.095000,0.545317,-1.049740,1.050626,-1.050592,-0.800066,-0.000180
actual,7.125000,303.100000,0.546533,-1.049740,1.050626,-1.050592,-0.800066,-0.000180
actual,7.130000,303.105000,0.547566,-1.049740,1.050626,-1.050592,-0.800066,-0.000180
actual,7.135000,303.110000,0.548412,-1.049740,1.050626,-1.050592,-0.800066,-0.000180
actual,7.140000,303.115000,0.549067,-1.049740,1.050626,-1.050592,-0.800066,-0.000180
actual,7.145000,303.120000,0.549528,-1.049740,1.050626,-1.050592,-0.800066,-0.000180
actual,7.150000,303.125000,0.549794,-1.049740,1.050626,-1.050592,-0.800066,-0.000180
actual,7.155000,303.130000,0.549863,-1.049740,1.050626,-1.050592,-0.800066,-0.000180
actual,7.160000,303.135000,0.549736,-1.049740,1.050626,-1.050592,-0.800066,-0.000180
actual,7.170000,303.145000,0.548895,-1.049740,1.050626,-1.050592,-0.800066,-0.000180
actual,7.175000,303.150000,0.548184,-1.049740,1.050626,-1.050592,-0.800066,-0.000180
actual,7.180000,303.155000,0.547283,-1.049740,1.050626,-1.050592,-0.800066,-0.000180
actual,7.185000,303.160000,0.546196,-1.049740,1.050626,-1.050592,-0.800066,-0.000180
actual,7.190000,303.165000,0.544926,-1.049740,1.050626,-1.050592,-0.800066,-0.000180
actual,7.195000,303.170000,0.543479,-1.049740,1.050626,-1.050592,-0.800066,-0.000180
actual,7.200000,303.175000,0.541861,-1.049740,1.050626,-1.050592,-0.800066,-0.000180
actual,7.205000,303.180000,0.540078,-1.049740,1.050626,-1.050592,-0.800066,-0.000180
actual,7.210000,303.185000,0.538137,-1.049740,1.050626,-1.050592,-0.800066,-0.000180
actual,7.215000,303.190000,0.536045,-1.049740,1.050626,-1.050592,-0.800066,-0.000180
actual,7.220000,303.195000,0.533811,-1.049740,1.050626,-1.050592,-0.800066,-0.000180
actual,7.225000,303.200000,0.531444,-1.049740,1.050626,-1.050592,-0.800066,-0.000180
actual,7.230000,303.205000,0.528953,-1.049740,1.050626,-1.050592,-0.800066,-0.000180
actual,7.235000,303.210000,0.526348,-1.049740,1.050626,-1.050592,-0.800066,-0.000180
actual,7.240000,303.215000,0.523639,-1.049740,1.050626,-1.050592,-0.800066,-0.000180
actual,7.245000,303.220000,0.520837,-1.049740,1.050626,-1.050592,-0.800066,-0.000180
actual,7.250000,303.225000,0.517953,-1.049740,1.050626,-1.050592,-0.800066,-0.000180
actual,7.255000,303.230000,0.514998,-1.049740,1.050626,-1.050592,-0.800066,-0.000180
actual,7.260000,303.235000,0.511984,-1.049740,1.050626,-1.050592,-0.800066,-0.000180
actual,7.265000,303.240000,0.508923,-1.049740,1.050626,-1.050592,-0.800066,-0.000180
actual,7.270000,303.245000,0.505826,-1.049740,1.050626,-1.050592,-0.800066,-0.000180
actual,7.275000,303.250000,0.502707,-1.049740,1.050626,-1.050592,-0.800066,-0.000180
actual,7.280000,303.255000,0.499578,-1.049740,1.050626,-1.050592,-0.800066,-0.000180
actual,7.285000,303.260000,0.496450,-1.049740,1.050626,-1.050592,-0.800066,-0.000180
actual,7.290000,303.265000,0.493337,-1.049740,1.050626,-1.050592,-0.800066,-0.000180
actual,7.295000,303.270000,0.490249,-1.049740,1.050626,-1.050592,-0.800066,-0.000180
actual,7.300000,303.275000,0.487201,-1.049740,1.050626,-1.050592,-0.800066,-0.000180
actual,7.305000,303.280000,0.484203,-1.049740,1.050626,-1.050592,-0.800066,-0.000180
actual,7.310000,303.285000,0.481268,-1.049740,1.050626,-1.050592,-0.800066,-0.000180
actual,7.315000,303.290000,0.478406,-1.049740,1.050626,-1.050592,-0.800066,-0.000180
actual,7.320000,303.295000,0.475630,-1.049740,1.050626,-1.050592,-0.800066,-0.000180
actual,7.325000,303.300000,0.472951,-1.049740,1.050626,-1.050592,-0.800066,-0.000180
actual,7.330000,303.305000,0.470378,-1.049740,1.050626,-1.050592,-0.800066,-0.000180
actual,7.335000,303.310000,0.467922,-1.049740,1.050626,-1.050592,-0.800066,-0.000180
actual,7.340000,303.315000,0.465593,-1.049740,1.050626,-1.050592,-0.800066,-0.000180
actual,7.345000,303.320000,0.463400,-1.049740,1.050626,-1.050592,-0.800066,-0.000180
actual,7.350000,303.325000,0.461352,-1.049740,1.050626,-1.050592,-0.800066,-0.000180
actual,7.355000,303.330000,0.459456,-1.049740,1.050626,-1.050592,-0.800066,-0.000180
actual,7.360000,303.335000,0.457720,-1.049740,1.050626,-1.050592,-0.800066,-0.000180
actual,7.365000,303.340000,0.456152,-1.049740,1.050626,-1.050592,-0.800066,-0.000180
actual,7.370000,303.345000,0.454756,-1.049740,1.050626,-1.050592,-0.800066,-0.000180
actual,7.375000,303.350000,0.453540,-1.049740,1.050626,-1.050592,-0.800066,-0.000180
actual,7.380000,303.355000,0.452506,-1.049740,1.050626,-1.050592,-0.800066,-0.000180
actual,7.385000,303.360000,0.451661,-1.049740,1.050626,-1.050592,-0.800066,-0.000180
actual,7.390000,303.365000,0.451006,-1.049740,1.050626,-1.050592,-0.800066,-0.000180
actual,7.395000,303.370000,0.450545,-1.049740,1.050626,-1.050592,-0.800066,-0.000180
actual,7.400000,303.375000,0.450279,-1.049740,1.050626,-1.050592,-0.800066,-0.000180
actual,7.405000,303.380000,0.450209,-1.049740,1.050626,-1.050592,-0.800066,-0.000180
actual,7.410000,303.385000,0.450337,-1.049740,1.050626,-1.050592,-0.800066,-0.000180
actual,7.415000,303.390000,0.450660,-1.049740,1.050626,-1.050592,-0.800066,-0.000180
actual,7.420000,303.395000,0.451178,-1.049740,1.050626,-1.050592,-0.800066,-0.000180
actual,7.425000,303.400000,0.451889,-1.049740,1.050626,-1.050592,-0.800066,-0.000180
actual,7.430000,303.405000,0.452790,-1.049740,1.050626,-1.050592,-0.800066,-0.000180
actual,7.435000,303.410000,0.453877,-1.049740,1.050626,-1.050592,-0.800066,-0.000180
actual,7.440000,303.415000,0.455147,-1.049740,1.050626,-1.050592,-0.800066,-0.000180
actual,7.445000,303.420000,0.456594,-1.049740,1.050626,-1.050592,-0.800066,-0.000180
actual,7.450000,303.425000,0.458212,-1.049740,1.050626,-1.050592,-0.800066,-0.000180
actual,7.455000,303.430000,0.459995,-1.049740,1.050626,-1.050592,-0.800066,-0.000180
actual,7.460000,303.435000,0.461936,-1.049740,1.050626,-1.050592,-0.800066,-0.000180
actual,7.465000,303.440000,0.464028,-1.049740,1.050626,-1.050592,-0.800066,-0.000180
actual,7.470000,303.445000,0.466262,-1.049740,1.050626,-1.050592,-0.800066,-0.000180
actual,7.475000,303.450000,0.468629,-1.049740,1.050626,-1.050592,-0.800066,-0.000180
actual,7.480000,303.455000,0.471120,-1.049740,1.050626,-1.050592,-0.800066,-0.000180
actual,7.485000,303.460000,0.473725,-1.049740,1.050626,-1.050592,-0.800066,-0.000180
actual,7.490000,303.465000,0.476434,-1.049740,1.050626,-1.050592,-0.800066,-0.000180
actual,7.495000,303.470000,0.479236,-1.049740,1.050626,-1.050592,-0.800066,-0.000180
actual,7.500000,303.475000,0.482120,-1.049740,1.050626,-1.050592,-0.800066,-0.000180
actual,7.505000,303.480000,0.485075,-1.049740,1.050626,-1.050592,-0.800066,-0.000180
actual,7.510000,303.485000,0.488089,-1.049740,1.050626,-1.050592,-0.800066,-0.000180
actual,7.515000,303.490000,0.491150,-1.049740,1.050626,-1.050592,-0.800066,-0.000180
actual,7.520000,303.495000,0.494246,-1.049740,1.050626,-1.050592,-0.800066,-0.000180
actual,7.525000,303.500000,0.497365,-1.049740,1.050626,-1.050592,-0.800066,-0.000180
actual,7.530000,303.505000,0.500495,-1.049740,1.050626,-1.050592,-0.800066,-0.000180
actual,7.535000,303.510000,0.503623,-1.049740,1.050626,-1.050592,-0.800066,-0.000180
actual,7.540000,303.515000,0.506736,-1.049740,1.050626,-1.050592,-0.800066,-0.000180
actual,7.545000,303.520000,0.509823,-1.049740,1.050626,-1.050592,-0.800066,-0.000180
actual,7.550000,303.525000,0.512872,-1.049740,1.050626,-1.050592,-0.800066,-0.000180
actual,7.555000,303.530000,0.515870,-1.049740,1.050626,-1.050592,-0.800066,-0.000180
actual,7.560000,303.535000,0.518805,-1.049740,1.050626,-1.050592,-0.800066,-0.000180
actual,7.565000,303.540000,0.521667,-1.049740,1.050626,-1.050592,-0.800066,-0.000180
actual,7.570000,303.545000,0.524443,-1.049740,1.050626,-1.050592,-0.800066,-0.000180
actual,7.575000,303.550000,0.527122,-1.049740,1.050626,-1.050592,-0.800066,-0.000180
actual,7.580000,303.555000,0.529695,-1.049740,1.050626,-1.050592,-0.800066,-0.000180
actual,7.585000,303.560000,0.532151,-1.049740,1.050626,-1.050592,-0.800066,-0.000180
actual,7.590000,303.565000,0.534480,-1.049740,1.050626,-1.050592,-0.800066,-0.000180
actual,7.595000,303.570000,0.536673,-1.049740,1.050626,-1.050592,-0.800066,-0.000180
actual,7.600000,303.575000,0.538721,-1.049740,1.050626,-1.050592,-0.800066,-0.000180
actual,7.605000,303.580000,0.540617,-1.049740,1.050626,-1.050592,-0.800066,-0.000180
actual,7.610000,303.585000,0.542352,-1.049740,1.050626,-1.050592,-0.800066,-0.000180
actual,7.615000,303.590000,0.543921,-1.049740,1.050626,-1.050592,-0.800066,-0.000180
actual,7.620000,303.595000,0.545317,-1.049740,1.050626,-1.050592,-0.800066,-0.000180
actual,7.625000,303.600000,0.546533,-1.049740,1.050626,-1.050592,-0.800066,-0.000180
actual,7.630000,303.605000,0.547566,-1.049740,1.050626,-1.050592,-0.800066,-0.000180
actual,7.635000,303.610000,0.548412,-1.049740,1.050626,-1.050592,-0.800066,-0.000180
actual,7.640000,303.615000,0.549067,-1.049740,1.050626,-1.050592,-0.800066,-0.000180
actual,7.645000,303.620000,0.549528,-1.049740,1.050626,-1.050592,-0.800066,-0.000180
actual,7.650000,303.625000,0.549794,-1.049740,1.050626,-1.050592,-0.800066,-0.000180
actual,7.655000,303.630000,0.549863,-1.049740,1.050626,-1.050592,-0.800066,-0.000180
actual,7.660000,303.635000,0.549736,-1.049740,1.050626,-1.050592,-0.800066,-0.000180
actual,7.665000,303.640000,0.549413,-1.049740,1.050626,-1.050592,-0.800066,-0.000180
actual,7.670000,303.645000,0.548895,-1.049740,1.050626,-1.050592,-0.800066,-0.000180
actual,7.675000,303.650000,0.548184,-1.049740,1.050626,-1.050592,-0.800066,-0.000180
actual,7.680000,303.655000,0.547283,-1.049740,1.050626,-1.050592,-0.800066,-0.000180
actual,7.685000,303.660000,0.546196,-1.049740,1.050626,-1.050592,-0.800066,-0.000180
actual,7.690000,303.665000,0.544926,-1.049740,1.050626,-1.050592,-0.800066,-0.000180
actual,7.695000,303.670000,0.543479,-1.049740,1.050626,-1.050592,-0.800066,-0.000180
actual,7.700000,303.675000,0.541861,-1.049740,1.050626,-1.050592,-0.800066,-0.000180
actual,7.705000,303.680000,0.540078,-1.049740,1.050626,-1.050592,-0.800066,-0.000180
actual,7.710000,303.685000,0.538137,-1.049740,1.050626,-1.050592,-0.800066,-0.000180
actual,7.715000,303.690000,0.536045,-1.049740,1.050626,-1.050592,-0.800066,-0.000180
actual,7.720000,303.695000,0.533811,-1.049740,1.050626,-1.050592,-0.800066,-0.000180
actual,7.725000,303.700000,0.531444,-1.049740,1.050626,-1.050592,-0.800066,-0.000180
actual,7.730000,303.705000,0.528953,-1.049740,1.050626,-1.050592,-0.800066,-0.000180
actual,7.735000,303.710000,0.526348,-1.049740,1.050626,-1.050592,-0.800066,-0.000180
actual,7.740000,303.715000,0.523639,-1.049740,1.050626,-1.050592,-0.800066,-0.000180
actual,7.745000,303.720000,0.520837,-1.049740,1.050626,-1.050592,-0.800066,-0.000180
actual,7.750000,303.725000,0.517953,-1.049740,1.050626,-1.050592,-0.800066,-0.000180
actual,7.755000,303.730000,0.514998,-1.049740,1.050626,-1.050592,-0.800066,-0.000180
actual,7.760000,303.735000,0.511984,-1.049740,1.050626,-1.050592,-0.800066,-0.000180
actual,7.765000,303.740000,0.508923,-1.049740,1.050626,-1.050592,-0.800066,-0.000180
actual,7.770000,303.745000,0.505826,-1.049740,1.050626,-1.050592,-0.800066,-0.000180
actual,7.775000,303.750000,0.502707,-1.049740,1.050626,-1.050592,-0.800066,-0.000180
actual,7.780000,303.755000,0.499578,-1.049740,1.050626,-1.050592,-0.800066,-0.000180
actual,7.785000,303.760000,0.496450,-1.049740,1.050626,-1.050592,-0.800066,-0.000180
actual,7.790000,303.765000,0.493337,-1.049740,1.050626,-1.050592,-0.800066,-0.000180
actual,7.795000,303.770000,0.490249,-1.049740,1.050626,-1.050592,-0.800066,-0.000180
actual,7.800000,303.775000,0.487201,-1.049740,1.050626,-1.050592,-0.800066,-0.000180
actual,7.805000,303.780000,0.484203,-1.049740,1.050626,-1.050592,-0.800066,-0.000180
actual,7.810000,303.785000,0.481268,-1.049740,1.050626,-1.050592,-0.800066,-0.000180
actual,7.815000,303.790000,0.478406,-1.049740,1.050626,-1.050592,-0.800066,-0.000180
actual,7.820000,303.795000,0.475630,-1.049740,1.050626,-1.050592,-0.800066,-0.000180
actual,7.825000,303.800000,0.472951,-1.049740,1.050626,-1.050592,-0.800066,-0.000180
actual,7.830000,303.805000,0.470378,-1.049740,1.050626,-1.050592,-0.800066,-0.000180
actual,7.835000,303.810000,0.467922,-1.049740,1.050626,-1.050592,-0.800066,-0.000180
actual,7.840000,303.815000,0.465593,-1.049740,1.050626,-1.050592,-0.800066,-0.000180
actual,7.845000,303.820000,0.463400,-1.049740,1.050626,-1.050592,-0.800066,-0.000180
actual,7.850000,303.825000,0.461352,-1.049740,1.050626,-1.050592,-0.800066,-0.000180
actual,7.855000,303.830000,0.459456,-1.049740,1.050626,-1.050592,-0.800066,-0.000180
actual,7.860000,303.835000,0.457720,-1.049740,1.050626,-1.050592,-0.800066,-0.000180
actual,7.865000,303.840000,0.456152,-1.049740,1.050626,-1.050592,-0.800066,-0.000180
actual,7.870000,303.845000,0.454756,-1.049740,1.050626,-1.050592,-0.800066,-0.000180
actual,7.875000,303.850000,0.453540,-1.049740,1.050626,-1.050592,-0.800066,-0.000180
actual,7.880000,303.855000,0.452506,-1.049740,1.050626,-1.050592,-0.800066,-0.000180
actual,7.885000,303.860000,0.451661,-1.049740,1.050626,-1.050592,-0.800066,-0.000180
actual,7.890000,303.865000,0.451006,-1.049740,1.050626,-1.050592,-0.800066,-0.000180
actual,7.895000,303.870000,0.450545,-1.049740,1.050626,-1.050592,-0.800066,-0.000180
actual,7.900000,303.875000,0.450279,-1.049740,1.050626,-1.050592,-0.800066,-0.000180
actual,7.905000,303.880000,0.450209,-1.049740,1.050626,-1.050592,-0.800066,-0.000180
actual,7.910000,303.885000,0.450337,-1.049740,1.050626,-1.050592,-0.800066,-0.000180
actual,7.915000,303.890000,0.450660,-1.049740,1.050626,-1.050592,-0.800066,-0.000180
actual,7.920000,303.895000,0.451178,-1.049740,1.050626,-1.050592,-0.800066,-0.000180
actual,7.925000,303.900000,0.451889,-1.049740,1.050626,-1.050592,-0.800066,-0.000180
actual,7.930000,303.905000,0.452790,-1.049740,1.050626,-1.050592,-0.800066,-0.000180
actual,7.935000,303.910000,0.453877,-1.049740,1.050626,-1.050592,-0.800066,-0.000180
actual,7.940000,303.915000,0.455147,-1.049740,1.050626,-1.050592,-0.800066,-0.000180
actual,7.945000,303.920000,0.456594,-1.049740,1.050626,-1.050592,-0.800066,-0.000180
actual,7.950000,303.925000,0.458212,-1.049740,1.050626,-1.050592,-0.800066,-0.000180
actual,7.955000,303.930000,0.459995,-1.049740,1.050626,-1.050592,-0.800066,-0.000180
actual,7.960000,303.935000,0.461936,-1.049740,1.050626,-1.050592,-0.800066,-0.000180
actual,7.965000,303.940000,0.464028,-1.049740,1.050626,-1.050592,-0.800066,-0.000180
actual,7.970000,303.945000,0.466262,-1.049740,1.050626,-1.050592,-0.800066,-0.000180
actual,7.975000,303.950000,0.468629,-1.049740,1.050626,-1.050592,-0.800066,-0.000180
actual,7.980000,303.955000,0.471120,-1.049740,1.050626,-1.050592,-0.800066,-0.000180
actual,7.985000,303.960000,0.473725,-1.049740,1.050626,-1.050592,-0.800066,-0.000180
actual,7.990000,303.965000,0.476434,-1.049740,1.050626,-1.050592,-0.800066,-0.000180
actual,7.995000,303.970000,0.479236,-1.049740,1.050626,-1.050592,-0.800066,-0.000180
actual,8.000000,303.975000,0.482120,-1.049740,1.050626,-1.050592,-0.800066,-0.000180
actual,8.005000,303.980000,0.485075,-1.049740,1.050626,-1.050592,-0.800066,-0.000180
actual,8.010000,303.985000,0.488089,-1.049740,1.050626,-1.050592,-0.800066,-0.000180
actual,8.015000,303.990000,0.491150,-1.049740,1.050626,-1.050592,-0.800066,-0.000180
actual,8.020000,303.995000,0.494246,-1.049740,1.050626,-1.050592,-0.800066,-0.000180
actual,8.025000,304.000000,0.497365,-1.049740,1.050626,-1.050592,-0.800066,-0.000180
actual,8.030000,304.005000,0.500495,-1.049740,1.050626,-1.050592,-0.800066,-0.000180
actual,8.035000,304.010000,0.503623,-1.049740,1.050626,-1.050592,-0.800066,-0.000180
actual,8.040000,304.015000,0.506736,-1.049740,1.050626,-1.050592,-0.800066,-0.000180
actual,8.045000,304.020000,0.509823,-1.049740,1.050626,-1.050592,-0.800066,-0.000180
actual,8.050000,304.025000,0.512872,-1.049740,1.050626,-1.050592,-0.800066,-0.000180
actual,8.055000,304.030000,0.515870,-1.049740,1.050626,-1.050592,-0.800066,-0.000180
actual,8.060000,304.035000,0.518805,-1.049740,1.050626,-1.050592,-0.800066,-0.000180
actual,8.065000,304.040000,0.521667,-1.049740,1.050626,-1.050592,-0.800066,-0.000180
actual,8.070000,304.045000,0.524443,-1.049740,1.050626,-1.050592,-0.800066,-0.000180
actual,8.075000,304.050000,0.527122,-1.049740,1.050626,-1.050592,-0.800066,-0.000180
actual,8.080000,304.055000,0.529695,-1.049740,1.050626,-1.050592,-0.800066,-0.000180
actual,8.085000,304.060000,0.532151,-1.049740,1.050626,-1.050592,-0.800066,-0.000180
actual,8.090000,304.065000,0.534480,-1.049740,1.050626,-1.050592,-0.800066,-0.000180
actual,8.095000,304.070000,0.536673,-1.049740,1.050626,-1.050592,-0.800066,-0.000180
actual,8.100000,304.075000,0.538721,-1.049740,1.050626,-1.050592,-0.800066,-0.000180
actual,8.105000,304.080000,0.540617,-1.049740,1.050626,-1.050592,-0.800066,-0.000180
actual,8.110000,304.085000,0.542352,-1.049740,1.050626,-1.050592,-0.800066,-0.000180
actual,8.115000,304.090000,0.543921,-1.049740,1.050626,-1.050592,-0.800066,-0.000180
actual,8.120000,304.095000,0.545317,-1.049740,1.050626,-1.050592,-0.800066,-0.000180
actual,8.125000,304.100000,0.546533,-1.049740,1.050626,-1.050592,-0.800066,-0.000180
actual,8.130000,304.105000,0.547566,-1.049740,1.050626,-1.050592,-0.800066,-0.000180
actual,8.135000,304.110000,0.548412,-1.049740,1.050626,-1.050592,-0.800066,-0.000180
actual,8.140000,304.115000,0.549067,-1.049740,1.050626,-1.050592,-0.800066,-0.000180
actual,8.145000,304.120000,0.549528,-1.049740,1.050626,-1.050592,-0.800066,-0.000180
actual,8.150000,304.125000,0.549794,-1.049740,1.050626,-1.050592,-0.800066,-0.000180
actual,8.155000,304.130000,0.549863,-1.049740,1.050626,-1.050592,-0.800066,-0.000180
actual,8.160000,304.135000,0.549736,-1.049740,1.050626,-1.050592,-0.800066,-0.000180
actual,8.165000,304.140000,0.549413,-1.049740,1.050626,-1.050592,-0.800066,-0.000180
actual,8.170000,304.145000,0.548895,-1.049740,1.050626,-1.050592,-0.800066,-0.000180
actual,8.175000,304.150000,0.548184,-1.049740,1.050626,-1.050592,-0.800066,-0.000180
actual,8.180000,304.155000,0.547283,-1.049740,1.050626,-1.050592,-0.800066,-0.000180
actual,8.185000,304.160000,0.546196,-1.049740,1.050626,-1.050592,-0.800066,-0.000180
actual,8.190000,304.165000,0.544926,-1.049740,1.050626,-1.050592,-0.800066,-0.000180
actual,8.195000,304.170000,0.543479,-1.049740,1.050626,-1.050592,-0.800066,-0.000180
actual,8.200000,304.175000,0.541861,-1.049740,1.050626,-1.050592,-0.800066,-0.000180
actual,8.205000,304.180000,0.540078,-1.049740,1.050626,-1.050592,-0.800066,-0.000180
actual,8.210000,304.185000,0.538137,-1.049740,1.050626,-1.050592,-0.800066,-0.000180
actual,8.215000,304.190000,0.536045,-1.049740,1.050626,-1.050592,-0.800066,-0.000180
actual,8.220000,304.195000,0.533811,-1.049740,1.050626,-1.050592,-0.800066,-0.000180
actual,8.225000,304.200000,0.531444,-1.049740,1.050626,-1.050592,-0.800066,-0.000180
actual,8.230000,304.205000,0.528953,-1.049740,1.050626,-1.050592,-0.800066,-0.000180
actual,8.235000,304.210000,0.526348,-1.049740,1.050626,-1.050592,-0.800066,-0.000180
actual,8.240000,304.215000,0.523639,-1.049740,1.050626,-1.050592,-0.800066,-0.000180
actual,8.245000,304.220000,0.520837,-1.049740,1.050626,-1.050592,-0.800066,-0.000180
actual,8.250000,304.225000,0.517953,-1.049740,1.050626,-1.050592,-0.800066,-0.000180
actual,8.255000,304.230000,0.514998,-1.049740,1.050626,-1.050592,-0.800066,-0.000180
actual,8.260000,304.235000,0.511984,-1.049740,1.050626,-1.050592,-0.800066,-0.000180
actual,8.265000,304.240000,0.508923,-1.049740,1.050626,-1.050592,-0.800066,-0.000180
actual,8.270000,304.245000,0.505826,-1.049740,1.050626,-1.050592,-0.800066,-0.000180
actual,8.275000,304.250000,0.502707,-1.049740,1.050626,-1.050592,-0.800066,-0.000180
actual,8.280000,304.255000,0.499578,-1.049740,1.050626,-1.050592,-0.800066,-0.000180
actual,8.285000,304.260000,0.496450,-1.049740,1.050626,-1.050592,-0.800066,-0.000180
actual,8.290000,304.265000,0.493337,-1.049740,1.050626,-1.050592,-0.800066,-0.000180
actual,8.295000,304.270000,0.490249,-1.049740,1.050626,-1.050592,-0.800066,-0.000180
actual,8.300000,304.275000,0.487201,-1.049740,1.050626,-1.050592,-0.800066,-0.000180
actual,8.305000,304.280000,0.484203,-1.049740,1.050626,-1.050592,-0.800066,-0.000180
actual,8.310000,304.285000,0.481268,-1.049740,1.050626,-1.050592,-0.800066,-0.000180
actual,8.315000,304.290000,0.478406,-1.049740,1.050626,-1.050592,-0.800066,-0.000180
actual,8.320000,304.295000,0.475630,-1.049740,1.050626,-1.050592,-0.800066,-0.000180
actual,8.325000,304.300000,0.472951,-1.049740,1.050626,-1.050592,-0.800066,-0.000180
actual,8.330000,304.305000,0.470378,-1.049740,1.050626,-1.050592,-0.800066,-0.000180
actual,8.335000,304.310000,0.467922,-1.049740,1.050626,-1.050592,-0.800066,-0.000180
actual,8.340000,304.315000,0.465593,-1.049740,1.050626,-1.050592,-0.800066,-0.000180
actual,8.345000,304.320000,0.463400,-1.049740,1.050626,-1.050592,-0.800066,-0.000180
actual,8.350000,304.325000,0.461352,-1.049740,1.050626,-1.050592,-0.800066,-0.000180
actual,8.355000,304.330000,0.459456,-1.049740,1.050626,-1.050592,-0.800066,-0.000180
actual,8.360000,304.335000,0.457720,-1.049740,1.050626,-1.050592,-0.800066,-0.000180
actual,8.365000,304.340000,0.456152,-1.049740,1.050626,-1.050592,-0.800066,-0.000180
actual,8.370000,304.345000,0.454756,-1.049740,1.050626,-1.050592,-0.800066,-0.000180
actual,8.375000,304.350000,0.453540,-1.049740,1.050626,-1.050592,-0.800066,-0.000180
actual,8.380000,304.355000,0.452506,-1.049740,1.050626,-1.050592,-0.800066,-0.000180
actual,8.385000,304.360000,0.451661,-1.049740,1.050626,-1.050592,-0.800066,-0.000180
actual,8.390000,304.365000,0.451006,-1.049740,1.050626,-1.050592,-0.800066,-0.000180
actual,8.395000,304.370000,0.450545,-1.049740,1.050626,-1.050592,-0.800066,-0.000180
actual,8.400000,304.375000,0.450279,-1.049740,1.050626,-1.050592,-0.800066,-0.000180
actual,8.405000,304.380000,0.450209,-1.049740,1.050626,-1.050592,-0.800066,-0.000180
actual,8.410000,304.385000,0.450337,-1.049740,1.050626,-1.050592,-0.800066,-0.000180
actual,8.415000,304.390000,0.450660,-1.049740,1.050626,-1.050592,-0.800066,-0.000180
actual,8.420000,304.395000,0.451178,-1.049740,1.050626,-1.050592,-0.800066,-0.000180
actual,8.425000,304.400000,0.451889,-1.049740,1.050626,-1.050592,-0.800066,-0.000180
actual,8.430000,304.405000,0.452790,-1.049740,1.050626,-1.050592,-0.800066,-0.000180
actual,8.435000,304.410000,0.453877,-1.049740,1.050626,-1.050592,-0.800066,-0.000180
actual,8.440000,304.415000,0.455147,-1.049740,1.050626,-1.050592,-0.800066,-0.000180
actual,8.445000,304.420000,0.456594,-1.049740,1.050626,-1.050592,-0.800066,-0.000180
actual,8.450000,304.425000,0.458212,-1.049740,1.050626,-1.050592,-0.800066,-0.000180
actual,8.455000,304.430000,0.459995,-1.049740,1.050626,-1.050592,-0.800066,-0.000180
actual,8.460000,304.435000,0.461936,-1.049740,1.050626,-1.050592,-0.800066,-0.000180
actual,8.465000,304.440000,0.464028,-1.049740,1.050626,-1.050592,-0.800066,-0.000180
actual,8.470000,304.445000,0.466262,-1.049740,1.050626,-1.050592,-0.800066,-0.000180
actual,8.475000,304.450000,0.468629,-1.049740,1.050626,-1.050592,-0.800066,-0.000180
actual,8.480000,304.455000,0.471120,-1.049740,1.050626,-1.050592,-0.800066,-0.000180
actual,8.485000,304.460000,0.473725,-1.049740,1.050626,-1.050592,-0.800066,-0.000180
actual,8.490000,304.465000,0.476434,-1.049740,1.050626,-1.050592,-0.800066,-0.000180
actual,8.495000,304.470000,0.479236,-1.049740,1.050626,-1.050592,-0.800066,-0.000180
actual,8.500000,304.475000,0.482120,-1.049740,1.050626,-1.050592,-0.800066,-0.000180
actual,8.505000,304.480000,0.485075,-1.049740,1.050626,-1.050592,-0.800066,-0.000180
actual,8.510000,304.485000,0.488089,-1.049740,1.050626,-1.050592,-0.800066,-0.000180
actual,8.515000,304.490000,0.491150,-1.049740,1.050626,-1.050592,-0.800066,-0.000180
actual,8.520000,304.495000,0.494246,-1.049740,1.050626,-1.050592,-0.800066,-0.000180
actual,8.525000,304.500000,0.497365,-1.049740,1.050626,-1.050592,-0.800066,-0.000180
actual,8.530000,304.505000,0.500495,-1.049740,1.050626,-1.050592,-0.800066,-0.000180
actual,8.535000,304.510000,0.503623,-1.049740,1.050626,-1.050592,-0.800066,-0.000180
actual,8.540000,304.515000,0.506736,-1.049740,1.050626,-1.050592,-0.800066,-0.000180
actual,8.545000,304.520000,0.509823,-1.049740,1.050626,-1.050592,-0.800066,-0.000180
actual,8.550000,304.525000,0.512872,-1.049740,1.050626,-1.050592,-0.800066,-0.000180
actual,8.555000,304.530000,0.515870,-1.049740,1.050626,-1.050592,-0.800066,-0.000180
actual,8.560000,304.535000,0.518805,-1.049740,1.050626,-1.050592,-0.800066,-0.000180
actual,8.565000,304.540000,0.521667,-1.049740,1.050626,-1.050592,-0.800066,-0.000180
actual,8.570000,304.545000,0.524443,-1.049740,1.050626,-1.050592,-0.800066,-0.000180
actual,8.580000,304.555000,0.529695,-1.049740,1.050626,-1.050592,-0.800066,-0.000180
actual,8.585000,304.560000,0.532151,-1.049740,1.050626,-1.050592,-0.800066,-0.000180
actual,8.590000,304.565000,0.534480,-1.049740,1.050626,-1.050592,-0.800066,-0.000180
actual,8.595000,304.570000,0.536673,-1.049740,1.050626,-1.050592,-0.800066,-0.000180
actual,8.600000,304.575000,0.538721,-1.049740,1.050626,-1.050592,-0.800066,-0.000180
actual,8.605000,304.580000,0.540617,-1.049740,1.050626,-1.050592,-0.800066,-0.000180
actual,8.610000,304.585000,0.542352,-1.049740,1.050626,-1.050592,-0.800066,-0.000180
actual,8.615000,304.590000,0.543921,-1.049740,1.050626,-1.050592,-0.800066,-0.000180
actual,8.620000,304.595000,0.545317,-1.049740,1.050626,-1.050592,-0.800066,-0.000180
actual,8.625000,304.600000,0.546533,-1.049740,1.050626,-1.050592,-0.800066,-0.000180
actual,8.630000,304.605000,0.547566,-1.049740,1.050626,-1.050592,-0.800066,-0.000180
actual,8.635000,304.610000,0.548412,-1.049740,1.050626,-1.050592,-0.800066,-0.000180
actual,8.640000,304.615000,0.549067,-1.049740,1.050626,-1.050592,-0.800066,-0.000180
actual,8.645000,304.620000,0.549528,-1.049740,1.050626,-1.050592,-0.800066,-0.000180
actual,8.650000,304.625000,0.549794,-1.049740,1.050626,-1.050592,-0.800066,-0.000180
actual,8.655000,304.630000,0.549863,-1.049740,1.050626,-1.050592,-0.800066,-0.000180
actual,8.660000,304.635000,0.549736,-1.049740,1.050626,-1.050592,-0.800066,-0.000180
actual,8.665000,304.640000,0.549413,-1.049740,1.050626,-1.050592,-0.800066,-0.000180
actual,8.670000,304.645000,0.548895,-1.049740,1.050626,-1.050592,-0.800066,-0.000180
actual,8.675000,304.650000,0.548184,-1.049740,1.050626,-1.050592,-0.800066,-0.000180
actual,8.680000,304.655000,0.547283,-1.049740,1.050626,-1.050592,-0.800066,-0.000180
actual,8.685000,304.660000,0.546196,-1.049740,1.050626,-1.050592,-0.800066,-0.000180
actual,8.690000,304.665000,0.544926,-1.049740,1.050626,-1.050592,-0.800066,-0.000180
actual,8.695000,304.670000,0.543479,-1.049740,1.050626,-1.050592,-0.800066,-0.000180
actual,8.700000,304.675000,0.541861,-1.049740,1.050626,-1.050592,-0.800066,-0.000180
actual,8.705000,304.680000,0.540078,-1.049740,1.050626,-1.050592,-0.800066,-0.000180
actual,8.710000,304.685000,0.538137,-1.049740,1.050626,-1.050592,-0.800066,-0.000180
actual,8.715000,304.690000,0.536045,-1.049740,1.050626,-1.050592,-0.800066,-0.000180
actual,8.720000,304.695000,0.533811,-1.049740,1.050626,-1.050592,-0.800066,-0.000180
actual,8.725000,304.700000,0.531444,-1.049740,1.050626,-1.050592,-0.800066,-0.000180
actual,8.730000,304.705000,0.528953,-1.049740,1.050626,-1.050592,-0.800066,-0.000180
actual,8.735000,304.710000,0.526348,-1.049740,1.050626,-1.050592,-0.800066,-0.000180
actual,8.740000,304.715000,0.523639,-1.049740,1.050626,-1.050592,-0.800066,-0.000180
actual,8.745000,304.720000,0.520837,-1.049740,1.050626,-1.050592,-0.800066,-0.000180
actual,8.750000,304.725000,0.517953,-1.049740,1.050626,-1.050592,-0.800066,-0.000180
actual,8.755000,304.730000,0.514998,-1.049740,1.050626,-1.050592,-0.800066,-0.000180
actual,8.760000,304.735000,0.511984,-1.049740,1.050626,-1.050592,-0.800066,-0.000180
actual,8.765000,304.740000,0.508923,-1.049740,1.050626,-1.050592,-0.800066,-0.000180
actual,8.770000,304.745000,0.505826,-1.049740,1.050626,-1.050592,-0.800066,-0.000180
actual,8.775000,304.750000,0.502707,-1.049740,1.050626,-1.050592,-0.800066,-0.000180
actual,8.780000,304.755000,0.499578,-1.049740,1.050626,-1.050592,-0.800066,-0.000180
actual,8.785000,304.760000,0.496450,-1.049740,1.050626,-1.050592,-0.800066,-0.000180
actual,8.790000,304.765000,0.493337,-1.049740,1.050626,-1.050592,-0.800066,-0.000180
actual,8.795000,304.770000,0.490249,-1.049740,1.050626,-1.050592,-0.800066,-0.000180
actual,8.800000,304.775000,0.487201,-1.049740,1.050626,-1.050592,-0.800066,-0.000180
actual,8.805000,304.780000,0.484203,-1.049740,1.050626,-1.050592,-0.800066,-0.000180
actual,8.810000,304.785000,0.481268,-1.049740,1.050626,-1.050592,-0.800066,-0.000180
actual,8.815000,304.790000,0.478406,-1.049740,1.050626,-1.050592,-0.800066,-0.000180
actual,8.820000,304.795000,0.475630,-1.049740,1.050626,-1.050592,-0.800066,-0.000180
actual,8.825000,304.800000,0.472951,-1.049740,1.050626,-1.050592,-0.800066,-0.000180
actual,8.830000,304.805000,0.470378,-1.049740,1.050626,-1.050592,-0.800066,-0.000180
actual,8.835000,304.810000,0.467922,-1.049740,1.050626,-1.050592,-0.800066,-0.000180
actual,8.840000,304.815000,0.465593,-1.049740,1.050626,-1.050592,-0.800066,-0.000180
actual,8.845000,304.820000,0.463400,-1.049740,1.050626,-1.050592,-0.800066,-0.000180
actual,8.850000,304.825000,0.461352,-1.049740,1.050626,-1.050592,-0.800066,-0.000180
actual,8.855000,304.830000,0.459456,-1.049740,1.050626,-1.050592,-0.800066,-0.000180
actual,8.860000,304.835000,0.457720,-1.049740,1.050626,-1.050592,-0.800066,-0.000180
actual,8.865000,304.840000,0.456152,-1.049740,1.050626,-1.050592,-0.800066,-0.000180
actual,8.870000,304.845000,0.454756,-1.049740,1.050626,-1.050592,-0.800066,-0.000180
actual,8.875000,304.850000,0.453540,-1.049740,1.050626,-1.050592,-0.800066,-0.000180
actual,8.880000,304.855000,0.452506,-1.049740,1.050626,-1.050592,-0.800066,-0.000180
actual,8.885000,304.860000,0.451661,-1.049740,1.050626,-1.050592,-0.800066,-0.000180
actual,8.890000,304.865000,0.451006,-1.049740,1.050626,-1.050592,-0.800066,-0.000180
actual,8.895000,304.870000,0.450545,-1.049740,1.050626,-1.050592,-0.800066,-0.000180
actual,8.900000,304.875000,0.450279,-1.049740,1.050626,-1.050592,-0.800066,-0.000180
actual,8.905000,304.880000,0.450209,-1.049740,1.050626,-1.050592,-0.800066,-0.000180
actual,8.910000,304.885000,0.450337,-1.049740,1.050626,-1.050592,-0.800066,-0.000180
actual,8.915000,304.890000,0.450660,-1.049740,1.050626,-1.050592,-0.800066,-0.000180
actual,8.920000,304.895000,0.451178,-1.049740,1.050626,-1.050592,-0.800066,-0.000180
actual,8.925000,304.900000,0.451889,-1.049740,1.050626,-1.050592,-0.800066,-0.000180
actual,8.930000,304.905000,0.452790,-1.049740,1.050626,-1.050592,-0.800066,-0.000180
actual,8.935000,304.910000,0.453877,-1.049740,1.050626,-1.050592,-0.800066,-0.000180
actual,8.940000,304.915000,0.455147,-1.049740,1.050626,-1.050592,-0.800066,-0.000180
actual,8.945000,304.920000,0.456594,-1.049740,1.050626,-1.050592,-0.800066,-0.000180
actual,8.950000,304.925000,0.458212,-1.049740,1.050626,-1.050592,-0.800066,-0.000180
actual,8.955000,304.930000,0.459995,-1.049740,1.050626,-1.050592,-0.800066,-0.000180
actual,8.960000,304.935000,0.461936,-1.049740,1.050626,-1.050592,-0.800066,-0.000180
actual,8.965000,304.940000,0.464028,-1.049740,1.050626,-1.050592,-0.800066,-0.000180
actual,8.970000,304.945000,0.466262,-1.049740,1.050626,-1.050592,-0.800066,-0.000180
actual,8.975000,304.950000,0.468629,-1.049740,1.050626,-1.050592,-0.800066,-0.000180
actual,8.980000,304.955000,0.471120,-1.049740,1.050626,-1.050592,-0.800066,-0.000180
actual,8.985000,304.960000,0.473725,-1.049740,1.050626,-1.050592,-0.800066,-0.000180
actual,8.990000,304.965000,0.476434,-1.049740,1.050626,-1.050592,-0.800066,-0.000180
actual,8.995000,304.970000,0.479236,-1.049740,1.050626,-1.050592,-0.800066,-0.000180
actual,9.000000,304.975000,0.482120,-1.049740,1.050626,-1.050592,-0.800066,-0.000180
actual,9.005000,304.980000,0.485075,-1.049740,1.050626,-1.050592,-0.800066,-0.000180
actual,9.010000,304.985000,0.488089,-1.049740,1.050626,-1.050592,-0.800066,-0.000180
actual,9.015000,304.990000,0.491150,-1.049740,1.050626,-1.050592,-0.800066,-0.000180
actual,9.020000,304.995000,0.494246,-1.049740,1.050626,-1.050592,-0.800066,-0.000180
actual,9.025000,305.000000,0.497365,-1.049740,1.050626,-1.050592,-0.800066,-0.000180
actual,9.030000,305.005000,0.500495,-1.049740,1.050626,-1.050592,-0.800066,-0.000180
actual,9.035000,305.010000,0.503623,-1.049740,1.050626,-1.050592,-0.800066,-0.000180
actual,9.040000,305.015000,0.506736,-1.049740,1.050626,-1.050592,-0.800066,-0.000180
actual,9.045000,305.020000,0.509823,-1.049740,1.050626,-1.050592,-0.800066,-0.000180
actual,9.050000,305.025000,0.512872,-1.049740,1.050626,-1.050592,-0.800066,-0.000180
actual,9.055000,305.030000,0.515870,-1.049740,1.050626,-1.050592,-0.800066,-0.000180
actual,9.060000,305.035000,0.518805,-1.049740,1.050626,-1.050592,-0.800066,-0.000180
actual,9.065000,305.040000,0.521667,-1.049740,1.050626,-1.050592,-0.800066,-0.000180
actual,9.070000,305.045000,0.524443,-1.049740,1.050626,-1.050592,-0.800066,-0.000180
actual,9.075000,305.050000,0.527122,-1.049740,1.050626,-1.050592,-0.800066,-0.000180
actual,9.080000,305.055000,0.529695,-1.049740,1.050626,-1.050592,-0.800066,-0.000180
actual,9.085000,305.060000,0.532151,-1.049740,1.050626,-1.050592,-0.800066,-0.000180
actual,9.090000,305.065000,0.534480,-1.049740,1.050626,-1.050592,-0.800066,-0.000180
actual,9.095000,305.070000,0.536673,-1.049740,1.050626,-1.050592,-0.800066,-0.000180
actual,9.100000,305.075000,0.538721,-1.049740,1.050626,-1.050592,-0.800066,-0.000180
actual,9.105000,305.080000,0.540617,-1.049740,1.050626,-1.050592,-0.800066,-0.000180
actual,9.110000,305.085000,0.542352,-1.049740,1.050626,-1.050592,-0.800066,-0.000180
actual,9.115000,305.090000,0.543921,-1.049740,1.050626,-1.050592,-0.800066,-0.000180
actual,9.120000,305.095000,0.545317,-1.049740,1.050626,-1.050592,-0.800066,-0.000180
actual,9.125000,305.100000,0.546533,-1.049740,1.050626,-1.050592,-0.800066,-0.000180
actual,9.130000,305.105000,0.547566,-1.049740,1.050626,-1.050592,-0.800066,-0.000180
actual,9.135000,305.110000,0.548412,-1.049740,1.050626,-1.050592,-0.800066,-0.000180
actual,9.140000,305.115000,0.549067,-1.049740,1.050626,-1.050592,-0.800066,-0.000180
actual,9.145000,305.120000,0.549528,-1.049740,1.050626,-1.050592,-0.800066,-0.000180
actual,9.150000,305.125000,0.549794,-1.049740,1.050626,-1.050592,-0.800066,-0.000180
actual,9.155000,305.130000,0.549863,-1.049740,1.050626,-1.050592,-0.800066,-0.000180
actual,9.160000,305.135000,0.549736,-1.049740,1.050626,-1.050592,-0.800066,-0.000180
actual,9.165000,305.140000,0.549413,-1.049740,1.050626,-1.050592,-0.800066,-0.000180
actual,9.170000,305.145000,0.548895,-1.049740,1.050626,-1.050592,-0.800066,-0.000180
actual,9.175000,305.150000,0.548184,-1.049740,1.050626,-1.050592,-0.800066,-0.000180
actual,9.180000,305.155000,0.547283,-1.049740,1.050626,-1.050592,-0.800066,-0.000180
actual,9.185000,305.160000,0.546196,-1.049740,1.050626,-1.050592,-0.800066,-0.000180
actual,9.190000,305.165000,0.544926,-1.049740,1.050626,-1.050592,-0.800066,-0.000180
actual,9.195000,305.170000,0.543479,-1.049740,1.050626,-1.050592,-0.800066,-0.000180
actual,9.200000,305.175000,0.541861,-1.049740,1.050626,-1.050592,-0.800066,-0.000180
actual,9.205000,305.180000,0.540078,-1.049740,1.050626,-1.050592,-0.800066,-0.000180
actual,9.210000,305.185000,0.538137,-1.049740,1.050626,-1.050592,-0.800066,-0.000180
actual,9.215000,305.190000,0.536045,-1.049740,1.050626,-1.050592,-0.800066,-0.000180
actual,9.220000,305.195000,0.533811,-1.049740,1.050626,-1.050592,-0.800066,-0.000180
actual,9.225000,305.200000,0.531444,-1.049740,1.050626,-1.050592,-0.800066,-0.000180
actual,9.230000,305.205000,0.528953,-1.049740,1.050626,-1.050592,-0.800066,-0.000180
actual,9.235000,305.210000,0.526348,-1.049740,1.050626,-1.050592,-0.800066,-0.000180
actual,9.240000,305.215000,0.523639,-1.049740,1.050626,-1.050592,-0.800066,-0.000180
actual,9.245000,305.220000,0.520837,-1.049740,1.050626,-1.050592,-0.800066,-0.000180
actual,9.250000,305.225000,0.517953,-1.049740,1.050626,-1.050592,-0.800066,-0.000180
actual,9.255000,305.230000,0.514998,-1.049740,1.050626,-1.050592,-0.800066,-0.000180
actual,9.260000,305.235000,0.511984,-1.049740,1.050626,-1.050592,-0.800066,-0.000180
actual,9.265000,305.240000,0.508923,-1.049740,1.050626,-1.050592,-0.800066,-0.000180
actual,9.270000,305.245000,0.505826,-1.049740,1.050626,-1.050592,-0.800066,-0.000180
actual,9.275000,305.250000,0.502707,-1.049740,1.050626,-1.050592,-0.800066,-0.000180
actual,9.280000,305.255000,0.499578,-1.049740,1.050626,-1.050592,-0.800066,-0.000180
actual,9.285000,305.260000,0.496450,-1.049740,1.050626,-1.050592,-0.800066,-0.000180
actual,9.290000,305.265000,0.493337,-1.049740,1.050626,-1.050592,-0.800066,-0.000180
actual,9.295000,305.270000,0.490249,-1.049740,1.050626,-1.050592,-0.800066,-0.000180
actual,9.300000,305.275000,0.487201,-1.049740,1.050626,-1.050592,-0.800066,-0.000180
actual,9.305000,305.280000,0.484203,-1.049740,1.050626,-1.050592,-0.800066,-0.000180
actual,9.310000,305.285000,0.481268,-1.049740,1.050626,-1.050592,-0.800066,-0.000180
actual,9.315000,305.290000,0.478406,-1.049740,1.050626,-1.050592,-0.800066,-0.000180
actual,9.320000,305.295000,0.475630,-1.049740,1.050626,-1.050592,-0.800066,-0.000180
actual,9.325000,305.300000,0.472951,-1.049740,1.050626,-1.050592,-0.800066,-0.000180
actual,9.330000,305.305000,0.470378,-1.049740,1.050626,-1.050592,-0.800066,-0.000180
actual,9.335000,305.310000,0.467922,-1.049740,1.050626,-1.050592,-0.800066,-0.000180
actual,9.340000,305.315000,0.465593,-1.049740,1.050626,-1.050592,-0.800066,-0.000180
actual,9.345000,305.320000,0.463400,-1.049740,1.050626,-1.050592,-0.800066,-0.000180
actual,9.350000,305.325000,0.461352,-1.049740,1.050626,-1.050592,-0.800066,-0.000180
actual,9.355000,305.330000,0.459456,-1.049740,1.050626,-1.050592,-0.800066,-0.000180
actual,9.360000,305.335000,0.457720,-1.049740,1.050626,-1.050592,-0.800066,-0.000180
actual,9.365000,305.340000,0.456152,-1.049740,1.050626,-1.050592,-0.800066,-0.000180
actual,9.370000,305.345000,0.454756,-1.049740,1.050626,-1.050592,-0.800066,-0.000180
actual,9.375000,305.350000,0.453540,-1.049740,1.050626,-1.050592,-0.800066,-0.000180
actual,9.380000,305.355000,0.452506,-1.049740,1.050626,-1.050592,-0.800066,-0.000180
actual,9.385000,305.360000,0.451661,-1.049740,1.050626,-1.050592,-0.800066,-0.000180
actual,9.390000,305.365000,0.451006,-1.049740,1.050626,-1.050592,-0.800066,-0.000180
actual,9.395000,305.370000,0.450545,-1.049740,1.050626,-1.050592,-0.800066,-0.000180
actual,9.400000,305.375000,0.450279,-1.049740,1.050626,-1.050592,-0.800066,-0.000180
actual,9.405000,305.380000,0.450209,-1.049740,1.050626,-1.050592,-0.800066,-0.000180
actual,9.410000,305.385000,0.450337,-1.049740,1.050626,-1.050592,-0.800066,-0.000180
actual,9.415000,305.390000,0.450660,-1.049740,1.050626,-1.050592,-0.800066,-0.000180
actual,9.420000,305.395000,0.451178,-1.049740,1.050626,-1.050592,-0.800066,-0.000180
actual,9.425000,305.400000,0.451889,-1.049740,1.050626,-1.050592,-0.800066,-0.000180
actual,9.430000,305.405000,0.452790,-1.049740,1.050626,-1.050592,-0.800066,-0.000180
actual,9.435000,305.410000,0.453877,-1.049740,1.050626,-1.050592,-0.800066,-0.000180
actual,9.440000,305.415000,0.455147,-1.049740,1.050626,-1.050592,-0.800066,-0.000180
actual,9.445000,305.420000,0.456594,-1.049740,1.050626,-1.050592,-0.800066,-0.000180
actual,9.450000,305.425000,0.458212,-1.049740,1.050626,-1.050592,-0.800066,-0.000180
actual,9.455000,305.430000,0.459995,-1.049740,1.050626,-1.050592,-0.800066,-0.000180
actual,9.460000,305.435000,0.461936,-1.049740,1.050626,-1.050592,-0.800066,-0.000180
actual,9.465000,305.440000,0.464028,-1.049740,1.050626,-1.050592,-0.800066,-0.000180
actual,9.470000,305.445000,0.466262,-1.049740,1.050626,-1.050592,-0.800066,-0.000180
actual,9.475000,305.450000,0.468629,-1.049740,1.050626,-1.050592,-0.800066,-0.000180
actual,9.480000,305.455000,0.471120,-1.049740,1.050626,-1.050592,-0.800066,-0.000180
actual,9.485000,305.460000,0.473725,-1.049740,1.050626,-1.050592,-0.800066,-0.000180
actual,9.490000,305.465000,0.476434,-1.049740,1.050626,-1.050592,-0.800066,-0.000180
actual,9.495000,305.470000,0.479236,-1.049740,1.050626,-1.050592,-0.800066,-0.000180
actual,9.500000,305.475000,0.482120,-1.049740,1.050626,-1.050592,-0.800066,-0.000180
actual,9.505000,305.480000,0.485075,-1.049740,1.050626,-1.050592,-0.800066,-0.000180
actual,9.510000,305.485000,0.488089,-1.049740,1.050626,-1.050592,-0.800066,-0.000180
actual,9.515000,305.490000,0.491150,-1.049740,1.050626,-1.050592,-0.800066,-0.000180
actual,9.520000,305.495000,0.494246,-1.049740,1.050626,-1.050592,-0.800066,-0.000180
actual,9.525000,305.500000,0.497365,-1.049740,1.050626,-1.050592,-0.800066,-0.000180
actual,9.530000,305.505000,0.500495,-1.049740,1.050626,-1.050592,-0.800066,-0.000180
actual,9.535000,305.510000,0.503623,-1.049740,1.050626,-1.050592,-0.800066,-0.000180
actual,9.540000,305.515000,0.506736,-1.049740,1.050626,-1.050592,-0.800066,-0.000180
actual,9.545000,305.520000,0.509823,-1.049740,1.050626,-1.050592,-0.800066,-0.000180
actual,9.550000,305.525000,0.512872,-1.049740,1.050626,-1.050592,-0.800066,-0.000180
actual,9.555000,305.530000,0.515870,-1.049740,1.050626,-1.050592,-0.800066,-0.000180
actual,9.560000,305.535000,0.518805,-1.049740,1.050626,-1.050592,-0.800066,-0.000180
actual,9.565000,305.540000,0.521667,-1.049740,1.050626,-1.050592,-0.800066,-0.000180
actual,9.570000,305.545000,0.524443,-1.049740,1.050626,-1.050592,-0.800066,-0.000180
actual,9.575000,305.550000,0.527122,-1.049740,1.050626,-1.050592,-0.800066,-0.000180
actual,9.580000,305.555000,0.529695,-1.049740,1.050626,-1.050592,-0.800066,-0.000180
actual,9.585000,305.560000,0.532151,-1.049740,1.050626,-1.050592,-0.800066,-0.000180
actual,9.590000,305.565000,0.534480,-1.049740,1.050626,-1.050592,-0.800066,-0.000180
actual,9.595000,305.570000,0.536673,-1.049740,1.050626,-1.050592,-0.800066,-0.000180
actual,9.600000,305.575000,0.538721,-1.049740,1.050626,-1.050592,-0.800066,-0.000180
actual,9.605000,305.580000,0.540617,-1.049740,1.050626,-1.050592,-0.800066,-0.000180
actual,9.610000,305.585000,0.542352,-1.049740,1.050626,-1.050592,-0.800066,-0.000180
actual,9.615000,305.590000,0.543921,-1.049740,1.050626,-1.050592,-0.800066,-0.000180
actual,9.620000,305.595000,0.545317,-1.049740,1.050626,-1.050592,-0.800066,-0.000180
actual,9.625000,305.600000,0.546533,-1.049740,1.050626,-1.050592,-0.800066,-0.000180
actual,9.630000,305.605000,0.547566,-1.049740,1.050626,-1.050592,-0.800066,-0.000180
actual,9.635000,305.610000,0.548412,-1.049740,1.050626,-1.050592,-0.800066,-0.000180
actual,9.640000,305.615000,0.549067,-1.049740,1.050626,-1.050592,-0.800066,-0.000180
actual,9.645000,305.620000,0.549528,-1.049740,1.050626,-1.050592,-0.800066,-0.000180
actual,9.650000,305.625000,0.549794,-1.049740,1.050626,-1.050592,-0.800066,-0.000180
actual,9.655000,305.630000,0.549863,-1.049740,1.050626,-1.050592,-0.800066,-0.000180
actual,9.660000,305.635000,0.549736,-1.049740,1.050626,-1.050592,-0.800066,-0.000180
actual,9.665000,305.640000,0.549413,-1.049740,1.050626,-1.050592,-0.800066,-0.000180
actual,9.670000,305.645000,0.548895,-1.049740,1.050626,-1.050592,-0.800066,-0.000180
actual,9.675000,305.650000,0.548184,-1.049740,1.050626,-1.050592,-0.800066,-0.000180
actual,9.680000,305.655000,0.547283,-1.049740,1.050626,-1.050592,-0.800066,-0.000180
actual,9.685000,305.660000,0.546196,-1.049740,1.050626,-1.050592,-0.800066,-0.000180
actual,9.690000,305.665000,0.544926,-1.049740,1.050626,-1.050592,-0.800066,-0.000180
actual,9.695000,305.670000,0.543479,-1.049740,1.050626,-1.050592,-0.800066,-0.000180
actual,9.700000,305.675000,0.541861,-1.049740,1.050626,-1.050592,-0.800066,-0.000180
actual,9.705000,305.680000,0.540078,-1.049740,1.050626,-1.050592,-0.800066,-0.000180
actual,9.710000,305.685000,0.538137,-1.049740,1.050626,-1.050592,-0.800066,-0.000180
actual,9.715000,305.690000,0.536045,-1.049740,1.050626,-1.050592,-0.800066,-0.000180
actual,9.720000,305.695000,0.533811,-1.049740,1.050626,-1.050592,-0.800066,-0.000180
actual,9.725000,305.700000,0.531444,-1.049740,1.050626,-1.050592,-0.800066,-0.000180
actual,9.730000,305.705000,0.528953,-1.049740,1.050626,-1.050592,-0.800066,-0.000180
actual,9.735000,305.710000,0.526348,-1.049740,1.050626,-1.050592,-0.800066,-0.000180
actual,9.740000,305.715000,0.523639,-1.049740,1.050626,-1.050592,-0.800066,-0.000180
actual,9.745000,305.720000,0.520837,-1.049740,1.050626,-1.050592,-0.800066,-0.000180
actual,9.750000,305.725000,0.517953,-1.049740,1.050626,-1.050592,-0.800066,-0.000180
actual,9.755000,305.730000,0.514998,-1.049740,1.050626,-1.050592,-0.800066,-0.000180
actual,9.760000,305.735000,0.511984,-1.049740,1.050626,-1.050592,-0.800066,-0.000180
actual,9.765000,305.740000,0.508923,-1.049740,1.050626,-1.050592,-0.800066,-0.000180
actual,9.770000,305.745000,0.505826,-1.049740,1.050626,-1.050592,-0.800066,-0.000180
actual,9.775000,305.750000,0.502707,-1.049740,1.050626,-1.050592,-0.800066,-0.000180
actual,9.780000,305.755000,0.499578,-1.049740,1.050626,-1.050592,-0.800066,-0.000180
actual,9.785000,305.760000,0.496450,-1.049740,1.050626,-1.050592,-0.800066,-0.000180
actual,9.790000,305.765000,0.493337,-1.049740,1.050626,-1.050592,-0.800066,-0.000180
actual,9.795000,305.770000,0.490249,-1.049740,1.050626,-1.050592,-0.800066,-0.000180
actual,9.800000,305.775000,0.487201,-1.049740,1.050626,-1.050592,-0.800066,-0.000180
actual,9.805000,305.780000,0.484203,-1.049740,1.050626,-1.050592,-0.800066,-0.000180
actual,9.810000,305.785000,0.481268,-1.049740,1.050626,-1.050592,-0.800066,-0.000180
actual,9.815000,305.790000,0.478406,-1.049740,1.050626,-1.050592,-0.800066,-0.000180
actual,9.820000,305.795000,0.475630,-1.049740,1.050626,-1.050592,-0.800066,-0.000180
actual,9.825000,305.800000,0.472951,-1.049740,1.050626,-1.050592,-0.800066,-0.000180
actual,9.830000,305.805000,0.470378,-1.049740,1.050626,-1.050592,-0.800066,-0.000180
actual,9.835000,305.810000,0.467922,-1.049740,1.050626,-1.050592,-0.800066,-0.000180
actual,9.840000,305.815000,0.465593,-1.049740,1.050626,-1.050592,-0.800066,-0.000180
actual,9.845000,305.820000,0.463400,-1.049740,1.050626,-1.050592,-0.800066,-0.000180
actual,9.850000,305.825000,0.461352,-1.049740,1.050626,-1.050592,-0.800066,-0.000180
actual,9.855000,305.830000,0.459456,-1.049740,1.050626,-1.050592,-0.800066,-0.000180
actual,9.860000,305.835000,0.457720,-1.049740,1.050626,-1.050592,-0.800066,-0.000180
actual,9.865000,305.840000,0.456152,-1.049740,1.050626,-1.050592,-0.800066,-0.000180
actual,9.870000,305.845000,0.454756,-1.049740,1.050626,-1.050592,-0.800066,-0.000180
actual,9.875000,305.850000,0.453540,-1.049740,1.050626,-1.050592,-0.800066,-0.000180
actual,9.880000,305.855000,0.452506,-1.049740,1.050626,-1.050592,-0.800066,-0.000180
actual,9.885000,305.860000,0.451661,-1.049740,1.050626,-1.050592,-0.800066,-0.000180
actual,9.890000,305.865000,0.451006,-1.049740,1.050626,-1.050592,-0.800066,-0.000180
actual,9.895000,305.870000,0.450545,-1.049740,1.050626,-1.050592,-0.800066,-0.000180
actual,9.900000,305.875000,0.450279,-1.049740,1.050626,-1.050592,-0.800066,-0.000180
actual,9.905000,305.880000,0.450209,-1.049740,1.050626,-1.050592,-0.800066,-0.000180
actual,9.910000,305.885000,0.450337,-1.049740,1.050626,-1.050592,-0.800066,-0.000180
actual,9.915000,305.890000,0.450660,-1.049740,1.050626,-1.050592,-0.800066,-0.000180
actual,9.920000,305.895000,0.451178,-1.049740,1.050626,-1.050592,-0.800066,-0.000180
actual,9.925000,305.900000,0.451889,-1.049740,1.050626,-1.050592,-0.800066,-0.000180
actual,9.930000,305.905000,0.452790,-1.049740,1.050626,-1.050592,-0.800066,-0.000180
actual,9.935000,305.910000,0.453877,-1.049740,1.050626,-1.050592,-0.800066,-0.000180
actual,9.940000,305.915000,0.455147,-1.049740,1.050626,-1.050592,-0.800066,-0.000180
actual,9.945000,305.920000,0.456594,-1.049740,1.050626,-1.050592,-0.800066,-0.000180
actual,9.950000,305.925000,0.458212,-1.049740,1.050626,-1.050592,-0.800066,-0.000180
actual,9.955000,305.930000,0.459995,-1.049740,1.050626,-1.050592,-0.800066,-0.000180
actual,9.960000,305.935000,0.461936,-1.049740,1.050626,-1.050592,-0.800066,-0.000180
actual,9.965000,305.940000,0.464028,-1.049740,1.050626,-1.050592,-0.800066,-0.000180
actual,9.970000,305.945000,0.466262,-1.049740,1.050626,-1.050592,-0.800066,-0.000180
actual,9.975000,305.950000,0.468629,-1.049740,1.050626,-1.050592,-0.800066,-0.000180
actual,9.980000,305.955000,0.471120,-1.049740,1.050626,-1.050592,-0.800066,-0.000180
actual,9.985000,305.960000,0.473725,-1.049740,1.050626,-1.050592,-0.800066,-0.000180
actual,9.990000,305.965000,0.476434,-1.049740,1.050626,-1.050592,-0.800066,-0.000180
actual,9.995000,305.970000,0.479236,-1.049740,1.050626,-1.050592,-0.800066,-0.000180
actual,10.000000,305.975000,0.482120,-1.049740,1.050626,-1.050592,-0.800066,-0.000180
actual,10.005000,305.980000,0.485075,-1.049740,1.050626,-1.050592,-0.800066,-0.000180
actual,10.010000,305.985000,0.488089,-1.049740,1.050626,-1.050592,-0.800066,-0.000180
actual,10.015000,305.990000,0.491150,-1.049740,1.050626,-1.050592,-0.800066,-0.000180
actual,10.020000,305.995000,0.494246,-1.049740,1.050626,-1.050592,-0.800066,-0.000180
actual,10.025000,306.000000,0.497365,-1.049740,1.050626,-1.050592,-0.800066,-0.000180
actual,10.030000,306.005000,0.500495,-1.049740,1.050626,-1.050592,-0.800066,-0.000180
actual,10.035000,306.010000,0.503623,-1.049740,1.050626,-1.050592,-0.800066,-0.000180
actual,10.040000,306.015000,0.506736,-1.049740,1.050626,-1.050592,-0.800066,-0.000180
actual,10.045000,306.020000,0.509823,-1.049740,1.050626,-1.050592,-0.800066,-0.000180
actual,10.050000,306.025000,0.512872,-1.049740,1.050626,-1.050592,-0.800066,-0.000180
actual,10.055000,306.030000,0.515870,-1.049740,1.050626,-1.050592,-0.800066,-0.000180
actual,10.060000,306.035000,0.518805,-1.049740,1.050626,-1.050592,-0.800066,-0.000180
actual,10.065000,306.040000,0.521667,-1.049740,1.050626,-1.050592,-0.800066,-0.000180
actual,10.070000,306.045000,0.524443,-1.049740,1.050626,-1.050592,-0.800066,-0.000180
actual,10.075000,306.050000,0.527122,-1.049740,1.050626,-1.050592,-0.800066,-0.000180
actual,10.080000,306.055000,0.529695,-1.049740,1.050626,-1.050592,-0.800066,-0.000180
actual,10.085000,306.060000,0.532151,-1.049740,1.050626,-1.050592,-0.800066,-0.000180
actual,10.090000,306.065000,0.534480,-1.049740,1.050626,-1.050592,-0.800066,-0.000180
actual,10.095000,306.070000,0.536673,-1.049740,1.050626,-1.050592,-0.800066,-0.000180
actual,10.100000,306.075000,0.538721,-1.049740,1.050626,-1.050592,-0.800066,-0.000180
actual,10.105000,306.080000,0.540617,-1.049740,1.050626,-1.050592,-0.800066,-0.000180
actual,10.110000,306.085000,0.542352,-1.049740,1.050626,-1.050592,-0.800066,-0.000180
actual,10.115000,306.090000,0.543921,-1.049740,1.050626,-1.050592,-0.800066,-0.000180
actual,10.120000,306.095000,0.545317,-1.049740,1.050626,-1.050592,-0.800066,-0.000180
actual,10.125000,306.100000,0.546533,-1.049740,1.050626,-1.050592,-0.800066,-0.000180
actual,10.130000,306.105000,0.547566,-1.049740,1.050626,-1.050592,-0.800066,-0.000180
actual,10.135000,306.110000,0.548412,-1.049740,1.050626,-1.050592,-0.800066,-0.000180
actual,10.140000,306.115000,0.549067,-1.049740,1.050626,-1.050592,-0.800066,-0.000180
actual,10.145000,306.120000,0.549528,-1.049740,1.050626,-1.050592,-0.800066,-0.000180
actual,10.150000,306.125000,0.549794,-1.049740,1.050626,-1.050592,-0.800066,-0.000180
actual,10.155000,306.130000,0.549863,-1.049740,1.050626,-1.050592,-0.800066,-0.000180
actual,10.160000,306.135000,0.549736,-1.049740,1.050626,-1.050592,-0.800066,-0.000180
actual,10.165000,306.140000,0.549413,-1.049740,1.050626,-1.050592,-0.800066,-0.000180
actual,10.170000,306.145000,0.548895,-1.049740,1.050626,-1.050592,-0.800066,-0.000180
actual,10.175000,306.150000,0.548184,-1.049740,1.050626,-1.050592,-0.800066,-0.000180
actual,10.180000,306.155000,0.547283,-1.049740,1.050626,-1.050592,-0.800066,-0.000180
actual,10.185000,306.160000,0.546196,-1.049740,1.050626,-1.050592,-0.800066,-0.000180
actual,10.190000,306.165000,0.544926,-1.049740,1.050626,-1.050592,-0.800066,-0.000180
actual,10.195000,306.170000,0.543479,-1.049740,1.050626,-1.050592,-0.800066,-0.000180
actual,10.200000,306.175000,0.541861,-1.049740,1.050626,-1.050592,-0.800066,-0.000180
actual,10.205000,306.180000,0.540078,-1.049740,1.050626,-1.050592,-0.800066,-0.000180
actual,10.210000,306.185000,0.538137,-1.049740,1.050626,-1.050592,-0.800066,-0.000180
actual,10.215000,306.190000,0.536045,-1.049740,1.050626,-1.050592,-0.800066,-0.000180
actual,10.220000,306.195000,0.533811,-1.049740,1.050626,-1.050592,-0.800066,-0.000180
actual,10.225000,306.200000,0.531444,-1.049740,1.050626,-1.050592,-0.800066,-0.000180
actual,10.230000,306.205000,0.528953,-1.049740,1.050626,-1.050592,-0.800066,-0.000180
actual,10.235000,306.210000,0.526348,-1.049740,1.050626,-1.050592,-0.800066,-0.000180
actual,10.240000,306.215000,0.523639,-1.049740,1.050626,-1.050592,-0.800066,-0.000180
actual,10.245000,306.220000,0.520837,-1.049740,1.050626,-1.050592,-0.800066,-0.000180
actual,10.250000,306.225000,0.517953,-1.049740,1.050626,-1.050592,-0.800066,-0.000180
actual,10.255000,306.230000,0.514998,-1.049740,1.050626,-1.050592,-0.800066,-0.000180
actual,10.260000,306.235000,0.511984,-1.049740,1.050626,-1.050592,-0.800066,-0.000180
actual,10.265000,306.240000,0.508923,-1.049740,1.050626,-1.050592,-0.800066,-0.000180
actual,10.270000,306.245000,0.505826,-1.049740,1.050626,-1.050592,-0.800066,-0.000180
actual,10.275000,306.250000,0.502707,-1.049740,1.050626,-1.050592,-0.800066,-0.000180
actual,10.280000,306.255000,0.499578,-1.049740,1.050626,-1.050592,-0.800066,-0.000180
actual,10.285000,306.260000,0.496450,-1.049740,1.050626,-1.050592,-0.800066,-0.000180
actual,10.290000,306.265000,0.493337,-1.049740,1.050626,-1.050592,-0.800066,-0.000180
actual,10.295000,306.270000,0.490249,-1.049740,1.050626,-1.050592,-0.800066,-0.000180
actual,10.300000,306.275000,0.487201,-1.049740,1.050626,-1.050592,-0.800066,-0.000180
actual,10.305000,306.280000,0.484203,-1.049740,1.050626,-1.050592,-0.800066,-0.000180
actual,10.310000,306.285000,0.481268,-1.049740,1.050626,-1.050592,-0.800066,-0.000180
actual,10.315000,306.290000,0.478406,-1.049740,1.050626,-1.050592,-0.800066,-0.000180
actual,10.320000,306.295000,0.475630,-1.049740,1.050626,-1.050592,-0.800066,-0.000180
actual,10.325000,306.300000,0.472951,-1.049740,1.050626,-1.050592,-0.800066,-0.000180
actual,10.330000,306.305000,0.470378,-1.049740,1.050626,-1.050592,-0.800066,-0.000180
actual,10.335000,306.310000,0.467922,-1.049740,1.050626,-1.050592,-0.800066,-0.000180
actual,10.340000,306.315000,0.465593,-1.049740,1.050626,-1.050592,-0.800066,-0.000180
actual,10.345000,306.320000,0.463400,-1.049740,1.050626,-1.050592,-0.800066,-0.000180
actual,10.350000,306.325000,0.461352,-1.049740,1.050626,-1.050592,-0.800066,-0.000180
actual,10.355000,306.330000,0.459456,-1.049740,1.050626,-1.050592,-0.800066,-0.000180
actual,10.360000,306.335000,0.457720,-1.049740,1.050626,-1.050592,-0.800066,-0.000180
actual,10.365000,306.340000,0.456152,-1.049740,1.050626,-1.050592,-0.800066,-0.000180
actual,10.370000,306.345000,0.454756,-1.049740,1.050626,-1.050592,-0.800066,-0.000180
actual,10.375000,306.350000,0.453540,-1.049740,1.050626,-1.050592,-0.800066,-0.000180
actual,10.380000,306.355000,0.452506,-1.049740,1.050626,-1.050592,-0.800066,-0.000180
actual,10.385000,306.360000,0.451661,-1.049740,1.050626,-1.050592,-0.800066,-0.000180
actual,10.390000,306.365000,0.451006,-1.049740,1.050626,-1.050592,-0.800066,-0.000180
actual,10.395000,306.370000,0.450545,-1.049740,1.050626,-1.050592,-0.800066,-0.000180
actual,10.400000,306.375000,0.450279,-1.049740,1.050626,-1.050592,-0.800066,-0.000180
actual,10.405000,306.380000,0.450209,-1.049740,1.050626,-1.050592,-0.800066,-0.000180
actual,10.410000,306.385000,0.450337,-1.049740,1.050626,-1.050592,-0.800066,-0.000180
actual,10.415000,306.390000,0.450660,-1.049740,1.050626,-1.050592,-0.800066,-0.000180
actual,10.420000,306.395000,0.451178,-1.049740,1.050626,-1.050592,-0.800066,-0.000180
actual,10.425000,306.400000,0.451889,-1.049740,1.050626,-1.050592,-0.800066,-0.000180
actual,10.430000,306.405000,0.452790,-1.049740,1.050626,-1.050592,-0.800066,-0.000180
actual,10.435000,306.410000,0.453877,-1.049740,1.050626,-1.050592,-0.800066,-0.000180
actual,10.440000,306.415000,0.455147,-1.049740,1.050626,-1.050592,-0.800066,-0.000180
actual,10.445000,306.420000,0.456594,-1.049740,1.050626,-1.050592,-0.800066,-0.000180
actual,10.450000,306.425000,0.458212,-1.049740,1.050626,-1.050592,-0.800066,-0.000180
actual,10.455000,306.430000,0.459995,-1.049740,1.050626,-1.050592,-0.800066,-0.000180
actual,10.460000,306.435000,0.461936,-1.049740,1.050626,-1.050592,-0.800066,-0.000180
actual,10.465000,306.440000,0.464028,-1.049740,1.050626,-1.050592,-0.800066,-0.000180
actual,10.470000,306.445000,0.466262,-1.049740,1.050626,-1.050592,-0.800066,-0.000180
actual,10.475000,306.450000,0.468629,-1.049740,1.050626,-1.050592,-0.800066,-0.000180
actual,10.480000,306.455000,0.471120,-1.049740,1.050626,-1.050592,-0.800066,-0.000180
actual,10.485000,306.460000,0.473725,-1.049740,1.050626,-1.050592,-0.800066,-0.000180
actual,10.490000,306.465000,0.476434,-1.049740,1.050626,-1.050592,-0.800066,-0.000180
actual,10.495000,306.470000,0.479236,-1.049740,1.050626,-1.050592,-0.800066,-0.000180
actual,10.500000,306.475000,0.482120,-1.049740,1.050626,-1.050592,-0.800066,-0.000180
actual,10.505000,306.480000,0.485075,-1.049740,1.050626,-1.050592,-0.800066,-0.000180
actual,10.510000,306.485000,0.488089,-1.049740,1.050626,-1.050592,-0.800066,-0.000180
actual,10.515000,306.490000,0.491150,-1.049740,1.050626,-1.050592,-0.800066,-0.000180
actual,10.520000,306.495000,0.494246,-1.049740,1.050626,-1.050592,-0.800066,-0.000180
actual,10.525000,306.500000,0.497365,-1.049740,1.050626,-1.050592,-0.800066,-0.000180
actual,10.530000,306.505000,0.500495,-1.049740,1.050626,-1.050592,-0.800066,-0.000180
actual,10.535000,306.510000,0.503623,-1.049740,1.050626,-1.050592,-0.800066,-0.000180
actual,10.540000,306.515000,0.506736,-1.049740,1.050626,-1.050592,-0.800066,-0.000180
actual,10.545000,306.520000,0.509823,-1.049740,1.050626,-1.050592,-0.800066,-0.000180
actual,10.550000,306.525000,0.512872,-1.049740,1.050626,-1.050592,-0.800066,-0.000180
actual,10.555000,306.530000,0.515870,-1.049740,1.050626,-1.050592,-0.800066,-0.000180
actual,10.560000,306.535000,0.518805,-1.049740,1.050626,-1.050592,-0.800066,-0.000180
actual,10.565000,306.540000,0.521667,-1.049740,1.050626,-1.050592,-0.800066,-0.000180
actual,10.570000,306.545000,0.524443,-1.049740,1.050626,-1.050592,-0.800066,-0.000180
actual,10.575000,306.550000,0.527122,-1.049740,1.050626,-1.050592,-0.800066,-0.000180
actual,10.580000,306.555000,0.529695,-1.049740,1.050626,-1.050592,-0.800066,-0.000180
actual,10.585000,306.560000,0.532151,-1.049740,1.050626,-1.050592,-0.800066,-0.000180
actual,10.590000,306.565000,0.534480,-1.049740,1.050626,-1.050592,-0.800066,-0.000180
actual,10.595000,306.570000,0.536673,-1.049740,1.050626,-1.050592,-0.800066,-0.000180
actual,10.600000,306.575000,0.538721,-1.049740,1.050626,-1.050592,-0.800066,-0.000180
actual,10.605000,306.580000,0.540617,-1.049740,1.050626,-1.050592,-0.800066,-0.000180
actual,10.610000,306.585000,0.542352,-1.049740,1.050626,-1.050592,-0.800066,-0.000180
actual,10.615000,306.590000,0.543921,-1.049740,1.050626,-1.050592,-0.800066,-0.000180
actual,10.620000,306.595000,0.545317,-1.049740,1.050626,-1.050592,-0.800066,-0.000180
actual,10.625000,306.600000,0.546533,-1.049740,1.050626,-1.050592,-0.800066,-0.000180
actual,10.630000,306.605000,0.547566,-1.049740,1.050626,-1.050592,-0.800066,-0.000180
actual,10.635000,306.610000,0.548412,-1.049740,1.050626,-1.050592,-0.800066,-0.000180
actual,10.640000,306.615000,0.549067,-1.049740,1.050626,-1.050592,-0.800066,-0.000180
actual,10.645000,306.620000,0.549528,-1.049740,1.050626,-1.050592,-0.800066,-0.000180
actual,10.650000,306.625000,0.549794,-1.049740,1.050626,-1.050592,-0.800066,-0.000180
actual,10.655000,306.630000,0.549863,-1.049740,1.050626,-1.050592,-0.800066,-0.000180
actual,10.660000,306.635000,0.549736,-1.049740,1.050626,-1.050592,-0.800066,-0.000180
actual,10.665000,306.640000,0.549413,-1.049740,1.050626,-1.050592,-0.800066,-0.000180
actual,10.670000,306.645000,0.548895,-1.049740,1.050626,-1.050592,-0.800066,-0.000180
actual,10.675000,306.650000,0.548184,-1.049740,1.050626,-1.050592,-0.800066,-0.000180
actual,10.680000,306.655000,0.547283,-1.049740,1.050626,-1.050592,-0.800066,-0.000180
actual,10.685000,306.660000,0.546196,-1.049740,1.050626,-1.050592,-0.800066,-0.000180
actual,10.690000,306.665000,0.544926,-1.049740,1.050626,-1.050592,-0.800066,-0.000180
actual,10.695000,306.670000,0.543479,-1.049740,1.050626,-1.050592,-0.800066,-0.000180
actual,10.700000,306.675000,0.541861,-1.049740,1.050626,-1.050592,-0.800066,-0.000180
actual,10.705000,306.680000,0.540078,-1.049740,1.050626,-1.050592,-0.800066,-0.000180
actual,10.710000,306.685000,0.538137,-1.049740,1.050626,-1.050592,-0.800066,-0.000180
actual,10.715000,306.690000,0.536045,-1.049740,1.050626,-1.050592,-0.800066,-0.000180
actual,10.720000,306.695000,0.533811,-1.049740,1.050626,-1.050592,-0.800066,-0.000180
actual,10.725000,306.700000,0.531444,-1.049740,1.050626,-1.050592,-0.800066,-0.000180
actual,10.730000,306.705000,0.528953,-1.049740,1.050626,-1.050592,-0.800066,-0.000180
actual,10.735000,306.710000,0.526348,-1.049740,1.050626,-1.050592,-0.800066,-0.000180
actual,10.740000,306.715000,0.523639,-1.049740,1.050626,-1.050592,-0.800066,-0.000180
actual,10.745000,306.720000,0.520837,-1.049740,1.050626,-1.050592,-0.800066,-0.000180
actual,10.750000,306.725000,0.517953,-1.049740,1.050626,-1.050592,-0.800066,-0.000180
actual,10.755000,306.730000,0.514998,-1.049740,1.050626,-1.050592,-0.800066,-0.000180
actual,10.760000,306.735000,0.511984,-1.049740,1.050626,-1.050592,-0.800066,-0.000180
actual,10.765000,306.740000,0.508923,-1.049740,1.050626,-1.050592,-0.800066,-0.000180
actual,10.770000,306.745000,0.505826,-1.049740,1.050626,-1.050592,-0.800066,-0.000180
actual,10.775000,306.750000,0.502707,-1.049740,1.050626,-1.050592,-0.800066,-0.000180
actual,10.780000,306.755000,0.499578,-1.049740,1.050626,-1.050592,-0.800066,-0.000180
actual,10.785000,306.760000,0.496450,-1.049740,1.050626,-1.050592,-0.800066,-0.000180
actual,10.790000,306.765000,0.493337,-1.049740,1.050626,-1.050592,-0.800066,-0.000180
actual,10.795000,306.770000,0.490249,-1.049740,1.050626,-1.050592,-0.800066,-0.000180
actual,10.800000,306.775000,0.487201,-1.049740,1.050626,-1.050592,-0.800066,-0.000180
actual,10.805000,306.780000,0.484203,-1.049740,1.050626,-1.050592,-0.800066,-0.000180
actual,10.810000,306.785000,0.481268,-1.049740,1.050626,-1.050592,-0.800066,-0.000180
actual,10.815000,306.790000,0.478406,-1.049740,1.050626,-1.050592,-0.800066,-0.000180
actual,10.820000,306.795000,0.475630,-1.049740,1.050626,-1.050592,-0.800066,-0.000180
actual,10.825000,306.800000,0.472951,-1.049740,1.050626,-1.050592,-0.800066,-0.000180
actual,10.830000,306.805000,0.470378,-1.049740,1.050626,-1.050592,-0.800066,-0.000180
actual,10.835000,306.810000,0.467922,-1.049740,1.050626,-1.050592,-0.800066,-0.000180
actual,10.840000,306.815000,0.465593,-1.049740,1.050626,-1.050592,-0.800066,-0.000180
actual,10.845000,306.820000,0.463400,-1.049740,1.050626,-1.050592,-0.800066,-0.000180
actual,10.850000,306.825000,0.461352,-1.049740,1.050626,-1.050592,-0.800066,-0.000180
actual,10.855000,306.830000,0.459456,-1.049740,1.050626,-1.050592,-0.800066,-0.000180
actual,10.860000,306.835000,0.457720,-1.049740,1.050626,-1.050592,-0.800066,-0.000180
actual,10.865000,306.840000,0.456152,-1.049740,1.050626,-1.050592,-0.800066,-0.000180
actual,10.870000,306.845000,0.454756,-1.049740,1.050626,-1.050592,-0.800066,-0.000180
actual,10.875000,306.850000,0.453540,-1.049740,1.050626,-1.050592,-0.800066,-0.000180
actual,10.880000,306.855000,0.452506,-1.049740,1.050626,-1.050592,-0.800066,-0.000180
actual,10.885000,306.860000,0.451661,-1.049740,1.050626,-1.050592,-0.800066,-0.000180
actual,10.890000,306.865000,0.451006,-1.049740,1.050626,-1.050592,-0.800066,-0.000180
actual,10.895000,306.870000,0.450545,-1.049740,1.050626,-1.050592,-0.800066,-0.000180
actual,10.900000,306.875000,0.450279,-1.049740,1.050626,-1.050592,-0.800066,-0.000180
actual,10.905000,306.880000,0.450209,-1.049740,1.050626,-1.050592,-0.800066,-0.000180
actual,10.910000,306.885000,0.450337,-1.049740,1.050626,-1.050592,-0.800066,-0.000180
actual,10.915000,306.890000,0.450660,-1.049740,1.050626,-1.050592,-0.800066,-0.000180
actual,10.920000,306.895000,0.451178,-1.049740,1.050626,-1.050592,-0.800066,-0.000180
actual,10.925000,306.900000,0.451889,-1.049740,1.050626,-1.050592,-0.800066,-0.000180
actual,10.930000,306.905000,0.452790,-1.049740,1.050626,-1.050592,-0.800066,-0.000180
actual,10.935000,306.910000,0.453877,-1.049740,1.050626,-1.050592,-0.800066,-0.000180
actual,10.940000,306.915000,0.455147,-1.049740,1.050626,-1.050592,-0.800066,-0.000180
actual,10.945000,306.920000,0.456594,-1.049740,1.050626,-1.050592,-0.800066,-0.000180
actual,10.950000,306.925000,0.458212,-1.049740,1.050626,-1.050592,-0.800066,-0.000180
actual,10.955000,306.930000,0.459995,-1.049740,1.050626,-1.050592,-0.800066,-0.000180
actual,10.960000,306.935000,0.461936,-1.049740,1.050626,-1.050592,-0.800066,-0.000180
actual,10.965000,306.940000,0.464028,-1.049740,1.050626,-1.050592,-0.800066,-0.000180
actual,10.970000,306.945000,0.466262,-1.049740,1.050626,-1.050592,-0.800066,-0.000180
actual,10.975000,306.950000,0.468629,-1.049740,1.050626,-1.050592,-0.800066,-0.000180
actual,10.980000,306.955000,0.471120,-1.049740,1.050626,-1.050592,-0.800066,-0.000180
actual,10.985000,306.960000,0.473725,-1.049740,1.050626,-1.050592,-0.800066,-0.000180
actual,10.990000,306.965000,0.476434,-1.049740,1.050626,-1.050592,-0.800066,-0.000180
actual,10.995000,306.970000,0.479236,-1.049740,1.050626,-1.050592,-0.800066,-0.000180
actual,11.000000,306.975000,0.482120,-1.049740,1.050626,-1.050592,-0.800066,-0.000180
actual,11.005000,306.980000,0.485075,-1.049740,1.050626,-1.050592,-0.800066,-0.000180
actual,11.010000,306.985000,0.488089,-1.049740,1.050626,-1.050592,-0.800066,-0.000180
actual,11.015000,306.990000,0.491150,-1.049740,1.050626,-1.050592,-0.800066,-0.000180
actual,11.020000,306.995000,0.494246,-1.049740,1.050626,-1.050592,-0.800066,-0.000180
actual,11.025000,307.000000,0.497365,-1.049740,1.050626,-1.050592,-0.800066,-0.000180
actual,11.030000,307.005000,0.500495,-1.049740,1.050626,-1.050592,-0.800066,-0.000180
actual,11.035000,307.010000,0.503623,-1.049740,1.050626,-1.050592,-0.800066,-0.000180
actual,11.040000,307.015000,0.506736,-1.049740,1.050626,-1.050592,-0.800066,-0.000180
actual,11.045000,307.020000,0.509823,-1.049740,1.050626,-1.050592,-0.800066,-0.000180
actual,11.050000,307.025000,0.512872,-1.049740,1.050626,-1.050592,-0.800066,-0.000180
actual,11.055000,307.030000,0.515870,-1.049740,1.050626,-1.050592,-0.800066,-0.000180
actual,11.060000,307.035000,0.518805,-1.049740,1.050626,-1.050592,-0.800066,-0.000180
actual,11.065000,307.040000,0.521667,-1.049740,1.050626,-1.050592,-0.800066,-0.000180
actual,11.070000,307.045000,0.524443,-1.049740,1.050626,-1.050592,-0.800066,-0.000180
actual,11.075000,307.050000,0.527122,-1.049740,1.050626,-1.050592,-0.800066,-0.000180
actual,11.080000,307.055000,0.529695,-1.049740,1.050626,-1.050592,-0.800066,-0.000180
actual,11.085000,307.060000,0.532151,-1.049740,1.050626,-1.050592,-0.800066,-0.000180
actual,11.090000,307.065000,0.534480,-1.049740,1.050626,-1.050592,-0.800066,-0.000180
actual,11.095000,307.070000,0.536673,-1.049740,1.050626,-1.050592,-0.800066,-0.000180
actual,11.100000,307.075000,0.538721,-1.049740,1.050626,-1.050592,-0.800066,-0.000180
actual,11.105000,307.080000,0.540617,-1.049740,1.050626,-1.050592,-0.800066,-0.000180
actual,11.110000,307.085000,0.542352,-1.049740,1.050626,-1.050592,-0.800066,-0.000180
actual,11.115000,307.090000,0.543921,-1.049740,1.050626,-1.050592,-0.800066,-0.000180
actual,11.120000,307.095000,0.545317,-1.049740,1.050626,-1.050592,-0.800066,-0.000180
actual,11.125000,307.100000,0.546533,-1.049740,1.050626,-1.050592,-0.800066,-0.000180
actual,11.130000,307.105000,0.547566,-1.049740,1.050626,-1.050592,-0.800066,-0.000180
actual,11.135000,307.110000,0.548412,-1.049740,1.050626,-1.050592,-0.800066,-0.000180
actual,11.140000,307.115000,0.549067,-1.049740,1.050626,-1.050592,-0.800066,-0.000180
actual,11.145000,307.120000,0.549528,-1.049740,1.050626,-1.050592,-0.800066,-0.000180
actual,11.150000,307.125000,0.549794,-1.049740,1.050626,-1.050592,-0.800066,-0.000180
actual,11.155000,307.130000,0.549863,-1.049740,1.050626,-1.050592,-0.800066,-0.000180
actual,11.160000,307.135000,0.549736,-1.049740,1.050626,-1.050592,-0.800066,-0.000180
actual,11.165000,307.140000,0.549413,-1.049740,1.050626,-1.050592,-0.800066,-0.000180
actual,11.170000,307.145000,0.548895,-1.049740,1.050626,-1.050592,-0.800066,-0.000180
actual,11.175000,307.150000,0.548184,-1.049740,1.050626,-1.050592,-0.800066,-0.000180
actual,11.180000,307.155000,0.547283,-1.049740,1.050626,-1.050592,-0.800066,-0.000180
actual,11.185000,307.160000,0.546196,-1.049740,1.050626,-1.050592,-0.800066,-0.000180
actual,11.190000,307.165000,0.544926,-1.049740,1.050626,-1.050592,-0.800066,-0.000180
actual,11.195000,307.170000,0.543479,-1.049740,1.050626,-1.050592,-0.800066,-0.000180
actual,11.200000,307.175000,0.541861,-1.049740,1.050626,-1.050592,-0.800066,-0.000180
actual,11.205000,307.180000,0.540078,-1.049740,1.050626,-1.050592,-0.800066,-0.000180
actual,11.210000,307.185000,0.538137,-1.049740,1.050626,-1.050592,-0.800066,-0.000180
actual,11.215000,307.190000,0.536045,-1.049740,1.050626,-1.050592,-0.800066,-0.000180
actual,11.220000,307.195000,0.533811,-1.049740,1.050626,-1.050592,-0.800066,-0.000180
actual,11.225000,307.200000,0.531444,-1.049740,1.050626,-1.050592,-0.800066,-0.000180
actual,11.230000,307.205000,0.528953,-1.049740,1.050626,-1.050592,-0.800066,-0.000180
actual,11.235000,307.210000,0.526348,-1.049740,1.050626,-1.050592,-0.800066,-0.000180
actual,11.240000,307.215000,0.523639,-1.049740,1.050626,-1.050592,-0.800066,-0.000180
actual,11.245000,307.220000,0.520837,-1.049740,1.050626,-1.050592,-0.800066,-0.000180
actual,11.250000,307.225000,0.517953,-1.049740,1.050626,-1.050592,-0.800066,-0.000180
actual,11.255000,307.230000,0.514998,-1.049740,1.050626,-1.050592,-0.800066,-0.000180
actual,11.260000,307.235000,0.511984,-1.049740,1.050626,-1.050592,-0.800066,-0.000180
actual,11.265000,307.240000,0.508923,-1.049740,1.050626,-1.050592,-0.800066,-0.000180
actual,11.270000,307.245000,0.505826,-1.049740,1.050626,-1.050592,-0.800066,-0.000180
actual,11.275000,307.250000,0.502707,-1.049740,1.050626,-1.050592,-0.800066,-0.000180
actual,11.280000,307.255000,0.499578,-1.049740,1.050626,-1.050592,-0.800066,-0.000180
actual,11.285000,307.260000,0.496450,-1.049740,1.050626,-1.050592,-0.800066,-0.000180
actual,11.290000,307.265000,0.493337,-1.049740,1.050626,-1.050592,-0.800066,-0.000180
actual,11.295000,307.270000,0.490249,-1.049740,1.050626,-1.050592,-0.800066,-0.000180
actual,11.300000,307.275000,0.487201,-1.049740,1.050626,-1.050592,-0.800066,-0.000180
actual,11.305000,307.280000,0.484203,-1.049740,1.050626,-1.050592,-0.800066,-0.000180
actual,11.310000,307.285000,0.481268,-1.049740,1.050626,-1.050592,-0.800066,-0.000180
actual,11.315000,307.290000,0.478406,-1.049740,1.050626,-1.050592,-0.800066,-0.000180
actual,11.320000,307.295000,0.475630,-1.049740,1.050626,-1.050592,-0.800066,-0.000180
actual,11.325000,307.300000,0.472951,-1.049740,1.050626,-1.050592,-0.800066,-0.000180
actual,11.330000,307.305000,0.470378,-1.049740,1.050626,-1.050592,-0.800066,-0.000180
actual,11.335000,307.310000,0.467922,-1.049740,1.050626,-1.050592,-0.800066,-0.000180
actual,11.340000,307.315000,0.465593,-1.049740,1.050626,-1.050592,-0.800066,-0.000180
actual,11.345000,307.320000,0.463400,-1.049740,1.050626,-1.050592,-0.800066,-0.000180
actual,11.350000,307.325000,0.461352,-1.049740,1.050626,-1.050592,-0.800066,-0.000180
actual,11.355000,307.330000,0.459456,-1.049740,1.050626,-1.050592,-0.800066,-0.000180
actual,11.360000,307.335000,0.457720,-1.049740,1.050626,-1.050592,-0.800066,-0.000180
actual,11.365000,307.340000,0.456152,-1.049740,1.050626,-1.050592,-0.800066,-0.000180
actual,11.370000,307.345000,0.454756,-1.049740,1.050626,-1.050592,-0.800066,-0.000180
actual,11.375000,307.350000,0.453540,-1.049740,1.050626,-1.050592,-0.800066,-0.000180
actual,11.380000,307.355000,0.452506,-1.049740,1.050626,-1.050592,-0.800066,-0.000180
actual,11.385000,307.360000,0.451661,-1.049740,1.050626,-1.050592,-0.800066,-0.000180
actual,11.390000,307.365000,0.451006,-1.049740,1.050626,-1.050592,-0.800066,-0.000180
actual,11.395000,307.370000,0.450545,-1.049740,1.050626,-1.050592,-0.800066,-0.000180
actual,11.400000,307.375000,0.450279,-1.049740,1.050626,-1.050592,-0.800066,-0.000180
actual,11.405000,307.380000,0.450209,-1.049740,1.050626,-1.050592,-0.800066,-0.000180
actual,11.410000,307.385000,0.450337,-1.049740,1.050626,-1.050592,-0.800066,-0.000180
actual,11.415000,307.390000,0.450660,-1.049740,1.050626,-1.050592,-0.800066,-0.000180
actual,11.420000,307.395000,0.451178,-1.049740,1.050626,-1.050592,-0.800066,-0.000180
actual,11.425000,307.400000,0.451889,-1.049740,1.050626,-1.050592,-0.800066,-0.000180
actual,11.430000,307.405000,0.452790,-1.049740,1.050626,-1.050592,-0.800066,-0.000180
actual,11.435000,307.410000,0.453877,-1.049740,1.050626,-1.050592,-0.800066,-0.000180
actual,11.440000,307.415000,0.455147,-1.049740,1.050626,-1.050592,-0.800066,-0.000180
actual,11.445000,307.420000,0.456594,-1.049740,1.050626,-1.050592,-0.800066,-0.000180
actual,11.450000,307.425000,0.458212,-1.049740,1.050626,-1.050592,-0.800066,-0.000180
actual,11.455000,307.430000,0.459995,-1.049740,1.050626,-1.050592,-0.800066,-0.000180
actual,11.460000,307.435000,0.461936,-1.049740,1.050626,-1.050592,-0.800066,-0.000180
actual,11.465000,307.440000,0.464028,-1.049740,1.050626,-1.050592,-0.800066,-0.000180
actual,11.470000,307.445000,0.466262,-1.049740,1.050626,-1.050592,-0.800066,-0.000180
actual,11.475000,307.450000,0.468629,-1.049740,1.050626,-1.050592,-0.800066,-0.000180
actual,11.480000,307.455000,0.471120,-1.049740,1.050626,-1.050592,-0.800066,-0.000180
actual,11.485000,307.460000,0.473725,-1.049740,1.050626,-1.050592,-0.800066,-0.000180
actual,11.490000,307.465000,0.476434,-1.049740,1.050626,-1.050592,-0.800066,-0.000180
actual,11.495000,307.470000,0.479236,-1.049740,1.050626,-1.050592,-0.800066,-0.000180
actual,11.500000,307.475000,0.482120,-1.049740,1.050626,-1.050592,-0.800066,-0.000180
actual,11.505000,307.480000,0.485075,-1.049740,1.050626,-1.050592,-0.800066,-0.000180
actual,11.510000,307.485000,0.488089,-1.049740,1.050626,-1.050592,-0.800066,-0.000180
actual,11.515000,307.490000,0.491150,-1.049740,1.050626,-1.050592,-0.800066,-0.000180
actual,11.520000,307.495000,0.494246,-1.049740,1.050626,-1.050592,-0.800066,-0.000180
actual,11.525000,307.500000,0.497365,-1.049740,1.050626,-1.050592,-0.800066,-0.000180
actual,11.530000,307.505000,0.500495,-1.049740,1.050626,-1.050592,-0.800066,-0.000180
actual,11.535000,307.510000,0.503623,-1.049740,1.050626,-1.050592,-0.800066,-0.000180
actual,11.540000,307.515000,0.506736,-1.049740,1.050626,-1.050592,-0.800066,-0.000180
actual,11.545000,307.520000,0.509823,-1.049740,1.050626,-1.050592,-0.800066,-0.000180
actual,11.550000,307.525000,0.512872,-1.049740,1.050626,-1.050592,-0.800066,-0.000180
actual,11.555000,307.530000,0.515870,-1.049740,1.050626,-1.050592,-0.800066,-0.000180
actual,11.560000,307.535000,0.518805,-1.049740,1.050626,-1.050592,-0.800066,-0.000180
actual,11.565000,307.540000,0.521667,-1.049740,1.050626,-1.050592,-0.800066,-0.000180
actual,11.570000,307.545000,0.524443,-1.049740,1.050626,-1.050592,-0.800066,-0.000180
actual,11.575000,307.550000,0.527122,-1.049740,1.050626,-1.050592,-0.800066,-0.000180
actual,11.580000,307.555000,0.529695,-1.049740,1.050626,-1.050592,-0.800066,-0.000180
actual,11.585000,307.560000,0.532151,-1.049740,1.050626,-1.050592,-0.800066,-0.000180
actual,11.590000,307.565000,0.534480,-1.049740,1.050626,-1.050592,-0.800066,-0.000180
actual,11.595000,307.570000,0.536673,-1.049740,1.050626,-1.050592,-0.800066,-0.000180
actual,11.600000,307.575000,0.538721,-1.049740,1.050626,-1.050592,-0.800066,-0.000180
actual,11.605000,307.580000,0.540617,-1.049740,1.050626,-1.050592,-0.800066,-0.000180
actual,11.610000,307.585000,0.542352,-1.049740,1.050626,-1.050592,-0.800066,-0.000180
actual,11.615000,307.590000,0.543921,-1.049740,1.050626,-1.050592,-0.800066,-0.000180
actual,11.620000,307.595000,0.545317,-1.049740,1.050626,-1.050592,-0.800066,-0.000180
actual,11.625000,307.600000,0.546533,-1.049740,1.050626,-1.050592,-0.800066,-0.000180
actual,11.630000,307.605000,0.547566,-1.049740,1.050626,-1.050592,-0.800066,-0.000180
actual,11.635000,307.610000,0.548412,-1.049740,1.050626,-1.050592,-0.800066,-0.000180
actual,11.640000,307.615000,0.549067,-1.049740,1.050626,-1.050592,-0.800066,-0.000180
actual,11.645000,307.620000,0.549528,-1.049740,1.050626,-1.050592,-0.800066,-0.000180
actual,11.650000,307.625000,0.549794,-1.049740,1.050626,-1.050592,-0.800066,-0.000180
actual,11.655000,307.630000,0.549863,-1.049740,1.050626,-1.050592,-0.800066,-0.000180
actual,11.660000,307.635000,0.549736,-1.049740,1.050626,-1.050592,-0.800066,-0.000180
actual,11.665000,307.640000,0.549413,-1.049740,1.050626,-1.050592,-0.800066,-0.000180
actual,11.670000,307.645000,0.548895,-1.049740,1.050626,-1.050592,-0.800066,-0.000180
actual,11.675000,307.650000,0.548184,-1.049740,1.050626,-1.050592,-0.800066,-0.000180
actual,11.680000,307.655000,0.547283,-1.049740,1.050626,-1.050592,-0.800066,-0.000180
actual,11.685000,307.660000,0.546196,-1.049740,1.050626,-1.050592,-0.800066,-0.000180
actual,11.690000,307.665000,0.544926,-1.049740,1.050626,-1.050592,-0.800066,-0.000180
actual,11.695000,307.670000,0.543479,-1.049740,1.050626,-1.050592,-0.800066,-0.000180
actual,11.700000,307.675000,0.541861,-1.049740,1.050626,-1.050592,-0.800066,-0.000180
actual,11.705000,307.680000,0.540078,-1.049740,1.050626,-1.050592,-0.800066,-0.000180
actual,11.710000,307.685000,0.538137,-1.049740,1.050626,-1.050592,-0.800066,-0.000180
actual,11.715000,307.690000,0.536045,-1.049740,1.050626,-1.050592,-0.800066,-0.000180
actual,11.720000,307.695000,0.533811,-1.049740,1.050626,-1.050592,-0.800066,-0.000180
actual,11.725000,307.700000,0.531444,-1.049740,1.050626,-1.050592,-0.800066,-0.000180
actual,11.730000,307.705000,0.528953,-1.049740,1.050626,-1.050592,-0.800066,-0.000180
actual,11.735000,307.710000,0.526348,-1.049740,1.050626,-1.050592,-0.800066,-0.000180
actual,11.740000,307.715000,0.523639,-1.049740,1.050626,-1.050592,-0.800066,-0.000180
actual,11.745000,307.720000,0.520837,-1.049740,1.050626,-1.050592,-0.800066,-0.000180
actual,11.750000,307.725000,0.517953,-1.049740,1.050626,-1.050592,-0.800066,-0.000180
actual,11.755000,307.730000,0.514998,-1.049740,1.050626,-1.050592,-0.800066,-0.000180
actual,11.760000,307.735000,0.511984,-1.049740,1.050626,-1.050592,-0.800066,-0.000180
actual,11.765000,307.740000,0.508923,-1.049740,1.050626,-1.050592,-0.800066,-0.000180
actual,11.770000,307.745000,0.505826,-1.049740,1.050626,-1.050592,-0.800066,-0.000180
actual,11.775000,307.750000,0.502707,-1.049740,1.050626,-1.050592,-0.800066,-0.000180
actual,11.780000,307.755000,0.499578,-1.049740,1.050626,-1.050592,-0.800066,-0.000180
actual,11.785000,307.760000,0.496450,-1.049740,1.050626,-1.050592,-0.800066,-0.000180
actual,11.790000,307.765000,0.493337,-1.049740,1.050626,-1.050592,-0.800066,-0.000180
actual,11.795000,307.770000,0.490249,-1.049740,1.050626,-1.050592,-0.800066,-0.000180
actual,11.800000,307.775000,0.487201,-1.049740,1.050626,-1.050592,-0.800066,-0.000180
actual,11.805000,307.780000,0.484203,-1.049740,1.050626,-1.050592,-0.800066,-0.000180
actual,11.810000,307.785000,0.481268,-1.049740,1.050626,-1.050592,-0.800066,-0.000180
actual,11.815000,307.790000,0.478406,-1.049740,1.050626,-1.050592,-0.800066,-0.000180
actual,11.820000,307.795000,0.475630,-1.049740,1.050626,-1.050592,-0.800066,-0.000180
actual,11.825000,307.800000,0.472951,-1.049740,1.050626,-1.050592,-0.800066,-0.000180
actual,11.830000,307.805000,0.470378,-1.049740,1.050626,-1.050592,-0.800066,-0.000180
actual,11.835000,307.810000,0.467922,-1.049740,1.050626,-1.050592,-0.800066,-0.000180
actual,11.840000,307.815000,0.465593,-1.049740,1.050626,-1.050592,-0.800066,-0.000180
actual,11.845000,307.820000,0.463400,-1.049740,1.050626,-1.050592,-0.800066,-0.000180
actual,11.850000,307.825000,0.461352,-1.049740,1.050626,-1.050592,-0.800066,-0.000180
actual,11.855000,307.830000,0.459456,-1.049740,1.050626,-1.050592,-0.800066,-0.000180
actual,11.860000,307.835000,0.457720,-1.049740,1.050626,-1.050592,-0.800066,-0.000180
actual,11.865000,307.840000,0.456152,-1.049740,1.050626,-1.050592,-0.800066,-0.000180
actual,11.870000,307.845000,0.454756,-1.049740,1.050626,-1.050592,-0.800066,-0.000180
actual,11.875000,307.850000,0.453540,-1.049740,1.050626,-1.050592,-0.800066,-0.000180
actual,11.880000,307.855000,0.452506,-1.049740,1.050626,-1.050592,-0.800066,-0.000180
actual,11.885000,307.860000,0.451661,-1.049740,1.050626,-1.050592,-0.800066,-0.000180
actual,11.890000,307.865000,0.451006,-1.049740,1.050626,-1.050592,-0.800066,-0.000180
actual,11.895000,307.870000,0.450545,-1.049740,1.050626,-1.050592,-0.800066,-0.000180
actual,11.900000,307.875000,0.450279,-1.049740,1.050626,-1.050592,-0.800066,-0.000180
actual,11.905000,307.880000,0.450209,-1.049740,1.050626,-1.050592,-0.800066,-0.000180
actual,11.910000,307.885000,0.450337,-1.049740,1.050626,-1.050592,-0.800066,-0.000180
actual,11.915000,307.890000,0.450660,-1.049740,1.050626,-1.050592,-0.800066,-0.000180
actual,11.920000,307.895000,0.451178,-1.049740,1.050626,-1.050592,-0.800066,-0.000180
actual,11.925000,307.900000,0.451889,-1.049740,1.050626,-1.050592,-0.800066,-0.000180
actual,11.930000,307.905000,0.452790,-1.049740,1.050626,-1.050592,-0.800066,-0.000180
actual,11.935000,307.910000,0.453877,-1.049740,1.050626,-1.050592,-0.800066,-0.000180
actual,11.940000,307.915000,0.455147,-1.049740,1.050626,-1.050592,-0.800066,-0.000180
actual,11.945000,307.920000,0.456594,-1.049740,1.050626,-1.050592,-0.800066,-0.000180
actual,11.950000,307.925000,0.458212,-1.049740,1.050626,-1.050592,-0.800066,-0.000180
actual,11.955000,307.930000,0.459995,-1.049740,1.050626,-1.050592,-0.800066,-0.000180
actual,11.960000,307.935000,0.461936,-1.049740,1.050626,-1.050592,-0.800066,-0.000180
actual,11.965000,307.940000,0.464028,-1.049740,1.050626,-1.050592,-0.800066,-0.000180
actual,11.970000,307.945000,0.466262,-1.049740,1.050626,-1.050592,-0.800066,-0.000180
actual,11.975000,307.950000,0.468629,-1.049740,1.050626,-1.050592,-0.800066,-0.000180
actual,11.980000,307.955000,0.471120,-1.049740,1.050626,-1.050592,-0.800066,-0.000180
actual,11.985000,307.960000,0.473725,-1.049740,1.050626,-1.050592,-0.800066,-0.000180
actual,11.990000,307.965000,0.476434,-1.049740,1.050626,-1.050592,-0.800066,-0.000180
actual,11.995000,307.970000,0.479236,-1.049740,1.050626,-1.050592,-0.800066,-0.000180
actual,12.000000,307.975000,0.482120,-1.049740,1.050626,-1.050592,-0.800066,-0.000180
actual,12.005000,307.980000,0.485075,-1.049740,1.050626,-1.050592,-0.800066,-0.000180
actual,12.010000,307.985000,0.488089,-1.049740,1.050626,-1.050592,-0.800066,-0.000180
actual,12.015000,307.990000,0.491150,-1.049740,1.050626,-1.050592,-0.800066,-0.000180
actual,12.020000,307.995000,0.494246,-1.049740,1.050626,-1.050592,-0.800066,-0.000180
actual,12.025000,308.000000,0.497365,-1.049740,1.050626,-1.050592,-0.800066,-0.000180
actual,12.030000,308.005000,0.500495,-1.049740,1.050626,-1.050592,-0.800066,-0.000180
actual,12.035000,308.010000,0.503623,-1.049740,1.050626,-1.050592,-0.800066,-0.000180
actual,12.040000,308.015000,0.506736,-1.049740,1.050626,-1.050592,-0.800066,-0.000180
actual,12.045000,308.020000,0.509823,-1.049740,1.050626,-1.050592,-0.800066,-0.000180
actual,12.050000,308.025000,0.512872,-1.049740,1.050626,-1.050592,-0.800066,-0.000180
actual,12.055000,308.030000,0.515870,-1.049740,1.050626,-1.050592,-0.800066,-0.000180
actual,12.060000,308.035000,0.518805,-1.049740,1.050626,-1.050592,-0.800066,-0.000180
actual,12.065000,308.040000,0.521667,-1.049740,1.050626,-1.050592,-0.800066,-0.000180
actual,12.070000,308.045000,0.524443,-1.049740,1.050626,-1.050592,-0.800066,-0.000180
actual,12.075000,308.050000,0.527122,-1.049740,1.050626,-1.050592,-0.800066,-0.000180
actual,12.080000,308.055000,0.529695,-1.049740,1.050626,-1.050592,-0.800066,-0.000180
actual,12.085000,308.060000,0.532151,-1.049740,1.050626,-1.050592,-0.800066,-0.000180
actual,12.090000,308.065000,0.534480,-1.049740,1.050626,-1.050592,-0.800066,-0.000180
actual,12.095000,308.070000,0.536673,-1.049740,1.050626,-1.050592,-0.800066,-0.000180
actual,12.100000,308.075000,0.538721,-1.049740,1.050626,-1.050592,-0.800066,-0.000180
actual,12.105000,308.080000,0.540617,-1.049740,1.050626,-1.050592,-0.800066,-0.000180
actual,12.110000,308.085000,0.542352,-1.049740,1.050626,-1.050592,-0.800066,-0.000180
actual,12.115000,308.090000,0.543921,-1.049740,1.050626,-1.050592,-0.800066,-0.000180
actual,12.120000,308.095000,0.545317,-1.049740,1.050626,-1.050592,-0.800066,-0.000180
actual,12.125000,308.100000,0.546533,-1.049740,1.050626,-1.050592,-0.800066,-0.000180
actual,12.130000,308.105000,0.547566,-1.049740,1.050626,-1.050592,-0.800066,-0.000180
actual,12.135000,308.110000,0.548412,-1.049740,1.050626,-1.050592,-0.800066,-0.000180
actual,12.140000,308.115000,0.549067,-1.049740,1.050626,-1.050592,-0.800066,-0.000180
actual,12.145000,308.120000,0.549528,-1.049740,1.050626,-1.050592,-0.800066,-0.000180
actual,12.150000,308.125000,0.549794,-1.049740,1.050626,-1.050592,-0.800066,-0.000180
actual,12.155000,308.130000,0.549863,-1.049740,1.050626,-1.050592,-0.800066,-0.000180
actual,12.160000,308.135000,0.549736,-1.049740,1.050626,-1.050592,-0.800066,-0.000180
actual,12.165000,308.140000,0.549413,-1.049740,1.050626,-1.050592,-0.800066,-0.000180
actual,12.170000,308.145000,0.548895,-1.049740,1.050626,-1.050592,-0.800066,-0.000180
actual,12.175000,308.150000,0.548184,-1.049740,1.050626,-1.050592,-0.800066,-0.000180
actual,12.180000,308.155000,0.547283,-1.049740,1.050626,-1.050592,-0.800066,-0.000180
actual,12.185000,308.160000,0.546196,-1.049740,1.050626,-1.050592,-0.800066,-0.000180
actual,12.190000,308.165000,0.544926,-1.049740,1.050626,-1.050592,-0.800066,-0.000180
actual,12.195000,308.170000,0.543479,-1.049740,1.050626,-1.050592,-0.800066,-0.000180
actual,12.200000,308.175000,0.541861,-1.049740,1.050626,-1.050592,-0.800066,-0.000180
actual,12.205000,308.180000,0.540078,-1.049740,1.050626,-1.050592,-0.800066,-0.000180
actual,12.210000,308.185000,0.538137,-1.049740,1.050626,-1.050592,-0.800066,-0.000180
actual,12.215000,308.190000,0.536045,-1.049740,1.050626,-1.050592,-0.800066,-0.000180
actual,12.220000,308.195000,0.533811,-1.049740,1.050626,-1.050592,-0.800066,-0.000180
actual,12.225000,308.200000,0.531444,-1.049740,1.050626,-1.050592,-0.800066,-0.000180
actual,12.230000,308.205000,0.528953,-1.049740,1.050626,-1.050592,-0.800066,-0.000180
actual,12.235000,308.210000,0.526348,-1.049740,1.050626,-1.050592,-0.800066,-0.000180
actual,12.240000,308.215000,0.523639,-1.049740,1.050626,-1.050592,-0.800066,-0.000180
actual,12.245000,308.220000,0.520837,-1.049740,1.050626,-1.050592,-0.800066,-0.000180
actual,12.250000,308.225000,0.517953,-1.049740,1.050626,-1.050592,-0.800066,-0.000180
actual,12.255000,308.230000,0.514998,-1.049740,1.050626,-1.050592,-0.800066,-0.000180
actual,12.260000,308.235000,0.511984,-1.049740,1.050626,-1.050592,-0.800066,-0.000180
actual,12.265000,308.240000,0.508923,-1.049740,1.050626,-1.050592,-0.800066,-0.000180
actual,12.270000,308.245000,0.505826,-1.049740,1.050626,-1.050592,-0.800066,-0.000180
actual,12.275000,308.250000,0.502707,-1.049740,1.050626,-1.050592,-0.800066,-0.000180
actual,12.280000,308.255000,0.499578,-1.049740,1.050626,-1.050592,-0.800066,-0.000180
actual,12.285000,308.260000,0.496450,-1.049740,1.050626,-1.050592,-0.800066,-0.000180
actual,12.290000,308.265000,0.493337,-1.049740,1.050626,-1.050592,-0.800066,-0.000180
actual,12.295000,308.270000,0.490249,-1.049740,1.050626,-1.050592,-0.800066,-0.000180
actual,12.300000,308.275000,0.487201,-1.049740,1.050626,-1.050592,-0.800066,-0.000180
actual,12.305000,308.280000,0.484203,-1.049740,1.050626,-1.050592,-0.800066,-0.000180
actual,12.310000,308.285000,0.481268,-1.049740,1.050626,-1.050592,-0.800066,-0.000180
actual,12.315000,308.290000,0.478406,-1.049740,1.050626,-1.050592,-0.800066,-0.000180
actual,12.320000,308.295000,0.475630,-1.049740,1.050626,-1.050592,-0.800066,-0.000180
actual,12.325000,308.300000,0.472951,-1.049740,1.050626,-1.050592,-0.800066,-0.000180
actual,12.330000,308.305000,0.470378,-1.049740,1.050626,-1.050592,-0.800066,-0.000180
actual,12.335000,308.310000,0.467922,-1.049740,1.050626,-1.050592,-0.800066,-0.000180
actual,12.340000,308.315000,0.465593,-1.049740,1.050626,-1.050592,-0.800066,-0.000180
actual,12.345000,308.320000,0.463400,-1.049740,1.050626,-1.050592,-0.800066,-0.000180
actual,12.350000,308.325000,0.461352,-1.049740,1.050626,-1.050592,-0.800066,-0.000180
actual,12.355000,308.330000,0.459456,-1.049740,1.050626,-1.050592,-0.800066,-0.000180
actual,12.360000,308.335000,0.457720,-1.049740,1.050626,-1.050592,-0.800066,-0.000180
actual,12.365000,308.340000,0.456152,-1.049740,1.050626,-1.050592,-0.800066,-0.000180
actual,12.370000,308.345000,0.454756,-1.049740,1.050626,-1.050592,-0.800066,-0.000180
actual,12.375000,308.350000,0.453540,-1.049740,1.050626,-1.050592,-0.800066,-0.000180
actual,12.380000,308.355000,0.452506,-1.049740,1.050626,-1.050592,-0.800066,-0.000180
actual,12.385000,308.360000,0.451661,-1.049740,1.050626,-1.050592,-0.800066,-0.000180
actual,12.390000,308.365000,0.451006,-1.049740,1.050626,-1.050592,-0.800066,-0.000180
actual,12.395000,308.370000,0.450545,-1.049740,1.050626,-1.050592,-0.800066,-0.000180
actual,12.400000,308.375000,0.450279,-1.049740,1.050626,-1.050592,-0.800066,-0.000180
actual,12.405000,308.380000,0.450209,-1.049740,1.050626,-1.050592,-0.800066,-0.000180
actual,12.410000,308.385000,0.450337,-1.049740,1.050626,-1.050592,-0.800066,-0.000180
actual,12.415000,308.390000,0.450660,-1.049740,1.050626,-1.050592,-0.800066,-0.000180
actual,12.420000,308.395000,0.451178,-1.049740,1.050626,-1.050592,-0.800066,-0.000180
actual,12.425000,308.400000,0.451889,-1.049740,1.050626,-1.050592,-0.800066,-0.000180
actual,12.430000,308.405000,0.452790,-1.049740,1.050626,-1.050592,-0.800066,-0.000180
actual,12.435000,308.410000,0.453877,-1.049740,1.050626,-1.050592,-0.800066,-0.000180
actual,12.440000,308.415000,0.455147,-1.049740,1.050626,-1.050592,-0.800066,-0.000180
actual,12.445000,308.420000,0.456594,-1.049740,1.050626,-1.050592,-0.800066,-0.000180
actual,12.450000,308.425000,0.458212,-1.049740,1.050626,-1.050592,-0.800066,-0.000180
actual,12.455000,308.430000,0.459995,-1.049740,1.050626,-1.050592,-0.800066,-0.000180
actual,12.460000,308.435000,0.461936,-1.049740,1.050626,-1.050592,-0.800066,-0.000180
actual,12.465000,308.440000,0.464028,-1.049740,1.050626,-1.050592,-0.800066,-0.000180
actual,12.470000,308.445000,0.466262,-1.049740,1.050626,-1.050592,-0.800066,-0.000180
actual,12.475000,308.450000,0.468629,-1.049740,1.050626,-1.050592,-0.800066,-0.000180
actual,12.480000,308.455000,0.471120,-1.049740,1.050626,-1.050592,-0.800066,-0.000180
actual,12.485000,308.460000,0.473725,-1.049740,1.050626,-1.050592,-0.800066,-0.000180
actual,12.490000,308.465000,0.476434,-1.049740,1.050626,-1.050592,-0.800066,-0.000180
actual,12.495000,308.470000,0.479236,-1.049740,1.050626,-1.050592,-0.800066,-0.000180
actual,12.500000,308.475000,0.482120,-1.049740,1.050626,-1.050592,-0.800066,-0.000180
actual,12.505000,308.480000,0.485075,-1.049740,1.050626,-1.050592,-0.800066,-0.000180
actual,12.510000,308.485000,0.488089,-1.049740,1.050626,-1.050592,-0.800066,-0.000180
actual,12.515000,308.490000,0.491150,-1.049740,1.050626,-1.050592,-0.800066,-0.000180
actual,12.520000,308.495000,0.494246,-1.049740,1.050626,-1.050592,-0.800066,-0.000180
actual,12.525000,308.500000,0.497365,-1.049740,1.050626,-1.050592,-0.800066,-0.000180
actual,12.530000,308.505000,0.500495,-1.049740,1.050626,-1.050592,-0.800066,-0.000180
actual,12.535000,308.510000,0.503623,-1.049740,1.050626,-1.050592,-0.800066,-0.000180
actual,12.540000,308.515000,0.506736,-1.049740,1.050626,-1.050592,-0.800066,-0.000180
actual,12.545000,308.520000,0.509823,-1.049740,1.050626,-1.050592,-0.800066,-0.000180
actual,12.550000,308.525000,0.512872,-1.049740,1.050626,-1.050592,-0.800066,-0.000180
actual,12.555000,308.530000,0.515870,-1.049740,1.050626,-1.050592,-0.800066,-0.000180
actual,12.560000,308.535000,0.518805,-1.049740,1.050626,-1.050592,-0.800066,-0.000180
actual,12.565000,308.540000,0.521667,-1.049740,1.050626,-1.050592,-0.800066,-0.000180
actual,12.570000,308.545000,0.524443,-1.049740,1.050626,-1.050592,-0.800066,-0.000180
actual,12.575000,308.550000,0.527122,-1.049740,1.050626,-1.050592,-0.800066,-0.000180
actual,12.580000,308.555000,0.529695,-1.049740,1.050626,-1.050592,-0.800066,-0.000180
actual,12.585000,308.560000,0.532151,-1.049740,1.050626,-1.050592,-0.800066,-0.000180
actual,12.590000,308.565000,0.534480,-1.049740,1.050626,-1.050592,-0.800066,-0.000180
actual,12.595000,308.570000,0.536673,-1.049740,1.050626,-1.050592,-0.800066,-0.000180
actual,12.600000,308.575000,0.538721,-1.049740,1.050626,-1.050592,-0.800066,-0.000180
actual,12.605000,308.580000,0.540617,-1.049740,1.050626,-1.050592,-0.800066,-0.000180
actual,12.610000,308.585000,0.542352,-1.049740,1.050626,-1.050592,-0.800066,-0.000180
actual,12.615000,308.590000,0.543921,-1.049740,1.050626,-1.050592,-0.800066,-0.000180
actual,12.620000,308.595000,0.545317,-1.049740,1.050626,-1.050592,-0.800066,-0.000180
actual,12.625000,308.600000,0.546533,-1.049740,1.050626,-1.050592,-0.800066,-0.000180
actual,12.630000,308.605000,0.547566,-1.049740,1.050626,-1.050592,-0.800066,-0.000180
actual,12.635000,308.610000,0.548412,-1.049740,1.050626,-1.050592,-0.800066,-0.000180
actual,12.640000,308.615000,0.549067,-1.049740,1.050626,-1.050592,-0.800066,-0.000180
actual,12.645000,308.620000,0.549528,-1.049740,1.050626,-1.050592,-0.800066,-0.000180
actual,12.650000,308.625000,0.549794,-1.049740,1.050626,-1.050592,-0.800066,-0.000180
actual,12.655000,308.630000,0.549863,-1.049740,1.050626,-1.050592,-0.800066,-0.000180
actual,12.660000,308.635000,0.549736,-1.049740,1.050626,-1.050592,-0.800066,-0.000180
actual,12.665000,308.640000,0.549413,-1.049740,1.050626,-1.050592,-0.800066,-0.000180
actual,12.670000,308.645000,0.548895,-1.049740,1.050626,-1.050592,-0.800066,-0.000180
actual,12.675000,308.650000,0.548184,-1.049740,1.050626,-1.050592,-0.800066,-0.000180
actual,12.680000,308.655000,0.547283,-1.049740,1.050626,-1.050592,-0.800066,-0.000180
actual,12.685000,308.660000,0.546196,-1.049740,1.050626,-1.050592,-0.800066,-0.000180
actual,12.690000,308.665000,0.544926,-1.049740,1.050626,-1.050592,-0.800066,-0.000180
actual,12.695000,308.670000,0.543479,-1.049740,1.050626,-1.050592,-0.800066,-0.000180
actual,12.700000,308.675000,0.541861,-1.049740,1.050626,-1.050592,-0.800066,-0.000180
actual,12.705000,308.680000,0.540078,-1.049740,1.050626,-1.050592,-0.800066,-0.000180
actual,12.710000,308.685000,0.538137,-1.049740,1.050626,-1.050592,-0.800066,-0.000180
actual,12.715000,308.690000,0.536045,-1.049740,1.050626,-1.050592,-0.800066,-0.000180
actual,12.720000,308.695000,0.533811,-1.049740,1.050626,-1.050592,-0.800066,-0.000180
actual,12.725000,308.700000,0.531444,-1.049740,1.050626,-1.050592,-0.800066,-0.000180
actual,12.730000,308.705000,0.528953,-1.049740,1.050626,-1.050592,-0.800066,-0.000180
actual,12.735000,308.710000,0.526348,-1.049740,1.050626,-1.050592,-0.800066,-0.000180
actual,12.740000,308.715000,0.523639,-1.049740,1.050626,-1.050592,-0.800066,-0.000180
actual,12.745000,308.720000,0.520837,-1.049740,1.050626,-1.050592,-0.800066,-0.000180
actual,12.750000,308.725000,0.517953,-1.049740,1.050626,-1.050592,-0.800066,-0.000180
actual,12.755000,308.730000,0.514998,-1.049740,1.050626,-1.050592,-0.800066,-0.000180
actual,12.760000,308.735000,0.511984,-1.049740,1.050626,-1.050592,-0.800066,-0.000180
actual,12.765000,308.740000,0.508923,-1.049740,1.050626,-1.050592,-0.800066,-0.000180
actual,12.770000,308.745000,0.505826,-1.049740,1.050626,-1.050592,-0.800066,-0.000180
actual,12.775000,308.750000,0.502707,-1.049740,1.050626,-1.050592,-0.800066,-0.000180
actual,12.780000,308.755000,0.499578,-1.049740,1.050626,-1.050592,-0.800066,-0.000180
actual,12.785000,308.760000,0.496450,-1.049740,1.050626,-1.050592,-0.800066,-0.000180
actual,12.790000,308.765000,0.493337,-1.049740,1.050626,-1.050592,-0.800066,-0.000180
actual,12.795000,308.770000,0.490249,-1.049740,1.050626,-1.050592,-0.800066,-0.000180
actual,12.800000,308.775000,0.487201,-1.049740,1.050626,-1.050592,-0.800066,-0.000180
actual,12.805000,308.780000,0.484203,-1.049740,1.050626,-1.050592,-0.800066,-0.000180
actual,12.810000,308.785000,0.481268,-1.049740,1.050626,-1.050592,-0.800066,-0.000180
actual,12.815000,308.790000,0.478406,-1.049740,1.050626,-1.050592,-0.800066,-0.000180
actual,12.820000,308.795000,0.475630,-1.049740,1.050626,-1.050592,-0.800066,-0.000180
actual,12.825000,308.800000,0.472951,-1.049740,1.050626,-1.050592,-0.800066,-0.000180
actual,12.830000,308.805000,0.470378,-1.049740,1.050626,-1.050592,-0.800066,-0.000180
actual,12.835000,308.810000,0.467922,-1.049740,1.050626,-1.050592,-0.800066,-0.000180
actual,12.840000,308.815000,0.465593,-1.049740,1.050626,-1.050592,-0.800066,-0.000180
actual,12.845000,308.820000,0.463400,-1.049740,1.050626,-1.050592,-0.800066,-0.000180
actual,12.850000,308.825000,0.461352,-1.049740,1.050626,-1.050592,-0.800066,-0.000180
actual,12.855000,308.830000,0.459456,-1.049740,1.050626,-1.050592,-0.800066,-0.000180
actual,12.860000,308.835000,0.457720,-1.049740,1.050626,-1.050592,-0.800066,-0.000180
actual,12.865000,308.840000,0.456152,-1.049740,1.050626,-1.050592,-0.800066,-0.000180
actual,12.870000,308.845000,0.454756,-1.049740,1.050626,-1.050592,-0.800066,-0.000180
actual,12.875000,308.850000,0.453540,-1.049740,1.050626,-1.050592,-0.800066,-0.000180
actual,12.880000,308.855000,0.452506,-1.049740,1.050626,-1.050592,-0.800066,-0.000180
actual,12.885000,308.860000,0.451661,-1.049740,1.050626,-1.050592,-0.800066,-0.000180
actual,12.890000,308.865000,0.451006,-1.049740,1.050626,-1.050592,-0.800066,-0.000180
actual,12.895000,308.870000,0.450545,-1.049740,1.050626,-1.050592,-0.800066,-0.000180
actual,12.900000,308.875000,0.450279,-1.049740,1.050626,-1.050592,-0.800066,-0.000180
actual,12.905000,308.880000,0.450209,-1.049740,1.050626,-1.050592,-0.800066,-0.000180
actual,12.910000,308.885000,0.450337,-1.049740,1.050626,-1.050592,-0.800066,-0.000180
actual,12.915000,308.890000,0.450660,-1.049740,1.050626,-1.050592,-0.800066,-0.000180
actual,12.920000,308.895000,0.451178,-1.049740,1.050626,-1.050592,-0.800066,-0.000180
actual,12.925000,308.900000,0.451889,-1.049740,1.050626,-1.050592,-0.800066,-0.000180
actual,12.930000,308.905000,0.452790,-1.049740,1.050626,-1.050592,-0.800066,-0.000180
actual,12.935000,308.910000,0.453877,-1.049740,1.050626,-1.050592,-0.800066,-0.000180
actual,12.940000,308.915000,0.455147,-1.049740,1.050626,-1.050592,-0.800066,-0.000180
actual,12.945000,308.920000,0.456594,-1.049740,1.050626,-1.050592,-0.800066,-0.000180
actual,12.950000,308.925000,0.458212,-1.049740,1.050626,-1.050592,-0.800066,-0.000180
actual,12.955000,308.930000,0.459995,-1.049740,1.050626,-1.050592,-0.800066,-0.000180
actual,12.960000,308.935000,0.461936,-1.049740,1.050626,-1.050592,-0.800066,-0.000180
actual,12.965000,308.940000,0.464028,-1.049740,1.050626,-1.050592,-0.800066,-0.000180
actual,12.970000,308.945000,0.466262,-1.049740,1.050626,-1.050592,-0.800066,-0.000180
actual,12.975000,308.950000,0.468629,-1.049740,1.050626,-1.050592,-0.800066,-0.000180
actual,12.980000,308.955000,0.471120,-1.049740,1.050626,-1.050592,-0.800066,-0.000180
actual,12.985000,308.960000,0.473725,-1.049740,1.050626,-1.050592,-0.800066,-0.000180
actual,12.990000,308.965000,0.476434,-1.049740,1.050626,-1.050592,-0.800066,-0.000180
actual,12.995000,308.970000,0.479236,-1.049740,1.050626,-1.050592,-0.800066,-0.000180
actual,13.000000,308.975000,0.482120,-1.049740,1.050626,-1.050592,-0.800066,-0.000180
actual,13.005000,308.980000,0.485075,-1.049740,1.050626,-1.050592,-0.800066,-0.000180
actual,13.010000,308.985000,0.488089,-1.049740,1.050626,-1.050592,-0.800066,-0.000180
actual,13.015000,308.990000,0.491150,-1.049740,1.050626,-1.050592,-0.800066,-0.000180
actual,13.020000,308.995000,0.494246,-1.049740,1.050626,-1.050592,-0.800066,-0.000180
actual,13.025000,309.000000,0.497365,-1.049740,1.050626,-1.050592,-0.800066,-0.000180
actual,13.030000,309.005000,0.500495,-1.049740,1.050626,-1.050592,-0.800066,-0.000180
actual,13.035000,309.010000,0.503623,-1.049740,1.050626,-1.050592,-0.800066,-0.000180
actual,13.040000,309.015000,0.506736,-1.049740,1.050626,-1.050592,-0.800066,-0.000180
actual,13.045000,309.020000,0.509823,-1.049740,1.050626,-1.050592,-0.800066,-0.000180
actual,13.050000,309.025000,0.512872,-1.049740,1.050626,-1.050592,-0.800066,-0.000180
actual,13.055000,309.030000,0.515870,-1.049740,1.050626,-1.050592,-0.800066,-0.000180
actual,13.060000,309.035000,0.518805,-1.049740,1.050626,-1.050592,-0.800066,-0.000180
actual,13.065000,309.040000,0.521667,-1.049740,1.050626,-1.050592,-0.800066,-0.000180
actual,13.070000,309.045000,0.524443,-1.049740,1.050626,-1.050592,-0.800066,-0.000180
actual,13.075000,309.050000,0.527122,-1.049740,1.050626,-1.050592,-0.800066,-0.000180
actual,13.080000,309.055000,0.529695,-1.049740,1.050626,-1.050592,-0.800066,-0.000180
actual,13.085000,309.060000,0.532151,-1.049740,1.050626,-1.050592,-0.800066,-0.000180
actual,13.090000,309.065000,0.534480,-1.049740,1.050626,-1.050592,-0.800066,-0.000180
actual,13.095000,309.070000,0.536673,-1.049740,1.050626,-1.050592,-0.800066,-0.000180
actual,13.100000,309.075000,0.538721,-1.049740,1.050626,-1.050592,-0.800066,-0.000180
actual,13.105000,309.080000,0.540617,-1.049740,1.050626,-1.050592,-0.800066,-0.000180
actual,13.110000,309.085000,0.542352,-1.049740,1.050626,-1.050592,-0.800066,-0.000180
actual,13.115000,309.090000,0.543921,-1.049740,1.050626,-1.050592,-0.800066,-0.000180
actual,13.120000,309.095000,0.545317,-1.049740,1.050626,-1.050592,-0.800066,-0.000180
actual,13.125000,309.100000,0.546533,-1.049740,1.050626,-1.050592,-0.800066,-0.000180
actual,13.130000,309.105000,0.547566,-1.049740,1.050626,-1.050592,-0.800066,-0.000180
actual,13.135000,309.110000,0.548412,-1.049740,1.050626,-1.050592,-0.800066,-0.000180
actual,13.140000,309.115000,0.549067,-1.049740,1.050626,-1.050592,-0.800066,-0.000180
actual,13.145000,309.120000,0.549528,-1.049740,1.050626,-1.050592,-0.800066,-0.000180
actual,13.150000,309.125000,0.549794,-1.049740,1.050626,-1.050592,-0.800066,-0.000180
actual,13.155000,309.130000,0.549863,-1.049740,1.050626,-1.050592,-0.800066,-0.000180
actual,13.160000,309.135000,0.549736,-1.049740,1.050626,-1.050592,-0.800066,-0.000180
actual,13.165000,309.140000,0.549413,-1.049740,1.050626,-1.050592,-0.800066,-0.000180
actual,13.170000,309.145000,0.548895,-1.049740,1.050626,-1.050592,-0.800066,-0.000180
actual,13.175000,309.150000,0.548184,-1.049740,1.050626,-1.050592,-0.800066,-0.000180
actual,13.180000,309.155000,0.547283,-1.049740,1.050626,-1.050592,-0.800066,-0.000180
actual,13.185000,309.160000,0.546196,-1.049740,1.050626,-1.050592,-0.800066,-0.000180
actual,13.190000,309.165000,0.544926,-1.049740,1.050626,-1.050592,-0.800066,-0.000180
actual,13.195000,309.170000,0.543479,-1.049740,1.050626,-1.050592,-0.800066,-0.000180
actual,13.200000,309.175000,0.541861,-1.049740,1.050626,-1.050592,-0.800066,-0.000180
actual,13.205000,309.180000,0.540078,-1.049740,1.050626,-1.050592,-0.800066,-0.000180
actual,13.210000,309.185000,0.538137,-1.049740,1.050626,-1.050592,-0.800066,-0.000180
actual,13.215000,309.190000,0.536045,-1.049740,1.050626,-1.050592,-0.800066,-0.000180
actual,13.220000,309.195000,0.533811,-1.049740,1.050626,-1.050592,-0.800066,-0.000180
actual,13.225000,309.200000,0.531444,-1.049740,1.050626,-1.050592,-0.800066,-0.000180
actual,13.230000,309.205000,0.528953,-1.049740,1.050626,-1.050592,-0.800066,-0.000180
actual,13.235000,309.210000,0.526348,-1.049740,1.050626,-1.050592,-0.800066,-0.000180
actual,13.240000,309.215000,0.523639,-1.049740,1.050626,-1.050592,-0.800066,-0.000180
actual,13.245000,309.220000,0.520837,-1.049740,1.050626,-1.050592,-0.800066,-0.000180
actual,13.250000,309.225000,0.517953,-1.049740,1.050626,-1.050592,-0.800066,-0.000180
actual,13.255000,309.230000,0.514998,-1.049740,1.050626,-1.050592,-0.800066,-0.000180
actual,13.260000,309.235000,0.511984,-1.049740,1.050626,-1.050592,-0.800066,-0.000180
actual,13.265000,309.240000,0.508923,-1.049740,1.050626,-1.050592,-0.800066,-0.000180
actual,13.270000,309.245000,0.505826,-1.049740,1.050626,-1.050592,-0.800066,-0.000180
actual,13.275000,309.250000,0.502707,-1.049740,1.050626,-1.050592,-0.800066,-0.000180
actual,13.280000,309.255000,0.499578,-1.049740,1.050626,-1.050592,-0.800066,-0.000180
actual,13.285000,309.260000,0.496450,-1.049740,1.050626,-1.050592,-0.800066,-0.000180
actual,13.290000,309.265000,0.493337,-1.049740,1.050626,-1.050592,-0.800066,-0.000180
actual,13.295000,309.270000,0.490249,-1.049740,1.050626,-1.050592,-0.800066,-0.000180
actual,13.300000,309.275000,0.487201,-1.049740,1.050626,-1.050592,-0.800066,-0.000180
actual,13.305000,309.280000,0.484203,-1.049740,1.050626,-1.050592,-0.800066,-0.000180
actual,13.310000,309.285000,0.481268,-1.049740,1.050626,-1.050592,-0.800066,-0.000180
actual,13.315000,309.290000,0.478406,-1.049740,1.050626,-1.050592,-0.800066,-0.000180
actual,13.320000,309.295000,0.475630,-1.049740,1.050626,-1.050592,-0.800066,-0.000180
actual,13.325000,309.300000,0.472951,-1.049740,1.050626,-1.050592,-0.800066,-0.000180
actual,13.330000,309.305000,0.470378,-1.049740,1.050626,-1.050592,-0.800066,-0.000180
actual,13.335000,309.310000,0.467922,-1.049740,1.050626,-1.050592,-0.800066,-0.000180
actual,13.340000,309.315000,0.465593,-1.049740,1.050626,-1.050592,-0.800066,-0.000180
actual,13.345000,309.320000,0.463400,-1.049740,1.050626,-1.050592,-0.800066,-0.000180
actual,13.350000,309.325000,0.461352,-1.049740,1.050626,-1.050592,-0.800066,-0.000180
actual,13.355000,309.330000,0.459456,-1.049740,1.050626,-1.050592,-0.800066,-0.000180
actual,13.360000,309.335000,0.457720,-1.049740,1.050626,-1.050592,-0.800066,-0.000180
actual,13.365000,309.340000,0.456152,-1.049740,1.050626,-1.050592,-0.800066,-0.000180
actual,13.370000,309.345000,0.454756,-1.049740,1.050626,-1.050592,-0.800066,-0.000180
actual,13.375000,309.350000,0.453540,-1.049740,1.050626,-1.050592,-0.800066,-0.000180
actual,13.380000,309.355000,0.452506,-1.049740,1.050626,-1.050592,-0.800066,-0.000180
actual,13.385000,309.360000,0.451661,-1.049740,1.050626,-1.050592,-0.800066,-0.000180
actual,13.390000,309.365000,0.451006,-1.049740,1.050626,-1.050592,-0.800066,-0.000180
actual,13.395000,309.370000,0.450545,-1.049740,1.050626,-1.050592,-0.800066,-0.000180
actual,13.400000,309.375000,0.450279,-1.049740,1.050626,-1.050592,-0.800066,-0.000180
actual,13.405000,309.380000,0.450209,-1.049740,1.050626,-1.050592,-0.800066,-0.000180
actual,13.410000,309.385000,0.450337,-1.049740,1.050626,-1.050592,-0.800066,-0.000180
actual,13.415000,309.390000,0.450660,-1.049740,1.050626,-1.050592,-0.800066,-0.000180
actual,13.420000,309.395000,0.451178,-1.049740,1.050626,-1.050592,-0.800066,-0.000180
actual,13.425000,309.400000,0.451889,-1.049740,1.050626,-1.050592,-0.800066,-0.000180
actual,13.430000,309.405000,0.452790,-1.049740,1.050626,-1.050592,-0.800066,-0.000180
actual,13.435000,309.410000,0.453877,-1.049740,1.050626,-1.050592,-0.800066,-0.000180
actual,13.440000,309.415000,0.455147,-1.049740,1.050626,-1.050592,-0.800066,-0.000180
actual,13.445000,309.420000,0.456594,-1.049740,1.050626,-1.050592,-0.800066,-0.000180
actual,13.450000,309.425000,0.458212,-1.049740,1.050626,-1.050592,-0.800066,-0.000180
actual,13.455000,309.430000,0.459995,-1.049740,1.050626,-1.050592,-0.800066,-0.000180
actual,13.460000,309.435000,0.461936,-1.049740,1.050626,-1.050592,-0.800066,-0.000180
actual,13.465000,309.440000,0.464028,-1.049740,1.050626,-1.050592,-0.800066,-0.000180
actual,13.470000,309.445000,0.466262,-1.049740,1.050626,-1.050592,-0.800066,-0.000180
actual,13.475000,309.450000,0.468629,-1.049740,1.050626,-1.050592,-0.800066,-0.000180
actual,13.480000,309.455000,0.471120,-1.049740,1.050626,-1.050592,-0.800066,-0.000180
actual,13.485000,309.460000,0.473725,-1.049740,1.050626,-1.050592,-0.800066,-0.000180
actual,13.490000,309.465000,0.476434,-1.049740,1.050626,-1.050592,-0.800066,-0.000180
actual,13.495000,309.470000,0.479236,-1.049740,1.050626,-1.050592,-0.800066,-0.000180
actual,13.500000,309.475000,0.482120,-1.049740,1.050626,-1.050592,-0.800066,-0.000180
actual,13.505000,309.480000,0.485075,-1.049740,1.050626,-1.050592,-0.800066,-0.000180
actual,13.510000,309.485000,0.488089,-1.049740,1.050626,-1.050592,-0.800066,-0.000180
actual,13.515000,309.490000,0.491150,-1.049740,1.050626,-1.050592,-0.800066,-0.000180
actual,13.520000,309.495000,0.494246,-1.049740,1.050626,-1.050592,-0.800066,-0.000180
actual,13.525000,309.500000,0.497365,-1.049740,1.050626,-1.050592,-0.800066,-0.000180
actual,13.530000,309.505000,0.500495,-1.049740,1.050626,-1.050592,-0.800066,-0.000180
actual,13.535000,309.510000,0.503623,-1.049740,1.050626,-1.050592,-0.800066,-0.000180
actual,13.540000,309.515000,0.506736,-1.049740,1.050626,-1.050592,-0.800066,-0.000180
actual,13.545000,309.520000,0.509823,-1.049740,1.050626,-1.050592,-0.800066,-0.000180
actual,13.550000,309.525000,0.512872,-1.049740,1.050626,-1.050592,-0.800066,-0.000180
actual,13.555000,309.530000,0.515870,-1.049740,1.050626,-1.050592,-0.800066,-0.000180
actual,13.560000,309.535000,0.518805,-1.049740,1.050626,-1.050592,-0.800066,-0.000180
actual,13.565000,309.540000,0.521667,-1.049740,1.050626,-1.050592,-0.800066,-0.000180
actual,13.570000,309.545000,0.524443,-1.049740,1.050626,-1.050592,-0.800066,-0.000180
actual,13.575000,309.550000,0.527122,-1.049740,1.050626,-1.050592,-0.800066,-0.000180
actual,13.580000,309.555000,0.529695,-1.049740,1.050626,-1.050592,-0.800066,-0.000180
actual,13.585000,309.560000,0.532151,-1.049740,1.050626,-1.050592,-0.800066,-0.000180
actual,13.590000,309.565000,0.534480,-1.049740,1.050626,-1.050592,-0.800066,-0.000180
actual,13.595000,309.570000,0.536673,-1.049740,1.050626,-1.050592,-0.800066,-0.000180
actual,13.600000,309.575000,0.538721,-1.049740,1.050626,-1.050592,-0.800066,-0.000180
actual,13.605000,309.580000,0.540617,-1.049740,1.050626,-1.050592,-0.800066,-0.000180
actual,13.610000,309.585000,0.542352,-1.049740,1.050626,-1.050592,-0.800066,-0.000180
actual,13.615000,309.590000,0.543921,-1.049740,1.050626,-1.050592,-0.800066,-0.000180
actual,13.620000,309.595000,0.545317,-1.049740,1.050626,-1.050592,-0.800066,-0.000180
actual,13.625000,309.600000,0.546533,-1.049740,1.050626,-1.050592,-0.800066,-0.000180
actual,13.630000,309.605000,0.547566,-1.049740,1.050626,-1.050592,-0.800066,-0.000180
actual,13.635000,309.610000,0.548412,-1.049740,1.050626,-1.050592,-0.800066,-0.000180
actual,13.640000,309.615000,0.549067,-1.049740,1.050626,-1.050592,-0.800066,-0.000180
actual,13.645000,309.620000,0.549528,-1.049740,1.050626,-1.050592,-0.800066,-0.000180
actual,13.650000,309.625000,0.549794,-1.049740,1.050626,-1.050592,-0.800066,-0.000180
actual,13.655000,309.630000,0.549863,-1.049740,1.050626,-1.050592,-0.800066,-0.000180
actual,13.660000,309.635000,0.549736,-1.049740,1.050626,-1.050592,-0.800066,-0.000180
actual,13.665000,309.640000,0.549413,-1.049740,1.050626,-1.050592,-0.800066,-0.000180
actual,13.670000,309.645000,0.548895,-1.049740,1.050626,-1.050592,-0.800066,-0.000180
actual,13.675000,309.650000,0.548184,-1.049740,1.050626,-1.050592,-0.800066,-0.000180
actual,13.680000,309.655000,0.547283,-1.049740,1.050626,-1.050592,-0.800066,-0.000180
actual,13.685000,309.660000,0.546196,-1.049740,1.050626,-1.050592,-0.800066,-0.000180
actual,13.690000,309.665000,0.544926,-1.049740,1.050626,-1.050592,-0.800066,-0.000180
actual,13.695000,309.670000,0.543479,-1.049740,1.050626,-1.050592,-0.800066,-0.000180
actual,13.700000,309.675000,0.541861,-1.049740,1.050626,-1.050592,-0.800066,-0.000180
actual,13.705000,309.680000,0.540078,-1.049740,1.050626,-1.050592,-0.800066,-0.000180
actual,13.710000,309.685000,0.538137,-1.049740,1.050626,-1.050592,-0.800066,-0.000180
actual,13.715000,309.690000,0.536045,-1.049740,1.050626,-1.050592,-0.800066,-0.000180
actual,13.720000,309.695000,0.533811,-1.049740,1.050626,-1.050592,-0.800066,-0.000180
actual,13.725000,309.700000,0.531444,-1.049740,1.050626,-1.050592,-0.800066,-0.000180
actual,13.730000,309.705000,0.528953,-1.049740,1.050626,-1.050592,-0.800066,-0.000180
actual,13.735000,309.710000,0.526348,-1.049740,1.050626,-1.050592,-0.800066,-0.000180
actual,13.740000,309.715000,0.523639,-1.049740,1.050626,-1.050592,-0.800066,-0.000180
actual,13.745000,309.720000,0.520837,-1.049740,1.050626,-1.050592,-0.800066,-0.000180
actual,13.750000,309.725000,0.517953,-1.049740,1.050626,-1.050592,-0.800066,-0.000180
actual,13.755000,309.730000,0.514998,-1.049740,1.050626,-1.050592,-0.800066,-0.000180
actual,13.760000,309.735000,0.511984,-1.049740,1.050626,-1.050592,-0.800066,-0.000180
actual,13.765000,309.740000,0.508923,-1.049740,1.050626,-1.050592,-0.800066,-0.000180
actual,13.770000,309.745000,0.505826,-1.049740,1.050626,-1.050592,-0.800066,-0.000180
actual,13.775000,309.750000,0.502707,-1.049740,1.050626,-1.050592,-0.800066,-0.000180
actual,13.780000,309.755000,0.499578,-1.049740,1.050626,-1.050592,-0.800066,-0.000180
actual,13.785000,309.760000,0.496450,-1.049740,1.050626,-1.050592,-0.800066,-0.000180
actual,13.790000,309.765000,0.493337,-1.049740,1.050626,-1.050592,-0.800066,-0.000180
actual,13.795000,309.770000,0.490249,-1.049740,1.050626,-1.050592,-0.800066,-0.000180
actual,13.800000,309.775000,0.487201,-1.049740,1.050626,-1.050592,-0.800066,-0.000180
actual,13.805000,309.780000,0.484203,-1.049740,1.050626,-1.050592,-0.800066,-0.000180
actual,13.810000,309.785000,0.481268,-1.049740,1.050626,-1.050592,-0.800066,-0.000180
actual,13.815000,309.790000,0.478406,-1.049740,1.050626,-1.050592,-0.800066,-0.000180
actual,13.820000,309.795000,0.475630,-1.049740,1.050626,-1.050592,-0.800066,-0.000180
actual,13.825000,309.800000,0.472951,-1.049740,1.050626,-1.050592,-0.800066,-0.000180
actual,13.830000,309.805000,0.470378,-1.049740,1.050626,-1.050592,-0.800066,-0.000180
actual,13.835000,309.810000,0.467922,-1.049740,1.050626,-1.050592,-0.800066,-0.000180
actual,13.840000,309.815000,0.465593,-1.049740,1.050626,-1.050592,-0.800066,-0.000180
actual,13.845000,309.820000,0.463400,-1.049740,1.050626,-1.050592,-0.800066,-0.000180
actual,13.850000,309.825000,0.461352,-1.049740,1.050626,-1.050592,-0.800066,-0.000180
actual,13.855000,309.830000,0.459456,-1.049740,1.050626,-1.050592,-0.800066,-0.000180
actual,13.860000,309.835000,0.457720,-1.049740,1.050626,-1.050592,-0.800066,-0.000180
actual,13.865000,309.840000,0.456152,-1.049740,1.050626,-1.050592,-0.800066,-0.000180
actual,13.870000,309.845000,0.454756,-1.049740,1.050626,-1.050592,-0.800066,-0.000180
actual,13.875000,309.850000,0.453540,-1.049740,1.050626,-1.050592,-0.800066,-0.000180
actual,13.880000,309.855000,0.452506,-1.049740,1.050626,-1.050592,-0.800066,-0.000180
actual,13.885000,309.860000,0.451661,-1.049740,1.050626,-1.050592,-0.800066,-0.000180
actual,13.890000,309.865000,0.451006,-1.049740,1.050626,-1.050592,-0.800066,-0.000180
actual,13.895000,309.870000,0.450545,-1.049740,1.050626,-1.050592,-0.800066,-0.000180
actual,13.900000,309.875000,0.450279,-1.049740,1.050626,-1.050592,-0.800066,-0.000180
actual,13.905000,309.880000,0.450209,-1.049740,1.050626,-1.050592,-0.800066,-0.000180
actual,13.910000,309.885000,0.450337,-1.049740,1.050626,-1.050592,-0.800066,-0.000180
actual,13.915000,309.890000,0.450660,-1.049740,1.050626,-1.050592,-0.800066,-0.000180
actual,13.920000,309.895000,0.451178,-1.049740,1.050626,-1.050592,-0.800066,-0.000180
actual,13.925000,309.900000,0.451889,-1.049740,1.050626,-1.050592,-0.800066,-0.000180
actual,13.930000,309.905000,0.452790,-1.049740,1.050626,-1.050592,-0.800066,-0.000180
actual,13.935000,309.910000,0.453877,-1.049740,1.050626,-1.050592,-0.800066,-0.000180
actual,13.940000,309.915000,0.455147,-1.049740,1.050626,-1.050592,-0.800066,-0.000180
actual,13.945000,309.920000,0.456594,-1.049740,1.050626,-1.050592,-0.800066,-0.000180
actual,13.950000,309.925000,0.458212,-1.049740,1.050626,-1.050592,-0.800066,-0.000180
actual,13.955000,309.930000,0.459995,-1.049740,1.050626,-1.050592,-0.800066,-0.000180
actual,13.960000,309.935000,0.461936,-1.049740,1.050626,-1.050592,-0.800066,-0.000180
actual,13.965000,309.940000,0.464028,-1.049740,1.050626,-1.050592,-0.800066,-0.000180
actual,13.970000,309.945000,0.466262,-1.049740,1.050626,-1.050592,-0.800066,-0.000180
actual,13.975000,309.950000,0.468629,-1.049740,1.050626,-1.050592,-0.800066,-0.000180
actual,13.980000,309.955000,0.471120,-1.049740,1.050626,-1.050592,-0.800066,-0.000180
actual,13.985000,309.960000,0.473725,-1.049740,1.050626,-1.050592,-0.800066,-0.000180
actual,13.990000,309.965000,0.476434,-1.049740,1.050626,-1.050592,-0.800066,-0.000180
actual,13.995000,309.970000,0.479236,-1.049740,1.050626,-1.050592,-0.800066,-0.000180
actual,14.000000,309.975000,0.482120,-1.049740,1.050626,-1.050592,-0.800066,-0.000180
actual,14.005000,309.980000,0.485075,-1.049740,1.050626,-1.050592,-0.800066,-0.000180
actual,14.010000,309.985000,0.488089,-1.049740,1.050626,-1.050592,-0.800066,-0.000180
actual,14.015000,309.990000,0.491150,-1.049740,1.050626,-1.050592,-0.800066,-0.000180
actual,14.020000,309.995000,0.494246,-1.049740,1.050626,-1.050592,-0.800066,-0.000180
actual,14.025000,310.000000,0.497365,-1.049740,1.050626,-1.050592,-0.800066,-0.000180
actual,14.030000,310.005000,0.500495,-1.049740,1.050626,-1.050592,-0.800066,-0.000180
actual,14.035000,310.010000,0.503623,-1.049740,1.050626,-1.050592,-0.800066,-0.000180
actual,14.040000,310.015000,0.506736,-1.049740,1.050626,-1.050592,-0.800066,-0.000180
actual,14.045000,310.020000,0.509823,-1.049740,1.050626,-1.050592,-0.800066,-0.000180
actual,14.050000,310.025000,0.512872,-1.049740,1.050626,-1.050592,-0.800066,-0.000180
actual,14.055000,310.030000,0.515870,-1.049740,1.050626,-1.050592,-0.800066,-0.000180
actual,14.060000,310.035000,0.518805,-1.049740,1.050626,-1.050592,-0.800066,-0.000180
actual,14.065000,310.040000,0.521667,-1.049740,1.050626,-1.050592,-0.800066,-0.000180
actual,14.070000,310.045000,0.524443,-1.049740,1.050626,-1.050592,-0.800066,-0.000180
actual,14.075000,310.050000,0.527122,-1.049740,1.050626,-1.050592,-0.800066,-0.000180
actual,14.080000,310.055000,0.529695,-1.049740,1.050626,-1.050592,-0.800066,-0.000180
actual,14.085000,310.060000,0.532151,-1.049740,1.050626,-1.050592,-0.800066,-0.000180
actual,14.090000,310.065000,0.534480,-1.049740,1.050626,-1.050592,-0.800066,-0.000180
actual,14.095000,310.070000,0.536673,-1.049740,1.050626,-1.050592,-0.800066,-0.000180
actual,14.100000,310.075000,0.538721,-1.049740,1.050626,-1.050592,-0.800066,-0.000180
actual,14.105000,310.080000,0.540617,-1.049740,1.050626,-1.050592,-0.800066,-0.000180
actual,14.110000,310.085000,0.542352,-1.049740,1.050626,-1.050592,-0.800066,-0.000180
actual,14.115000,310.090000,0.543921,-1.049740,1.050626,-1.050592,-0.800066,-0.000180
actual,14.120000,310.095000,0.545317,-1.049740,1.050626,-1.050592,-0.800066,-0.000180
actual,14.125000,310.100000,0.546533,-1.049740,1.050626,-1.050592,-0.800066,-0.000180
actual,14.130000,310.105000,0.547566,-1.049740,1.050626,-1.050592,-0.800066,-0.000180
actual,14.135000,310.110000,0.548412,-1.049740,1.050626,-1.050592,-0.800066,-0.000180
actual,14.140000,310.115000,0.549067,-1.049740,1.050626,-1.050592,-0.800066,-0.000180
actual,14.145000,310.120000,0.549528,-1.049740,1.050626,-1.050592,-0.800066,-0.000180
actual,14.150000,310.125000,0.549794,-1.049740,1.050626,-1.050592,-0.800066,-0.000180
actual,14.155000,310.130000,0.549863,-1.049740,1.050626,-1.050592,-0.800066,-0.000180
actual,14.160000,310.135000,0.549736,-1.049740,1.050626,-1.050592,-0.800066,-0.000180
actual,14.165000,310.140000,0.549413,-1.049740,1.050626,-1.050592,-0.800066,-0.000180
actual,14.170000,310.145000,0.548895,-1.049740,1.050626,-1.050592,-0.800066,-0.000180
actual,14.175000,310.150000,0.548184,-1.049740,1.050626,-1.050592,-0.800066,-0.000180
actual,14.180000,310.155000,0.547283,-1.049740,1.050626,-1.050592,-0.800066,-0.000180
actual,14.185000,310.160000,0.546196,-1.049740,1.050626,-1.050592,-0.800066,-0.000180
actual,14.190000,310.165000,0.544926,-1.049740,1.050626,-1.050592,-0.800066,-0.000180
actual,14.195000,310.170000,0.543479,-1.049740,1.050626,-1.050592,-0.800066,-0.000180
actual,14.200000,310.175000,0.541861,-1.049740,1.050626,-1.050592,-0.800066,-0.000180
actual,14.205000,310.180000,0.540078,-1.049740,1.050626,-1.050592,-0.800066,-0.000180
actual,14.210000,310.185000,0.538137,-1.049740,1.050626,-1.050592,-0.800066,-0.000180
actual,14.215000,310.190000,0.536045,-1.049740,1.050626,-1.050592,-0.800066,-0.000180
actual,14.220000,310.195000,0.533811,-1.049740,1.050626,-1.050592,-0.800066,-0.000180
actual,14.225000,310.200000,0.531444,-1.049740,1.050626,-1.050592,-0.800066,-0.000180
actual,14.230000,310.205000,0.528953,-1.049740,1.050626,-1.050592,-0.800066,-0.000180
actual,14.235000,310.210000,0.526348,-1.049740,1.050626,-1.050592,-0.800066,-0.000180
actual,14.240000,310.215000,0.523639,-1.049740,1.050626,-1.050592,-0.800066,-0.000180
actual,14.245000,310.220000,0.520837,-1.049740,1.050626,-1.050592,-0.800066,-0.000180
actual,14.250000,310.225000,0.517953,-1.049740,1.050626,-1.050592,-0.800066,-0.000180
actual,14.255000,310.230000,0.514998,-1.049740,1.050626,-1.050592,-0.800066,-0.000180
actual,14.260000,310.235000,0.511984,-1.049740,1.050626,-1.050592,-0.800066,-0.000180
actual,14.265000,310.240000,0.508923,-1.049740,1.050626,-1.050592,-0.800066,-0.000180
actual,14.270000,310.245000,0.505826,-1.049740,1.050626,-1.050592,-0.800066,-0.000180
actual,14.275000,310.250000,0.502707,-1.049740,1.050626,-1.050592,-0.800066,-0.000180
actual,14.280000,310.255000,0.499578,-1.049740,1.050626,-1.050592,-0.800066,-0.000180
actual,14.285000,310.260000,0.496450,-1.049740,1.050626,-1.050592,-0.800066,-0.000180
actual,14.290000,310.265000,0.493337,-1.049740,1.050626,-1.050592,-0.800066,-0.000180
actual,14.295000,310.270000,0.490249,-1.049740,1.050626,-1.050592,-0.800066,-0.000180
actual,14.300000,310.275000,0.487201,-1.049740,1.050626,-1.050592,-0.800066,-0.000180
actual,14.305000,310.280000,0.484203,-1.049740,1.050626,-1.050592,-0.800066,-0.000180
actual,14.310000,310.285000,0.481268,-1.049740,1.050626,-1.050592,-0.800066,-0.000180
actual,14.315000,310.290000,0.478406,-1.049740,1.050626,-1.050592,-0.800066,-0.000180
actual,14.320000,310.295000,0.475630,-1.049740,1.050626,-1.050592,-0.800066,-0.000180
actual,14.325000,310.300000,0.472951,-1.049740,1.050626,-1.050592,-0.800066,-0.000180
actual,14.330000,310.305000,0.470378,-1.049740,1.050626,-1.050592,-0.800066,-0.000180
actual,14.335000,310.310000,0.467922,-1.049740,1.050626,-1.050592,-0.800066,-0.000180
actual,14.340000,310.315000,0.465593,-1.049740,1.050626,-1.050592,-0.800066,-0.000180
actual,14.345000,310.320000,0.463400,-1.049740,1.050626,-1.050592,-0.800066,-0.000180
actual,14.350000,310.325000,0.461352,-1.049740,1.050626,-1.050592,-0.800066,-0.000180
actual,14.355000,310.330000,0.459456,-1.049740,1.050626,-1.050592,-0.800066,-0.000180
actual,14.360000,310.335000,0.457720,-1.049740,1.050626,-1.050592,-0.800066,-0.000180
actual,14.365000,310.340000,0.456152,-1.049740,1.050626,-1.050592,-0.800066,-0.000180
actual,14.370000,310.345000,0.454756,-1.049740,1.050626,-1.050592,-0.800066,-0.000180
actual,14.375000,310.350000,0.453540,-1.049740,1.050626,-1.050592,-0.800066,-0.000180
actual,14.380000,310.355000,0.452506,-1.049740,1.050626,-1.050592,-0.800066,-0.000180
actual,14.385000,310.360000,0.451661,-1.049740,1.050626,-1.050592,-0.800066,-0.000180
actual,14.390000,310.365000,0.451006,-1.049740,1.050626,-1.050592,-0.800066,-0.000180
actual,14.395000,310.370000,0.450545,-1.049740,1.050626,-1.050592,-0.800066,-0.000180
actual,14.400000,310.375000,0.450279,-1.049740,1.050626,-1.050592,-0.800066,-0.000180
actual,14.405000,310.380000,0.450209,-1.049740,1.050626,-1.050592,-0.800066,-0.000180
actual,14.410000,310.385000,0.450337,-1.049740,1.050626,-1.050592,-0.800066,-0.000180
actual,14.415000,310.390000,0.450660,-1.049740,1.050626,-1.050592,-0.800066,-0.000180
actual,14.420000,310.395000,0.451178,-1.049740,1.050626,-1.050592,-0.800066,-0.000180
actual,14.425000,310.400000,0.451889,-1.049740,1.050626,-1.050592,-0.800066,-0.000180
actual,14.430000,310.405000,0.452790,-1.049740,1.050626,-1.050592,-0.800066,-0.000180
actual,14.435000,310.410000,0.453877,-1.049740,1.050626,-1.050592,-0.800066,-0.000180
actual,14.440000,310.415000,0.455147,-1.049740,1.050626,-1.050592,-0.800066,-0.000180
actual,14.445000,310.420000,0.456594,-1.049740,1.050626,-1.050592,-0.800066,-0.000180
actual,14.450000,310.425000,0.458212,-1.049740,1.050626,-1.050592,-0.800066,-0.000180
actual,14.455000,310.430000,0.459995,-1.049740,1.050626,-1.050592,-0.800066,-0.000180
actual,14.460000,310.435000,0.461936,-1.049740,1.050626,-1.050592,-0.800066,-0.000180
actual,14.465000,310.440000,0.464028,-1.049740,1.050626,-1.050592,-0.800066,-0.000180
actual,14.470000,310.445000,0.466262,-1.049740,1.050626,-1.050592,-0.800066,-0.000180
actual,14.475000,310.450000,0.468629,-1.049740,1.050626,-1.050592,-0.800066,-0.000180
actual,14.480000,310.455000,0.471120,-1.049740,1.050626,-1.050592,-0.800066,-0.000180
actual,14.485000,310.460000,0.473725,-1.049740,1.050626,-1.050592,-0.800066,-0.000180
actual,14.490000,310.465000,0.476434,-1.049740,1.050626,-1.050592,-0.800066,-0.000180
actual,14.495000,310.470000,0.479236,-1.049740,1.050626,-1.050592,-0.800066,-0.000180
actual,14.500000,310.475000,0.482120,-1.049740,1.050626,-1.050592,-0.800066,-0.000180
actual,14.505000,310.480000,0.485075,-1.049740,1.050626,-1.050592,-0.800066,-0.000180
actual,14.510000,310.485000,0.488089,-1.049740,1.050626,-1.050592,-0.800066,-0.000180
actual,14.515000,310.490000,0.491150,-1.049740,1.050626,-1.050592,-0.800066,-0.000180
actual,14.520000,310.495000,0.494246,-1.049740,1.050626,-1.050592,-0.800066,-0.000180
actual,14.525000,310.500000,0.497365,-1.049740,1.050626,-1.050592,-0.800066,-0.000180
actual,14.530000,310.505000,0.500495,-1.049740,1.050626,-1.050592,-0.800066,-0.000180
actual,14.535000,310.510000,0.503623,-1.049740,1.050626,-1.050592,-0.800066,-0.000180
actual,14.540000,310.515000,0.506736,-1.049740,1.050626,-1.050592,-0.800066,-0.000180
actual,14.545000,310.520000,0.509823,-1.049740,1.050626,-1.050592,-0.800066,-0.000180
actual,14.550000,310.525000,0.512872,-1.049740,1.050626,-1.050592,-0.800066,-0.000180
actual,14.555000,310.530000,0.515870,-1.049740,1.050626,-1.050592,-0.800066,-0.000180
actual,14.560000,310.535000,0.518805,-1.049740,1.050626,-1.050592,-0.800066,-0.000180
actual,14.565000,310.540000,0.521667,-1.049740,1.050626,-1.050592,-0.800066,-0.000180
actual,14.570000,310.545000,0.524443,-1.049740,1.050626,-1.050592,-0.800066,-0.000180
actual,14.575000,310.550000,0.527122,-1.049740,1.050626,-1.050592,-0.800066,-0.000180
actual,14.580000,310.555000,0.529695,-1.049740,1.050626,-1.050592,-0.800066,-0.000180
actual,14.585000,310.560000,0.532151,-1.049740,1.050626,-1.050592,-0.800066,-0.000180
actual,14.590000,310.565000,0.534480,-1.049740,1.050626,-1.050592,-0.800066,-0.000180
actual,14.595000,310.570000,0.536673,-1.049740,1.050626,-1.050592,-0.800066,-0.000180
actual,14.600000,310.575000,0.538721,-1.049740,1.050626,-1.050592,-0.800066,-0.000180
actual,14.605000,310.580000,0.540617,-1.049740,1.050626,-1.050592,-0.800066,-0.000180
actual,14.610000,310.585000,0.542352,-1.049740,1.050626,-1.050592,-0.800066,-0.000180
actual,14.615000,310.590000,0.543921,-1.049740,1.050626,-1.050592,-0.800066,-0.000180
actual,14.620000,310.595000,0.545317,-1.049740,1.050626,-1.050592,-0.800066,-0.000180
actual,14.625000,310.600000,0.546533,-1.049740,1.050626,-1.050592,-0.800066,-0.000180
actual,14.630000,310.605000,0.547566,-1.049740,1.050626,-1.050592,-0.800066,-0.000180
actual,14.635000,310.610000,0.548412,-1.049740,1.050626,-1.050592,-0.800066,-0.000180
actual,14.640000,310.615000,0.549067,-1.049740,1.050626,-1.050592,-0.800066,-0.000180
actual,14.645000,310.620000,0.549528,-1.049740,1.050626,-1.050592,-0.800066,-0.000180
actual,14.650000,310.625000,0.549794,-1.049740,1.050626,-1.050592,-0.800066,-0.000180
actual,14.655000,310.630000,0.549863,-1.049740,1.050626,-1.050592,-0.800066,-0.000180
actual,14.660000,310.635000,0.549736,-1.049740,1.050626,-1.050592,-0.800066,-0.000180
actual,14.665000,310.640000,0.549413,-1.049740,1.050626,-1.050592,-0.800066,-0.000180
actual,14.670000,310.645000,0.548895,-1.049740,1.050626,-1.050592,-0.800066,-0.000180
actual,14.675000,310.650000,0.548184,-1.049740,1.050626,-1.050592,-0.800066,-0.000180
actual,14.680000,310.655000,0.547283,-1.049740,1.050626,-1.050592,-0.800066,-0.000180
actual,14.685000,310.660000,0.546196,-1.049740,1.050626,-1.050592,-0.800066,-0.000180
actual,14.690000,310.665000,0.544926,-1.049740,1.050626,-1.050592,-0.800066,-0.000180
actual,14.695000,310.670000,0.543479,-1.049740,1.050626,-1.050592,-0.800066,-0.000180
actual,14.700000,310.675000,0.541861,-1.049740,1.050626,-1.050592,-0.800066,-0.000180
actual,14.705000,310.680000,0.540078,-1.049740,1.050626,-1.050592,-0.800066,-0.000180
actual,14.710000,310.685000,0.538137,-1.049740,1.050626,-1.050592,-0.800066,-0.000180
actual,14.715000,310.690000,0.536045,-1.049740,1.050626,-1.050592,-0.800066,-0.000180
actual,14.720000,310.695000,0.533811,-1.049740,1.050626,-1.050592,-0.800066,-0.000180
actual,14.725000,310.700000,0.531444,-1.049740,1.050626,-1.050592,-0.800066,-0.000180
actual,14.730000,310.705000,0.528953,-1.049740,1.050626,-1.050592,-0.800066,-0.000180
actual,14.735000,310.710000,0.526348,-1.049740,1.050626,-1.050592,-0.800066,-0.000180
actual,14.740000,310.715000,0.523639,-1.049740,1.050626,-1.050592,-0.800066,-0.000180
actual,14.745000,310.720000,0.520837,-1.049740,1.050626,-1.050592,-0.800066,-0.000180
actual,14.750000,310.725000,0.517953,-1.049740,1.050626,-1.050592,-0.800066,-0.000180
actual,14.755000,310.730000,0.514998,-1.049740,1.050626,-1.050592,-0.800066,-0.000180
actual,14.760000,310.735000,0.511984,-1.049740,1.050626,-1.050592,-0.800066,-0.000180
actual,14.765000,310.740000,0.508923,-1.049740,1.050626,-1.050592,-0.800066,-0.000180
actual,14.770000,310.745000,0.505826,-1.049740,1.050626,-1.050592,-0.800066,-0.000180
actual,14.775000,310.750000,0.502707,-1.049740,1.050626,-1.050592,-0.800066,-0.000180
actual,14.780000,310.755000,0.499578,-1.049740,1.050626,-1.050592,-0.800066,-0.000180
actual,14.785000,310.760000,0.496450,-1.049740,1.050626,-1.050592,-0.800066,-0.000180
actual,14.790000,310.765000,0.493337,-1.049740,1.050626,-1.050592,-0.800066,-0.000180
actual,14.795000,310.770000,0.490249,-1.049740,1.050626,-1.050592,-0.800066,-0.000180
actual,14.800000,310.775000,0.487201,-1.049740,1.050626,-1.050592,-0.800066,-0.000180
actual,14.805000,310.780000,0.484203,-1.049740,1.050626,-1.050592,-0.800066,-0.000180
actual,14.810000,310.785000,0.481268,-1.049740,1.050626,-1.050592,-0.800066,-0.000180
actual,14.815000,310.790000,0.478406,-1.049740,1.050626,-1.050592,-0.800066,-0.000180
actual,14.820000,310.795000,0.475630,-1.049740,1.050626,-1.050592,-0.800066,-0.000180
actual,14.825000,310.800000,0.472951,-1.049740,1.050626,-1.050592,-0.800066,-0.000180
actual,14.830000,310.805000,0.470378,-1.049740,1.050626,-1.050592,-0.800066,-0.000180
actual,14.835000,310.810000,0.467922,-1.049740,1.050626,-1.050592,-0.800066,-0.000180
actual,14.840000,310.815000,0.465593,-1.049740,1.050626,-1.050592,-0.800066,-0.000180
actual,14.845000,310.820000,0.463400,-1.049740,1.050626,-1.050592,-0.800066,-0.000180
actual,14.850000,310.825000,0.461352,-1.049740,1.050626,-1.050592,-0.800066,-0.000180
actual,14.855000,310.830000,0.459456,-1.049740,1.050626,-1.050592,-0.800066,-0.000180
actual,14.860000,310.835000,0.457720,-1.049740,1.050626,-1.050592,-0.800066,-0.000180
actual,14.865000,310.840000,0.456152,-1.049740,1.050626,-1.050592,-0.800066,-0.000180
actual,14.870000,310.845000,0.454756,-1.049740,1.050626,-1.050592,-0.800066,-0.000180
actual,14.875000,310.850000,0.453540,-1.049740,1.050626,-1.050592,-0.800066,-0.000180
actual,14.880000,310.855000,0.452506,-1.049740,1.050626,-1.050592,-0.800066,-0.000180
actual,14.885000,310.860000,0.451661,-1.049740,1.050626,-1.050592,-0.800066,-0.000180
actual,14.890000,310.865000,0.451006,-1.049740,1.050626,-1.050592,-0.800066,-0.000180
actual,14.895000,310.870000,0.450545,-1.049740,1.050626,-1.050592,-0.800066,-0.000180
actual,14.900000,310.875000,0.450279,-1.049740,1.050626,-1.050592,-0.800066,-0.000180
actual,14.905000,310.880000,0.450209,-1.049740,1.050626,-1.050592,-0.800066,-0.000180
actual,14.910000,310.885000,0.450337,-1.049740,1.050626,-1.050592,-0.800066,-0.000180
actual,14.915000,310.890000,0.450660,-1.049740,1.050626,-1.050592,-0.800066,-0.000180
actual,14.920000,310.895000,0.451178,-1.049740,1.050626,-1.050592,-0.800066,-0.000180
actual,14.925000,310.900000,0.451889,-1.049740,1.050626,-1.050592,-0.800066,-0.000180
