type,t_rel,t_abs,j1,j2,j3,j4,j5,j6
cmd,0.000000,314.450000,0.500036,-1.049740,1.050626,-1.050592,-0.800066,-0.000180
cmd,0.005000,314.455000,0.507858,-1.049740,1.050626,-1.050592,-0.800066,-0.000180
cmd,0.010000,314.460000,0.515487,-1.049740,1.050626,-1.050592,-0.800066,-0.000180
cmd,0.015000,314.465000,0.522736,-1.049740,1.050626,-1.050592,-0.800066,-0.000180
cmd,0.020000,314.470000,0.529426,-1.049740,1.050626,-1.050592,-0.800066,-0.000180
cmd,0.025000,314.475000,0.535392,-1.049740,1.050626,-1.050592,-0.800066,-0.000180
cmd,0.030000,314.480000,0.540487,-1.049740,1.050626,-1.050592,-0.800066,-0.000180
cmd,0.035000,314.485000,0.544587,-1.049740,1.050626,-1.050592,-0.800066,-0.000180
cmd,0.040000,314.490000,0.547589,-1.049740,1.050626,-1.050592,-0.800066,-0.000180
cmd,0.045000,314.495000,0.549421,-1.049740,1.050626,-1.050592,-0.800066,-0.000180
cmd,0.050000,314.500000,0.550036,-1.049740,1.050626,-1.050592,-0.800066,-0.000180
cmd,0.055000,314.505000,0.549421,-1.049740,1.050626,-1.050592,-0.800066,-0.000180
cmd,0.060000,314.510000,0.547589,-1.049740,1.050626,-1.050592,-0.800066,-0.000180
cmd,0.065000,314.515000,0.544587,-1.049740,1.050626,-1.050592,-0.800066,-0.000180
cmd,0.070000,314.520000,0.540487,-1.049740,1.050626,-1.050592,-0.800066,-0.000180
cmd,0.075000,314.525000,0.535392,-1.049740,1.050626,-1.050592,-0.800066,-0.000180
cmd,0.080000,314.530000,0.529426,-1.049740,1.050626,-1.050592,-0.800066,-0.000180
cmd,0.085000,314.535000,0.522736,-1.049740,1.050626,-1.050592,-0.800066,-0.000180
cmd,0.090000,314.540000,0.515487,-1.049740,1.050626,-1.050592,-0.800066,-0.000180
cmd,0.095000,314.545000,0.507858,-1.049740,1.050626,-1.050592,-0.800066,-0.000180
cmd,0.100000,314.550000,0.500036,-1.049740,1.050626,-1.050592,-0.800066,-0.000180
cmd,0.105000,314.555000,0.492215,-1.049740,1.050626,-1.050592,-0.800066,-0.000180
cmd,0.110000,314.560000,0.484586,-1.049740,1.050626,-1.050592,-0.800066,-0.000180
cmd,0.115000,314.565000,0.477337,-1.049740,1.050626,-1.050592,-0.800066,-0.000180
cmd,0.120000,314.570000,0.470647,-1.049740,1.050626,-1.050592,-0.800066,-0.000180
cmd,0.125000,314.575000,0.464681,-1.049740,1.050626,-1.050592,-0.800066,-0.000180
cmd,0.130000,314.580000,0.459586,-1.049740,1.050626,-1.050592,-0.800066,-0.000180
cmd,0.135000,314.585000,0.455486,-1.049740,1.050626,-1.050592,-0.800066,-0.000180
cmd,0.140000,314.590000,0.452484,-1.049740,1.050626,-1.050592,-0.800066,-0.000180
cmd,0.145000,314.595000,0.450652,-1.049740,1.050626,-1.050592,-0.800066,-0.000180
cmd,0.150000,314.600000,0.450036,-1.049740,1.050626,-1.050592,-0.800066,-0.000180
cmd,0.155000,314.605000,0.450652,-1.049740,1.050626,-1.050592,-0.800066,-0.000180
cmd,0.160000,314.610000,0.452484,-1.049740,1.050626,-1.050592,-0.800066,-0.000180
cmd,0.165000,314.615000,0.455486,-1.049740,1.050626,-1.050592,-0.800066,-0.000180
cmd,0.170000,314.620000,0.459586,-1.049740,1.050626,-1.050592,-0.800066,-0.000180
cmd,0.175000,314.625000,0.464681,-1.049740,1.050626,-1.050592,-0.800066,-0.000180
cmd,0.180000,314.630000,0.470647,-1.049740,1.050626,-1.050592,-0.800066,-0.000180
cmd,0.185000,314.635000,0.477337,-1.049740,1.050626,-1.050592,-0.800066,-0.000180
cmd,0.190000,314.640000,0.484586,-1.049740,1.050626,-1.050592,-0.800066,-0.000180
cmd,0.195000,314.645000,0.492215,-1.049740,1.050626,-1.050592,-0.800066,-0.000180
cmd,0.200000,314.650000,0.500036,-1.049740,1.050626,-1.050592,-0.800066,-0.000180
cmd,0.205000,314.655000,0.507858,-1.049740,1.050626,-1.050592,-0.800066,-0.000180
cmd,0.210000,314.660000,0.515487,-1.049740,1.050626,-1.050592,-0.800066,-0.000180
cmd,0.215000,314.665000,0.522736,-1.049740,1.050626,-1.050592,-0.800066,-0.000180
cmd,0.220000,314.670000,0.529426,-1.049740,1.050626,-1.050592,-0.800066,-0.000180
cmd,0.225000,314.675000,0.535392,-1.049740,1.050626,-1.050592,-0.800066,-0.000180
cmd,0.230000,314.680000,0.540487,-1.049740,1.050626,-1.050592,-0.800066,-0.000180
cmd,0.235000,314.685000,0.544587,-1.049740,1.050626,-1.050592,-0.800066,-0.000180
cmd,0.240000,314.690000,0.547589,-1.049740,1.050626,-1.050592,-0.800066,-0.000180
cmd,0.245000,314.695000,0.549421,-1.049740,1.050626,-1.050592,-0.800066,-0.000180
cmd,0.250000,314.700000,0.550036,-1.049740,1.050626,-1.050592,-0.800066,-0.000180
cmd,0.255000,314.705000,0.549421,-1.049740,1.050626,-1.050592,-0.800066,-0.000180
cmd,0.260000,314.710000,0.547589,-1.049740,1.050626,-1.050592,-0.800066,-0.000180
cmd,0.265000,314.715000,0.544587,-1.049740,1.050626,-1.050592,-0.800066,-0.000180
cmd,0.270000,314.720000,0.540487,-1.049740,1.050626,-1.050592,-0.800066,-0.000180
cmd,0.275000,314.725000,0.535392,-1.049740,1.050626,-1.050592,-0.800066,-0.000180
cmd,0.280000,314.730000,0.529426,-1.049740,1.050626,-1.050592,-0.800066,-0.000180
cmd,0.285000,314.735000,0.522736,-1.049740,1.050626,-1.050592,-0.800066,-0.000180
cmd,0.290000,314.740000,0.515487,-1.049740,1.050626,-1.050592,-0.800066,-0.000180
cmd,0.295000,314.745000,0.507858,-1.049740,1.050626,-1.050592,-0.800066,-0.000180
cmd,0.300000,314.750000,0.500036,-1.049740,1.050626,-1.050592,-0.800066,-0.000180
cmd,0.305000,314.755000,0.492215,-1.049740,1.050626,-1.050592,-0.800066,-0.000180
cmd,0.310000,314.760000,0.484586,-1.049740,1.050626,-1.050592,-0.800066,-0.000180
cmd,0.315000,314.765000,0.477337,-1.049740,1.050626,-1.050592,-0.800066,-0.000180
cmd,0.320000,314.770000,0.470647,-1.049740,1.050626,-1.050592,-0.800066,-0.000180
cmd,0.325000,314.775000,0.464681,-1.049740,1.050626,-1.050592,-0.800066,-0.000180
cmd,0.330000,314.780000,0.459586,-1.049740,1.050626,-1.050592,-0.800066,-0.000180
cmd,0.335000,314.785000,0.455486,-1.049740,1.050626,-1.050592,-0.800066,-0.000180
cmd,0.340000,314.790000,0.452484,-1.049740,1.050626,-1.050592,-0.800066,-0.000180
cmd,0.345000,314.795000,0.450652,-1.049740,1.050626,-1.050592,-0.800066,-0.000180
cmd,0.350000,314.800000,0.450036,-1.049740,1.050626,-1.050592,-0.800066,-0.000180
cmd,0.355000,314.805000,0.450652,-1.049740,1.050626,-1.050592,-0.800066,-0.000180
cmd,0.360000,314.810000,0.452484,-1.049740,1.050626,-1.050592,-0.800066,-0.000180
cmd,0.365000,314.815000,0.455486,-1.049740,1.050626,-1.050592,-0.800066,-0.000180
cmd,0.370000,314.820000,0.459586,-1.049740,1.050626,-1.050592,-0.800066,-0.000180
cmd,0.375000,314.825000,0.464681,-1.049740,1.050626,-1.050592,-0.800066,-0.000180
cmd,0.380000,314.830000,0.470647,-1.049740,1.050626,-1.050592,-0.800066,-0.000180
cmd,0.385000,314.835000,0.477337,-1.049740,1.050626,-1.050592,-0.800066,-0.000180
cmd,0.390000,314.840000,0.484586,-1.049740,1.050626,-1.050592,-0.800066,-0.000180
cmd,0.395000,314.845000,0.492215,-1.049740,1.050626,-1.050592,-0.800066,-0.000180
cmd,0.400000,314.850000,0.500036,-1.049740,1.050626,-1.050592,-0.800066,-0.000180
cmd,0.405000,314.855000,0.507858,-1.049740,1.050626,-1.050592,-0.800066,-0.000180
cmd,0.410000,314.860000,0.515487,-1.049740,1.050626,-1.050592,-0.800066,-0.000180
cmd,0.415000,314.865000,0.522736,-1.049740,1.050626,-1.050592,-0.800066,-0.000180
cmd,0.420000,314.870000,0.529426,-1.049740,1.050626,-1.050592,-0.800066,-0.000180
cmd,0.425000,314.875000,0.535392,-1.049740,1.050626,-1.050592,-0.800066,-0.000180
cmd,0.430000,314.880000,0.540487,-1.049740,1.050626,-1.050592,-0.800066,-0.000180
cmd,0.435000,314.885000,0.544587,-1.049740,1.050626,-1.050592,-0.800066,-0.000180
cmd,0.440000,314.890000,0.547589,-1.049740,1.050626,-1.050592,-0.800066,-0.000180
cmd,0.445000,314.895000,0.549421,-1.049740,1.050626,-1.050592,-0.800066,-0.000180
cmd,0.450000,314.900000,0.550036,-1.049740,1.050626,-1.050592,-0.800066,-0.000180
cmd,0.455000,314.905000,0.549421,-1.049740,1.050626,-1.050592,-0.800066,-0.000180
cmd,0.460000,314.910000,0.547589,-1.049740,1.050626,-1.050592,-0.800066,-0.000180
cmd,0.465000,314.915000,0.544587,-1.049740,1.050626,-1.050592,-0.800066,-0.000180
cmd,0.470000,314.920000,0.540487,-1.049740,1.050626,-1.050592,-0.800066,-0.000180
cmd,0.475000,314.925000,0.535392,-1.049740,1.050626,-1.050592,-0.800066,-0.000180
cmd,0.480000,314.930000,0.529426,-1.049740,1.050626,-1.050592,-0.800066,-0.000180
cmd,0.485000,314.935000,0.522736,-1.049740,1.050626,-1.050592,-0.800066,-0.000180
cmd,0.490000,314.940000,0.515487,-1.049740,1.050626,-1.050592,-0.800066,-0.000180
cmd,0.495000,314.945000,0.507858,-1.049740,1.050626,-1.050592,-0.800066,-0.000180
cmd,0.500000,314.950000,0.500036,-1.049740,1.050626,-1.050592,-0.800066,-0.000180
cmd,0.505000,314.955000,0.492215,-1.049740,1.050626,-1.050592,-0.800066,-0.000180
cmd,0.510000,314.960000,0.484586,-1.049740,1.050626,-1.050592,-0.800066,-0.000180
cmd,0.515000,314.965000,0.477337,-1.049740,1.050626,-1.050592,-0.800066,-0.000180
cmd,0.520000,314.970000,0.470647,-1.049740,1.050626,-1.050592,-0.800066,-0.000180
cmd,0.525000,314.975000,0.464681,-1.049740,1.050626,-1.050592,-0.800066,-0.000180
cmd,0.530000,314.980000,0.459586,-1.049740,1.050626,-1.050592,-0.800066,-0.000180
cmd,0.535000,314.985000,0.455486,-1.049740,1.050626,-1.050592,-0.800066,-0.000180
cmd,0.540000,314.990000,0.452484,-1.049740,1.050626,-1.050592,-0.800066,-0.000180
cmd,0.545000,314.995000,0.450652,-1.049740,1.050626,-1.050592,-0.800066,-0.000180
cmd,0.550000,315.000000,0.450036,-1.049740,1.050626,-1.050592,-0.800066,-0.000180
cmd,0.555000,315.005000,0.450652,-1.049740,1.050626,-1.050592,-0.800066,-0.000180
cmd,0.560000,315.010000,0.452484,-1.049740,1.050626,-1.050592,-0.800066,-0.000180
cmd,0.565000,315.015000,0.455486,-1.049740,1.050626,-1.050592,-0.800066,-0.000180
cmd,0.570000,315.020000,0.459586,-1.049740,1.050626,-1.050592,-0.800066,-0.000180
cmd,0.575000,315.025000,0.464681,-1.049740,1.050626,-1.050592,-0.800066,-0.000180
cmd,0.580000,315.030000,0.470647,-1.049740,1.050626,-1.050592,-0.800066,-0.000180
cmd,0.585000,315.035000,0.477337,-1.049740,1.050626,-1.050592,-0.800066,-0.000180
cmd,0.590000,315.040000,0.484586,-1.049740,1.050626,-1.050592,-0.800066,-0.000180
cmd,0.595000,315.045000,0.492215,-1.049740,1.050626,-1.050592,-0.800066,-0.000180
cmd,0.600000,315.050000,0.500036,-1.049740,1.050626,-1.050592,-0.800066,-0.000180
cmd,0.605000,315.055000,0.507858,-1.049740,1.050626,-1.050592,-0.800066,-0.000180
cmd,0.610000,315.060000,0.515487,-1.049740,1.050626,-1.050592,-0.800066,-0.000180
cmd,0.615000,315.065000,0.522736,-1.049740,1.050626,-1.050592,-0.800066,-0.000180
cmd,0.620000,315.070000,0.529426,-1.049740,1.050626,-1.050592,-0.800066,-0.000180
cmd,0.625000,315.075000,0.535392,-1.049740,1.050626,-1.050592,-0.800066,-0.000180
cmd,0.630000,315.080000,0.540487,-1.049740,1.050626,-1.050592,-0.800066,-0.000180
cmd,0.635000,315.085000,0.544587,-1.049740,1.050626,-1.050592,-0.800066,-0.000180
cmd,0.640000,315.090000,0.547589,-1.049740,1.050626,-1.050592,-0.800066,-0.000180
cmd,0.645000,315.095000,0.549421,-1.049740,1.050626,-1.050592,-0.800066,-0.000180
cmd,0.650000,315.100000,0.550036,-1.049740,1.050626,-1.050592,-0.800066,-0.000180
cmd,0.655000,315.105000,0.549421,-1.049740,1.050626,-1.050592,-0.800066,-0.000180
cmd,0.660000,315.110000,0.547589,-1.049740,1.050626,-1.050592,-0.800066,-0.000180
cmd,0.665000,315.115000,0.544587,-1.049740,1.050626,-1.050592,-0.800066,-0.000180
cmd,0.670000,315.120000,0.540487,-1.049740,1.050626,-1.050592,-0.800066,-0.000180
cmd,0.675000,315.125000,0.535392,-1.049740,1.050626,-1.050592,-0.800066,-0.000180
cmd,0.680000,315.130000,0.529426,-1.049740,1.050626,-1.050592,-0.800066,-0.000180
cmd,0.685000,315.135000,0.522736,-1.049740,1.050626,-1.050592,-0.800066,-0.000180
cmd,0.690000,315.140000,0.515487,-1.049740,1.050626,-1.050592,-0.800066,-0.000180
cmd,0.695000,315.145000,0.507858,-1.049740,1.050626,-1.050592,-0.800066,-0.000180
cmd,0.700000,315.150000,0.500036,-1.049740,1.050626,-1.050592,-0.800066,-0.000180
cmd,0.705000,315.155000,0.492215,-1.049740,1.050626,-1.050592,-0.800066,-0.000180
cmd,0.710000,315.160000,0.484586,-1.049740,1.050626,-1.050592,-0.800066,-0.000180
cmd,0.715000,315.165000,0.477337,-1.049740,1.050626,-1.050592,-0.800066,-0.000180
cmd,0.720000,315.170000,0.470647,-1.049740,1.050626,-1.050592,-0.800066,-0.000180
cmd,0.725000,315.175000,0.464681,-1.049740,1.050626,-1.050592,-0.800066,-0.000180
cmd,0.730000,315.180000,0.459586,-1.049740,1.050626,-1.050592,-0.800066,-0.000180
cmd,0.735000,315.185000,0.455486,-1.049740,1.050626,-1.050592,-0.800066,-0.000180
cmd,0.740000,315.190000,0.452484,-1.049740,1.050626,-1.050592,-0.800066,-0.000180
cmd,0.745000,315.195000,0.450652,-1.049740,1.050626,-1.050592,-0.800066,-0.000180
cmd,0.750000,315.200000,0.450036,-1.049740,1.050626,-1.050592,-0.800066,-0.000180
cmd,0.755000,315.205000,0.450652,-1.049740,1.050626,-1.050592,-0.800066,-0.000180
cmd,0.760000,315.210000,0.452484,-1.049740,1.050626,-1.050592,-0.800066,-0.000180
cmd,0.765000,315.215000,0.455486,-1.049740,1.050626,-1.050592,-0.800066,-0.000180
cmd,0.770000,315.220000,0.459586,-1.049740,1.050626,-1.050592,-0.800066,-0.000180
cmd,0.775000,315.225000,0.464681,-1.049740,1.050626,-1.050592,-0.800066,-0.000180
cmd,0.780000,315.230000,0.470647,-1.049740,1.050626,-1.050592,-0.800066,-0.000180
cmd,0.785000,315.235000,0.477337,-1.049740,1.050626,-1.050592,-0.800066,-0.000180
cmd,0.790000,315.240000,0.484586,-1.049740,1.050626,-1.050592,-0.800066,-0.000180
cmd,0.795000,315.245000,0.492215,-1.049740,1.050626,-1.050592,-0.800066,-0.000180
cmd,0.800000,315.250000,0.500036,-1.049740,1.050626,-1.050592,-0.800066,-0.000180
cmd,0.805000,315.255000,0.507858,-1.049740,1.050626,-1.050592,-0.800066,-0.000180
cmd,0.810000,315.260000,0.515487,-1.049740,1.050626,-1.050592,-0.800066,-0.000180
cmd,0.815000,315.265000,0.522736,-1.049740,1.050626,-1.050592,-0.800066,-0.000180
cmd,0.820000,315.270000,0.529426,-1.049740,1.050626,-1.050592,-0.800066,-0.000180
cmd,0.825000,315.275000,0.535392,-1.049740,1.050626,-1.050592,-0.800066,-0.000180
cmd,0.830000,315.280000,0.540487,-1.049740,1.050626,-1.050592,-0.800066,-0.000180
cmd,0.835000,315.285000,0.544587,-1.049740,1.050626,-1.050592,-0.800066,-0.000180
cmd,0.840000,315.290000,0.547589,-1.049740,1.050626,-1.050592,-0.800066,-0.000180
cmd,0.845000,315.295000,0.549421,-1.049740,1.050626,-1.050592,-0.800066,-0.000180
cmd,0.850000,315.300000,0.550036,-1.049740,1.050626,-1.050592,-0.800066,-0.000180
cmd,0.855000,315.305000,0.549421,-1.049740,1.050626,-1.050592,-0.800066,-0.000180
cmd,0.860000,315.310000,0.547589,-1.049740,1.050626,-1.050592,-0.800066,-0.000180
cmd,0.865000,315.315000,0.544587,-1.049740,1.050626,-1.050592,-0.800066,-0.000180
cmd,0.870000,315.320000,0.540487,-1.049740,1.050626,-1.050592,-0.800066,-0.000180
cmd,0.875000,315.325000,0.535392,-1.049740,1.050626,-1.050592,-0.800066,-0.000180
cmd,0.880000,315.330000,0.529426,-1.049740,1.050626,-1.050592,-0.800066,-0.000180
cmd,0.885000,315.335000,0.522736,-1.049740,1.050626,-1.050592,-0.800066,-0.000180
cmd,0.890000,315.340000,0.515487,-1.049740,1.050626,-1.050592,-0.800066,-0.000180
cmd,0.895000,315.345000,0.507858,-1.049740,1.050626,-1.050592,-0.800066,-0.000180
cmd,0.900000,315.350000,0.500036,-1.049740,1.050626,-1.050592,-0.800066,-0.000180
cmd,0.905000,315.355000,0.492215,-1.049740,1.050626,-1.050592,-0.800066,-0.000180
cmd,0.910000,315.360000,0.484586,-1.049740,1.050626,-1.050592,-0.800066,-0.000180
cmd,0.915000,315.365000,0.477337,-1.049740,1.050626,-1.050592,-0.800066,-0.000180
cmd,0.920000,315.370000,0.470647,-1.049740,1.050626,-1.050592,-0.800066,-0.000180
cmd,0.925000,315.375000,0.464681,-1.049740,1.050626,-1.050592,-0.800066,-0.000180
cmd,0.930000,315.380000,0.459586,-1.049740,1.050626,-1.050592,-0.800066,-0.000180
cmd,0.935000,315.385000,0.455486,-1.049740,1.050626,-1.050592,-0.800066,-0.000180
cmd,0.940000,315.390000,0.452484,-1.049740,1.050626,-1.050592,-0.800066,-0.000180
cmd,0.945000,315.395000,0.450652,-1.049740,1.050626,-1.050592,-0.800066,-0.000180
cmd,0.950000,315.400000,0.450036,-1.049740,1.050626,-1.050592,-0.800066,-0.000180
cmd,0.955000,315.405000,0.450652,-1.049740,1.050626,-1.050592,-0.800066,-0.000180
cmd,0.960000,315.410000,0.452484,-1.049740,1.050626,-1.050592,-0.800066,-0.000180
cmd,0.965000,315.415000,0.455486,-1.049740,1.050626,-1.050592,-0.800066,-0.000180
cmd,0.970000,315.420000,0.459586,-1.049740,1.050626,-1.050592,-0.800066,-0.000180
cmd,0.975000,315.425000,0.464681,-1.049740,1.050626,-1.050592,-0.800066,-0.000180
cmd,0.980000,315.430000,0.470647,-1.049740,1.050626,-1.050592,-0.800066,-0.000180
cmd,0.985000,315.435000,0.477337,-1.049740,1.050626,-1.050592,-0.800066,-0.000180
cmd,0.990000,315.440000,0.484586,-1.049740,1.050626,-1.050592,-0.800066,-0.000180
cmd,0.995000,315.445000,0.492215,-1.049740,1.050626,-1.050592,-0.800066,-0.000180
cmd,1.000000,315.450000,0.500036,-1.049740,1.050626,-1.050592,-0.800066,-0.000180
cmd,1.005000,315.455000,0.507858,-1.049740,1.050626,-1.050592,-0.800066,-0.000180
cmd,1.010000,315.460000,0.515487,-1.049740,1.050626,-1.050592,-0.800066,-0.000180
cmd,1.015000,315.465000,0.522736,-1.049740,1.050626,-1.050592,-0.800066,-0.000180
cmd,1.020000,315.470000,0.529426,-1.049740,1.050626,-1.050592,-0.800066,-0.000180
cmd,1.025000,315.475000,0.535392,-1.049740,1.050626,-1.050592,-0.800066,-0.000180
cmd,1.030000,315.480000,0.540487,-1.049740,1.050626,-1.050592,-0.800066,-0.000180
cmd,1.035000,315.485000,0.544587,-1.049740,1.050626,-1.050592,-0.800066,-0.000180
cmd,1.040000,315.490000,0.547589,-1.049740,1.050626,-1.050592,-0.800066,-0.000180
cmd,1.045000,315.495000,0.549421,-1.049740,1.050626,-1.050592,-0.800066,-0.000180
cmd,1.050000,315.500000,0.550036,-1.049740,1.050626,-1.050592,-0.800066,-0.000180
cmd,1.055000,315.505000,0.549421,-1.049740,1.050626,-1.050592,-0.800066,-0.000180
cmd,1.060000,315.510000,0.547589,-1.049740,1.050626,-1.050592,-0.800066,-0.000180
cmd,1.065000,315.515000,0.544587,-1.049740,1.050626,-1.050592,-0.800066,-0.000180
cmd,1.070000,315.520000,0.540487,-1.049740,1.050626,-1.050592,-0.800066,-0.000180
cmd,1.075000,315.525000,0.535392,-1.049740,1.050626,-1.050592,-0.800066,-0.000180
cmd,1.080000,315.530000,0.529426,-1.049740,1.050626,-1.050592,-0.800066,-0.000180
cmd,1.085000,315.535000,0.522736,-1.049740,1.050626,-1.050592,-0.800066,-0.000180
cmd,1.090000,315.540000,0.515487,-1.049740,1.050626,-1.050592,-0.800066,-0.000180
cmd,1.095000,315.545000,0.507858,-1.049740,1.050626,-1.050592,-0.800066,-0.000180
cmd,1.100000,315.550000,0.500036,-1.049740,1.050626,-1.050592,-0.800066,-0.000180
cmd,1.105000,315.555000,0.492215,-1.049740,1.050626,-1.050592,-0.800066,-0.000180
cmd,1.110000,315.560000,0.484586,-1.049740,1.050626,-1.050592,-0.800066,-0.000180
cmd,1.115000,315.565000,0.477337,-1.049740,1.050626,-1.050592,-0.800066,-0.000180
cmd,1.120000,315.570000,0.470647,-1.049740,1.050626,-1.050592,-0.800066,-0.000180
cmd,1.125000,315.575000,0.464681,-1.049740,1.050626,-1.050592,-0.800066,-0.000180
cmd,1.130000,315.580000,0.459586,-1.049740,1.050626,-1.050592,-0.800066,-0.000180
cmd,1.135000,315.585000,0.455486,-1.049740,1.050626,-1.050592,-0.800066,-0.000180
cmd,1.140000,315.590000,0.452484,-1.049740,1.050626,-1.050592,-0.800066,-0.000180
cmd,1.145000,315.595000,0.450652,-1.049740,1.050626,-1.050592,-0.800066,-0.000180
cmd,1.150000,315.600000,0.450036,-1.049740,1.050626,-1.050592,-0.800066,-0.000180
cmd,1.155000,315.605000,0.450652,-1.049740,1.050626,-1.050592,-0.800066,-0.000180
cmd,1.160000,315.610000,0.452484,-1.049740,1.050626,-1.050592,-0.800066,-0.000180
cmd,1.165000,315.615000,0.455486,-1.049740,1.050626,-1.050592,-0.800066,-0.000180
cmd,1.170000,315.620000,0.459586,-1.049740,1.050626,-1.050592,-0.800066,-0.000180
cmd,1.175000,315.625000,0.464681,-1.049740,1.050626,-1.050592,-0.800066,-0.000180
cmd,1.180000,315.630000,0.470647,-1.049740,1.050626,-1.050592,-0.800066,-0.000180
cmd,1.185000,315.635000,0.477337,-1.049740,1.050626,-1.050592,-0.800066,-0.000180
cmd,1.190000,315.640000,0.484586,-1.049740,1.050626,-1.050592,-0.800066,-0.000180
cmd,1.195000,315.645000,0.492215,-1.049740,1.050626,-1.050592,-0.800066,-0.000180
cmd,1.200000,315.650000,0.500036,-1.049740,1.050626,-1.050592,-0.800066,-0.000180
cmd,1.205000,315.655000,0.507858,-1.049740,1.050626,-1.050592,-0.800066,-0.000180
cmd,1.210000,315.660000,0.515487,-1.049740,1.050626,-1.050592,-0.800066,-0.000180
cmd,1.215000,315.665000,0.522736,-1.049740,1.050626,-1.050592,-0.800066,-0.000180
cmd,1.220000,315.670000,0.529426,-1.049740,1.050626,-1.050592,-0.800066,-0.000180
cmd,1.225000,315.675000,0.535392,-1.049740,1.050626,-1.050592,-0.800066,-0.000180
cmd,1.230000,315.680000,0.540487,-1.049740,1.050626,-1.050592,-0.800066,-0.000180
cmd,1.235000,315.685000,0.544587,-1.049740,1.050626,-1.050592,-0.800066,-0.000180
cmd,1.240000,315.690000,0.547589,-1.049740,1.050626,-1.050592,-0.800066,-0.000180
cmd,1.245000,315.695000,0.549421,-1.049740,1.050626,-1.050592,-0.800066,-0.000180
cmd,1.250000,315.700000,0.550036,-1.049740,1.050626,-1.050592,-0.800066,-0.000180
cmd,1.255000,315.705000,0.549421,-1.049740,1.050626,-1.050592,-0.800066,-0.000180
cmd,1.260000,315.710000,0.547589,-1.049740,1.050626,-1.050592,-0.800066,-0.000180
cmd,1.265000,315.715000,0.544587,-1.049740,1.050626,-1.050592,-0.800066,-0.000180
cmd,1.270000,315.720000,0.540487,-1.049740,1.050626,-1.050592,-0.800066,-0.000180
cmd,1.275000,315.725000,0.535392,-1.049740,1.050626,-1.050592,-0.800066,-0.000180
cmd,1.280000,315.730000,0.529426,-1.049740,1.050626,-1.050592,-0.800066,-0.000180
cmd,1.285000,315.735000,0.522736,-1.049740,1.050626,-1.050592,-0.800066,-0.000180
cmd,1.290000,315.740000,0.515487,-1.049740,1.050626,-1.050592,-0.800066,-0.000180
cmd,1.295000,315.745000,0.507858,-1.049740,1.050626,-1.050592,-0.800066,-0.000180
cmd,1.300000,315.750000,0.500036,-1.049740,1.050626,-1.050592,-0.800066,-0.000180
cmd,1.305000,315.755000,0.492215,-1.049740,1.050626,-1.050592,-0.800066,-0.000180
cmd,1.310000,315.760000,0.484586,-1.049740,1.050626,-1.050592,-0.800066,-0.000180
cmd,1.315000,315.765000,0.477337,-1.049740,1.050626,-1.050592,-0.800066,-0.000180
cmd,1.320000,315.770000,0.470647,-1.049740,1.050626,-1.050592,-0.800066,-0.000180
cmd,1.325000,315.775000,0.464681,-1.049740,1.050626,-1.050592,-0.800066,-0.000180
cmd,1.330000,315.780000,0.459586,-1.049740,1.050626,-1.050592,-0.800066,-0.000180
cmd,1.335000,315.785000,0.455486,-1.049740,1.050626,-1.050592,-0.800066,-0.000180
cmd,1.340000,315.790000,0.452484,-1.049740,1.050626,-1.050592,-0.800066,-0.000180
cmd,1.345000,315.795000,0.450652,-1.049740,1.050626,-1.050592,-0.800066,-0.000180
cmd,1.350000,315.800000,0.450036,-1.049740,1.050626,-1.050592,-0.800066,-0.000180
cmd,1.355000,315.805000,0.450652,-1.049740,1.050626,-1.050592,-0.800066,-0.000180
cmd,1.360000,315.810000,0.452484,-1.049740,1.050626,-1.050592,-0.800066,-0.000180
cmd,1.365000,315.815000,0.455486,-1.049740,1.050626,-1.050592,-0.800066,-0.000180
cmd,1.370000,315.820000,0.459586,-1.049740,1.050626,-1.050592,-0.800066,-0.000180
cmd,1.375000,315.825000,0.464681,-1.049740,1.050626,-1.050592,-0.800066,-0.000180
cmd,1.380000,315.830000,0.470647,-1.049740,1.050626,-1.050592,-0.800066,-0.000180
cmd,1.385000,315.835000,0.477337,-1.049740,1.050626,-1.050592,-0.800066,-0.000180
cmd,1.390000,315.840000,0.484586,-1.049740,1.050626,-1.050592,-0.800066,-0.000180
cmd,1.395000,315.845000,0.492215,-1.049740,1.050626,-1.050592,-0.800066,-0.000180
cmd,1.400000,315.850000,0.500036,-1.049740,1.050626,-1.050592,-0.800066,-0.000180
cmd,1.405000,315.855000,0.507858,-1.049740,1.050626,-1.050592,-0.800066,-0.000180
cmd,1.410000,315.860000,0.515487,-1.049740,1.050626,-1.050592,-0.800066,-0.000180
cmd,1.415000,315.865000,0.522736,-1.049740,1.050626,-1.050592,-0.800066,-0.000180
cmd,1.420000,315.870000,0.529426,-1.049740,1.050626,-1.050592,-0.800066,-0.000180
cmd,1.425000,315.875000,0.535392,-1.049740,1.050626,-1.050592,-0.800066,-0.000180
cmd,1.430000,315.880000,0.540487,-1.049740,1.050626,-1.050592,-0.800066,-0.000180
cmd,1.435000,315.885000,0.544587,-1.049740,1.050626,-1.050592,-0.800066,-0.000180
cmd,1.440000,315.890000,0.547589,-1.049740,1.050626,-1.050592,-0.800066,-0.000180
cmd,1.445000,315.895000,0.549421,-1.049740,1.050626,-1.050592,-0.800066,-0.000180
cmd,1.450000,315.900000,0.550036,-1.049740,1.050626,-1.050592,-0.800066,-0.000180
cmd,1.455000,315.905000,0.549421,-1.049740,1.050626,-1.050592,-0.800066,-0.000180
cmd,1.460000,315.910000,0.547589,-1.049740,1.050626,-1.050592,-0.800066,-0.000180
cmd,1.465000,315.915000,0.544587,-1.049740,1.050626,-1.050592,-0.800066,-0.000180
cmd,1.470000,315.920000,0.540487,-1.049740,1.050626,-1.050592,-0.800066,-0.000180
cmd,1.475000,315.925000,0.535392,-1.049740,1.050626,-1.050592,-0.800066,-0.000180
cmd,1.480000,315.930000,0.529426,-1.049740,1.050626,-1.050592,-0.800066,-0.000180
cmd,1.485000,315.935000,0.522736,-1.049740,1.050626,-1.050592,-0.800066,-0.000180
cmd,1.490000,315.940000,0.515487,-1.049740,1.050626,-1.050592,-0.800066,-0.000180
cmd,1.495000,315.945000,0.507858,-1.049740,1.050626,-1.050592,-0.800066,-0.000180
cmd,1.500000,315.950000,0.500036,-1.049740,1.050626,-1.050592,-0.800066,-0.000180
cmd,1.505000,315.955000,0.492215,-1.049740,1.050626,-1.050592,-0.800066,-0.000180
cmd,1.510000,315.960000,0.484586,-1.049740,1.050626,-1.050592,-0.800066,-0.000180
cmd,1.515000,315.965000,0.477337,-1.049740,1.050626,-1.050592,-0.800066,-0.000180
cmd,1.520000,315.970000,0.470647,-1.049740,1.050626,-1.050592,-0.800066,-0.000180
cmd,1.525000,315.975000,0.464681,-1.049740,1.050626,-1.050592,-0.800066,-0.000180
cmd,1.530000,315.980000,0.459586,-1.049740,1.050626,-1.050592,-0.800066,-0.000180
cmd,1.535000,315.985000,0.455486,-1.049740,1.050626,-1.050592,-0.800066,-0.000180
cmd,1.540000,315.990000,0.452484,-1.049740,1.050626,-1.050592,-0.800066,-0.000180
cmd,1.545000,315.995000,0.450652,-1.049740,1.050626,-1.050592,-0.800066,-0.000180
cmd,1.550000,316.000000,0.450036,-1.049740,1.050626,-1.050592,-0.800066,-0.000180
cmd,1.555000,316.005000,0.450652,-1.049740,1.050626,-1.050592,-0.800066,-0.000180
cmd,1.560000,316.010000,0.452484,-1.049740,1.050626,-1.050592,-0.800066,-0.000180
cmd,1.565000,316.015000,0.455486,-1.049740,1.050626,-1.050592,-0.800066,-0.000180
cmd,1.570000,316.020000,0.459586,-1.049740,1.050626,-1.050592,-0.800066,-0.000180
cmd,1.575000,316.025000,0.464681,-1.049740,1.050626,-1.050592,-0.800066,-0.000180
cmd,1.580000,316.030000,0.470647,-1.049740,1.050626,-1.050592,-0.800066,-0.000180
cmd,1.585000,316.035000,0.477337,-1.049740,1.050626,-1.050592,-0.800066,-0.000180
cmd,1.590000,316.040000,0.484586,-1.049740,1.050626,-1.050592,-0.800066,-0.000180
cmd,1.595000,316.045000,0.492215,-1.049740,1.050626,-1.050592,-0.800066,-0.000180
cmd,1.600000,316.050000,0.500036,-1.049740,1.050626,-1.050592,-0.800066,-0.000180
cmd,1.605000,316.055000,0.507858,-1.049740,1.050626,-1.050592,-0.800066,-0.000180
cmd,1.610000,316.060000,0.515487,-1.049740,1.050626,-1.050592,-0.800066,-0.000180
cmd,1.615000,316.065000,0.522736,-1.049740,1.050626,-1.050592,-0.800066,-0.000180
cmd,1.620000,316.070000,0.529426,-1.049740,1.050626,-1.050592,-0.800066,-0.000180
cmd,1.625000,316.075000,0.535392,-1.049740,1.050626,-1.050592,-0.800066,-0.000180
cmd,1.630000,316.080000,0.540487,-1.049740,1.050626,-1.050592,-0.800066,-0.000180
cmd,1.635000,316.085000,0.544587,-1.049740,1.050626,-1.050592,-0.800066,-0.000180
cmd,1.640000,316.090000,0.547589,-1.049740,1.050626,-1.050592,-0.800066,-0.000180
cmd,1.645000,316.095000,0.549421,-1.049740,1.050626,-1.050592,-0.800066,-0.000180
cmd,1.650000,316.100000,0.550036,-1.049740,1.050626,-1.050592,-0.800066,-0.000180
cmd,1.655000,316.105000,0.549421,-1.049740,1.050626,-1.050592,-0.800066,-0.000180
cmd,1.660000,316.110000,0.547589,-1.049740,1.050626,-1.050592,-0.800066,-0.000180
cmd,1.665000,316.115000,0.544587,-1.049740,1.050626,-1.050592,-0.800066,-0.000180
cmd,1.670000,316.120000,0.540487,-1.049740,1.050626,-1.050592,-0.800066,-0.000180
cmd,1.675000,316.125000,0.535392,-1.049740,1.050626,-1.050592,-0.800066,-0.000180
cmd,1.680000,316.130000,0.529426,-1.049740,1.050626,-1.050592,-0.800066,-0.000180
cmd,1.685000,316.135000,0.522736,-1.049740,1.050626,-1.050592,-0.800066,-0.000180
cmd,1.690000,316.140000,0.515487,-1.049740,1.050626,-1.050592,-0.800066,-0.000180
cmd,1.695000,316.145000,0.507858,-1.049740,1.050626,-1.050592,-0.800066,-0.000180
cmd,1.700000,316.150000,0.500036,-1.049740,1.050626,-1.050592,-0.800066,-0.000180
cmd,1.705000,316.155000,0.492215,-1.049740,1.050626,-1.050592,-0.800066,-0.000180
cmd,1.710000,316.160000,0.484586,-1.049740,1.050626,-1.050592,-0.800066,-0.000180
cmd,1.715000,316.165000,0.477337,-1.049740,1.050626,-1.050592,-0.800066,-0.000180
cmd,1.720000,316.170000,0.470647,-1.049740,1.050626,-1.050592,-0.800066,-0.000180
cmd,1.725000,316.175000,0.464681,-1.049740,1.050626,-1.050592,-0.800066,-0.000180
cmd,1.730000,316.180000,0.459586,-1.049740,1.050626,-1.050592,-0.800066,-0.000180
cmd,1.735000,316.185000,0.455486,-1.049740,1.050626,-1.050592,-0.800066,-0.000180
cmd,1.740000,316.190000,0.452484,-1.049740,1.050626,-1.050592,-0.800066,-0.000180
cmd,1.745000,316.195000,0.450652,-1.049740,1.050626,-1.050592,-0.800066,-0.000180
cmd,1.750000,316.200000,0.450036,-1.049740,1.050626,-1.050592,-0.800066,-0.000180
cmd,1.755000,316.205000,0.450652,-1.049740,1.050626,-1.050592,-0.800066,-0.000180
cmd,1.760000,316.210000,0.452484,-1.049740,1.050626,-1.050592,-0.800066,-0.000180
cmd,1.765000,316.215000,0.455486,-1.049740,1.050626,-1.050592,-0.800066,-0.000180
cmd,1.770000,316.220000,0.459586,-1.049740,1.050626,-1.050592,-0.800066,-0.000180
cmd,1.775000,316.225000,0.464681,-1.049740,1.050626,-1.050592,-0.800066,-0.000180
cmd,1.780000,316.230000,0.470647,-1.049740,1.050626,-1.050592,-0.800066,-0.000180
cmd,1.785000,316.235000,0.477337,-1.049740,1.050626,-1.050592,-0.800066,-0.000180
cmd,1.790000,316.240000,0.484586,-1.049740,1.050626,-1.050592,-0.800066,-0.000180
cmd,1.795000,316.245000,0.492215,-1.049740,1.050626,-1.050592,-0.800066,-0.000180
cmd,1.800000,316.250000,0.500036,-1.049740,1.050626,-1.050592,-0.800066,-0.000180
cmd,1.805000,316.255000,0.507858,-1.049740,1.050626,-1.050592,-0.800066,-0.000180
cmd,1.810000,316.260000,0.515487,-1.049740,1.050626,-1.050592,-0.800066,-0.000180
cmd,1.815000,316.265000,0.522736,-1.049740,1.050626,-1.050592,-0.800066,-0.000180
cmd,1.820000,316.270000,0.529426,-1.049740,1.050626,-1.050592,-0.800066,-0.000180
cmd,1.825000,316.275000,0.535392,-1.049740,1.050626,-1.050592,-0.800066,-0.000180
cmd,1.830000,316.280000,0.540487,-1.049740,1.050626,-1.050592,-0.800066,-0.000180
cmd,1.835000,316.285000,0.544587,-1.049740,1.050626,-1.050592,-0.800066,-0.000180
cmd,1.840000,316.290000,0.547589,-1.049740,1.050626,-1.050592,-0.800066,-0.000180
cmd,1.845000,316.295000,0.549421,-1.049740,1.050626,-1.050592,-0.800066,-0.000180
cmd,1.850000,316.300000,0.550036,-1.049740,1.050626,-1.050592,-0.800066,-0.000180
cmd,1.855000,316.305000,0.549421,-1.049740,1.050626,-1.050592,-0.800066,-0.000180
cmd,1.860000,316.310000,0.547589,-1.049740,1.050626,-1.050592,-0.800066,-0.000180
cmd,1.865000,316.315000,0.544587,-1.049740,1.050626,-1.050592,-0.800066,-0.000180
cmd,1.870000,316.320000,0.540487,-1.049740,1.050626,-1.050592,-0.800066,-0.000180
cmd,1.875000,316.325000,0.535392,-1.049740,1.050626,-1.050592,-0.800066,-0.000180
cmd,1.880000,316.330000,0.529426,-1.049740,1.050626,-1.050592,-0.800066,-0.000180
cmd,1.885000,316.335000,0.522736,-1.049740,1.050626,-1.050592,-0.800066,-0.000180
cmd,1.890000,316.340000,0.515487,-1.049740,1.050626,-1.050592,-0.800066,-0.000180
cmd,1.895000,316.345000,0.507858,-1.049740,1.050626,-1.050592,-0.800066,-0.000180
cmd,1.900000,316.350000,0.500036,-1.049740,1.050626,-1.050592,-0.800066,-0.000180
cmd,1.905000,316.355000,0.492215,-1.049740,1.050626,-1.050592,-0.800066,-0.000180
cmd,1.910000,316.360000,0.484586,-1.049740,1.050626,-1.050592,-0.800066,-0.000180
cmd,1.915000,316.365000,0.477337,-1.049740,1.050626,-1.050592,-0.800066,-0.000180
cmd,1.920000,316.370000,0.470647,-1.049740,1.050626,-1.050592,-0.800066,-0.000180
cmd,1.925000,316.375000,0.464681,-1.049740,1.050626,-1.050592,-0.800066,-0.000180
cmd,1.930000,316.380000,0.459586,-1.049740,1.050626,-1.050592,-0.800066,-0.000180
cmd,1.935000,316.385000,0.455486,-1.049740,1.050626,-1.050592,-0.800066,-0.000180
cmd,1.940000,316.390000,0.452484,-1.049740,1.050626,-1.050592,-0.800066,-0.000180
cmd,1.945000,316.395000,0.450652,-1.049740,1.050626,-1.050592,-0.800066,-0.000180
cmd,1.950000,316.400000,0.450036,-1.049740,1.050626,-1.050592,-0.800066,-0.000180
cmd,1.955000,316.405000,0.450652,-1.049740,1.050626,-1.050592,-0.800066,-0.000180
cmd,1.960000,316.410000,0.452484,-1.049740,1.050626,-1.050592,-0.800066,-0.000180
cmd,1.965000,316.415000,0.455486,-1.049740,1.050626,-1.050592,-0.800066,-0.000180
cmd,1.970000,316.420000,0.459586,-1.049740,1.050626,-1.050592,-0.800066,-0.000180
cmd,1.975000,316.425000,0.464681,-1.049740,1.050626,-1.050592,-0.800066,-0.000180
cmd,1.980000,316.430000,0.470647,-1.049740,1.050626,-1.050592,-0.800066,-0.000180
cmd,1.985000,316.435000,0.477337,-1.049740,1.050626,-1.050592,-0.800066,-0.000180
cmd,1.990000,316.440000,0.484586,-1.049740,1.050626,-1.050592,-0.800066,-0.000180
cmd,1.995000,316.445000,0.492215,-1.049740,1.050626,-1.050592,-0.800066,-0.000180
cmd,2.000000,316.450000,0.500036,-1.049740,1.050626,-1.050592,-0.800066,-0.000180
cmd,2.005000,316.455000,0.507858,-1.049740,1.050626,-1.050592,-0.800066,-0.000180
cmd,2.010000,316.460000,0.515487,-1.049740,1.050626,-1.050592,-0.800066,-0.000180
cmd,2.015000,316.465000,0.522736,-1.049740,1.050626,-1.050592,-0.800066,-0.000180
cmd,2.020000,316.470000,0.529426,-1.049740,1.050626,-1.050592,-0.800066,-0.000180
cmd,2.025000,316.475000,0.535392,-1.049740,1.050626,-1.050592,-0.800066,-0.000180
cmd,2.030000,316.480000,0.540487,-1.049740,1.050626,-1.050592,-0.800066,-0.000180
cmd,2.035000,316.485000,0.544587,-1.049740,1.050626,-1.050592,-0.800066,-0.000180
cmd,2.040000,316.490000,0.547589,-1.049740,1.050626,-1.050592,-0.800066,-0.000180
cmd,2.045000,316.495000,0.549421,-1.049740,1.050626,-1.050592,-0.800066,-0.000180
cmd,2.050000,316.500000,0.550036,-1.049740,1.050626,-1.050592,-0.800066,-0.000180
cmd,2.055000,316.505000,0.549421,-1.049740,1.050626,-1.050592,-0.800066,-0.000180
cmd,2.060000,316.510000,0.547589,-1.049740,1.050626,-1.050592,-0.800066,-0.000180
cmd,2.065000,316.515000,0.544587,-1.049740,1.050626,-1.050592,-0.800066,-0.000180
cmd,2.070000,316.520000,0.540487,-1.049740,1.050626,-1.050592,-0.800066,-0.000180
cmd,2.075000,316.525000,0.535392,-1.049740,1.050626,-1.050592,-0.800066,-0.000180
cmd,2.080000,316.530000,0.529426,-1.049740,1.050626,-1.050592,-0.800066,-0.000180
cmd,2.085000,316.535000,0.522736,-1.049740,1.050626,-1.050592,-0.800066,-0.000180
cmd,2.090000,316.540000,0.515487,-1.049740,1.050626,-1.050592,-0.800066,-0.000180
cmd,2.095000,316.545000,0.507858,-1.049740,1.050626,-1.050592,-0.800066,-0.000180
cmd,2.100000,316.550000,0.500036,-1.049740,1.050626,-1.050592,-0.800066,-0.000180
cmd,2.105000,316.555000,0.492215,-1.049740,1.050626,-1.050592,-0.800066,-0.000180
cmd,2.110000,316.560000,0.484586,-1.049740,1.050626,-1.050592,-0.800066,-0.000180
cmd,2.115000,316.565000,0.477337,-1.049740,1.050626,-1.050592,-0.800066,-0.000180
cmd,2.120000,316.570000,0.470647,-1.049740,1.050626,-1.050592,-0.800066,-0.000180
cmd,2.125000,316.575000,0.464681,-1.049740,1.050626,-1.050592,-0.800066,-0.000180
cmd,2.130000,316.580000,0.459586,-1.049740,1.050626,-1.050592,-0.800066,-0.000180
cmd,2.135000,316.585000,0.455486,-1.049740,1.050626,-1.050592,-0.800066,-0.000180
cmd,2.140000,316.590000,0.452484,-1.049740,1.050626,-1.050592,-0.800066,-0.000180
cmd,2.145000,316.595000,0.450652,-1.049740,1.050626,-1.050592,-0.800066,-0.000180
cmd,2.150000,316.600000,0.450036,-1.049740,1.050626,-1.050592,-0.800066,-0.000180
cmd,2.155000,316.605000,0.450652,-1.049740,1.050626,-1.050592,-0.800066,-0.000180
cmd,2.160000,316.610000,0.452484,-1.049740,1.050626,-1.050592,-0.800066,-0.000180
cmd,2.165000,316.615000,0.455486,-1.049740,1.050626,-1.050592,-0.800066,-0.000180
cmd,2.170000,316.620000,0.459586,-1.049740,1.050626,-1.050592,-0.800066,-0.000180
cmd,2.175000,316.625000,0.464681,-1.049740,1.050626,-1.050592,-0.800066,-0.000180
cmd,2.180000,316.630000,0.470647,-1.049740,1.050626,-1.050592,-0.800066,-0.000180
cmd,2.185000,316.635000,0.477337,-1.049740,1.050626,-1.050592,-0.800066,-0.000180
cmd,2.190000,316.640000,0.484586,-1.049740,1.050626,-1.050592,-0.800066,-0.000180
cmd,2.195000,316.645000,0.492215,-1.049740,1.050626,-1.050592,-0.800066,-0.000180
cmd,2.200000,316.650000,0.500036,-1.049740,1.050626,-1.050592,-0.800066,-0.000180
cmd,2.205000,316.655000,0.507858,-1.049740,1.050626,-1.050592,-0.800066,-0.000180
cmd,2.210000,316.660000,0.515487,-1.049740,1.050626,-1.050592,-0.800066,-0.000180
cmd,2.215000,316.665000,0.522736,-1.049740,1.050626,-1.050592,-0.800066,-0.000180
cmd,2.220000,316.670000,0.529426,-1.049740,1.050626,-1.050592,-0.800066,-0.000180
cmd,2.225000,316.675000,0.535392,-1.049740,1.050626,-1.050592,-0.800066,-0.000180
cmd,2.230000,316.680000,0.540487,-1.049740,1.050626,-1.050592,-0.800066,-0.000180
cmd,2.235000,316.685000,0.544587,-1.049740,1.050626,-1.050592,-0.800066,-0.000180
cmd,2.240000,316.690000,0.547589,-1.049740,1.050626,-1.050592,-0.800066,-0.000180
cmd,2.245000,316.695000,0.549421,-1.049740,1.050626,-1.050592,-0.800066,-0.000180
cmd,2.250000,316.700000,0.550036,-1.049740,1.050626,-1.050592,-0.800066,-0.000180
cmd,2.255000,316.705000,0.549421,-1.049740,1.050626,-1.050592,-0.800066,-0.000180
cmd,2.260000,316.710000,0.547589,-1.049740,1.050626,-1.050592,-0.800066,-0.000180
cmd,2.265000,316.715000,0.544587,-1.049740,1.050626,-1.050592,-0.800066,-0.000180
cmd,2.270000,316.720000,0.540487,-1.049740,1.050626,-1.050592,-0.800066,-0.000180
cmd,2.275000,316.725000,0.535392,-1.049740,1.050626,-1.050592,-0.800066,-0.000180
cmd,2.280000,316.730000,0.529426,-1.049740,1.050626,-1.050592,-0.800066,-0.000180
cmd,2.285000,316.735000,0.522736,-1.049740,1.050626,-1.050592,-0.800066,-0.000180
cmd,2.290000,316.740000,0.515487,-1.049740,1.050626,-1.050592,-0.800066,-0.000180
cmd,2.295000,316.745000,0.507858,-1.049740,1.050626,-1.050592,-0.800066,-0.000180
cmd,2.300000,316.750000,0.500036,-1.049740,1.050626,-1.050592,-0.800066,-0.000180
cmd,2.305000,316.755000,0.492215,-1.049740,1.050626,-1.050592,-0.800066,-0.000180
cmd,2.310000,316.760000,0.484586,-1.049740,1.050626,-1.050592,-0.800066,-0.000180
cmd,2.315000,316.765000,0.477337,-1.049740,1.050626,-1.050592,-0.800066,-0.000180
cmd,2.320000,316.770000,0.470647,-1.049740,1.050626,-1.050592,-0.800066,-0.000180
cmd,2.325000,316.775000,0.464681,-1.049740,1.050626,-1.050592,-0.800066,-0.000180
cmd,2.330000,316.780000,0.459586,-1.049740,1.050626,-1.050592,-0.800066,-0.000180
cmd,2.335000,316.785000,0.455486,-1.049740,1.050626,-1.050592,-0.800066,-0.000180
cmd,2.340000,316.790000,0.452484,-1.049740,1.050626,-1.050592,-0.800066,-0.000180
cmd,2.345000,316.795000,0.450652,-1.049740,1.050626,-1.050592,-0.800066,-0.000180
cmd,2.350000,316.800000,0.450036,-1.049740,1.050626,-1.050592,-0.800066,-0.000180
cmd,2.355000,316.805000,0.450652,-1.049740,1.050626,-1.050592,-0.800066,-0.000180
cmd,2.360000,316.810000,0.452484,-1.049740,1.050626,-1.050592,-0.800066,-0.000180
cmd,2.365000,316.815000,0.455486,-1.049740,1.050626,-1.050592,-0.800066,-0.000180
cmd,2.370000,316.820000,0.459586,-1.049740,1.050626,-1.050592,-0.800066,-0.000180
cmd,2.375000,316.825000,0.464681,-1.049740,1.050626,-1.050592,-0.800066,-0.000180
cmd,2.380000,316.830000,0.470647,-1.049740,1.050626,-1.050592,-0.800066,-0.000180
cmd,2.385000,316.835000,0.477337,-1.049740,1.050626,-1.050592,-0.800066,-0.000180
cmd,2.390000,316.840000,0.484586,-1.049740,1.050626,-1.050592,-0.800066,-0.000180
cmd,2.395000,316.845000,0.492215,-1.049740,1.050626,-1.050592,-0.800066,-0.000180
cmd,2.400000,316.850000,0.500036,-1.049740,1.050626,-1.050592,-0.800066,-0.000180
cmd,2.405000,316.855000,0.507858,-1.049740,1.050626,-1.050592,-0.800066,-0.000180
cmd,2.410000,316.860000,0.515487,-1.049740,1.050626,-1.050592,-0.800066,-0.000180
cmd,2.415000,316.865000,0.522736,-1.049740,1.050626,-1.050592,-0.800066,-0.000180
cmd,2.420000,316.870000,0.529426,-1.049740,1.050626,-1.050592,-0.800066,-0.000180
cmd,2.425000,316.875000,0.535392,-1.049740,1.050626,-1.050592,-0.800066,-0.000180
cmd,2.430000,316.880000,0.540487,-1.049740,1.050626,-1.050592,-0.800066,-0.000180
cmd,2.435000,316.885000,0.544587,-1.049740,1.050626,-1.050592,-0.800066,-0.000180
cmd,2.440000,316.890000,0.547589,-1.049740,1.050626,-1.050592,-0.800066,-0.000180
cmd,2.445000,316.895000,0.549421,-1.049740,1.050626,-1.050592,-0.800066,-0.000180
cmd,2.450000,316.900000,0.550036,-1.049740,1.050626,-1.050592,-0.800066,-0.000180
cmd,2.455000,316.905000,0.549421,-1.049740,1.050626,-1.050592,-0.800066,-0.000180
cmd,2.460000,316.910000,0.547589,-1.049740,1.050626,-1.050592,-0.800066,-0.000180
cmd,2.465000,316.915000,0.544587,-1.049740,1.050626,-1.050592,-0.800066,-0.000180
cmd,2.470000,316.920000,0.540487,-1.049740,1.050626,-1.050592,-0.800066,-0.000180
cmd,2.475000,316.925000,0.535392,-1.049740,1.050626,-1.050592,-0.800066,-0.000180
cmd,2.480000,316.930000,0.529426,-1.049740,1.050626,-1.050592,-0.800066,-0.000180
cmd,2.485000,316.935000,0.522736,-1.049740,1.050626,-1.050592,-0.800066,-0.000180
cmd,2.490000,316.940000,0.515487,-1.049740,1.050626,-1.050592,-0.800066,-0.000180
cmd,2.495000,316.945000,0.507858,-1.049740,1.050626,-1.050592,-0.800066,-0.000180
cmd,2.500000,316.950000,0.500036,-1.049740,1.050626,-1.050592,-0.800066,-0.000180
cmd,2.505000,316.955000,0.492215,-1.049740,1.050626,-1.050592,-0.800066,-0.000180
cmd,2.510000,316.960000,0.484586,-1.049740,1.050626,-1.050592,-0.800066,-0.000180
cmd,2.515000,316.965000,0.477337,-1.049740,1.050626,-1.050592,-0.800066,-0.000180
cmd,2.520000,316.970000,0.470647,-1.049740,1.050626,-1.050592,-0.800066,-0.000180
cmd,2.525000,316.975000,0.464681,-1.049740,1.050626,-1.050592,-0.800066,-0.000180
cmd,2.530000,316.980000,0.459586,-1.049740,1.050626,-1.050592,-0.800066,-0.000180
cmd,2.535000,316.985000,0.455486,-1.049740,1.050626,-1.050592,-0.800066,-0.000180
cmd,2.540000,316.990000,0.452484,-1.049740,1.050626,-1.050592,-0.800066,-0.000180
cmd,2.545000,316.995000,0.450652,-1.049740,1.050626,-1.050592,-0.800066,-0.000180
cmd,2.550000,317.000000,0.450036,-1.049740,1.050626,-1.050592,-0.800066,-0.000180
cmd,2.555000,317.005000,0.450652,-1.049740,1.050626,-1.050592,-0.800066,-0.000180
cmd,2.560000,317.010000,0.452484,-1.049740,1.050626,-1.050592,-0.800066,-0.000180
cmd,2.565000,317.015000,0.455486,-1.049740,1.050626,-1.050592,-0.800066,-0.000180
cmd,2.570000,317.020000,0.459586,-1.049740,1.050626,-1.050592,-0.800066,-0.000180
cmd,2.575000,317.025000,0.464681,-1.049740,1.050626,-1.050592,-0.800066,-0.000180
cmd,2.580000,317.030000,0.470647,-1.049740,1.050626,-1.050592,-0.800066,-0.000180
cmd,2.585000,317.035000,0.477337,-1.049740,1.050626,-1.050592,-0.800066,-0.000180
cmd,2.590000,317.040000,0.484586,-1.049740,1.050626,-1.050592,-0.800066,-0.000180
cmd,2.595000,317.045000,0.492215,-1.049740,1.050626,-1.050592,-0.800066,-0.000180
cmd,2.600000,317.050000,0.500036,-1.049740,1.050626,-1.050592,-0.800066,-0.000180
cmd,2.605000,317.055000,0.507858,-1.049740,1.050626,-1.050592,-0.800066,-0.000180
cmd,2.610000,317.060000,0.515487,-1.049740,1.050626,-1.050592,-0.800066,-0.000180
cmd,2.615000,317.065000,0.522736,-1.049740,1.050626,-1.050592,-0.800066,-0.000180
cmd,2.620000,317.070000,0.529426,-1.049740,1.050626,-1.050592,-0.800066,-0.000180
cmd,2.625000,317.075000,0.535392,-1.049740,1.050626,-1.050592,-0.800066,-0.000180
cmd,2.630000,317.080000,0.540487,-1.049740,1.050626,-1.050592,-0.800066,-0.000180
cmd,2.635000,317.085000,0.544587,-1.049740,1.050626,-1.050592,-0.800066,-0.000180
cmd,2.640000,317.090000,0.547589,-1.049740,1.050626,-1.050592,-0.800066,-0.000180
cmd,2.645000,317.095000,0.549421,-1.049740,1.050626,-1.050592,-0.800066,-0.000180
cmd,2.650000,317.100000,0.550036,-1.049740,1.050626,-1.050592,-0.800066,-0.000180
cmd,2.655000,317.105000,0.549421,-1.049740,1.050626,-1.050592,-0.800066,-0.000180
cmd,2.660000,317.110000,0.547589,-1.049740,1.050626,-1.050592,-0.800066,-0.000180
cmd,2.665000,317.115000,0.544587,-1.049740,1.050626,-1.050592,-0.800066,-0.000180
cmd,2.670000,317.120000,0.540487,-1.049740,1.050626,-1.050592,-0.800066,-0.000180
cmd,2.675000,317.125000,0.535392,-1.049740,1.050626,-1.050592,-0.800066,-0.000180
cmd,2.680000,317.130000,0.529426,-1.049740,1.050626,-1.050592,-0.800066,-0.000180
cmd,2.685000,317.135000,0.522736,-1.049740,1.050626,-1.050592,-0.800066,-0.000180
cmd,2.690000,317.140000,0.515487,-1.049740,1.050626,-1.050592,-0.800066,-0.000180
cmd,2.695000,317.145000,0.507858,-1.049740,1.050626,-1.050592,-0.800066,-0.000180
cmd,2.700000,317.150000,0.500036,-1.049740,1.050626,-1.050592,-0.800066,-0.000180
cmd,2.705000,317.155000,0.492215,-1.049740,1.050626,-1.050592,-0.800066,-0.000180
cmd,2.710000,317.160000,0.484586,-1.049740,1.050626,-1.050592,-0.800066,-0.000180
cmd,2.715000,317.165000,0.477337,-1.049740,1.050626,-1.050592,-0.800066,-0.000180
cmd,2.720000,317.170000,0.470647,-1.049740,1.050626,-1.050592,-0.800066,-0.000180
cmd,2.725000,317.175000,0.464681,-1.049740,1.050626,-1.050592,-0.800066,-0.000180
cmd,2.730000,317.180000,0.459586,-1.049740,1.050626,-1.050592,-0.800066,-0.000180
cmd,2.735000,317.185000,0.455486,-1.049740,1.050626,-1.050592,-0.800066,-0.000180
cmd,2.740000,317.190000,0.452484,-1.049740,1.050626,-1.050592,-0.800066,-0.000180
cmd,2.745000,317.195000,0.450652,-1.049740,1.050626,-1.050592,-0.800066,-0.000180
cmd,2.750000,317.200000,0.450036,-1.049740,1.050626,-1.050592,-0.800066,-0.000180
cmd,2.755000,317.205000,0.450652,-1.049740,1.050626,-1.050592,-0.800066,-0.000180
cmd,2.760000,317.210000,0.452484,-1.049740,1.050626,-1.050592,-0.800066,-0.000180
cmd,2.765000,317.215000,0.455486,-1.049740,1.050626,-1.050592,-0.800066,-0.000180
cmd,2.770000,317.220000,0.459586,-1.049740,1.050626,-1.050592,-0.800066,-0.000180
cmd,2.775000,317.225000,0.464681,-1.049740,1.050626,-1.050592,-0.800066,-0.000180
cmd,2.780000,317.230000,0.470647,-1.049740,1.050626,-1.050592,-0.800066,-0.000180
cmd,2.785000,317.235000,0.477337,-1.049740,1.050626,-1.050592,-0.800066,-0.000180
cmd,2.790000,317.240000,0.484586,-1.049740,1.050626,-1.050592,-0.800066,-0.000180
cmd,2.795000,317.245000,0.492215,-1.049740,1.050626,-1.050592,-0.800066,-0.000180
cmd,2.800000,317.250000,0.500036,-1.049740,1.050626,-1.050592,-0.800066,-0.000180
cmd,2.805000,317.255000,0.507858,-1.049740,1.050626,-1.050592,-0.800066,-0.000180
cmd,2.810000,317.260000,0.515487,-1.049740,1.050626,-1.050592,-0.800066,-0.000180
cmd,2.815000,317.265000,0.522736,-1.049740,1.050626,-1.050592,-0.800066,-0.000180
cmd,2.820000,317.270000,0.529426,-1.049740,1.050626,-1.050592,-0.800066,-0.000180
cmd,2.825000,317.275000,0.535392,-1.049740,1.050626,-1.050592,-0.800066,-0.000180
cmd,2.830000,317.280000,0.540487,-1.049740,1.050626,-1.050592,-0.800066,-0.000180
cmd,2.835000,317.285000,0.544587,-1.049740,1.050626,-1.050592,-0.800066,-0.000180
cmd,2.840000,317.290000,0.547589,-1.049740,1.050626,-1.050592,-0.800066,-0.000180
cmd,2.845000,317.295000,0.549421,-1.049740,1.050626,-1.050592,-0.800066,-0.000180
cmd,2.850000,317.300000,0.550036,-1.049740,1.050626,-1.050592,-0.800066,-0.000180
cmd,2.855000,317.305000,0.549421,-1.049740,1.050626,-1.050592,-0.800066,-0.000180
cmd,2.860000,317.310000,0.547589,-1.049740,1.050626,-1.050592,-0.800066,-0.000180
cmd,2.865000,317.315000,0.544587,-1.049740,1.050626,-1.050592,-0.800066,-0.000180
cmd,2.870000,317.320000,0.540487,-1.049740,1.050626,-1.050592,-0.800066,-0.000180
cmd,2.875000,317.325000,0.535392,-1.049740,1.050626,-1.050592,-0.800066,-0.000180
cmd,2.880000,317.330000,0.529426,-1.049740,1.050626,-1.050592,-0.800066,-0.000180
cmd,2.885000,317.335000,0.522736,-1.049740,1.050626,-1.050592,-0.800066,-0.000180
cmd,2.890000,317.340000,0.515487,-1.049740,1.050626,-1.050592,-0.800066,-0.000180
cmd,2.895000,317.345000,0.507858,-1.049740,1.050626,-1.050592,-0.800066,-0.000180
cmd,2.900000,317.350000,0.500036,-1.049740,1.050626,-1.050592,-0.800066,-0.000180
cmd,2.905000,317.355000,0.492215,-1.049740,1.050626,-1.050592,-0.800066,-0.000180
cmd,2.910000,317.360000,0.484586,-1.049740,1.050626,-1.050592,-0.800066,-0.000180
cmd,2.915000,317.365000,0.477337,-1.049740,1.050626,-1.050592,-0.800066,-0.000180
cmd,2.920000,317.370000,0.470647,-1.049740,1.050626,-1.050592,-0.800066,-0.000180
cmd,2.925000,317.375000,0.464681,-1.049740,1.050626,-1.050592,-0.800066,-0.000180
cmd,2.930000,317.380000,0.459586,-1.049740,1.050626,-1.050592,-0.800066,-0.000180
cmd,2.935000,317.385000,0.455486,-1.049740,1.050626,-1.050592,-0.800066,-0.000180
cmd,2.940000,317.390000,0.452484,-1.049740,1.050626,-1.050592,-0.800066,-0.000180
cmd,2.945000,317.395000,0.450652,-1.049740,1.050626,-1.050592,-0.800066,-0.000180
cmd,2.950000,317.400000,0.450036,-1.049740,1.050626,-1.050592,-0.800066,-0.000180
cmd,2.955000,317.405000,0.450652,-1.049740,1.050626,-1.050592,-0.800066,-0.000180
cmd,2.960000,317.410000,0.452484,-1.049740,1.050626,-1.050592,-0.800066,-0.000180
cmd,2.965000,317.415000,0.455486,-1.049740,1.050626,-1.050592,-0.800066,-0.000180
cmd,2.970000,317.420000,0.459586,-1.049740,1.050626,-1.050592,-0.800066,-0.000180
cmd,2.975000,317.425000,0.464681,-1.049740,1.050626,-1.050592,-0.800066,-0.000180
cmd,2.980000,317.430000,0.470647,-1.049740,1.050626,-1.050592,-0.800066,-0.000180
cmd,2.985000,317.435000,0.477337,-1.049740,1.050626,-1.050592,-0.800066,-0.000180
cmd,2.990000,317.440000,0.484586,-1.049740,1.050626,-1.050592,-0.800066,-0.000180
cmd,2.995000,317.445000,0.492215,-1.049740,1.050626,-1.050592,-0.800066,-0.000180
cmd,3.000000,317.450000,0.500036,-1.049740,1.050626,-1.050592,-0.800066,-0.000180
cmd,3.005000,317.455000,0.507858,-1.049740,1.050626,-1.050592,-0.800066,-0.000180
cmd,3.010000,317.460000,0.515487,-1.049740,1.050626,-1.050592,-0.800066,-0.000180
cmd,3.015000,317.465000,0.522736,-1.049740,1.050626,-1.050592,-0.800066,-0.000180
cmd,3.020000,317.470000,0.529426,-1.049740,1.050626,-1.050592,-0.800066,-0.000180
cmd,3.025000,317.475000,0.535392,-1.049740,1.050626,-1.050592,-0.800066,-0.000180
cmd,3.030000,317.480000,0.540487,-1.049740,1.050626,-1.050592,-0.800066,-0.000180
cmd,3.035000,317.485000,0.544587,-1.049740,1.050626,-1.050592,-0.800066,-0.000180
cmd,3.040000,317.490000,0.547589,-1.049740,1.050626,-1.050592,-0.800066,-0.000180
cmd,3.045000,317.495000,0.549421,-1.049740,1.050626,-1.050592,-0.800066,-0.000180
cmd,3.050000,317.500000,0.550036,-1.049740,1.050626,-1.050592,-0.800066,-0.000180
cmd,3.055000,317.505000,0.549421,-1.049740,1.050626,-1.050592,-0.800066,-0.000180
cmd,3.060000,317.510000,0.547589,-1.049740,1.050626,-1.050592,-0.800066,-0.000180
cmd,3.065000,317.515000,0.544587,-1.049740,1.050626,-1.050592,-0.800066,-0.000180
cmd,3.070000,317.520000,0.540487,-1.049740,1.050626,-1.050592,-0.800066,-0.000180
cmd,3.075000,317.525000,0.535392,-1.049740,1.050626,-1.050592,-0.800066,-0.000180
cmd,3.080000,317.530000,0.529426,-1.049740,1.050626,-1.050592,-0.800066,-0.000180
cmd,3.085000,317.535000,0.522736,-1.049740,1.050626,-1.050592,-0.800066,-0.000180
cmd,3.090000,317.540000,0.515487,-1.049740,1.050626,-1.050592,-0.800066,-0.000180
cmd,3.095000,317.545000,0.507858,-1.049740,1.050626,-1.050592,-0.800066,-0.000180
cmd,3.100000,317.550000,0.500036,-1.049740,1.050626,-1.050592,-0.800066,-0.000180
cmd,3.105000,317.555000,0.492215,-1.049740,1.050626,-1.050592,-0.800066,-0.000180
cmd,3.110000,317.560000,0.484586,-1.049740,1.050626,-1.050592,-0.800066,-0.000180
cmd,3.115000,317.565000,0.477337,-1.049740,1.050626,-1.050592,-0.800066,-0.000180
cmd,3.120000,317.570000,0.470647,-1.049740,1.050626,-1.050592,-0.800066,-0.000180
cmd,3.125000,317.575000,0.464681,-1.049740,1.050626,-1.050592,-0.800066,-0.000180
cmd,3.130000,317.580000,0.459586,-1.049740,1.050626,-1.050592,-0.800066,-0.000180
cmd,3.135000,317.585000,0.455486,-1.049740,1.050626,-1.050592,-0.800066,-0.000180
cmd,3.140000,317.590000,0.452484,-1.049740,1.050626,-1.050592,-0.800066,-0.000180
cmd,3.145000,317.595000,0.450652,-1.049740,1.050626,-1.050592,-0.800066,-0.000180
cmd,3.150000,317.600000,0.450036,-1.049740,1.050626,-1.050592,-0.800066,-0.000180
cmd,3.155000,317.605000,0.450652,-1.049740,1.050626,-1.050592,-0.800066,-0.000180
cmd,3.160000,317.610000,0.452484,-1.049740,1.050626,-1.050592,-0.800066,-0.000180
cmd,3.165000,317.615000,0.455486,-1.049740,1.050626,-1.050592,-0.800066,-0.000180
cmd,3.170000,317.620000,0.459586,-1.049740,1.050626,-1.050592,-0.800066,-0.000180
cmd,3.175000,317.625000,0.464681,-1.049740,1.050626,-1.050592,-0.800066,-0.000180
cmd,3.180000,317.630000,0.470647,-1.049740,1.050626,-1.050592,-0.800066,-0.000180
cmd,3.185000,317.635000,0.477337,-1.049740,1.050626,-1.050592,-0.800066,-0.000180
cmd,3.190000,317.640000,0.484586,-1.049740,1.050626,-1.050592,-0.800066,-0.000180
cmd,3.195000,317.645000,0.492215,-1.049740,1.050626,-1.050592,-0.800066,-0.000180
cmd,3.200000,317.650000,0.500036,-1.049740,1.050626,-1.050592,-0.800066,-0.000180
cmd,3.205000,317.655000,0.507858,-1.049740,1.050626,-1.050592,-0.800066,-0.000180
cmd,3.210000,317.660000,0.515487,-1.049740,1.050626,-1.050592,-0.800066,-0.000180
cmd,3.215000,317.665000,0.522736,-1.049740,1.050626,-1.050592,-0.800066,-0.000180
cmd,3.220000,317.670000,0.529426,-1.049740,1.050626,-1.050592,-0.800066,-0.000180
cmd,3.225000,317.675000,0.535392,-1.049740,1.050626,-1.050592,-0.800066,-0.000180
cmd,3.230000,317.680000,0.540487,-1.049740,1.050626,-1.050592,-0.800066,-0.000180
cmd,3.235000,317.685000,0.544587,-1.049740,1.050626,-1.050592,-0.800066,-0.000180
cmd,3.240000,317.690000,0.547589,-1.049740,1.050626,-1.050592,-0.800066,-0.000180
cmd,3.245000,317.695000,0.549421,-1.049740,1.050626,-1.050592,-0.800066,-0.000180
cmd,3.250000,317.700000,0.550036,-1.049740,1.050626,-1.050592,-0.800066,-0.000180
cmd,3.255000,317.705000,0.549421,-1.049740,1.050626,-1.050592,-0.800066,-0.000180
cmd,3.260000,317.710000,0.547589,-1.049740,1.050626,-1.050592,-0.800066,-0.000180
cmd,3.265000,317.715000,0.544587,-1.049740,1.050626,-1.050592,-0.800066,-0.000180
cmd,3.270000,317.720000,0.540487,-1.049740,1.050626,-1.050592,-0.800066,-0.000180
cmd,3.275000,317.725000,0.535392,-1.049740,1.050626,-1.050592,-0.800066,-0.000180
cmd,3.280000,317.730000,0.529426,-1.049740,1.050626,-1.050592,-0.800066,-0.000180
cmd,3.285000,317.735000,0.522736,-1.049740,1.050626,-1.050592,-0.800066,-0.000180
cmd,3.290000,317.740000,0.515487,-1.049740,1.050626,-1.050592,-0.800066,-0.000180
cmd,3.295000,317.745000,0.507858,-1.049740,1.050626,-1.050592,-0.800066,-0.000180
cmd,3.300000,317.750000,0.500036,-1.049740,1.050626,-1.050592,-0.800066,-0.000180
cmd,3.305000,317.755000,0.492215,-1.049740,1.050626,-1.050592,-0.800066,-0.000180
cmd,3.310000,317.760000,0.484586,-1.049740,1.050626,-1.050592,-0.800066,-0.000180
cmd,3.315000,317.765000,0.477337,-1.049740,1.050626,-1.050592,-0.800066,-0.000180
cmd,3.320000,317.770000,0.470647,-1.049740,1.050626,-1.050592,-0.800066,-0.000180
cmd,3.325000,317.775000,0.464681,-1.049740,1.050626,-1.050592,-0.800066,-0.000180
cmd,3.330000,317.780000,0.459586,-1.049740,1.050626,-1.050592,-0.800066,-0.000180
cmd,3.335000,317.785000,0.455486,-1.049740,1.050626,-1.050592,-0.800066,-0.000180
cmd,3.340000,317.790000,0.452484,-1.049740,1.050626,-1.050592,-0.800066,-0.000180
cmd,3.345000,317.795000,0.450652,-1.049740,1.050626,-1.050592,-0.800066,-0.000180
cmd,3.350000,317.800000,0.450036,-1.049740,1.050626,-1.050592,-0.800066,-0.000180
cmd,3.355000,317.805000,0.450652,-1.049740,1.050626,-1.050592,-0.800066,-0.000180
cmd,3.360000,317.810000,0.452484,-1.049740,1.050626,-1.050592,-0.800066,-0.000180
cmd,3.365000,317.815000,0.455486,-1.049740,1.050626,-1.050592,-0.800066,-0.000180
cmd,3.370000,317.820000,0.459586,-1.049740,1.050626,-1.050592,-0.800066,-0.000180
cmd,3.375000,317.825000,0.464681,-1.049740,1.050626,-1.050592,-0.800066,-0.000180
cmd,3.380000,317.830000,0.470647,-1.049740,1.050626,-1.050592,-0.800066,-0.000180
cmd,3.385000,317.835000,0.477337,-1.049740,1.050626,-1.050592,-0.800066,-0.000180
cmd,3.390000,317.840000,0.484586,-1.049740,1.050626,-1.050592,-0.800066,-0.000180
cmd,3.395000,317.845000,0.492215,-1.049740,1.050626,-1.050592,-0.800066,-0.000180
cmd,3.400000,317.850000,0.500036,-1.049740,1.050626,-1.050592,-0.800066,-0.000180
cmd,3.405000,317.855000,0.507858,-1.049740,1.050626,-1.050592,-0.800066,-0.000180
cmd,3.410000,317.860000,0.515487,-1.049740,1.050626,-1.050592,-0.800066,-0.000180
cmd,3.415000,317.865000,0.522736,-1.049740,1.050626,-1.050592,-0.800066,-0.000180
cmd,3.420000,317.870000,0.529426,-1.049740,1.050626,-1.050592,-0.800066,-0.000180
cmd,3.425000,317.875000,0.535392,-1.049740,1.050626,-1.050592,-0.800066,-0.000180
cmd,3.430000,317.880000,0.540487,-1.049740,1.050626,-1.050592,-0.800066,-0.000180
cmd,3.435000,317.885000,0.544587,-1.049740,1.050626,-1.050592,-0.800066,-0.000180
cmd,3.440000,317.890000,0.547589,-1.049740,1.050626,-1.050592,-0.800066,-0.000180
cmd,3.445000,317.895000,0.549421,-1.049740,1.050626,-1.050592,-0.800066,-0.000180
cmd,3.450000,317.900000,0.550036,-1.049740,1.050626,-1.050592,-0.800066,-0.000180
cmd,3.455000,317.905000,0.549421,-1.049740,1.050626,-1.050592,-0.800066,-0.000180
cmd,3.460000,317.910000,0.547589,-1.049740,1.050626,-1.050592,-0.800066,-0.000180
cmd,3.465000,317.915000,0.544587,-1.049740,1.050626,-1.050592,-0.800066,-0.000180
cmd,3.470000,317.920000,0.540487,-1.049740,1.050626,-1.050592,-0.800066,-0.000180
cmd,3.475000,317.925000,0.535392,-1.049740,1.050626,-1.050592,-0.800066,-0.000180
cmd,3.480000,317.930000,0.529426,-1.049740,1.050626,-1.050592,-0.800066,-0.000180
cmd,3.485000,317.935000,0.522736,-1.049740,1.050626,-1.050592,-0.800066,-0.000180
cmd,3.490000,317.940000,0.515487,-1.049740,1.050626,-1.050592,-0.800066,-0.000180
cmd,3.495000,317.945000,0.507858,-1.049740,1.050626,-1.050592,-0.800066,-0.000180
cmd,3.500000,317.950000,0.500036,-1.049740,1.050626,-1.050592,-0.800066,-0.000180
cmd,3.505000,317.955000,0.492215,-1.049740,1.050626,-1.050592,-0.800066,-0.000180
cmd,3.510000,317.960000,0.484586,-1.049740,1.050626,-1.050592,-0.800066,-0.000180
cmd,3.515000,317.965000,0.477337,-1.049740,1.050626,-1.050592,-0.800066,-0.000180
cmd,3.520000,317.970000,0.470647,-1.049740,1.050626,-1.050592,-0.800066,-0.000180
cmd,3.525000,317.975000,0.464681,-1.049740,1.050626,-1.050592,-0.800066,-0.000180
cmd,3.530000,317.980000,0.459586,-1.049740,1.050626,-1.050592,-0.800066,-0.000180
cmd,3.535000,317.985000,0.455486,-1.049740,1.050626,-1.050592,-0.800066,-0.000180
cmd,3.540000,317.990000,0.452484,-1.049740,1.050626,-1.050592,-0.800066,-0.000180
cmd,3.545000,317.995000,0.450652,-1.049740,1.050626,-1.050592,-0.800066,-0.000180
cmd,3.550000,318.000000,0.450036,-1.049740,1.050626,-1.050592,-0.800066,-0.000180
cmd,3.555000,318.005000,0.450652,-1.049740,1.050626,-1.050592,-0.800066,-0.000180
cmd,3.560000,318.010000,0.452484,-1.049740,1.050626,-1.050592,-0.800066,-0.000180
cmd,3.565000,318.015000,0.455486,-1.049740,1.050626,-1.050592,-0.800066,-0.000180
cmd,3.570000,318.020000,0.459586,-1.049740,1.050626,-1.050592,-0.800066,-0.000180
cmd,3.575000,318.025000,0.464681,-1.049740,1.050626,-1.050592,-0.800066,-0.000180
cmd,3.580000,318.030000,0.470647,-1.049740,1.050626,-1.050592,-0.800066,-0.000180
cmd,3.585000,318.035000,0.477337,-1.049740,1.050626,-1.050592,-0.800066,-0.000180
cmd,3.590000,318.040000,0.484586,-1.049740,1.050626,-1.050592,-0.800066,-0.000180
cmd,3.595000,318.045000,0.492215,-1.049740,1.050626,-1.050592,-0.800066,-0.000180
cmd,3.600000,318.050000,0.500036,-1.049740,1.050626,-1.050592,-0.800066,-0.000180
cmd,3.605000,318.055000,0.507858,-1.049740,1.050626,-1.050592,-0.800066,-0.000180
cmd,3.610000,318.060000,0.515487,-1.049740,1.050626,-1.050592,-0.800066,-0.000180
cmd,3.615000,318.065000,0.522736,-1.049740,1.050626,-1.050592,-0.800066,-0.000180
cmd,3.620000,318.070000,0.529426,-1.049740,1.050626,-1.050592,-0.800066,-0.000180
cmd,3.625000,318.075000,0.535392,-1.049740,1.050626,-1.050592,-0.800066,-0.000180
cmd,3.630000,318.080000,0.540487,-1.049740,1.050626,-1.050592,-0.800066,-0.000180
cmd,3.635000,318.085000,0.544587,-1.049740,1.050626,-1.050592,-0.800066,-0.000180
cmd,3.640000,318.090000,0.547589,-1.049740,1.050626,-1.050592,-0.800066,-0.000180
cmd,3.645000,318.095000,0.549421,-1.049740,1.050626,-1.050592,-0.800066,-0.000180
cmd,3.650000,318.100000,0.550036,-1.049740,1.050626,-1.050592,-0.800066,-0.000180
cmd,3.655000,318.105000,0.549421,-1.049740,1.050626,-1.050592,-0.800066,-0.000180
cmd,3.660000,318.110000,0.547589,-1.049740,1.050626,-1.050592,-0.800066,-0.000180
cmd,3.665000,318.115000,0.544587,-1.049740,1.050626,-1.050592,-0.800066,-0.000180
cmd,3.670000,318.120000,0.540487,-1.049740,1.050626,-1.050592,-0.800066,-0.000180
cmd,3.675000,318.125000,0.535392,-1.049740,1.050626,-1.050592,-0.800066,-0.000180
cmd,3.680000,318.130000,0.529426,-1.049740,1.050626,-1.050592,-0.800066,-0.000180
cmd,3.685000,318.135000,0.522736,-1.049740,1.050626,-1.050592,-0.800066,-0.000180
cmd,3.690000,318.140000,0.515487,-1.049740,1.050626,-1.050592,-0.800066,-0.000180
cmd,3.695000,318.145000,0.507858,-1.049740,1.050626,-1.050592,-0.800066,-0.000180
cmd,3.700000,318.150000,0.500036,-1.049740,1.050626,-1.050592,-0.800066,-0.000180
cmd,3.705000,318.155000,0.492215,-1.049740,1.050626,-1.050592,-0.800066,-0.000180
cmd,3.710000,318.160000,0.484586,-1.049740,1.050626,-1.050592,-0.800066,-0.000180
cmd,3.715000,318.165000,0.477337,-1.049740,1.050626,-1.050592,-0.800066,-0.000180
cmd,3.720000,318.170000,0.470647,-1.049740,1.050626,-1.050592,-0.800066,-0.000180
cmd,3.725000,318.175000,0.464681,-1.049740,1.050626,-1.050592,-0.800066,-0.000180
cmd,3.730000,318.180000,0.459586,-1.049740,1.050626,-1.050592,-0.800066,-0.000180
cmd,3.735000,318.185000,0.455486,-1.049740,1.050626,-1.050592,-0.800066,-0.000180
cmd,3.740000,318.190000,0.452484,-1.049740,1.050626,-1.050592,-0.800066,-0.000180
cmd,3.745000,318.195000,0.450652,-1.049740,1.050626,-1.050592,-0.800066,-0.000180
cmd,3.750000,318.200000,0.450036,-1.049740,1.050626,-1.050592,-0.800066,-0.000180
cmd,3.755000,318.205000,0.450652,-1.049740,1.050626,-1.050592,-0.800066,-0.000180
cmd,3.760000,318.210000,0.452484,-1.049740,1.050626,-1.050592,-0.800066,-0.000180
cmd,3.765000,318.215000,0.455486,-1.049740,1.050626,-1.050592,-0.800066,-0.000180
cmd,3.770000,318.220000,0.459586,-1.049740,1.050626,-1.050592,-0.800066,-0.000180
cmd,3.775000,318.225000,0.464681,-1.049740,1.050626,-1.050592,-0.800066,-0.000180
cmd,3.780000,318.230000,0.470647,-1.049740,1.050626,-1.050592,-0.800066,-0.000180
cmd,3.785000,318.235000,0.477337,-1.049740,1.050626,-1.050592,-0.800066,-0.000180
cmd,3.790000,318.240000,0.484586,-1.049740,1.050626,-1.050592,-0.800066,-0.000180
cmd,3.795000,318.245000,0.492215,-1.049740,1.050626,-1.050592,-0.800066,-0.000180
cmd,3.800000,318.250000,0.500036,-1.049740,1.050626,-1.050592,-0.800066,-0.000180
cmd,3.805000,318.255000,0.507858,-1.049740,1.050626,-1.050592,-0.800066,-0.000180
cmd,3.810000,318.260000,0.515487,-1.049740,1.050626,-1.050592,-0.800066,-0.000180
cmd,3.815000,318.265000,0.522736,-1.049740,1.050626,-1.050592,-0.800066,-0.000180
cmd,3.820000,318.270000,0.529426,-1.049740,1.050626,-1.050592,-0.800066,-0.000180
cmd,3.825000,318.275000,0.535392,-1.049740,1.050626,-1.050592,-0.800066,-0.000180
cmd,3.830000,318.280000,0.540487,-1.049740,1.050626,-1.050592,-0.800066,-0.000180
cmd,3.835000,318.285000,0.544587,-1.049740,1.050626,-1.050592,-0.800066,-0.000180
cmd,3.840000,318.290000,0.547589,-1.049740,1.050626,-1.050592,-0.800066,-0.000180
cmd,3.845000,318.295000,0.549421,-1.049740,1.050626,-1.050592,-0.800066,-0.000180
cmd,3.850000,318.300000,0.550036,-1.049740,1.050626,-1.050592,-0.800066,-0.000180
cmd,3.855000,318.305000,0.549421,-1.049740,1.050626,-1.050592,-0.800066,-0.000180
cmd,3.860000,318.310000,0.547589,-1.049740,1.050626,-1.050592,-0.800066,-0.000180
cmd,3.865000,318.315000,0.544587,-1.049740,1.050626,-1.050592,-0.800066,-0.000180
cmd,3.870000,318.320000,0.540487,-1.049740,1.050626,-1.050592,-0.800066,-0.000180
cmd,3.875000,318.325000,0.535392,-1.049740,1.050626,-1.050592,-0.800066,-0.000180
cmd,3.880000,318.330000,0.529426,-1.049740,1.050626,-1.050592,-0.800066,-0.000180
cmd,3.885000,318.335000,0.522736,-1.049740,1.050626,-1.050592,-0.800066,-0.000180
cmd,3.890000,318.340000,0.515487,-1.049740,1.050626,-1.050592,-0.800066,-0.000180
cmd,3.895000,318.345000,0.507858,-1.049740,1.050626,-1.050592,-0.800066,-0.000180
cmd,3.900000,318.350000,0.500036,-1.049740,1.050626,-1.050592,-0.800066,-0.000180
cmd,3.905000,318.355000,0.492215,-1.049740,1.050626,-1.050592,-0.800066,-0.000180
cmd,3.910000,318.360000,0.484586,-1.049740,1.050626,-1.050592,-0.800066,-0.000180
cmd,3.915000,318.365000,0.477337,-1.049740,1.050626,-1.050592,-0.800066,-0.000180
cmd,3.920000,318.370000,0.470647,-1.049740,1.050626,-1.050592,-0.800066,-0.000180
cmd,3.925000,318.375000,0.464681,-1.049740,1.050626,-1.050592,-0.800066,-0.000180
cmd,3.930000,318.380000,0.459586,-1.049740,1.050626,-1.050592,-0.800066,-0.000180
cmd,3.935000,318.385000,0.455486,-1.049740,1.050626,-1.050592,-0.800066,-0.000180
cmd,3.940000,318.390000,0.452484,-1.049740,1.050626,-1.050592,-0.800066,-0.000180
cmd,3.945000,318.395000,0.450652,-1.049740,1.050626,-1.050592,-0.800066,-0.000180
cmd,3.950000,318.400000,0.450036,-1.049740,1.050626,-1.050592,-0.800066,-0.000180
cmd,3.955000,318.405000,0.450652,-1.049740,1.050626,-1.050592,-0.800066,-0.000180
cmd,3.960000,318.410000,0.452484,-1.049740,1.050626,-1.050592,-0.800066,-0.000180
cmd,3.965000,318.415000,0.455486,-1.049740,1.050626,-1.050592,-0.800066,-0.000180
cmd,3.970000,318.420000,0.459586,-1.049740,1.050626,-1.050592,-0.800066,-0.000180
cmd,3.975000,318.425000,0.464681,-1.049740,1.050626,-1.050592,-0.800066,-0.000180
cmd,3.980000,318.430000,0.470647,-1.049740,1.050626,-1.050592,-0.800066,-0.000180
cmd,3.985000,318.435000,0.477337,-1.049740,1.050626,-1.050592,-0.800066,-0.000180
cmd,3.990000,318.440000,0.484586,-1.049740,1.050626,-1.050592,-0.800066,-0.000180
cmd,3.995000,318.445000,0.492215,-1.049740,1.050626,-1.050592,-0.800066,-0.000180
cmd,4.000000,318.450000,0.500036,-1.049740,1.050626,-1.050592,-0.800066,-0.000180
cmd,4.005000,318.455000,0.507858,-1.049740,1.050626,-1.050592,-0.800066,-0.000180
cmd,4.010000,318.460000,0.515487,-1.049740,1.050626,-1.050592,-0.800066,-0.000180
cmd,4.015000,318.465000,0.522736,-1.049740,1.050626,-1.050592,-0.800066,-0.000180
cmd,4.020000,318.470000,0.529426,-1.049740,1.050626,-1.050592,-0.800066,-0.000180
cmd,4.025000,318.475000,0.535392,-1.049740,1.050626,-1.050592,-0.800066,-0.000180
cmd,4.030000,318.480000,0.540487,-1.049740,1.050626,-1.050592,-0.800066,-0.000180
cmd,4.035000,318.485000,0.544587,-1.049740,1.050626,-1.050592,-0.800066,-0.000180
cmd,4.040000,318.490000,0.547589,-1.049740,1.050626,-1.050592,-0.800066,-0.000180
cmd,4.045000,318.495000,0.549421,-1.049740,1.050626,-1.050592,-0.800066,-0.000180
cmd,4.050000,318.500000,0.550036,-1.049740,1.050626,-1.050592,-0.800066,-0.000180
cmd,4.055000,318.505000,0.549421,-1.049740,1.050626,-1.050592,-0.800066,-0.000180
cmd,4.060000,318.510000,0.547589,-1.049740,1.050626,-1.050592,-0.800066,-0.000180
cmd,4.065000,318.515000,0.544587,-1.049740,1.050626,-1.050592,-0.800066,-0.000180
cmd,4.070000,318.520000,0.540487,-1.049740,1.050626,-1.050592,-0.800066,-0.000180
cmd,4.075000,318.525000,0.535392,-1.049740,1.050626,-1.050592,-0.800066,-0.000180
cmd,4.080000,318.530000,0.529426,-1.049740,1.050626,-1.050592,-0.800066,-0.000180
cmd,4.085000,318.535000,0.522736,-1.049740,1.050626,-1.050592,-0.800066,-0.000180
cmd,4.090000,318.540000,0.515487,-1.049740,1.050626,-1.050592,-0.800066,-0.000180
cmd,4.095000,318.545000,0.507858,-1.049740,1.050626,-1.050592,-0.800066,-0.000180
cmd,4.100000,318.550000,0.500036,-1.049740,1.050626,-1.050592,-0.800066,-0.000180
cmd,4.105000,318.555000,0.492215,-1.049740,1.050626,-1.050592,-0.800066,-0.000180
cmd,4.110000,318.560000,0.484586,-1.049740,1.050626,-1.050592,-0.800066,-0.000180
cmd,4.115000,318.565000,0.477337,-1.049740,1.050626,-1.050592,-0.800066,-0.000180
cmd,4.120000,318.570000,0.470647,-1.049740,1.050626,-1.050592,-0.800066,-0.000180
cmd,4.125000,318.575000,0.464681,-1.049740,1.050626,-1.050592,-0.800066,-0.000180
cmd,4.130000,318.580000,0.459586,-1.049740,1.050626,-1.050592,-0.800066,-0.000180
cmd,4.135000,318.585000,0.455486,-1.049740,1.050626,-1.050592,-0.800066,-0.000180
cmd,4.140000,318.590000,0.452484,-1.049740,1.050626,-1.050592,-0.800066,-0.000180
cmd,4.145000,318.595000,0.450652,-1.049740,1.050626,-1.050592,-0.800066,-0.000180
cmd,4.150000,318.600000,0.450036,-1.049740,1.050626,-1.050592,-0.800066,-0.000180
cmd,4.155000,318.605000,0.450652,-1.049740,1.050626,-1.050592,-0.800066,-0.000180
cmd,4.160000,318.610000,0.452484,-1.049740,1.050626,-1.050592,-0.800066,-0.000180
cmd,4.165000,318.615000,0.455486,-1.049740,1.050626,-1.050592,-0.800066,-0.000180
cmd,4.170000,318.620000,0.459586,-1.049740,1.050626,-1.050592,-0.800066,-0.000180
cmd,4.175000,318.625000,0.464681,-1.049740,1.050626,-1.050592,-0.800066,-0.000180
cmd,4.180000,318.630000,0.470647,-1.049740,1.050626,-1.050592,-0.800066,-0.000180
cmd,4.185000,318.635000,0.477337,-1.049740,1.050626,-1.050592,-0.800066,-0.000180
cmd,4.190000,318.640000,0.484586,-1.049740,1.050626,-1.050592,-0.800066,-0.000180
cmd,4.195000,318.645000,0.492215,-1.049740,1.050626,-1.050592,-0.800066,-0.000180
cmd,4.200000,318.650000,0.500036,-1.049740,1.050626,-1.050592,-0.800066,-0.000180
cmd,4.205000,318.655000,0.507858,-1.049740,1.050626,-1.050592,-0.800066,-0.000180
cmd,4.210000,318.660000,0.515487,-1.049740,1.050626,-1.050592,-0.800066,-0.000180
cmd,4.215000,318.665000,0.522736,-1.049740,1.050626,-1.050592,-0.800066,-0.000180
cmd,4.220000,318.670000,0.529426,-1.049740,1.050626,-1.050592,-0.800066,-0.000180
cmd,4.225000,318.675000,0.535392,-1.049740,1.050626,-1.050592,-0.800066,-0.000180
cmd,4.230000,318.680000,0.540487,-1.049740,1.050626,-1.050592,-0.800066,-0.000180
cmd,4.235000,318.685000,0.544587,-1.049740,1.050626,-1.050592,-0.800066,-0.000180
cmd,4.240000,318.690000,0.547589,-1.049740,1.050626,-1.050592,-0.800066,-0.000180
cmd,4.245000,318.695000,0.549421,-1.049740,1.050626,-1.050592,-0.800066,-0.000180
cmd,4.250000,318.700000,0.550036,-1.049740,1.050626,-1.050592,-0.800066,-0.000180
cmd,4.255000,318.705000,0.549421,-1.049740,1.050626,-1.050592,-0.800066,-0.000180
cmd,4.260000,318.710000,0.547589,-1.049740,1.050626,-1.050592,-0.800066,-0.000180
cmd,4.265000,318.715000,0.544587,-1.049740,1.050626,-1.050592,-0.800066,-0.000180
cmd,4.270000,318.720000,0.540487,-1.049740,1.050626,-1.050592,-0.800066,-0.000180
cmd,4.275000,318.725000,0.535392,-1.049740,1.050626,-1.050592,-0.800066,-0.000180
cmd,4.280000,318.730000,0.529426,-1.049740,1.050626,-1.050592,-0.800066,-0.000180
cmd,4.285000,318.735000,0.522736,-1.049740,1.050626,-1.050592,-0.800066,-0.000180
cmd,4.290000,318.740000,0.515487,-1.049740,1.050626,-1.050592,-0.800066,-0.000180
cmd,4.295000,318.745000,0.507858,-1.049740,1.050626,-1.050592,-0.800066,-0.000180
cmd,4.300000,318.750000,0.500036,-1.049740,1.050626,-1.050592,-0.800066,-0.000180
cmd,4.305000,318.755000,0.492215,-1.049740,1.050626,-1.050592,-0.800066,-0.000180
cmd,4.310000,318.760000,0.484586,-1.049740,1.050626,-1.050592,-0.800066,-0.000180
cmd,4.315000,318.765000,0.477337,-1.049740,1.050626,-1.050592,-0.800066,-0.000180
cmd,4.320000,318.770000,0.470647,-1.049740,1.050626,-1.050592,-0.800066,-0.000180
cmd,4.325000,318.775000,0.464681,-1.049740,1.050626,-1.050592,-0.800066,-0.000180
cmd,4.330000,318.780000,0.459586,-1.049740,1.050626,-1.050592,-0.800066,-0.000180
cmd,4.335000,318.785000,0.455486,-1.049740,1.050626,-1.050592,-0.800066,-0.000180
cmd,4.340000,318.790000,0.452484,-1.049740,1.050626,-1.050592,-0.800066,-0.000180
cmd,4.345000,318.795000,0.450652,-1.049740,1.050626,-1.050592,-0.800066,-0.000180
cmd,4.350000,318.800000,0.450036,-1.049740,1.050626,-1.050592,-0.800066,-0.000180
cmd,4.355000,318.805000,0.450652,-1.049740,1.050626,-1.050592,-0.800066,-0.000180
cmd,4.360000,318.810000,0.452484,-1.049740,1.050626,-1.050592,-0.800066,-0.000180
cmd,4.365000,318.815000,0.455486,-1.049740,1.050626,-1.050592,-0.800066,-0.000180
cmd,4.370000,318.820000,0.459586,-1.049740,1.050626,-1.050592,-0.800066,-0.000180
cmd,4.375000,318.825000,0.464681,-1.049740,1.050626,-1.050592,-0.800066,-0.000180
cmd,4.380000,318.830000,0.470647,-1.049740,1.050626,-1.050592,-0.800066,-0.000180
cmd,4.385000,318.835000,0.477337,-1.049740,1.050626,-1.050592,-0.800066,-0.000180
cmd,4.390000,318.840000,0.484586,-1.049740,1.050626,-1.050592,-0.800066,-0.000180
cmd,4.395000,318.845000,0.492215,-1.049740,1.050626,-1.050592,-0.800066,-0.000180
cmd,4.400000,318.850000,0.500036,-1.049740,1.050626,-1.050592,-0.800066,-0.000180
cmd,4.405000,318.855000,0.507858,-1.049740,1.050626,-1.050592,-0.800066,-0.000180
cmd,4.410000,318.860000,0.515487,-1.049740,1.050626,-1.050592,-0.800066,-0.000180
cmd,4.415000,318.865000,0.522736,-1.049740,1.050626,-1.050592,-0.800066,-0.000180
cmd,4.420000,318.870000,0.529426,-1.049740,1.050626,-1.050592,-0.800066,-0.000180
cmd,4.425000,318.875000,0.535392,-1.049740,1.050626,-1.050592,-0.800066,-0.000180
cmd,4.430000,318.880000,0.540487,-1.049740,1.050626,-1.050592,-0.800066,-0.000180
cmd,4.435000,318.885000,0.544587,-1.049740,1.050626,-1.050592,-0.800066,-0.000180
cmd,4.440000,318.890000,0.547589,-1.049740,1.050626,-1.050592,-0.800066,-0.000180
cmd,4.445000,318.895000,0.549421,-1.049740,1.050626,-1.050592,-0.800066,-0.000180
cmd,4.450000,318.900000,0.550036,-1.049740,1.050626,-1.050592,-0.800066,-0.000180
cmd,4.455000,318.905000,0.549421,-1.049740,1.050626,-1.050592,-0.800066,-0.000180
cmd,4.460000,318.910000,0.547589,-1.049740,1.050626,-1.050592,-0.800066,-0.000180
cmd,4.465000,318.915000,0.544587,-1.049740,1.050626,-1.050592,-0.800066,-0.000180
cmd,4.470000,318.920000,0.540487,-1.049740,1.050626,-1.050592,-0.800066,-0.000180
cmd,4.475000,318.925000,0.535392,-1.049740,1.050626,-1.050592,-0.800066,-0.000180
cmd,4.480000,318.930000,0.529426,-1.049740,1.050626,-1.050592,-0.800066,-0.000180
cmd,4.485000,318.935000,0.522736,-1.049740,1.050626,-1.050592,-0.800066,-0.000180
cmd,4.490000,318.940000,0.515487,-1.049740,1.050626,-1.050592,-0.800066,-0.000180
cmd,4.495000,318.945000,0.507858,-1.049740,1.050626,-1.050592,-0.800066,-0.000180
cmd,4.500000,318.950000,0.500036,-1.049740,1.050626,-1.050592,-0.800066,-0.000180
cmd,4.505000,318.955000,0.492215,-1.049740,1.050626,-1.050592,-0.800066,-0.000180
cmd,4.510000,318.960000,0.484586,-1.049740,1.050626,-1.050592,-0.800066,-0.000180
cmd,4.515000,318.965000,0.477337,-1.049740,1.050626,-1.050592,-0.800066,-0.000180
cmd,4.520000,318.970000,0.470647,-1.049740,1.050626,-1.050592,-0.800066,-0.000180
cmd,4.525000,318.975000,0.464681,-1.049740,1.050626,-1.050592,-0.800066,-0.000180
cmd,4.530000,318.980000,0.459586,-1.049740,1.050626,-1.050592,-0.800066,-0.000180
cmd,4.535000,318.985000,0.455486,-1.049740,1.050626,-1.050592,-0.800066,-0.000180
cmd,4.540000,318.990000,0.452484,-1.049740,1.050626,-1.050592,-0.800066,-0.000180
cmd,4.545000,318.995000,0.450652,-1.049740,1.050626,-1.050592,-0.800066,-0.000180
cmd,4.550000,319.000000,0.450036,-1.049740,1.050626,-1.050592,-0.800066,-0.000180
cmd,4.555000,319.005000,0.450652,-1.049740,1.050626,-1.050592,-0.800066,-0.000180
cmd,4.560000,319.010000,0.452484,-1.049740,1.050626,-1.050592,-0.800066,-0.000180
cmd,4.565000,319.015000,0.455486,-1.049740,1.050626,-1.050592,-0.800066,-0.000180
cmd,4.570000,319.020000,0.459586,-1.049740,1.050626,-1.050592,-0.800066,-0.000180
cmd,4.575000,319.025000,0.464681,-1.049740,1.050626,-1.050592,-0.800066,-0.000180
cmd,4.580000,319.030000,0.470647,-1.049740,1.050626,-1.050592,-0.800066,-0.000180
cmd,4.585000,319.035000,0.477337,-1.049740,1.050626,-1.050592,-0.800066,-0.000180
cmd,4.590000,319.040000,0.484586,-1.049740,1.050626,-1.050592,-0.800066,-0.000180
cmd,4.595000,319.045000,0.492215,-1.049740,1.050626,-1.050592,-0.800066,-0.000180
cmd,4.600000,319.050000,0.500036,-1.049740,1.050626,-1.050592,-0.800066,-0.000180
cmd,4.605000,319.055000,0.507858,-1.049740,1.050626,-1.050592,-0.800066,-0.000180
cmd,4.610000,319.060000,0.515487,-1.049740,1.050626,-1.050592,-0.800066,-0.000180
cmd,4.615000,319.065000,0.522736,-1.049740,1.050626,-1.050592,-0.800066,-0.000180
cmd,4.620000,319.070000,0.529426,-1.049740,1.050626,-1.050592,-0.800066,-0.000180
cmd,4.625000,319.075000,0.535392,-1.049740,1.050626,-1.050592,-0.800066,-0.000180
cmd,4.630000,319.080000,0.540487,-1.049740,1.050626,-1.050592,-0.800066,-0.000180
cmd,4.635000,319.085000,0.544587,-1.049740,1.050626,-1.050592,-0.800066,-0.000180
cmd,4.640000,319.090000,0.547589,-1.049740,1.050626,-1.050592,-0.800066,-0.000180
cmd,4.645000,319.095000,0.549421,-1.049740,1.050626,-1.050592,-0.800066,-0.000180
cmd,4.650000,319.100000,0.550036,-1.049740,1.050626,-1.050592,-0.800066,-0.000180
cmd,4.655000,319.105000,0.549421,-1.049740,1.050626,-1.050592,-0.800066,-0.000180
cmd,4.660000,319.110000,0.547589,-1.049740,1.050626,-1.050592,-0.800066,-0.000180
cmd,4.665000,319.115000,0.544587,-1.049740,1.050626,-1.050592,-0.800066,-0.000180
cmd,4.670000,319.120000,0.540487,-1.049740,1.050626,-1.050592,-0.800066,-0.000180
cmd,4.675000,319.125000,0.535392,-1.049740,1.050626,-1.050592,-0.800066,-0.000180
cmd,4.680000,319.130000,0.529426,-1.049740,1.050626,-1.050592,-0.800066,-0.000180
cmd,4.685000,319.135000,0.522736,-1.049740,1.050626,-1.050592,-0.800066,-0.000180
cmd,4.690000,319.140000,0.515487,-1.049740,1.050626,-1.050592,-0.800066,-0.000180
cmd,4.695000,319.145000,0.507858,-1.049740,1.050626,-1.050592,-0.800066,-0.000180
cmd,4.700000,319.150000,0.500036,-1.049740,1.050626,-1.050592,-0.800066,-0.000180
cmd,4.705000,319.155000,0.492215,-1.049740,1.050626,-1.050592,-0.800066,-0.000180
cmd,4.710000,319.160000,0.484586,-1.049740,1.050626,-1.050592,-0.800066,-0.000180
cmd,4.715000,319.165000,0.477337,-1.049740,1.050626,-1.050592,-0.800066,-0.000180
cmd,4.720000,319.170000,0.470647,-1.049740,1.050626,-1.050592,-0.800066,-0.000180
cmd,4.725000,319.175000,0.464681,-1.049740,1.050626,-1.050592,-0.800066,-0.000180
cmd,4.730000,319.180000,0.459586,-1.049740,1.050626,-1.050592,-0.800066,-0.000180
cmd,4.735000,319.185000,0.455486,-1.049740,1.050626,-1.050592,-0.800066,-0.000180
cmd,4.740000,319.190000,0.452484,-1.049740,1.050626,-1.050592,-0.800066,-0.000180
cmd,4.745000,319.195000,0.450652,-1.049740,1.050626,-1.050592,-0.800066,-0.000180
cmd,4.750000,319.200000,0.450036,-1.049740,1.050626,-1.050592,-0.800066,-0.000180
cmd,4.755000,319.205000,0.450652,-1.049740,1.050626,-1.050592,-0.800066,-0.000180
cmd,4.760000,319.210000,0.452484,-1.049740,1.050626,-1.050592,-0.800066,-0.000180
cmd,4.765000,319.215000,0.455486,-1.049740,1.050626,-1.050592,-0.800066,-0.000180
cmd,4.770000,319.220000,0.459586,-1.049740,1.050626,-1.050592,-0.800066,-0.000180
cmd,4.775000,319.225000,0.464681,-1.049740,1.050626,-1.050592,-0.800066,-0.000180
cmd,4.780000,319.230000,0.470647,-1.049740,1.050626,-1.050592,-0.800066,-0.000180
cmd,4.785000,319.235000,0.477337,-1.049740,1.050626,-1.050592,-0.800066,-0.000180
cmd,4.790000,319.240000,0.484586,-1.049740,1.050626,-1.050592,-0.800066,-0.000180
cmd,4.795000,319.245000,0.492215,-1.049740,1.050626,-1.050592,-0.800066,-0.000180
cmd,4.800000,319.250000,0.500036,-1.049740,1.050626,-1.050592,-0.800066,-0.000180
cmd,4.805000,319.255000,0.507858,-1.049740,1.050626,-1.050592,-0.800066,-0.000180
cmd,4.810000,319.260000,0.515487,-1.049740,1.050626,-1.050592,-0.800066,-0.000180
cmd,4.815000,319.265000,0.522736,-1.049740,1.050626,-1.050592,-0.800066,-0.000180
cmd,4.820000,319.270000,0.529426,-1.049740,1.050626,-1.050592,-0.800066,-0.000180
cmd,4.825000,319.275000,0.535392,-1.049740,1.050626,-1.050592,-0.800066,-0.000180
cmd,4.830000,319.280000,0.540487,-1.049740,1.050626,-1.050592,-0.800066,-0.000180
cmd,4.835000,319.285000,0.544587,-1.049740,1.050626,-1.050592,-0.800066,-0.000180
cmd,4.840000,319.290000,0.547589,-1.049740,1.050626,-1.050592,-0.800066,-0.000180
cmd,4.845000,319.295000,0.549421,-1.049740,1.050626,-1.050592,-0.800066,-0.000180
cmd,4.850000,319.300000,0.550036,-1.049740,1.050626,-1.050592,-0.800066,-0.000180
cmd,4.855000,319.305000,0.549421,-1.049740,1.050626,-1.050592,-0.800066,-0.000180
cmd,4.860000,319.310000,0.547589,-1.049740,1.050626,-1.050592,-0.800066,-0.000180
cmd,4.865000,319.315000,0.544587,-1.049740,1.050626,-1.050592,-0.800066,-0.000180
cmd,4.870000,319.320000,0.540487,-1.049740,1.050626,-1.050592,-0.800066,-0.000180
cmd,4.875000,319.325000,0.535392,-1.049740,1.050626,-1.050592,-0.800066,-0.000180
cmd,4.880000,319.330000,0.529426,-1.049740,1.050626,-1.050592,-0.800066,-0.000180
cmd,4.885000,319.335000,0.522736,-1.049740,1.050626,-1.050592,-0.800066,-0.000180
cmd,4.890000,319.340000,0.515487,-1.049740,1.050626,-1.050592,-0.800066,-0.000180
cmd,4.895000,319.345000,0.507858,-1.049740,1.050626,-1.050592,-0.800066,-0.000180
cmd,4.900000,319.350000,0.500036,-1.049740,1.050626,-1.050592,-0.800066,-0.000180
cmd,4.905000,319.355000,0.492215,-1.049740,1.050626,-1.050592,-0.800066,-0.000180
cmd,4.910000,319.360000,0.484586,-1.049740,1.050626,-1.050592,-0.800066,-0.000180
cmd,4.915000,319.365000,0.477337,-1.049740,1.050626,-1.050592,-0.800066,-0.000180
cmd,4.920000,319.370000,0.470647,-1.049740,1.050626,-1.050592,-0.800066,-0.000180
cmd,4.925000,319.375000,0.464681,-1.049740,1.050626,-1.050592,-0.800066,-0.000180
cmd,4.930000,319.380000,0.459586,-1.049740,1.050626,-1.050592,-0.800066,-0.000180
cmd,4.935000,319.385000,0.455486,-1.049740,1.050626,-1.050592,-0.800066,-0.000180
cmd,4.940000,319.390000,0.452484,-1.049740,1.050626,-1.050592,-0.800066,-0.000180
cmd,4.945000,319.395000,0.450652,-1.049740,1.050626,-1.050592,-0.800066,-0.000180
cmd,4.950000,319.400000,0.450036,-1.049740,1.050626,-1.050592,-0.800066,-0.000180
cmd,4.955000,319.405000,0.450652,-1.049740,1.050626,-1.050592,-0.800066,-0.000180
cmd,4.960000,319.410000,0.452484,-1.049740,1.050626,-1.050592,-0.800066,-0.000180
cmd,4.965000,319.415000,0.455486,-1.049740,1.050626,-1.050592,-0.800066,-0.000180
cmd,4.970000,319.420000,0.459586,-1.049740,1.050626,-1.050592,-0.800066,-0.000180
cmd,4.975000,319.425000,0.464681,-1.049740,1.050626,-1.050592,-0.800066,-0.000180
cmd,4.980000,319.430000,0.470647,-1.049740,1.050626,-1.050592,-0.800066,-0.000180
cmd,4.985000,319.435000,0.477337,-1.049740,1.050626,-1.050592,-0.800066,-0.000180
cmd,4.990000,319.440000,0.484586,-1.049740,1.050626,-1.050592,-0.800066,-0.000180
cmd,4.995000,319.445000,0.492215,-1.049740,1.050626,-1.050592,-0.800066,-0.000180
cmd,5.000000,319.450000,0.500036,-1.049740,1.050626,-1.050592,-0.800066,-0.000180
cmd,5.005000,319.455000,0.507858,-1.049740,1.050626,-1.050592,-0.800066,-0.000180
cmd,5.010000,319.460000,0.515487,-1.049740,1.050626,-1.050592,-0.800066,-0.000180
cmd,5.015000,319.465000,0.522736,-1.049740,1.050626,-1.050592,-0.800066,-0.000180
cmd,5.020000,319.470000,0.529426,-1.049740,1.050626,-1.050592,-0.800066,-0.000180
cmd,5.025000,319.475000,0.535392,-1.049740,1.050626,-1.050592,-0.800066,-0.000180
cmd,5.030000,319.480000,0.540487,-1.049740,1.050626,-1.050592,-0.800066,-0.000180
cmd,5.035000,319.485000,0.544587,-1.049740,1.050626,-1.050592,-0.800066,-0.000180
cmd,5.040000,319.490000,0.547589,-1.049740,1.050626,-1.050592,-0.800066,-0.000180
cmd,5.045000,319.495000,0.549421,-1.049740,1.050626,-1.050592,-0.800066,-0.000180
cmd,5.050000,319.500000,0.550036,-1.049740,1.050626,-1.050592,-0.800066,-0.000180
cmd,5.055000,319.505000,0.549421,-1.049740,1.050626,-1.050592,-0.800066,-0.000180
cmd,5.060000,319.510000,0.547589,-1.049740,1.050626,-1.050592,-0.800066,-0.000180
cmd,5.065000,319.515000,0.544587,-1.049740,1.050626,-1.050592,-0.800066,-0.000180
cmd,5.070000,319.520000,0.540487,-1.049740,1.050626,-1.050592,-0.800066,-0.000180
cmd,5.075000,319.525000,0.535392,-1.049740,1.050626,-1.050592,-0.800066,-0.000180
cmd,5.080000,319.530000,0.529426,-1.049740,1.050626,-1.050592,-0.800066,-0.000180
cmd,5.085000,319.535000,0.522736,-1.049740,1.050626,-1.050592,-0.800066,-0.000180
cmd,5.090000,319.540000,0.515487,-1.049740,1.050626,-1.050592,-0.800066,-0.000180
cmd,5.095000,319.545000,0.507858,-1.049740,1.050626,-1.050592,-0.800066,-0.000180
cmd,5.100000,319.550000,0.500036,-1.049740,1.050626,-1.050592,-0.800066,-0.000180
cmd,5.105000,319.555000,0.492215,-1.049740,1.050626,-1.050592,-0.800066,-0.000180
cmd,5.110000,319.560000,0.484586,-1.049740,1.050626,-1.050592,-0.800066,-0.000180
cmd,5.115000,319.565000,0.477337,-1.049740,1.050626,-1.050592,-0.800066,-0.000180
cmd,5.120000,319.570000,0.470647,-1.049740,1.050626,-1.050592,-0.800066,-0.000180
cmd,5.125000,319.575000,0.464681,-1.049740,1.050626,-1.050592,-0.800066,-0.000180
cmd,5.130000,319.580000,0.459586,-1.049740,1.050626,-1.050592,-0.800066,-0.000180
cmd,5.135000,319.585000,0.455486,-1.049740,1.050626,-1.050592,-0.800066,-0.000180
cmd,5.140000,319.590000,0.452484,-1.049740,1.050626,-1.050592,-0.800066,-0.000180
cmd,5.145000,319.595000,0.450652,-1.049740,1.050626,-1.050592,-0.800066,-0.000180
cmd,5.150000,319.600000,0.450036,-1.049740,1.050626,-1.050592,-0.800066,-0.000180
cmd,5.155000,319.605000,0.450652,-1.049740,1.050626,-1.050592,-0.800066,-0.000180
cmd,5.160000,319.610000,0.452484,-1.049740,1.050626,-1.050592,-0.800066,-0.000180
cmd,5.165000,319.615000,0.455486,-1.049740,1.050626,-1.050592,-0.800066,-0.000180
cmd,5.170000,319.620000,0.459586,-1.049740,1.050626,-1.050592,-0.800066,-0.000180
cmd,5.175000,319.625000,0.464681,-1.049740,1.050626,-1.050592,-0.800066,-0.000180
cmd,5.180000,319.630000,0.470647,-1.049740,1.050626,-1.050592,-0.800066,-0.000180
cmd,5.185000,319.635000,0.477337,-1.049740,1.050626,-1.050592,-0.800066,-0.000180
cmd,5.190000,319.640000,0.484586,-1.049740,1.050626,-1.050592,-0.800066,-0.000180
cmd,5.195000,319.645000,0.492215,-1.049740,1.050626,-1.050592,-0.800066,-0.000180
cmd,5.200000,319.650000,0.500036,-1.049740,1.050626,-1.050592,-0.800066,-0.000180
cmd,5.205000,319.655000,0.507858,-1.049740,1.050626,-1.050592,-0.800066,-0.000180
cmd,5.210000,319.660000,0.515487,-1.049740,1.050626,-1.050592,-0.800066,-0.000180
cmd,5.215000,319.665000,0.522736,-1.049740,1.050626,-1.050592,-0.800066,-0.000180
cmd,5.220000,319.670000,0.529426,-1.049740,1.050626,-1.050592,-0.800066,-0.000180
cmd,5.225000,319.675000,0.535392,-1.049740,1.050626,-1.050592,-0.800066,-0.000180
cmd,5.230000,319.680000,0.540487,-1.049740,1.050626,-1.050592,-0.800066,-0.000180
cmd,5.235000,319.685000,0.544587,-1.049740,1.050626,-1.050592,-0.800066,-0.000180
cmd,5.240000,319.690000,0.547589,-1.049740,1.050626,-1.050592,-0.800066,-0.000180
cmd,5.245000,319.695000,0.549421,-1.049740,1.050626,-1.050592,-0.800066,-0.000180
cmd,5.250000,319.700000,0.550036,-1.049740,1.050626,-1.050592,-0.800066,-0.000180
cmd,5.255000,319.705000,0.549421,-1.049740,1.050626,-1.050592,-0.800066,-0.000180
cmd,5.260000,319.710000,0.547589,-1.049740,1.050626,-1.050592,-0.800066,-0.000180
cmd,5.265000,319.715000,0.544587,-1.049740,1.050626,-1.050592,-0.800066,-0.000180
cmd,5.270000,319.720000,0.540487,-1.049740,1.050626,-1.050592,-0.800066,-0.000180
cmd,5.275000,319.725000,0.535392,-1.049740,1.050626,-1.050592,-0.800066,-0.000180
cmd,5.280000,319.730000,0.529426,-1.049740,1.050626,-1.050592,-0.800066,-0.000180
cmd,5.285000,319.735000,0.522736,-1.049740,1.050626,-1.050592,-0.800066,-0.000180
cmd,5.290000,319.740000,0.515487,-1.049740,1.050626,-1.050592,-0.800066,-0.000180
cmd,5.295000,319.745000,0.507858,-1.049740,1.050626,-1.050592,-0.800066,-0.000180
cmd,5.300000,319.750000,0.500036,-1.049740,1.050626,-1.050592,-0.800066,-0.000180
cmd,5.305000,319.755000,0.492215,-1.049740,1.050626,-1.050592,-0.800066,-0.000180
cmd,5.310000,319.760000,0.484586,-1.049740,1.050626,-1.050592,-0.800066,-0.000180
cmd,5.315000,319.765000,0.477337,-1.049740,1.050626,-1.050592,-0.800066,-0.000180
cmd,5.320000,319.770000,0.470647,-1.049740,1.050626,-1.050592,-0.800066,-0.000180
cmd,5.325000,319.775000,0.464681,-1.049740,1.050626,-1.050592,-0.800066,-0.000180
cmd,5.330000,319.780000,0.459586,-1.049740,1.050626,-1.050592,-0.800066,-0.000180
cmd,5.335000,319.785000,0.455486,-1.049740,1.050626,-1.050592,-0.800066,-0.000180
cmd,5.340000,319.790000,0.452484,-1.049740,1.050626,-1.050592,-0.800066,-0.000180
cmd,5.345000,319.795000,0.450652,-1.049740,1.050626,-1.050592,-0.800066,-0.000180
cmd,5.350000,319.800000,0.450036,-1.049740,1.050626,-1.050592,-0.800066,-0.000180
cmd,5.355000,319.805000,0.450652,-1.049740,1.050626,-1.050592,-0.800066,-0.000180
cmd,5.360000,319.810000,0.452484,-1.049740,1.050626,-1.050592,-0.800066,-0.000180
cmd,5.365000,319.815000,0.455486,-1.049740,1.050626,-1.050592,-0.800066,-0.000180
cmd,5.370000,319.820000,0.459586,-1.049740,1.050626,-1.050592,-0.800066,-0.000180
cmd,5.375000,319.825000,0.464681,-1.049740,1.050626,-1.050592,-0.800066,-0.000180
cmd,5.380000,319.830000,0.470647,-1.049740,1.050626,-1.050592,-0.800066,-0.000180
cmd,5.385000,319.835000,0.477337,-1.049740,1.050626,-1.050592,-0.800066,-0.000180
cmd,5.390000,319.840000,0.484586,-1.049740,1.050626,-1.050592,-0.800066,-0.000180
cmd,5.395000,319.845000,0.492215,-1.049740,1.050626,-1.050592,-0.800066,-0.000180
cmd,5.400000,319.850000,0.500036,-1.049740,1.050626,-1.050592,-0.800066,-0.000180
cmd,5.405000,319.855000,0.507858,-1.049740,1.050626,-1.050592,-0.800066,-0.000180
cmd,5.410000,319.860000,0.515487,-1.049740,1.050626,-1.050592,-0.800066,-0.000180
cmd,5.415000,319.865000,0.522736,-1.049740,1.050626,-1.050592,-0.800066,-0.000180
cmd,5.420000,319.870000,0.529426,-1.049740,1.050626,-1.050592,-0.800066,-0.000180
cmd,5.425000,319.875000,0.535392,-1.049740,1.050626,-1.050592,-0.800066,-0.000180
cmd,5.430000,319.880000,0.540487,-1.049740,1.050626,-1.050592,-0.800066,-0.000180
cmd,5.435000,319.885000,0.544587,-1.049740,1.050626,-1.050592,-0.800066,-0.000180
cmd,5.440000,319.890000,0.547589,-1.049740,1.050626,-1.050592,-0.800066,-0.000180
cmd,5.445000,319.895000,0.549421,-1.049740,1.050626,-1.050592,-0.800066,-0.000180
cmd,5.450000,319.900000,0.550036,-1.049740,1.050626,-1.050592,-0.800066,-0.000180
cmd,5.455000,319.905000,0.549421,-1.049740,1.050626,-1.050592,-0.800066,-0.000180
cmd,5.460000,319.910000,0.547589,-1.049740,1.050626,-1.050592,-0.800066,-0.000180
cmd,5.465000,319.915000,0.544587,-1.049740,1.050626,-1.050592,-0.800066,-0.000180
cmd,5.470000,319.920000,0.540487,-1.049740,1.050626,-1.050592,-0.800066,-0.000180
cmd,5.475000,319.925000,0.535392,-1.049740,1.050626,-1.050592,-0.800066,-0.000180
cmd,5.480000,319.930000,0.529426,-1.049740,1.050626,-1.050592,-0.800066,-0.000180
cmd,5.485000,319.935000,0.522736,-1.049740,1.050626,-1.050592,-0.800066,-0.000180
cmd,5.490000,319.940000,0.515487,-1.049740,1.050626,-1.050592,-0.800066,-0.000180
cmd,5.495000,319.945000,0.507858,-1.049740,1.050626,-1.050592,-0.800066,-0.000180
cmd,5.500000,319.950000,0.500036,-1.049740,1.050626,-1.050592,-0.800066,-0.000180
cmd,5.505000,319.955000,0.492215,-1.049740,1.050626,-1.050592,-0.800066,-0.000180
cmd,5.510000,319.960000,0.484586,-1.049740,1.050626,-1.050592,-0.800066,-0.000180
cmd,5.515000,319.965000,0.477337,-1.049740,1.050626,-1.050592,-0.800066,-0.000180
cmd,5.520000,319.970000,0.470647,-1.049740,1.050626,-1.050592,-0.800066,-0.000180
cmd,5.525000,319.975000,0.464681,-1.049740,1.050626,-1.050592,-0.800066,-0.000180
cmd,5.530000,319.980000,0.459586,-1.049740,1.050626,-1.050592,-0.800066,-0.000180
cmd,5.535000,319.985000,0.455486,-1.049740,1.050626,-1.050592,-0.800066,-0.000180
cmd,5.540000,319.990000,0.452484,-1.049740,1.050626,-1.050592,-0.800066,-0.000180
cmd,5.545000,319.995000,0.450652,-1.049740,1.050626,-1.050592,-0.800066,-0.000180
cmd,5.550000,320.000000,0.450036,-1.049740,1.050626,-1.050592,-0.800066,-0.000180
cmd,5.555000,320.005000,0.450652,-1.049740,1.050626,-1.050592,-0.800066,-0.000180
cmd,5.560000,320.010000,0.452484,-1.049740,1.050626,-1.050592,-0.800066,-0.000180
cmd,5.565000,320.015000,0.455486,-1.049740,1.050626,-1.050592,-0.800066,-0.000180
cmd,5.570000,320.020000,0.459586,-1.049740,1.050626,-1.050592,-0.800066,-0.000180
cmd,5.575000,320.025000,0.464681,-1.049740,1.050626,-1.050592,-0.800066,-0.000180
cmd,5.580000,320.030000,0.470647,-1.049740,1.050626,-1.050592,-0.800066,-0.000180
cmd,5.585000,320.035000,0.477337,-1.049740,1.050626,-1.050592,-0.800066,-0.000180
cmd,5.590000,320.040000,0.484586,-1.049740,1.050626,-1.050592,-0.800066,-0.000180
cmd,5.595000,320.045000,0.492215,-1.049740,1.050626,-1.050592,-0.800066,-0.000180
cmd,5.600000,320.050000,0.500036,-1.049740,1.050626,-1.050592,-0.800066,-0.000180
cmd,5.605000,320.055000,0.507858,-1.049740,1.050626,-1.050592,-0.800066,-0.000180
cmd,5.610000,320.060000,0.515487,-1.049740,1.050626,-1.050592,-0.800066,-0.000180
cmd,5.615000,320.065000,0.522736,-1.049740,1.050626,-1.050592,-0.800066,-0.000180
cmd,5.620000,320.070000,0.529426,-1.049740,1.050626,-1.050592,-0.800066,-0.000180
cmd,5.625000,320.075000,0.535392,-1.049740,1.050626,-1.050592,-0.800066,-0.000180
cmd,5.630000,320.080000,0.540487,-1.049740,1.050626,-1.050592,-0.800066,-0.000180
cmd,5.635000,320.085000,0.544587,-1.049740,1.050626,-1.050592,-0.800066,-0.000180
cmd,5.640000,320.090000,0.547589,-1.049740,1.050626,-1.050592,-0.800066,-0.000180
cmd,5.645000,320.095000,0.549421,-1.049740,1.050626,-1.050592,-0.800066,-0.000180
cmd,5.650000,320.100000,0.550036,-1.049740,1.050626,-1.050592,-0.800066,-0.000180
cmd,5.655000,320.105000,0.549421,-1.049740,1.050626,-1.050592,-0.800066,-0.000180
cmd,5.660000,320.110000,0.547589,-1.049740,1.050626,-1.050592,-0.800066,-0.000180
cmd,5.665000,320.115000,0.544587,-1.049740,1.050626,-1.050592,-0.800066,-0.000180
cmd,5.670000,320.120000,0.540487,-1.049740,1.050626,-1.050592,-0.800066,-0.000180
cmd,5.675000,320.125000,0.535392,-1.049740,1.050626,-1.050592,-0.800066,-0.000180
cmd,5.680000,320.130000,0.529426,-1.049740,1.050626,-1.050592,-0.800066,-0.000180
cmd,5.685000,320.135000,0.522736,-1.049740,1.050626,-1.050592,-0.800066,-0.000180
cmd,5.690000,320.140000,0.515487,-1.049740,1.050626,-1.050592,-0.800066,-0.000180
cmd,5.695000,320.145000,0.507858,-1.049740,1.050626,-1.050592,-0.800066,-0.000180
cmd,5.700000,320.150000,0.500036,-1.049740,1.050626,-1.050592,-0.800066,-0.000180
cmd,5.705000,320.155000,0.492215,-1.049740,1.050626,-1.050592,-0.800066,-0.000180
cmd,5.710000,320.160000,0.484586,-1.049740,1.050626,-1.050592,-0.800066,-0.000180
cmd,5.715000,320.165000,0.477337,-1.049740,1.050626,-1.050592,-0.800066,-0.000180
cmd,5.720000,320.170000,0.470647,-1.049740,1.050626,-1.050592,-0.800066,-0.000180
cmd,5.725000,320.175000,0.464681,-1.049740,1.050626,-1.050592,-0.800066,-0.000180
cmd,5.730000,320.180000,0.459586,-1.049740,1.050626,-1.050592,-0.800066,-0.000180
cmd,5.735000,320.185000,0.455486,-1.049740,1.050626,-1.050592,-0.800066,-0.000180
cmd,5.740000,320.190000,0.452484,-1.049740,1.050626,-1.050592,-0.800066,-0.000180
cmd,5.745000,320.195000,0.450652,-1.049740,1.050626,-1.050592,-0.800066,-0.000180
cmd,5.750000,320.200000,0.450036,-1.049740,1.050626,-1.050592,-0.800066,-0.000180
cmd,5.755000,320.205000,0.450652,-1.049740,1.050626,-1.050592,-0.800066,-0.000180
cmd,5.760000,320.210000,0.452484,-1.049740,1.050626,-1.050592,-0.800066,-0.000180
cmd,5.765000,320.215000,0.455486,-1.049740,1.050626,-1.050592,-0.800066,-0.000180
cmd,5.770000,320.220000,0.459586,-1.049740,1.050626,-1.050592,-0.800066,-0.000180
cmd,5.775000,320.225000,0.464681,-1.049740,1.050626,-1.050592,-0.800066,-0.000180
cmd,5.780000,320.230000,0.470647,-1.049740,1.050626,-1.050592,-0.800066,-0.000180
cmd,5.785000,320.235000,0.477337,-1.049740,1.050626,-1.050592,-0.800066,-0.000180
cmd,5.790000,320.240000,0.484586,-1.049740,1.050626,-1.050592,-0.800066,-0.000180
cmd,5.795000,320.245000,0.492215,-1.049740,1.050626,-1.050592,-0.800066,-0.000180
cmd,5.800000,320.250000,0.500036,-1.049740,1.050626,-1.050592,-0.800066,-0.000180
cmd,5.805000,320.255000,0.507858,-1.049740,1.050626,-1.050592,-0.800066,-0.000180
cmd,5.810000,320.260000,0.515487,-1.049740,1.050626,-1.050592,-0.800066,-0.000180
cmd,5.815000,320.265000,0.522736,-1.049740,1.050626,-1.050592,-0.800066,-0.000180
cmd,5.820000,320.270000,0.529426,-1.049740,1.050626,-1.050592,-0.800066,-0.000180
cmd,5.825000,320.275000,0.535392,-1.049740,1.050626,-1.050592,-0.800066,-0.000180
cmd,5.830000,320.280000,0.540487,-1.049740,1.050626,-1.050592,-0.800066,-0.000180
cmd,5.835000,320.285000,0.544587,-1.049740,1.050626,-1.050592,-0.800066,-0.000180
cmd,5.840000,320.290000,0.547589,-1.049740,1.050626,-1.050592,-0.800066,-0.000180
cmd,5.845000,320.295000,0.549421,-1.049740,1.050626,-1.050592,-0.800066,-0.000180
cmd,5.850000,320.300000,0.550036,-1.049740,1.050626,-1.050592,-0.800066,-0.000180
cmd,5.855000,320.305000,0.549421,-1.049740,1.050626,-1.050592,-0.800066,-0.000180
cmd,5.860000,320.310000,0.547589,-1.049740,1.050626,-1.050592,-0.800066,-0.000180
cmd,5.865000,320.315000,0.544587,-1.049740,1.050626,-1.050592,-0.800066,-0.000180
cmd,5.870000,320.320000,0.540487,-1.049740,1.050626,-1.050592,-0.800066,-0.000180
cmd,5.875000,320.325000,0.535392,-1.049740,1.050626,-1.050592,-0.800066,-0.000180
cmd,5.880000,320.330000,0.529426,-1.049740,1.050626,-1.050592,-0.800066,-0.000180
cmd,5.885000,320.335000,0.522736,-1.049740,1.050626,-1.050592,-0.800066,-0.000180
cmd,5.890000,320.340000,0.515487,-1.049740,1.050626,-1.050592,-0.800066,-0.000180
cmd,5.895000,320.345000,0.507858,-1.049740,1.050626,-1.050592,-0.800066,-0.000180
cmd,5.900000,320.350000,0.500036,-1.049740,1.050626,-1.050592,-0.800066,-0.000180
cmd,5.905000,320.355000,0.492215,-1.049740,1.050626,-1.050592,-0.800066,-0.000180
cmd,5.910000,320.360000,0.484586,-1.049740,1.050626,-1.050592,-0.800066,-0.000180
cmd,5.915000,320.365000,0.477337,-1.049740,1.050626,-1.050592,-0.800066,-0.000180
cmd,5.920000,320.370000,0.470647,-1.049740,1.050626,-1.050592,-0.800066,-0.000180
cmd,5.925000,320.375000,0.464681,-1.049740,1.050626,-1.050592,-0.800066,-0.000180
cmd,5.930000,320.380000,0.459586,-1.049740,1.050626,-1.050592,-0.800066,-0.000180
cmd,5.935000,320.385000,0.455486,-1.049740,1.050626,-1.050592,-0.800066,-0.000180
cmd,5.940000,320.390000,0.452484,-1.049740,1.050626,-1.050592,-0.800066,-0.000180
cmd,5.945000,320.395000,0.450652,-1.049740,1.050626,-1.050592,-0.800066,-0.000180
cmd,5.950000,320.400000,0.450036,-1.049740,1.050626,-1.050592,-0.800066,-0.000180
cmd,5.955000,320.405000,0.450652,-1.049740,1.050626,-1.050592,-0.800066,-0.000180
cmd,5.960000,320.410000,0.452484,-1.049740,1.050626,-1.050592,-0.800066,-0.000180
cmd,5.965000,320.415000,0.455486,-1.049740,1.050626,-1.050592,-0.800066,-0.000180
cmd,5.970000,320.420000,0.459586,-1.049740,1.050626,-1.050592,-0.800066,-0.000180
cmd,5.975000,320.425000,0.464681,-1.049740,1.050626,-1.050592,-0.800066,-0.000180
cmd,5.980000,320.430000,0.470647,-1.049740,1.050626,-1.050592,-0.800066,-0.000180
cmd,5.985000,320.435000,0.477337,-1.049740,1.050626,-1.050592,-0.800066,-0.000180
cmd,5.990000,320.440000,0.484586,-1.049740,1.050626,-1.050592,-0.800066,-0.000180
cmd,5.995000,320.445000,0.492215,-1.049740,1.050626,-1.050592,-0.800066,-0.000180
cmd,6.000000,320.450000,0.500036,-1.049740,1.050626,-1.050592,-0.800066,-0.000180
cmd,6.005000,320.455000,0.507858,-1.049740,1.050626,-1.050592,-0.800066,-0.000180
cmd,6.010000,320.460000,0.515487,-1.049740,1.050626,-1.050592,-0.800066,-0.000180
cmd,6.015000,320.465000,0.522736,-1.049740,1.050626,-1.050592,-0.800066,-0.000180
cmd,6.020000,320.470000,0.529426,-1.049740,1.050626,-1.050592,-0.800066,-0.000180
cmd,6.025000,320.475000,0.535392,-1.049740,1.050626,-1.050592,-0.800066,-0.000180
cmd,6.030000,320.480000,0.540487,-1.049740,1.050626,-1.050592,-0.800066,-0.000180
cmd,6.035000,320.485000,0.544587,-1.049740,1.050626,-1.050592,-0.800066,-0.000180
cmd,6.040000,320.490000,0.547589,-1.049740,1.050626,-1.050592,-0.800066,-0.000180
cmd,6.045000,320.495000,0.549421,-1.049740,1.050626,-1.050592,-0.800066,-0.000180
cmd,6.050000,320.500000,0.550036,-1.049740,1.050626,-1.050592,-0.800066,-0.000180
cmd,6.055000,320.505000,0.549421,-1.049740,1.050626,-1.050592,-0.800066,-0.000180
cmd,6.060000,320.510000,0.547589,-1.049740,1.050626,-1.050592,-0.800066,-0.000180
cmd,6.065000,320.515000,0.544587,-1.049740,1.050626,-1.050592,-0.800066,-0.000180
cmd,6.070000,320.520000,0.540487,-1.049740,1.050626,-1.050592,-0.800066,-0.000180
cmd,6.075000,320.525000,0.535392,-1.049740,1.050626,-1.050592,-0.800066,-0.000180
cmd,6.080000,320.530000,0.529426,-1.049740,1.050626,-1.050592,-0.800066,-0.000180
cmd,6.085000,320.535000,0.522736,-1.049740,1.050626,-1.050592,-0.800066,-0.000180
cmd,6.090000,320.540000,0.515487,-1.049740,1.050626,-1.050592,-0.800066,-0.000180
cmd,6.095000,320.545000,0.507858,-1.049740,1.050626,-1.050592,-0.800066,-0.000180
cmd,6.100000,320.550000,0.500036,-1.049740,1.050626,-1.050592,-0.800066,-0.000180
cmd,6.105000,320.555000,0.492215,-1.049740,1.050626,-1.050592,-0.800066,-0.000180
cmd,6.110000,320.560000,0.484586,-1.049740,1.050626,-1.050592,-0.800066,-0.000180
cmd,6.115000,320.565000,0.477337,-1.049740,1.050626,-1.050592,-0.800066,-0.000180
cmd,6.120000,320.570000,0.470647,-1.049740,1.050626,-1.050592,-0.800066,-0.000180
cmd,6.125000,320.575000,0.464681,-1.049740,1.050626,-1.050592,-0.800066,-0.000180
cmd,6.130000,320.580000,0.459586,-1.049740,1.050626,-1.050592,-0.800066,-0.000180
cmd,6.135000,320.585000,0.455486,-1.049740,1.050626,-1.050592,-0.800066,-0.000180
cmd,6.140000,320.590000,0.452484,-1.049740,1.050626,-1.050592,-0.800066,-0.000180
cmd,6.145000,320.595000,0.450652,-1.049740,1.050626,-1.050592,-0.800066,-0.000180
cmd,6.150000,320.600000,0.450036,-1.049740,1.050626,-1.050592,-0.800066,-0.000180
cmd,6.155000,320.605000,0.450652,-1.049740,1.050626,-1.050592,-0.800066,-0.000180
cmd,6.160000,320.610000,0.452484,-1.049740,1.050626,-1.050592,-0.800066,-0.000180
cmd,6.165000,320.615000,0.455486,-1.049740,1.050626,-1.050592,-0.800066,-0.000180
cmd,6.170000,320.620000,0.459586,-1.049740,1.050626,-1.050592,-0.800066,-0.000180
cmd,6.175000,320.625000,0.464681,-1.049740,1.050626,-1.050592,-0.800066,-0.000180
cmd,6.180000,320.630000,0.470647,-1.049740,1.050626,-1.050592,-0.800066,-0.000180
cmd,6.185000,320.635000,0.477337,-1.049740,1.050626,-1.050592,-0.800066,-0.000180
cmd,6.190000,320.640000,0.484586,-1.049740,1.050626,-1.050592,-0.800066,-0.000180
cmd,6.195000,320.645000,0.492215,-1.049740,1.050626,-1.050592,-0.800066,-0.000180
cmd,6.200000,320.650000,0.500036,-1.049740,1.050626,-1.050592,-0.800066,-0.000180
cmd,6.205000,320.655000,0.507858,-1.049740,1.050626,-1.050592,-0.800066,-0.000180
cmd,6.210000,320.660000,0.515487,-1.049740,1.050626,-1.050592,-0.800066,-0.000180
cmd,6.215000,320.665000,0.522736,-1.049740,1.050626,-1.050592,-0.800066,-0.000180
cmd,6.220000,320.670000,0.529426,-1.049740,1.050626,-1.050592,-0.800066,-0.000180
cmd,6.225000,320.675000,0.535392,-1.049740,1.050626,-1.050592,-0.800066,-0.000180
cmd,6.230000,320.680000,0.540487,-1.049740,1.050626,-1.050592,-0.800066,-0.000180
cmd,6.235000,320.685000,0.544587,-1.049740,1.050626,-1.050592,-0.800066,-0.000180
cmd,6.240000,320.690000,0.547589,-1.049740,1.050626,-1.050592,-0.800066,-0.000180
cmd,6.245000,320.695000,0.549421,-1.049740,1.050626,-1.050592,-0.800066,-0.000180
cmd,6.250000,320.700000,0.550036,-1.049740,1.050626,-1.050592,-0.800066,-0.000180
cmd,6.255000,320.705000,0.549421,-1.049740,1.050626,-1.050592,-0.800066,-0.000180
cmd,6.260000,320.710000,0.547589,-1.049740,1.050626,-1.050592,-0.800066,-0.000180
cmd,6.265000,320.715000,0.544587,-1.049740,1.050626,-1.050592,-0.800066,-0.000180
cmd,6.270000,320.720000,0.540487,-1.049740,1.050626,-1.050592,-0.800066,-0.000180
cmd,6.275000,320.725000,0.535392,-1.049740,1.050626,-1.050592,-0.800066,-0.000180
cmd,6.280000,320.730000,0.529426,-1.049740,1.050626,-1.050592,-0.800066,-0.000180
cmd,6.285000,320.735000,0.522736,-1.049740,1.050626,-1.050592,-0.800066,-0.000180
cmd,6.290000,320.740000,0.515487,-1.049740,1.050626,-1.050592,-0.800066,-0.000180
cmd,6.295000,320.745000,0.507858,-1.049740,1.050626,-1.050592,-0.800066,-0.000180
cmd,6.300000,320.750000,0.500036,-1.049740,1.050626,-1.050592,-0.800066,-0.000180
cmd,6.305000,320.755000,0.492215,-1.049740,1.050626,-1.050592,-0.800066,-0.000180
cmd,6.310000,320.760000,0.484586,-1.049740,1.050626,-1.050592,-0.800066,-0.000180
cmd,6.315000,320.765000,0.477337,-1.049740,1.050626,-1.050592,-0.800066,-0.000180
cmd,6.320000,320.770000,0.470647,-1.049740,1.050626,-1.050592,-0.800066,-0.000180
cmd,6.325000,320.775000,0.464681,-1.049740,1.050626,-1.050592,-0.800066,-0.000180
cmd,6.330000,320.780000,0.459586,-1.049740,1.050626,-1.050592,-0.800066,-0.000180
cmd,6.335000,320.785000,0.455486,-1.049740,1.050626,-1.050592,-0.800066,-0.000180
cmd,6.340000,320.790000,0.452484,-1.049740,1.050626,-1.050592,-0.800066,-0.000180
cmd,6.345000,320.795000,0.450652,-1.049740,1.050626,-1.050592,-0.800066,-0.000180
cmd,6.350000,320.800000,0.450036,-1.049740,1.050626,-1.050592,-0.800066,-0.000180
cmd,6.355000,320.805000,0.450652,-1.049740,1.050626,-1.050592,-0.800066,-0.000180
cmd,6.360000,320.810000,0.452484,-1.049740,1.050626,-1.050592,-0.800066,-0.000180
cmd,6.365000,320.815000,0.455486,-1.049740,1.050626,-1.050592,-0.800066,-0.000180
cmd,6.370000,320.820000,0.459586,-1.049740,1.050626,-1.050592,-0.800066,-0.000180
cmd,6.375000,320.825000,0.464681,-1.049740,1.050626,-1.050592,-0.800066,-0.000180
cmd,6.380000,320.830000,0.470647,-1.049740,1.050626,-1.050592,-0.800066,-0.000180
cmd,6.385000,320.835000,0.477337,-1.049740,1.050626,-1.050592,-0.800066,-0.000180
cmd,6.390000,320.840000,0.484586,-1.049740,1.050626,-1.050592,-0.800066,-0.000180
cmd,6.395000,320.845000,0.492215,-1.049740,1.050626,-1.050592,-0.800066,-0.000180
cmd,6.400000,320.850000,0.500036,-1.049740,1.050626,-1.050592,-0.800066,-0.000180
cmd,6.405000,320.855000,0.507858,-1.049740,1.050626,-1.050592,-0.800066,-0.000180
cmd,6.410000,320.860000,0.515487,-1.049740,1.050626,-1.050592,-0.800066,-0.000180
cmd,6.415000,320.865000,0.522736,-1.049740,1.050626,-1.050592,-0.800066,-0.000180
cmd,6.420000,320.870000,0.529426,-1.049740,1.050626,-1.050592,-0.800066,-0.000180
cmd,6.425000,320.875000,0.535392,-1.049740,1.050626,-1.050592,-0.800066,-0.000180
cmd,6.430000,320.880000,0.540487,-1.049740,1.050626,-1.050592,-0.800066,-0.000180
cmd,6.435000,320.885000,0.544587,-1.049740,1.050626,-1.050592,-0.800066,-0.000180
cmd,6.440000,320.890000,0.547589,-1.049740,1.050626,-1.050592,-0.800066,-0.000180
cmd,6.445000,320.895000,0.549421,-1.049740,1.050626,-1.050592,-0.800066,-0.000180
cmd,6.450000,320.900000,0.550036,-1.049740,1.050626,-1.050592,-0.800066,-0.000180
cmd,6.455000,320.905000,0.549421,-1.049740,1.050626,-1.050592,-0.800066,-0.000180
cmd,6.460000,320.910000,0.547589,-1.049740,1.050626,-1.050592,-0.800066,-0.000180
cmd,6.465000,320.915000,0.544587,-1.049740,1.050626,-1.050592,-0.800066,-0.000180
cmd,6.470000,320.920000,0.540487,-1.049740,1.050626,-1.050592,-0.800066,-0.000180
cmd,6.475000,320.925000,0.535392,-1.049740,1.050626,-1.050592,-0.800066,-0.000180
cmd,6.480000,320.930000,0.529426,-1.049740,1.050626,-1.050592,-0.800066,-0.000180
cmd,6.485000,320.935000,0.522736,-1.049740,1.050626,-1.050592,-0.800066,-0.000180
cmd,6.490000,320.940000,0.515487,-1.049740,1.050626,-1.050592,-0.800066,-0.000180
cmd,6.495000,320.945000,0.507858,-1.049740,1.050626,-1.050592,-0.800066,-0.000180
cmd,6.500000,320.950000,0.500036,-1.049740,1.050626,-1.050592,-0.800066,-0.000180
cmd,6.505000,320.955000,0.492215,-1.049740,1.050626,-1.050592,-0.800066,-0.000180
cmd,6.510000,320.960000,0.484586,-1.049740,1.050626,-1.050592,-0.800066,-0.000180
cmd,6.515000,320.965000,0.477337,-1.049740,1.050626,-1.050592,-0.800066,-0.000180
cmd,6.520000,320.970000,0.470647,-1.049740,1.050626,-1.050592,-0.800066,-0.000180
cmd,6.525000,320.975000,0.464681,-1.049740,1.050626,-1.050592,-0.800066,-0.000180
cmd,6.530000,320.980000,0.459586,-1.049740,1.050626,-1.050592,-0.800066,-0.000180
cmd,6.535000,320.985000,0.455486,-1.049740,1.050626,-1.050592,-0.800066,-0.000180
cmd,6.540000,320.990000,0.452484,-1.049740,1.050626,-1.050592,-0.800066,-0.000180
cmd,6.545000,320.995000,0.450652,-1.049740,1.050626,-1.050592,-0.800066,-0.000180
cmd,6.550000,321.000000,0.450036,-1.049740,1.050626,-1.050592,-0.800066,-0.000180
cmd,6.555000,321.005000,0.450652,-1.049740,1.050626,-1.050592,-0.800066,-0.000180
cmd,6.560000,321.010000,0.452484,-1.049740,1.050626,-1.050592,-0.800066,-0.000180
cmd,6.565000,321.015000,0.455486,-1.049740,1.050626,-1.050592,-0.800066,-0.000180
cmd,6.570000,321.020000,0.459586,-1.049740,1.050626,-1.050592,-0.800066,-0.000180
cmd,6.575000,321.025000,0.464681,-1.049740,1.050626,-1.050592,-0.800066,-0.000180
cmd,6.580000,321.030000,0.470647,-1.049740,1.050626,-1.050592,-0.800066,-0.000180
cmd,6.585000,321.035000,0.477337,-1.049740,1.050626,-1.050592,-0.800066,-0.000180
cmd,6.590000,321.040000,0.484586,-1.049740,1.050626,-1.050592,-0.800066,-0.000180
cmd,6.595000,321.045000,0.492215,-1.049740,1.050626,-1.050592,-0.800066,-0.000180
cmd,6.600000,321.050000,0.500036,-1.049740,1.050626,-1.050592,-0.800066,-0.000180
cmd,6.605000,321.055000,0.507858,-1.049740,1.050626,-1.050592,-0.800066,-0.000180
cmd,6.610000,321.060000,0.515487,-1.049740,1.050626,-1.050592,-0.800066,-0.000180
cmd,6.615000,321.065000,0.522736,-1.049740,1.050626,-1.050592,-0.800066,-0.000180
cmd,6.620000,321.070000,0.529426,-1.049740,1.050626,-1.050592,-0.800066,-0.000180
cmd,6.625000,321.075000,0.535392,-1.049740,1.050626,-1.050592,-0.800066,-0.000180
cmd,6.630000,321.080000,0.540487,-1.049740,1.050626,-1.050592,-0.800066,-0.000180
cmd,6.635000,321.085000,0.544587,-1.049740,1.050626,-1.050592,-0.800066,-0.000180
cmd,6.640000,321.090000,0.547589,-1.049740,1.050626,-1.050592,-0.800066,-0.000180
cmd,6.645000,321.095000,0.549421,-1.049740,1.050626,-1.050592,-0.800066,-0.000180
cmd,6.650000,321.100000,0.550036,-1.049740,1.050626,-1.050592,-0.800066,-0.000180
cmd,6.655000,321.105000,0.549421,-1.049740,1.050626,-1.050592,-0.800066,-0.000180
cmd,6.660000,321.110000,0.547589,-1.049740,1.050626,-1.050592,-0.800066,-0.000180
cmd,6.665000,321.115000,0.544587,-1.049740,1.050626,-1.050592,-0.800066,-0.000180
cmd,6.670000,321.120000,0.540487,-1.049740,1.050626,-1.050592,-0.800066,-0.000180
cmd,6.675000,321.125000,0.535392,-1.049740,1.050626,-1.050592,-0.800066,-0.000180
cmd,6.680000,321.130000,0.529426,-1.049740,1.050626,-1.050592,-0.800066,-0.000180
cmd,6.685000,321.135000,0.522736,-1.049740,1.050626,-1.050592,-0.800066,-0.000180
cmd,6.690000,321.140000,0.515487,-1.049740,1.050626,-1.050592,-0.800066,-0.000180
cmd,6.695000,321.145000,0.507858,-1.049740,1.050626,-1.050592,-0.800066,-0.000180
cmd,6.700000,321.150000,0.500036,-1.049740,1.050626,-1.050592,-0.800066,-0.000180
cmd,6.705000,321.155000,0.492215,-1.049740,1.050626,-1.050592,-0.800066,-0.000180
cmd,6.710000,321.160000,0.484586,-1.049740,1.050626,-1.050592,-0.800066,-0.000180
cmd,6.715000,321.165000,0.477337,-1.049740,1.050626,-1.050592,-0.800066,-0.000180
cmd,6.720000,321.170000,0.470647,-1.049740,1.050626,-1.050592,-0.800066,-0.000180
cmd,6.725000,321.175000,0.464681,-1.049740,1.050626,-1.050592,-0.800066,-0.000180
cmd,6.730000,321.180000,0.459586,-1.049740,1.050626,-1.050592,-0.800066,-0.000180
cmd,6.735000,321.185000,0.455486,-1.049740,1.050626,-1.050592,-0.800066,-0.000180
cmd,6.740000,321.190000,0.452484,-1.049740,1.050626,-1.050592,-0.800066,-0.000180
cmd,6.745000,321.195000,0.450652,-1.049740,1.050626,-1.050592,-0.800066,-0.000180
cmd,6.750000,321.200000,0.450036,-1.049740,1.050626,-1.050592,-0.800066,-0.000180
cmd,6.755000,321.205000,0.450652,-1.049740,1.050626,-1.050592,-0.800066,-0.000180
cmd,6.760000,321.210000,0.452484,-1.049740,1.050626,-1.050592,-0.800066,-0.000180
cmd,6.765000,321.215000,0.455486,-1.049740,1.050626,-1.050592,-0.800066,-0.000180
cmd,6.770000,321.220000,0.459586,-1.049740,1.050626,-1.050592,-0.800066,-0.000180
cmd,6.775000,321.225000,0.464681,-1.049740,1.050626,-1.050592,-0.800066,-0.000180
cmd,6.780000,321.230000,0.470647,-1.049740,1.050626,-1.050592,-0.800066,-0.000180
cmd,6.785000,321.235000,0.477337,-1.049740,1.050626,-1.050592,-0.800066,-0.000180
cmd,6.790000,321.240000,0.484586,-1.049740,1.050626,-1.050592,-0.800066,-0.000180
cmd,6.795000,321.245000,0.492215,-1.049740,1.050626,-1.050592,-0.800066,-0.000180
cmd,6.800000,321.250000,0.500036,-1.049740,1.050626,-1.050592,-0.800066,-0.000180
cmd,6.805000,321.255000,0.507858,-1.049740,1.050626,-1.050592,-0.800066,-0.000180
cmd,6.810000,321.260000,0.515487,-1.049740,1.050626,-1.050592,-0.800066,-0.000180
cmd,6.815000,321.265000,0.522736,-1.049740,1.050626,-1.050592,-0.800066,-0.000180
cmd,6.820000,321.270000,0.529426,-1.049740,1.050626,-1.050592,-0.800066,-0.000180
cmd,6.825000,321.275000,0.535392,-1.049740,1.050626,-1.050592,-0.800066,-0.000180
cmd,6.830000,321.280000,0.540487,-1.049740,1.050626,-1.050592,-0.800066,-0.000180
cmd,6.835000,321.285000,0.544587,-1.049740,1.050626,-1.050592,-0.800066,-0.000180
cmd,6.840000,321.290000,0.547589,-1.049740,1.050626,-1.050592,-0.800066,-0.000180
cmd,6.845000,321.295000,0.549421,-1.049740,1.050626,-1.050592,-0.800066,-0.000180
cmd,6.850000,321.300000,0.550036,-1.049740,1.050626,-1.050592,-0.800066,-0.000180
cmd,6.855000,321.305000,0.549421,-1.049740,1.050626,-1.050592,-0.800066,-0.000180
cmd,6.860000,321.310000,0.547589,-1.049740,1.050626,-1.050592,-0.800066,-0.000180
cmd,6.865000,321.315000,0.544587,-1.049740,1.050626,-1.050592,-0.800066,-0.000180
cmd,6.870000,321.320000,0.540487,-1.049740,1.050626,-1.050592,-0.800066,-0.000180
cmd,6.875000,321.325000,0.535392,-1.049740,1.050626,-1.050592,-0.800066,-0.000180
cmd,6.880000,321.330000,0.529426,-1.049740,1.050626,-1.050592,-0.800066,-0.000180
cmd,6.885000,321.335000,0.522736,-1.049740,1.050626,-1.050592,-0.800066,-0.000180
cmd,6.890000,321.340000,0.515487,-1.049740,1.050626,-1.050592,-0.800066,-0.000180
cmd,6.895000,321.345000,0.507858,-1.049740,1.050626,-1.050592,-0.800066,-0.000180
cmd,6.900000,321.350000,0.500036,-1.049740,1.050626,-1.050592,-0.800066,-0.000180
cmd,6.905000,321.355000,0.492215,-1.049740,1.050626,-1.050592,-0.800066,-0.000180
cmd,6.910000,321.360000,0.484586,-1.049740,1.050626,-1.050592,-0.800066,-0.000180
cmd,6.915000,321.365000,0.477337,-1.049740,1.050626,-1.050592,-0.800066,-0.000180
cmd,6.920000,321.370000,0.470647,-1.049740,1.050626,-1.050592,-0.800066,-0.000180
cmd,6.925000,321.375000,0.464681,-1.049740,1.050626,-1.050592,-0.800066,-0.000180
cmd,6.930000,321.380000,0.459586,-1.049740,1.050626,-1.050592,-0.800066,-0.000180
cmd,6.935000,321.385000,0.455486,-1.049740,1.050626,-1.050592,-0.800066,-0.000180
cmd,6.940000,321.390000,0.452484,-1.049740,1.050626,-1.050592,-0.800066,-0.000180
cmd,6.945000,321.395000,0.450652,-1.049740,1.050626,-1.050592,-0.800066,-0.000180
cmd,6.950000,321.400000,0.450036,-1.049740,1.050626,-1.050592,-0.800066,-0.000180
cmd,6.955000,321.405000,0.450652,-1.049740,1.050626,-1.050592,-0.800066,-0.000180
cmd,6.960000,321.410000,0.452484,-1.049740,1.050626,-1.050592,-0.800066,-0.000180
cmd,6.965000,321.415000,0.455486,-1.049740,1.050626,-1.050592,-0.800066,-0.000180
cmd,6.970000,321.420000,0.459586,-1.049740,1.050626,-1.050592,-0.800066,-0.000180
cmd,6.975000,321.425000,0.464681,-1.049740,1.050626,-1.050592,-0.800066,-0.000180
cmd,6.980000,321.430000,0.470647,-1.049740,1.050626,-1.050592,-0.800066,-0.000180
cmd,6.985000,321.435000,0.477337,-1.049740,1.050626,-1.050592,-0.800066,-0.000180
cmd,6.990000,321.440000,0.484586,-1.049740,1.050626,-1.050592,-0.800066,-0.000180
cmd,6.995000,321.445000,0.492215,-1.049740,1.050626,-1.050592,-0.800066,-0.000180
cmd,7.000000,321.450000,0.500036,-1.049740,1.050626,-1.050592,-0.800066,-0.000180
cmd,7.005000,321.455000,0.507858,-1.049740,1.050626,-1.050592,-0.800066,-0.000180
cmd,7.010000,321.460000,0.515487,-1.049740,1.050626,-1.050592,-0.800066,-0.000180
cmd,7.015000,321.465000,0.522736,-1.049740,1.050626,-1.050592,-0.800066,-0.000180
cmd,7.020000,321.470000,0.529426,-1.049740,1.050626,-1.050592,-0.800066,-0.000180
cmd,7.025000,321.475000,0.535392,-1.049740,1.050626,-1.050592,-0.800066,-0.000180
cmd,7.030000,321.480000,0.540487,-1.049740,1.050626,-1.050592,-0.800066,-0.000180
cmd,7.035000,321.485000,0.544587,-1.049740,1.050626,-1.050592,-0.800066,-0.000180
cmd,7.040000,321.490000,0.547589,-1.049740,1.050626,-1.050592,-0.800066,-0.000180
cmd,7.045000,321.495000,0.549421,-1.049740,1.050626,-1.050592,-0.800066,-0.000180
cmd,7.050000,321.500000,0.550036,-1.049740,1.050626,-1.050592,-0.800066,-0.000180
cmd,7.055000,321.505000,0.549421,-1.049740,1.050626,-1.050592,-0.800066,-0.000180
cmd,7.060000,321.510000,0.547589,-1.049740,1.050626,-1.050592,-0.800066,-0.000180
cmd,7.065000,321.515000,0.544587,-1.049740,1.050626,-1.050592,-0.800066,-0.000180
cmd,7.070000,321.520000,0.540487,-1.049740,1.050626,-1.050592,-0.800066,-0.000180
cmd,7.075000,321.525000,0.535392,-1.049740,1.050626,-1.050592,-0.800066,-0.000180
cmd,7.080000,321.530000,0.529426,-1.049740,1.050626,-1.050592,-0.800066,-0.000180
cmd,7.085000,321.535000,0.522736,-1.049740,1.050626,-1.050592,-0.800066,-0.000180
cmd,7.090000,321.540000,0.515487,-1.049740,1.050626,-1.050592,-0.800066,-0.000180
cmd,7.095000,321.545000,0.507858,-1.049740,1.050626,-1.050592,-0.800066,-0.000180
cmd,7.100000,321.550000,0.500036,-1.049740,1.050626,-1.050592,-0.800066,-0.000180
cmd,7.105000,321.555000,0.492215,-1.049740,1.050626,-1.050592,-0.800066,-0.000180
cmd,7.110000,321.560000,0.484586,-1.049740,1.050626,-1.050592,-0.800066,-0.000180
cmd,7.115000,321.565000,0.477337,-1.049740,1.050626,-1.050592,-0.800066,-0.000180
cmd,7.120000,321.570000,0.470647,-1.049740,1.050626,-1.050592,-0.800066,-0.000180
cmd,7.125000,321.575000,0.464681,-1.049740,1.050626,-1.050592,-0.800066,-0.000180
cmd,7.130000,321.580000,0.459586,-1.049740,1.050626,-1.050592,-0.800066,-0.000180
cmd,7.135000,321.585000,0.455486,-1.049740,1.050626,-1.050592,-0.800066,-0.000180
cmd,7.140000,321.590000,0.452484,-1.049740,1.050626,-1.050592,-0.800066,-0.000180
cmd,7.145000,321.595000,0.450652,-1.049740,1.050626,-1.050592,-0.800066,-0.000180
cmd,7.150000,321.600000,0.450036,-1.049740,1.050626,-1.050592,-0.800066,-0.000180
cmd,7.155000,321.605000,0.450652,-1.049740,1.050626,-1.050592,-0.800066,-0.000180
cmd,7.160000,321.610000,0.452484,-1.049740,1.050626,-1.050592,-0.800066,-0.000180
cmd,7.165000,321.615000,0.455486,-1.049740,1.050626,-1.050592,-0.800066,-0.000180
cmd,7.170000,321.620000,0.459586,-1.049740,1.050626,-1.050592,-0.800066,-0.000180
cmd,7.175000,321.625000,0.464681,-1.049740,1.050626,-1.050592,-0.800066,-0.000180
cmd,7.180000,321.630000,0.470647,-1.049740,1.050626,-1.050592,-0.800066,-0.000180
cmd,7.185000,321.635000,0.477337,-1.049740,1.050626,-1.050592,-0.800066,-0.000180
cmd,7.190000,321.640000,0.484586,-1.049740,1.050626,-1.050592,-0.800066,-0.000180
cmd,7.195000,321.645000,0.492215,-1.049740,1.050626,-1.050592,-0.800066,-0.000180
cmd,7.200000,321.650000,0.500036,-1.049740,1.050626,-1.050592,-0.800066,-0.000180
cmd,7.205000,321.655000,0.507858,-1.049740,1.050626,-1.050592,-0.800066,-0.000180
cmd,7.210000,321.660000,0.515487,-1.049740,1.050626,-1.050592,-0.800066,-0.000180
cmd,7.215000,321.665000,0.522736,-1.049740,1.050626,-1.050592,-0.800066,-0.000180
cmd,7.220000,321.670000,0.529426,-1.049740,1.050626,-1.050592,-0.800066,-0.000180
cmd,7.225000,321.675000,0.535392,-1.049740,1.050626,-1.050592,-0.800066,-0.000180
cmd,7.230000,321.680000,0.540487,-1.049740,1.050626,-1.050592,-0.800066,-0.000180
cmd,7.235000,321.685000,0.544587,-1.049740,1.050626,-1.050592,-0.800066,-0.000180
cmd,7.240000,321.690000,0.547589,-1.049740,1.050626,-1.050592,-0.800066,-0.000180
cmd,7.245000,321.695000,0.549421,-1.049740,1.050626,-1.050592,-0.800066,-0.000180
cmd,7.250000,321.700000,0.550036,-1.049740,1.050626,-1.050592,-0.800066,-0.000180
cmd,7.255000,321.705000,0.549421,-1.049740,1.050626,-1.050592,-0.800066,-0.000180
cmd,7.260000,321.710000,0.547589,-1.049740,1.050626,-1.050592,-0.800066,-0.000180
cmd,7.265000,321.715000,0.544587,-1.049740,1.050626,-1.050592,-0.800066,-0.000180
cmd,7.270000,321.720000,0.540487,-1.049740,1.050626,-1.050592,-0.800066,-0.000180
cmd,7.275000,321.725000,0.535392,-1.049740,1.050626,-1.050592,-0.800066,-0.000180
cmd,7.280000,321.730000,0.529426,-1.049740,1.050626,-1.050592,-0.800066,-0.000180
cmd,7.285000,321.735000,0.522736,-1.049740,1.050626,-1.050592,-0.800066,-0.000180
cmd,7.290000,321.740000,0.515487,-1.049740,1.050626,-1.050592,-0.800066,-0.000180
cmd,7.295000,321.745000,0.507858,-1.049740,1.050626,-1.050592,-0.800066,-0.000180
cmd,7.300000,321.750000,0.500036,-1.049740,1.050626,-1.050592,-0.800066,-0.000180
cmd,7.305000,321.755000,0.492215,-1.049740,1.050626,-1.050592,-0.800066,-0.000180
cmd,7.310000,321.760000,0.484586,-1.049740,1.050626,-1.050592,-0.800066,-0.000180
cmd,7.315000,321.765000,0.477337,-1.049740,1.050626,-1.050592,-0.800066,-0.000180
cmd,7.320000,321.770000,0.470647,-1.049740,1.050626,-1.050592,-0.800066,-0.000180
cmd,7.325000,321.775000,0.464681,-1.049740,1.050626,-1.050592,-0.800066,-0.000180
cmd,7.330000,321.780000,0.459586,-1.049740,1.050626,-1.050592,-0.800066,-0.000180
cmd,7.335000,321.785000,0.455486,-1.049740,1.050626,-1.050592,-0.800066,-0.000180
cmd,7.340000,321.790000,0.452484,-1.049740,1.050626,-1.050592,-0.800066,-0.000180
cmd,7.345000,321.795000,0.450652,-1.049740,1.050626,-1.050592,-0.800066,-0.000180
cmd,7.350000,321.800000,0.450036,-1.049740,1.050626,-1.050592,-0.800066,-0.000180
cmd,7.355000,321.805000,0.450652,-1.049740,1.050626,-1.050592,-0.800066,-0.000180
cmd,7.360000,321.810000,0.452484,-1.049740,1.050626,-1.050592,-0.800066,-0.000180
cmd,7.365000,321.815000,0.455486,-1.049740,1.050626,-1.050592,-0.800066,-0.000180
cmd,7.370000,321.820000,0.459586,-1.049740,1.050626,-1.050592,-0.800066,-0.000180
cmd,7.375000,321.825000,0.464681,-1.049740,1.050626,-1.050592,-0.800066,-0.000180
cmd,7.380000,321.830000,0.470647,-1.049740,1.050626,-1.050592,-0.800066,-0.000180
cmd,7.385000,321.835000,0.477337,-1.049740,1.050626,-1.050592,-0.800066,-0.000180
cmd,7.390000,321.840000,0.484586,-1.049740,1.050626,-1.050592,-0.800066,-0.000180
cmd,7.395000,321.845000,0.492215,-1.049740,1.050626,-1.050592,-0.800066,-0.000180
cmd,7.400000,321.850000,0.500036,-1.049740,1.050626,-1.050592,-0.800066,-0.000180
cmd,7.405000,321.855000,0.507858,-1.049740,1.050626,-1.050592,-0.800066,-0.000180
cmd,7.410000,321.860000,0.515487,-1.049740,1.050626,-1.050592,-0.800066,-0.000180
cmd,7.415000,321.865000,0.522736,-1.049740,1.050626,-1.050592,-0.800066,-0.000180
cmd,7.420000,321.870000,0.529426,-1.049740,1.050626,-1.050592,-0.800066,-0.000180
cmd,7.425000,321.875000,0.535392,-1.049740,1.050626,-1.050592,-0.800066,-0.000180
cmd,7.430000,321.880000,0.540487,-1.049740,1.050626,-1.050592,-0.800066,-0.000180
cmd,7.435000,321.885000,0.544587,-1.049740,1.050626,-1.050592,-0.800066,-0.000180
cmd,7.440000,321.890000,0.547589,-1.049740,1.050626,-1.050592,-0.800066,-0.000180
cmd,7.445000,321.895000,0.549421,-1.049740,1.050626,-1.050592,-0.800066,-0.000180
cmd,7.450000,321.900000,0.550036,-1.049740,1.050626,-1.050592,-0.800066,-0.000180
cmd,7.455000,321.905000,0.549421,-1.049740,1.050626,-1.050592,-0.800066,-0.000180
cmd,7.460000,321.910000,0.547589,-1.049740,1.050626,-1.050592,-0.800066,-0.000180
cmd,7.465000,321.915000,0.544587,-1.049740,1.050626,-1.050592,-0.800066,-0.000180
cmd,7.470000,321.920000,0.540487,-1.049740,1.050626,-1.050592,-0.800066,-0.000180
cmd,7.475000,321.925000,0.535392,-1.049740,1.050626,-1.050592,-0.800066,-0.000180
cmd,7.480000,321.930000,0.529426,-1.049740,1.050626,-1.050592,-0.800066,-0.000180
cmd,7.485000,321.935000,0.522736,-1.049740,1.050626,-1.050592,-0.800066,-0.000180
cmd,7.490000,321.940000,0.515487,-1.049740,1.050626,-1.050592,-0.800066,-0.000180
cmd,7.495000,321.945000,0.507858,-1.049740,1.050626,-1.050592,-0.800066,-0.000180
cmd,7.500000,321.950000,0.500036,-1.049740,1.050626,-1.050592,-0.800066,-0.000180
cmd,7.505000,321.955000,0.492215,-1.049740,1.050626,-1.050592,-0.800066,-0.000180
cmd,7.510000,321.960000,0.484586,-1.049740,1.050626,-1.050592,-0.800066,-0.000180
cmd,7.515000,321.965000,0.477337,-1.049740,1.050626,-1.050592,-0.800066,-0.000180
cmd,7.520000,321.970000,0.470647,-1.049740,1.050626,-1.050592,-0.800066,-0.000180
cmd,7.525000,321.975000,0.464681,-1.049740,1.050626,-1.050592,-0.800066,-0.000180
cmd,7.530000,321.980000,0.459586,-1.049740,1.050626,-1.050592,-0.800066,-0.000180
cmd,7.535000,321.985000,0.455486,-1.049740,1.050626,-1.050592,-0.800066,-0.000180
cmd,7.540000,321.990000,0.452484,-1.049740,1.050626,-1.050592,-0.800066,-0.000180
cmd,7.545000,321.995000,0.450652,-1.049740,1.050626,-1.050592,-0.800066,-0.000180
cmd,7.550000,322.000000,0.450036,-1.049740,1.050626,-1.050592,-0.800066,-0.000180
cmd,7.555000,322.005000,0.450652,-1.049740,1.050626,-1.050592,-0.800066,-0.000180
cmd,7.560000,322.010000,0.452484,-1.049740,1.050626,-1.050592,-0.800066,-0.000180
cmd,7.565000,322.015000,0.455486,-1.049740,1.050626,-1.050592,-0.800066,-0.000180
cmd,7.570000,322.020000,0.459586,-1.049740,1.050626,-1.050592,-0.800066,-0.000180
cmd,7.575000,322.025000,0.464681,-1.049740,1.050626,-1.050592,-0.800066,-0.000180
cmd,7.580000,322.030000,0.470647,-1.049740,1.050626,-1.050592,-0.800066,-0.000180
cmd,7.585000,322.035000,0.477337,-1.049740,1.050626,-1.050592,-0.800066,-0.000180
cmd,7.590000,322.040000,0.484586,-1.049740,1.050626,-1.050592,-0.800066,-0.000180
cmd,7.595000,322.045000,0.492215,-1.049740,1.050626,-1.050592,-0.800066,-0.000180
cmd,7.600000,322.050000,0.500036,-1.049740,1.050626,-1.050592,-0.800066,-0.000180
cmd,7.605000,322.055000,0.507858,-1.049740,1.050626,-1.050592,-0.800066,-0.000180
cmd,7.610000,322.060000,0.515487,-1.049740,1.050626,-1.050592,-0.800066,-0.000180
cmd,7.615000,322.065000,0.522736,-1.049740,1.050626,-1.050592,-0.800066,-0.000180
cmd,7.620000,322.070000,0.529426,-1.049740,1.050626,-1.050592,-0.800066,-0.000180
cmd,7.625000,322.075000,0.535392,-1.049740,1.050626,-1.050592,-0.800066,-0.000180
cmd,7.630000,322.080000,0.540487,-1.049740,1.050626,-1.050592,-0.800066,-0.000180
cmd,7.635000,322.085000,0.544587,-1.049740,1.050626,-1.050592,-0.800066,-0.000180
cmd,7.640000,322.090000,0.547589,-1.049740,1.050626,-1.050592,-0.800066,-0.000180
cmd,7.645000,322.095000,0.549421,-1.049740,1.050626,-1.050592,-0.800066,-0.000180
cmd,7.650000,322.100000,0.550036,-1.049740,1.050626,-1.050592,-0.800066,-0.000180
cmd,7.655000,322.105000,0.549421,-1.049740,1.050626,-1.050592,-0.800066,-0.000180
cmd,7.660000,322.110000,0.547589,-1.049740,1.050626,-1.050592,-0.800066,-0.000180
cmd,7.665000,322.115000,0.544587,-1.049740,1.050626,-1.050592,-0.800066,-0.000180
cmd,7.670000,322.120000,0.540487,-1.049740,1.050626,-1.050592,-0.800066,-0.000180
cmd,7.675000,322.125000,0.535392,-1.049740,1.050626,-1.050592,-0.800066,-0.000180
cmd,7.680000,322.130000,0.529426,-1.049740,1.050626,-1.050592,-0.800066,-0.000180
cmd,7.685000,322.135000,0.522736,-1.049740,1.050626,-1.050592,-0.800066,-0.000180
cmd,7.690000,322.140000,0.515487,-1.049740,1.050626,-1.050592,-0.800066,-0.000180
cmd,7.695000,322.145000,0.507858,-1.049740,1.050626,-1.050592,-0.800066,-0.000180
cmd,7.700000,322.150000,0.500036,-1.049740,1.050626,-1.050592,-0.800066,-0.000180
cmd,7.705000,322.155000,0.492215,-1.049740,1.050626,-1.050592,-0.800066,-0.000180
cmd,7.710000,322.160000,0.484586,-1.049740,1.050626,-1.050592,-0.800066,-0.000180
cmd,7.715000,322.165000,0.477337,-1.049740,1.050626,-1.050592,-0.800066,-0.000180
cmd,7.720000,322.170000,0.470647,-1.049740,1.050626,-1.050592,-0.800066,-0.000180
cmd,7.725000,322.175000,0.464681,-1.049740,1.050626,-1.050592,-0.800066,-0.000180
cmd,7.730000,322.180000,0.459586,-1.049740,1.050626,-1.050592,-0.800066,-0.000180
cmd,7.735000,322.185000,0.455486,-1.049740,1.050626,-1.050592,-0.800066,-0.000180
cmd,7.740000,322.190000,0.452484,-1.049740,1.050626,-1.050592,-0.800066,-0.000180
cmd,7.745000,322.195000,0.450652,-1.049740,1.050626,-1.050592,-0.800066,-0.000180
cmd,7.750000,322.200000,0.450036,-1.049740,1.050626,-1.050592,-0.800066,-0.000180
cmd,7.755000,322.205000,0.450652,-1.049740,1.050626,-1.050592,-0.800066,-0.000180
cmd,7.760000,322.210000,0.452484,-1.049740,1.050626,-1.050592,-0.800066,-0.000180
cmd,7.765000,322.215000,0.455486,-1.049740,1.050626,-1.050592,-0.800066,-0.000180
cmd,7.770000,322.220000,0.459586,-1.049740,1.050626,-1.050592,-0.800066,-0.000180
cmd,7.775000,322.225000,0.464681,-1.049740,1.050626,-1.050592,-0.800066,-0.000180
cmd,7.780000,322.230000,0.470647,-1.049740,1.050626,-1.050592,-0.800066,-0.000180
cmd,7.785000,322.235000,0.477337,-1.049740,1.050626,-1.050592,-0.800066,-0.000180
cmd,7.790000,322.240000,0.484586,-1.049740,1.050626,-1.050592,-0.800066,-0.000180
cmd,7.795000,322.245000,0.492215,-1.049740,1.050626,-1.050592,-0.800066,-0.000180
cmd,7.800000,322.250000,0.500036,-1.049740,1.050626,-1.050592,-0.800066,-0.000180
cmd,7.805000,322.255000,0.507858,-1.049740,1.050626,-1.050592,-0.800066,-0.000180
cmd,7.810000,322.260000,0.515487,-1.049740,1.050626,-1.050592,-0.800066,-0.000180
cmd,7.815000,322.265000,0.522736,-1.049740,1.050626,-1.050592,-0.800066,-0.000180
cmd,7.820000,322.270000,0.529426,-1.049740,1.050626,-1.050592,-0.800066,-0.000180
cmd,7.825000,322.275000,0.535392,-1.049740,1.050626,-1.050592,-0.800066,-0.000180
cmd,7.830000,322.280000,0.540487,-1.049740,1.050626,-1.050592,-0.800066,-0.000180
cmd,7.835000,322.285000,0.544587,-1.049740,1.050626,-1.050592,-0.800066,-0.000180
cmd,7.840000,322.290000,0.547589,-1.049740,1.050626,-1.050592,-0.800066,-0.000180
cmd,7.845000,322.295000,0.549421,-1.049740,1.050626,-1.050592,-0.800066,-0.000180
cmd,7.850000,322.300000,0.550036,-1.049740,1.050626,-1.050592,-0.800066,-0.000180
cmd,7.855000,322.305000,0.549421,-1.049740,1.050626,-1.050592,-0.800066,-0.000180
cmd,7.860000,322.310000,0.547589,-1.049740,1.050626,-1.050592,-0.800066,-0.000180
cmd,7.865000,322.315000,0.544587,-1.049740,1.050626,-1.050592,-0.800066,-0.000180
cmd,7.870000,322.320000,0.540487,-1.049740,1.050626,-1.050592,-0.800066,-0.000180
cmd,7.875000,322.325000,0.535392,-1.049740,1.050626,-1.050592,-0.800066,-0.000180
cmd,7.880000,322.330000,0.529426,-1.049740,1.050626,-1.050592,-0.800066,-0.000180
cmd,7.885000,322.335000,0.522736,-1.049740,1.050626,-1.050592,-0.800066,-0.000180
cmd,7.890000,322.340000,0.515487,-1.049740,1.050626,-1.050592,-0.800066,-0.000180
cmd,7.895000,322.345000,0.507858,-1.049740,1.050626,-1.050592,-0.800066,-0.000180
cmd,7.900000,322.350000,0.500036,-1.049740,1.050626,-1.050592,-0.800066,-0.000180
cmd,7.905000,322.355000,0.492215,-1.049740,1.050626,-1.050592,-0.800066,-0.000180
cmd,7.910000,322.360000,0.484586,-1.049740,1.050626,-1.050592,-0.800066,-0.000180
cmd,7.915000,322.365000,0.477337,-1.049740,1.050626,-1.050592,-0.800066,-0.000180
cmd,7.920000,322.370000,0.470647,-1.049740,1.050626,-1.050592,-0.800066,-0.000180
cmd,7.925000,322.375000,0.464681,-1.049740,1.050626,-1.050592,-0.800066,-0.000180
cmd,7.930000,322.380000,0.459586,-1.049740,1.050626,-1.050592,-0.800066,-0.000180
cmd,7.935000,322.385000,0.455486,-1.049740,1.050626,-1.050592,-0.800066,-0.000180
cmd,7.940000,322.390000,0.452484,-1.049740,1.050626,-1.050592,-0.800066,-0.000180
cmd,7.945000,322.395000,0.450652,-1.049740,1.050626,-1.050592,-0.800066,-0.000180
cmd,7.950000,322.400000,0.450036,-1.049740,1.050626,-1.050592,-0.800066,-0.000180
cmd,7.955000,322.405000,0.450652,-1.049740,1.050626,-1.050592,-0.800066,-0.000180
cmd,7.960000,322.410000,0.452484,-1.049740,1.050626,-1.050592,-0.800066,-0.000180
cmd,7.965000,322.415000,0.455486,-1.049740,1.050626,-1.050592,-0.800066,-0.000180
cmd,7.970000,322.420000,0.459586,-1.049740,1.050626,-1.050592,-0.800066,-0.000180
cmd,7.975000,322.425000,0.464681,-1.049740,1.050626,-1.050592,-0.800066,-0.000180
cmd,7.980000,322.430000,0.470647,-1.049740,1.050626,-1.050592,-0.800066,-0.000180
cmd,7.985000,322.435000,0.477337,-1.049740,1.050626,-1.050592,-0.800066,-0.000180
cmd,7.990000,322.440000,0.484586,-1.049740,1.050626,-1.050592,-0.800066,-0.000180
cmd,7.995000,322.445000,0.492215,-1.049740,1.050626,-1.050592,-0.800066,-0.000180
cmd,8.000000,322.450000,0.500036,-1.049740,1.050626,-1.050592,-0.800066,-0.000180
cmd,8.005000,322.455000,0.507858,-1.049740,1.050626,-1.050592,-0.800066,-0.000180
cmd,8.010000,322.460000,0.515487,-1.049740,1.050626,-1.050592,-0.800066,-0.000180
cmd,8.015000,322.465000,0.522736,-1.049740,1.050626,-1.050592,-0.800066,-0.000180
cmd,8.020000,322.470000,0.529426,-1.049740,1.050626,-1.050592,-0.800066,-0.000180
cmd,8.025000,322.475000,0.535392,-1.049740,1.050626,-1.050592,-0.800066,-0.000180
cmd,8.030000,322.480000,0.540487,-1.049740,1.050626,-1.050592,-0.800066,-0.000180
cmd,8.035000,322.485000,0.544587,-1.049740,1.050626,-1.050592,-0.800066,-0.000180
cmd,8.040000,322.490000,0.547589,-1.049740,1.050626,-1.050592,-0.800066,-0.000180
cmd,8.045000,322.495000,0.549421,-1.049740,1.050626,-1.050592,-0.800066,-0.000180
cmd,8.050000,322.500000,0.550036,-1.049740,1.050626,-1.050592,-0.800066,-0.000180
cmd,8.055000,322.505000,0.549421,-1.049740,1.050626,-1.050592,-0.800066,-0.000180
cmd,8.060000,322.510000,0.547589,-1.049740,1.050626,-1.050592,-0.800066,-0.000180
cmd,8.065000,322.515000,0.544587,-1.049740,1.050626,-1.050592,-0.800066,-0.000180
cmd,8.070000,322.520000,0.540487,-1.049740,1.050626,-1.050592,-0.800066,-0.000180
cmd,8.075000,322.525000,0.535392,-1.049740,1.050626,-1.050592,-0.800066,-0.000180
cmd,8.080000,322.530000,0.529426,-1.049740,1.050626,-1.050592,-0.800066,-0.000180
cmd,8.085000,322.535000,0.522736,-1.049740,1.050626,-1.050592,-0.800066,-0.000180
cmd,8.090000,322.540000,0.515487,-1.049740,1.050626,-1.050592,-0.800066,-0.000180
cmd,8.095000,322.545000,0.507858,-1.049740,1.050626,-1.050592,-0.800066,-0.000180
cmd,8.100000,322.550000,0.500036,-1.049740,1.050626,-1.050592,-0.800066,-0.000180
cmd,8.105000,322.555000,0.492215,-1.049740,1.050626,-1.050592,-0.800066,-0.000180
cmd,8.110000,322.560000,0.484586,-1.049740,1.050626,-1.050592,-0.800066,-0.000180
cmd,8.115000,322.565000,0.477337,-1.049740,1.050626,-1.050592,-0.800066,-0.000180
cmd,8.120000,322.570000,0.470647,-1.049740,1.050626,-1.050592,-0.800066,-0.000180
cmd,8.125000,322.575000,0.464681,-1.049740,1.050626,-1.050592,-0.800066,-0.000180
cmd,8.130000,322.580000,0.459586,-1.049740,1.050626,-1.050592,-0.800066,-0.000180
cmd,8.135000,322.585000,0.455486,-1.049740,1.050626,-1.050592,-0.800066,-0.000180
cmd,8.140000,322.590000,0.452484,-1.049740,1.050626,-1.050592,-0.800066,-0.000180
cmd,8.145000,322.595000,0.450652,-1.049740,1.050626,-1.050592,-0.800066,-0.000180
cmd,8.150000,322.600000,0.450036,-1.049740,1.050626,-1.050592,-0.800066,-0.000180
cmd,8.155000,322.605000,0.450652,-1.049740,1.050626,-1.050592,-0.800066,-0.000180
cmd,8.160000,322.610000,0.452484,-1.049740,1.050626,-1.050592,-0.800066,-0.000180
cmd,8.165000,322.615000,0.455486,-1.049740,1.050626,-1.050592,-0.800066,-0.000180
cmd,8.170000,322.620000,0.459586,-1.049740,1.050626,-1.050592,-0.800066,-0.000180
cmd,8.175000,322.625000,0.464681,-1.049740,1.050626,-1.050592,-0.800066,-0.000180
cmd,8.180000,322.630000,0.470647,-1.049740,1.050626,-1.050592,-0.800066,-0.000180
cmd,8.185000,322.635000,0.477337,-1.049740,1.050626,-1.050592,-0.800066,-0.000180
cmd,8.190000,322.640000,0.484586,-1.049740,1.050626,-1.050592,-0.800066,-0.000180
cmd,8.195000,322.645000,0.492215,-1.049740,1.050626,-1.050592,-0.800066,-0.000180
cmd,8.200000,322.650000,0.500036,-1.049740,1.050626,-1.050592,-0.800066,-0.000180
cmd,8.205000,322.655000,0.507858,-1.049740,1.050626,-1.050592,-0.800066,-0.000180
cmd,8.210000,322.660000,0.515487,-1.049740,1.050626,-1.050592,-0.800066,-0.000180
cmd,8.215000,322.665000,0.522736,-1.049740,1.050626,-1.050592,-0.800066,-0.000180
cmd,8.220000,322.670000,0.529426,-1.049740,1.050626,-1.050592,-0.800066,-0.000180
cmd,8.225000,322.675000,0.535392,-1.049740,1.050626,-1.050592,-0.800066,-0.000180
cmd,8.230000,322.680000,0.540487,-1.049740,1.050626,-1.050592,-0.800066,-0.000180
cmd,8.235000,322.685000,0.544587,-1.049740,1.050626,-1.050592,-0.800066,-0.000180
cmd,8.240000,322.690000,0.547589,-1.049740,1.050626,-1.050592,-0.800066,-0.000180
cmd,8.245000,322.695000,0.549421,-1.049740,1.050626,-1.050592,-0.800066,-0.000180
cmd,8.250000,322.700000,0.550036,-1.049740,1.050626,-1.050592,-0.800066,-0.000180
cmd,8.255000,322.705000,0.549421,-1.049740,1.050626,-1.050592,-0.800066,-0.000180
cmd,8.260000,322.710000,0.547589,-1.049740,1.050626,-1.050592,-0.800066,-0.000180
cmd,8.265000,322.715000,0.544587,-1.049740,1.050626,-1.050592,-0.800066,-0.000180
cmd,8.270000,322.720000,0.540487,-1.049740,1.050626,-1.050592,-0.800066,-0.000180
cmd,8.275000,322.725000,0.535392,-1.049740,1.050626,-1.050592,-0.800066,-0.000180
cmd,8.280000,322.730000,0.529426,-1.049740,1.050626,-1.050592,-0.800066,-0.000180
cmd,8.285000,322.735000,0.522736,-1.049740,1.050626,-1.050592,-0.800066,-0.000180
cmd,8.290000,322.740000,0.515487,-1.049740,1.050626,-1.050592,-0.800066,-0.000180
cmd,8.295000,322.745000,0.507858,-1.049740,1.050626,-1.050592,-0.800066,-0.000180
cmd,8.300000,322.750000,0.500036,-1.049740,1.050626,-1.050592,-0.800066,-0.000180
cmd,8.305000,322.755000,0.492215,-1.049740,1.050626,-1.050592,-0.800066,-0.000180
cmd,8.310000,322.760000,0.484586,-1.049740,1.050626,-1.050592,-0.800066,-0.000180
cmd,8.315000,322.765000,0.477337,-1.049740,1.050626,-1.050592,-0.800066,-0.000180
cmd,8.320000,322.770000,0.470647,-1.049740,1.050626,-1.050592,-0.800066,-0.000180
cmd,8.325000,322.775000,0.464681,-1.049740,1.050626,-1.050592,-0.800066,-0.000180
cmd,8.330000,322.780000,0.459586,-1.049740,1.050626,-1.050592,-0.800066,-0.000180
cmd,8.335000,322.785000,0.455486,-1.049740,1.050626,-1.050592,-0.800066,-0.000180
cmd,8.340000,322.790000,0.452484,-1.049740,1.050626,-1.050592,-0.800066,-0.000180
cmd,8.345000,322.795000,0.450652,-1.049740,1.050626,-1.050592,-0.800066,-0.000180
cmd,8.350000,322.800000,0.450036,-1.049740,1.050626,-1.050592,-0.800066,-0.000180
cmd,8.355000,322.805000,0.450652,-1.049740,1.050626,-1.050592,-0.800066,-0.000180
cmd,8.360000,322.810000,0.452484,-1.049740,1.050626,-1.050592,-0.800066,-0.000180
cmd,8.365000,322.815000,0.455486,-1.049740,1.050626,-1.050592,-0.800066,-0.000180
cmd,8.370000,322.820000,0.459586,-1.049740,1.050626,-1.050592,-0.800066,-0.000180
cmd,8.375000,322.825000,0.464681,-1.049740,1.050626,-1.050592,-0.800066,-0.000180
cmd,8.380000,322.830000,0.470647,-1.049740,1.050626,-1.050592,-0.800066,-0.000180
cmd,8.385000,322.835000,0.477337,-1.049740,1.050626,-1.050592,-0.800066,-0.000180
cmd,8.390000,322.840000,0.484586,-1.049740,1.050626,-1.050592,-0.800066,-0.000180
cmd,8.395000,322.845000,0.492215,-1.049740,1.050626,-1.050592,-0.800066,-0.000180
cmd,8.400000,322.850000,0.500036,-1.049740,1.050626,-1.050592,-0.800066,-0.000180
cmd,8.405000,322.855000,0.507858,-1.049740,1.050626,-1.050592,-0.800066,-0.000180
cmd,8.410000,322.860000,0.515487,-1.049740,1.050626,-1.050592,-0.800066,-0.000180
cmd,8.415000,322.865000,0.522736,-1.049740,1.050626,-1.050592,-0.800066,-0.000180
cmd,8.420000,322.870000,0.529426,-1.049740,1.050626,-1.050592,-0.800066,-0.000180
cmd,8.425000,322.875000,0.535392,-1.049740,1.050626,-1.050592,-0.800066,-0.000180
cmd,8.430000,322.880000,0.540487,-1.049740,1.050626,-1.050592,-0.800066,-0.000180
cmd,8.435000,322.885000,0.544587,-1.049740,1.050626,-1.050592,-0.800066,-0.000180
cmd,8.440000,322.890000,0.547589,-1.049740,1.050626,-1.050592,-0.800066,-0.000180
cmd,8.445000,322.895000,0.549421,-1.049740,1.050626,-1.050592,-0.800066,-0.000180
cmd,8.450000,322.900000,0.550036,-1.049740,1.050626,-1.050592,-0.800066,-0.000180
cmd,8.455000,322.905000,0.549421,-1.049740,1.050626,-1.050592,-0.800066,-0.000180
cmd,8.460000,322.910000,0.547589,-1.049740,1.050626,-1.050592,-0.800066,-0.000180
cmd,8.465000,322.915000,0.544587,-1.049740,1.050626,-1.050592,-0.800066,-0.000180
cmd,8.470000,322.920000,0.540487,-1.049740,1.050626,-1.050592,-0.800066,-0.000180
cmd,8.475000,322.925000,0.535392,-1.049740,1.050626,-1.050592,-0.800066,-0.000180
cmd,8.480000,322.930000,0.529426,-1.049740,1.050626,-1.050592,-0.800066,-0.000180
cmd,8.485000,322.935000,0.522736,-1.049740,1.050626,-1.050592,-0.800066,-0.000180
cmd,8.490000,322.940000,0.515487,-1.049740,1.050626,-1.050592,-0.800066,-0.000180
cmd,8.495000,322.945000,0.507858,-1.049740,1.050626,-1.050592,-0.800066,-0.000180
cmd,8.500000,322.950000,0.500036,-1.049740,1.050626,-1.050592,-0.800066,-0.000180
cmd,8.505000,322.955000,0.492215,-1.049740,1.050626,-1.050592,-0.800066,-0.000180
cmd,8.510000,322.960000,0.484586,-1.049740,1.050626,-1.050592,-0.800066,-0.000180
cmd,8.515000,322.965000,0.477337,-1.049740,1.050626,-1.050592,-0.800066,-0.000180
cmd,8.520000,322.970000,0.470647,-1.049740,1.050626,-1.050592,-0.800066,-0.000180
cmd,8.525000,322.975000,0.464681,-1.049740,1.050626,-1.050592,-0.800066,-0.000180
cmd,8.530000,322.980000,0.459586,-1.049740,1.050626,-1.050592,-0.800066,-0.000180
cmd,8.535000,322.985000,0.455486,-1.049740,1.050626,-1.050592,-0.800066,-0.000180
cmd,8.540000,322.990000,0.452484,-1.049740,1.050626,-1.050592,-0.800066,-0.000180
cmd,8.545000,322.995000,0.450652,-1.049740,1.050626,-1.050592,-0.800066,-0.000180
cmd,8.550000,323.000000,0.450036,-1.049740,1.050626,-1.050592,-0.800066,-0.000180
cmd,8.555000,323.005000,0.450652,-1.049740,1.050626,-1.050592,-0.800066,-0.000180
cmd,8.560000,323.010000,0.452484,-1.049740,1.050626,-1.050592,-0.800066,-0.000180
cmd,8.565000,323.015000,0.455486,-1.049740,1.050626,-1.050592,-0.800066,-0.000180
cmd,8.570000,323.020000,0.459586,-1.049740,1.050626,-1.050592,-0.800066,-0.000180
cmd,8.575000,323.025000,0.464681,-1.049740,1.050626,-1.050592,-0.800066,-0.000180
cmd,8.580000,323.030000,0.470647,-1.049740,1.050626,-1.050592,-0.800066,-0.000180
cmd,8.585000,323.035000,0.477337,-1.049740,1.050626,-1.050592,-0.800066,-0.000180
cmd,8.590000,323.040000,0.484586,-1.049740,1.050626,-1.050592,-0.800066,-0.000180
cmd,8.595000,323.045000,0.492215,-1.049740,1.050626,-1.050592,-0.800066,-0.000180
cmd,8.600000,323.050000,0.500036,-1.049740,1.050626,-1.050592,-0.800066,-0.000180
cmd,8.605000,323.055000,0.507858,-1.049740,1.050626,-1.050592,-0.800066,-0.000180
cmd,8.610000,323.060000,0.515487,-1.049740,1.050626,-1.050592,-0.800066,-0.000180
cmd,8.615000,323.065000,0.522736,-1.049740,1.050626,-1.050592,-0.800066,-0.000180
cmd,8.620000,323.070000,0.529426,-1.049740,1.050626,-1.050592,-0.800066,-0.000180
cmd,8.625000,323.075000,0.535392,-1.049740,1.050626,-1.050592,-0.800066,-0.000180
cmd,8.630000,323.080000,0.540487,-1.049740,1.050626,-1.050592,-0.800066,-0.000180
cmd,8.635000,323.085000,0.544587,-1.049740,1.050626,-1.050592,-0.800066,-0.000180
cmd,8.640000,323.090000,0.547589,-1.049740,1.050626,-1.050592,-0.800066,-0.000180
cmd,8.645000,323.095000,0.549421,-1.049740,1.050626,-1.050592,-0.800066,-0.000180
cmd,8.650000,323.100000,0.550036,-1.049740,1.050626,-1.050592,-0.800066,-0.000180
cmd,8.655000,323.105000,0.549421,-1.049740,1.050626,-1.050592,-0.800066,-0.000180
cmd,8.660000,323.110000,0.547589,-1.049740,1.050626,-1.050592,-0.800066,-0.000180
cmd,8.665000,323.115000,0.544587,-1.049740,1.050626,-1.050592,-0.800066,-0.000180
cmd,8.670000,323.120000,0.540487,-1.049740,1.050626,-1.050592,-0.800066,-0.000180
cmd,8.675000,323.125000,0.535392,-1.049740,1.050626,-1.050592,-0.800066,-0.000180
cmd,8.680000,323.130000,0.529426,-1.049740,1.050626,-1.050592,-0.800066,-0.000180
cmd,8.685000,323.135000,0.522736,-1.049740,1.050626,-1.050592,-0.800066,-0.000180
cmd,8.690000,323.140000,0.515487,-1.049740,1.050626,-1.050592,-0.800066,-0.000180
cmd,8.695000,323.145000,0.507858,-1.049740,1.050626,-1.050592,-0.800066,-0.000180
cmd,8.700000,323.150000,0.500036,-1.049740,1.050626,-1.050592,-0.800066,-0.000180
cmd,8.705000,323.155000,0.492215,-1.049740,1.050626,-1.050592,-0.800066,-0.000180
cmd,8.710000,323.160000,0.484586,-1.049740,1.050626,-1.050592,-0.800066,-0.000180
cmd,8.715000,323.165000,0.477337,-1.049740,1.050626,-1.050592,-0.800066,-0.000180
cmd,8.720000,323.170000,0.470647,-1.049740,1.050626,-1.050592,-0.800066,-0.000180
cmd,8.725000,323.175000,0.464681,-1.049740,1.050626,-1.050592,-0.800066,-0.000180
cmd,8.730000,323.180000,0.459586,-1.049740,1.050626,-1.050592,-0.800066,-0.000180
cmd,8.735000,323.185000,0.455486,-1.049740,1.050626,-1.050592,-0.800066,-0.000180
cmd,8.740000,323.190000,0.452484,-1.049740,1.050626,-1.050592,-0.800066,-0.000180
cmd,8.745000,323.195000,0.450652,-1.049740,1.050626,-1.050592,-0.800066,-0.000180
cmd,8.750000,323.200000,0.450036,-1.049740,1.050626,-1.050592,-0.800066,-0.000180
cmd,8.755000,323.205000,0.450652,-1.049740,1.050626,-1.050592,-0.800066,-0.000180
cmd,8.760000,323.210000,0.452484,-1.049740,1.050626,-1.050592,-0.800066,-0.000180
cmd,8.765000,323.215000,0.455486,-1.049740,1.050626,-1.050592,-0.800066,-0.000180
cmd,8.770000,323.220000,0.459586,-1.049740,1.050626,-1.050592,-0.800066,-0.000180
cmd,8.775000,323.225000,0.464681,-1.049740,1.050626,-1.050592,-0.800066,-0.000180
cmd,8.780000,323.230000,0.470647,-1.049740,1.050626,-1.050592,-0.800066,-0.000180
cmd,8.785000,323.235000,0.477337,-1.049740,1.050626,-1.050592,-0.800066,-0.000180
cmd,8.790000,323.240000,0.484586,-1.049740,1.050626,-1.050592,-0.800066,-0.000180
cmd,8.795000,323.245000,0.492215,-1.049740,1.050626,-1.050592,-0.800066,-0.000180
cmd,8.800000,323.250000,0.500036,-1.049740,1.050626,-1.050592,-0.800066,-0.000180
cmd,8.805000,323.255000,0.507858,-1.049740,1.050626,-1.050592,-0.800066,-0.000180
cmd,8.810000,323.260000,0.515487,-1.049740,1.050626,-1.050592,-0.800066,-0.000180
cmd,8.815000,323.265000,0.522736,-1.049740,1.050626,-1.050592,-0.800066,-0.000180
cmd,8.820000,323.270000,0.529426,-1.049740,1.050626,-1.050592,-0.800066,-0.000180
cmd,8.825000,323.275000,0.535392,-1.049740,1.050626,-1.050592,-0.800066,-0.000180
cmd,8.830000,323.280000,0.540487,-1.049740,1.050626,-1.050592,-0.800066,-0.000180
cmd,8.835000,323.285000,0.544587,-1.049740,1.050626,-1.050592,-0.800066,-0.000180
cmd,8.840000,323.290000,0.547589,-1.049740,1.050626,-1.050592,-0.800066,-0.000180
cmd,8.845000,323.295000,0.549421,-1.049740,1.050626,-1.050592,-0.800066,-0.000180
cmd,8.850000,323.300000,0.550036,-1.049740,1.050626,-1.050592,-0.800066,-0.000180
cmd,8.855000,323.305000,0.549421,-1.049740,1.050626,-1.050592,-0.800066,-0.000180
cmd,8.860000,323.310000,0.547589,-1.049740,1.050626,-1.050592,-0.800066,-0.000180
cmd,8.865000,323.315000,0.544587,-1.049740,1.050626,-1.050592,-0.800066,-0.000180
cmd,8.870000,323.320000,0.540487,-1.049740,1.050626,-1.050592,-0.800066,-0.000180
cmd,8.875000,323.325000,0.535392,-1.049740,1.050626,-1.050592,-0.800066,-0.000180
cmd,8.880000,323.330000,0.529426,-1.049740,1.050626,-1.050592,-0.800066,-0.000180
cmd,8.885000,323.335000,0.522736,-1.049740,1.050626,-1.050592,-0.800066,-0.000180
cmd,8.890000,323.340000,0.515487,-1.049740,1.050626,-1.050592,-0.800066,-0.000180
cmd,8.895000,323.345000,0.507858,-1.049740,1.050626,-1.050592,-0.800066,-0.000180
cmd,8.900000,323.350000,0.500036,-1.049740,1.050626,-1.050592,-0.800066,-0.000180
cmd,8.905000,323.355000,0.492215,-1.049740,1.050626,-1.050592,-0.800066,-0.000180
cmd,8.910000,323.360000,0.484586,-1.049740,1.050626,-1.050592,-0.800066,-0.000180
cmd,8.915000,323.365000,0.477337,-1.049740,1.050626,-1.050592,-0.800066,-0.000180
cmd,8.920000,323.370000,0.470647,-1.049740,1.050626,-1.050592,-0.800066,-0.000180
cmd,8.925000,323.375000,0.464681,-1.049740,1.050626,-1.050592,-0.800066,-0.000180
cmd,8.930000,323.380000,0.459586,-1.049740,1.050626,-1.050592,-0.800066,-0.000180
cmd,8.935000,323.385000,0.455486,-1.049740,1.050626,-1.050592,-0.800066,-0.000180
cmd,8.940000,323.390000,0.452484,-1.049740,1.050626,-1.050592,-0.800066,-0.000180
cmd,8.945000,323.395000,0.450652,-1.049740,1.050626,-1.050592,-0.800066,-0.000180
cmd,8.950000,323.400000,0.450036,-1.049740,1.050626,-1.050592,-0.800066,-0.000180
cmd,8.955000,323.405000,0.450652,-1.049740,1.050626,-1.050592,-0.800066,-0.000180
cmd,8.960000,323.410000,0.452484,-1.049740,1.050626,-1.050592,-0.800066,-0.000180
cmd,8.965000,323.415000,0.455486,-1.049740,1.050626,-1.050592,-0.800066,-0.000180
cmd,8.970000,323.420000,0.459586,-1.049740,1.050626,-1.050592,-0.800066,-0.000180
cmd,8.975000,323.425000,0.464681,-1.049740,1.050626,-1.050592,-0.800066,-0.000180
cmd,8.980000,323.430000,0.470647,-1.049740,1.050626,-1.050592,-0.800066,-0.000180
cmd,8.985000,323.435000,0.477337,-1.049740,1.050626,-1.050592,-0.800066,-0.000180
cmd,8.990000,323.440000,0.484586,-1.049740,1.050626,-1.050592,-0.800066,-0.000180
cmd,8.995000,323.445000,0.492215,-1.049740,1.050626,-1.050592,-0.800066,-0.000180
cmd,9.000000,323.450000,0.500036,-1.049740,1.050626,-1.050592,-0.800066,-0.000180
cmd,9.005000,323.455000,0.507858,-1.049740,1.050626,-1.050592,-0.800066,-0.000180
cmd,9.010000,323.460000,0.515487,-1.049740,1.050626,-1.050592,-0.800066,-0.000180
cmd,9.015000,323.465000,0.522736,-1.049740,1.050626,-1.050592,-0.800066,-0.000180
cmd,9.020000,323.470000,0.529426,-1.049740,1.050626,-1.050592,-0.800066,-0.000180
cmd,9.025000,323.475000,0.535392,-1.049740,1.050626,-1.050592,-0.800066,-0.000180
cmd,9.030000,323.480000,0.540487,-1.049740,1.050626,-1.050592,-0.800066,-0.000180
cmd,9.035000,323.485000,0.544587,-1.049740,1.050626,-1.050592,-0.800066,-0.000180
cmd,9.040000,323.490000,0.547589,-1.049740,1.050626,-1.050592,-0.800066,-0.000180
cmd,9.045000,323.495000,0.549421,-1.049740,1.050626,-1.050592,-0.800066,-0.000180
cmd,9.050000,323.500000,0.550036,-1.049740,1.050626,-1.050592,-0.800066,-0.000180
cmd,9.055000,323.505000,0.549421,-1.049740,1.050626,-1.050592,-0.800066,-0.000180
cmd,9.060000,323.510000,0.547589,-1.049740,1.050626,-1.050592,-0.800066,-0.000180
cmd,9.065000,323.515000,0.544587,-1.049740,1.050626,-1.050592,-0.800066,-0.000180
cmd,9.070000,323.520000,0.540487,-1.049740,1.050626,-1.050592,-0.800066,-0.000180
cmd,9.075000,323.525000,0.535392,-1.049740,1.050626,-1.050592,-0.800066,-0.000180
cmd,9.080000,323.530000,0.529426,-1.049740,1.050626,-1.050592,-0.800066,-0.000180
cmd,9.085000,323.535000,0.522736,-1.049740,1.050626,-1.050592,-0.800066,-0.000180
cmd,9.090000,323.540000,0.515487,-1.049740,1.050626,-1.050592,-0.800066,-0.000180
cmd,9.095000,323.545000,0.507858,-1.049740,1.050626,-1.050592,-0.800066,-0.000180
cmd,9.100000,323.550000,0.500036,-1.049740,1.050626,-1.050592,-0.800066,-0.000180
cmd,9.105000,323.555000,0.492215,-1.049740,1.050626,-1.050592,-0.800066,-0.000180
cmd,9.110000,323.560000,0.484586,-1.049740,1.050626,-1.050592,-0.800066,-0.000180
cmd,9.115000,323.565000,0.477337,-1.049740,1.050626,-1.050592,-0.800066,-0.000180
cmd,9.120000,323.570000,0.470647,-1.049740,1.050626,-1.050592,-0.800066,-0.000180
cmd,9.125000,323.575000,0.464681,-1.049740,1.050626,-1.050592,-0.800066,-0.000180
cmd,9.130000,323.580000,0.459586,-1.049740,1.050626,-1.050592,-0.800066,-0.000180
cmd,9.135000,323.585000,0.455486,-1.049740,1.050626,-1.050592,-0.800066,-0.000180
cmd,9.140000,323.590000,0.452484,-1.049740,1.050626,-1.050592,-0.800066,-0.000180
cmd,9.145000,323.595000,0.450652,-1.049740,1.050626,-1.050592,-0.800066,-0.000180
cmd,9.150000,323.600000,0.450036,-1.049740,1.050626,-1.050592,-0.800066,-0.000180
cmd,9.155000,323.605000,0.450652,-1.049740,1.050626,-1.050592,-0.800066,-0.000180
cmd,9.160000,323.610000,0.452484,-1.049740,1.050626,-1.050592,-0.800066,-0.000180
cmd,9.165000,323.615000,0.455486,-1.049740,1.050626,-1.050592,-0.800066,-0.000180
cmd,9.170000,323.620000,0.459586,-1.049740,1.050626,-1.050592,-0.800066,-0.000180
cmd,9.175000,323.625000,0.464681,-1.049740,1.050626,-1.050592,-0.800066,-0.000180
cmd,9.180000,323.630000,0.470647,-1.049740,1.050626,-1.050592,-0.800066,-0.000180
cmd,9.185000,323.635000,0.477337,-1.049740,1.050626,-1.050592,-0.800066,-0.000180
cmd,9.190000,323.640000,0.484586,-1.049740,1.050626,-1.050592,-0.800066,-0.000180
cmd,9.195000,323.645000,0.492215,-1.049740,1.050626,-1.050592,-0.800066,-0.000180
cmd,9.200000,323.650000,0.500036,-1.049740,1.050626,-1.050592,-0.800066,-0.000180
cmd,9.205000,323.655000,0.507858,-1.049740,1.050626,-1.050592,-0.800066,-0.000180
cmd,9.210000,323.660000,0.515487,-1.049740,1.050626,-1.050592,-0.800066,-0.000180
cmd,9.215000,323.665000,0.522736,-1.049740,1.050626,-1.050592,-0.800066,-0.000180
cmd,9.220000,323.670000,0.529426,-1.049740,1.050626,-1.050592,-0.800066,-0.000180
cmd,9.225000,323.675000,0.535392,-1.049740,1.050626,-1.050592,-0.800066,-0.000180
cmd,9.230000,323.680000,0.540487,-1.049740,1.050626,-1.050592,-0.800066,-0.000180
cmd,9.235000,323.685000,0.544587,-1.049740,1.050626,-1.050592,-0.800066,-0.000180
cmd,9.240000,323.690000,0.547589,-1.049740,1.050626,-1.050592,-0.800066,-0.000180
cmd,9.245000,323.695000,0.549421,-1.049740,1.050626,-1.050592,-0.800066,-0.000180
cmd,9.250000,323.700000,0.550036,-1.049740,1.050626,-1.050592,-0.800066,-0.000180
cmd,9.255000,323.705000,0.549421,-1.049740,1.050626,-1.050592,-0.800066,-0.000180
cmd,9.260000,323.710000,0.547589,-1.049740,1.050626,-1.050592,-0.800066,-0.000180
cmd,9.265000,323.715000,0.544587,-1.049740,1.050626,-1.050592,-0.800066,-0.000180
cmd,9.270000,323.720000,0.540487,-1.049740,1.050626,-1.050592,-0.800066,-0.000180
cmd,9.275000,323.725000,0.535392,-1.049740,1.050626,-1.050592,-0.800066,-0.000180
cmd,9.280000,323.730000,0.529426,-1.049740,1.050626,-1.050592,-0.800066,-0.000180
cmd,9.285000,323.735000,0.522736,-1.049740,1.050626,-1.050592,-0.800066,-0.000180
cmd,9.290000,323.740000,0.515487,-1.049740,1.050626,-1.050592,-0.800066,-0.000180
cmd,9.295000,323.745000,0.507858,-1.049740,1.050626,-1.050592,-0.800066,-0.000180
cmd,9.300000,323.750000,0.500036,-1.049740,1.050626,-1.050592,-0.800066,-0.000180
cmd,9.305000,323.755000,0.492215,-1.049740,1.050626,-1.050592,-0.800066,-0.000180
cmd,9.310000,323.760000,0.484586,-1.049740,1.050626,-1.050592,-0.800066,-0.000180
cmd,9.315000,323.765000,0.477337,-1.049740,1.050626,-1.050592,-0.800066,-0.000180
cmd,9.320000,323.770000,0.470647,-1.049740,1.050626,-1.050592,-0.800066,-0.000180
cmd,9.325000,323.775000,0.464681,-1.049740,1.050626,-1.050592,-0.800066,-0.000180
cmd,9.330000,323.780000,0.459586,-1.049740,1.050626,-1.050592,-0.800066,-0.000180
cmd,9.335000,323.785000,0.455486,-1.049740,1.050626,-1.050592,-0.800066,-0.000180
cmd,9.340000,323.790000,0.452484,-1.049740,1.050626,-1.050592,-0.800066,-0.000180
cmd,9.345000,323.795000,0.450652,-1.049740,1.050626,-1.050592,-0.800066,-0.000180
cmd,9.350000,323.800000,0.450036,-1.049740,1.050626,-1.050592,-0.800066,-0.000180
cmd,9.355000,323.805000,0.450652,-1.049740,1.050626,-1.050592,-0.800066,-0.000180
cmd,9.360000,323.810000,0.452484,-1.049740,1.050626,-1.050592,-0.800066,-0.000180
cmd,9.365000,323.815000,0.455486,-1.049740,1.050626,-1.050592,-0.800066,-0.000180
cmd,9.370000,323.820000,0.459586,-1.049740,1.050626,-1.050592,-0.800066,-0.000180
cmd,9.375000,323.825000,0.464681,-1.049740,1.050626,-1.050592,-0.800066,-0.000180
cmd,9.380000,323.830000,0.470647,-1.049740,1.050626,-1.050592,-0.800066,-0.000180
cmd,9.385000,323.835000,0.477337,-1.049740,1.050626,-1.050592,-0.800066,-0.000180
cmd,9.390000,323.840000,0.484586,-1.049740,1.050626,-1.050592,-0.800066,-0.000180
cmd,9.395000,323.845000,0.492215,-1.049740,1.050626,-1.050592,-0.800066,-0.000180
cmd,9.400000,323.850000,0.500036,-1.049740,1.050626,-1.050592,-0.800066,-0.000180
cmd,9.405000,323.855000,0.507858,-1.049740,1.050626,-1.050592,-0.800066,-0.000180
cmd,9.410000,323.860000,0.515487,-1.049740,1.050626,-1.050592,-0.800066,-0.000180
cmd,9.415000,323.865000,0.522736,-1.049740,1.050626,-1.050592,-0.800066,-0.000180
cmd,9.420000,323.870000,0.529426,-1.049740,1.050626,-1.050592,-0.800066,-0.000180
cmd,9.425000,323.875000,0.535392,-1.049740,1.050626,-1.050592,-0.800066,-0.000180
cmd,9.430000,323.880000,0.540487,-1.049740,1.050626,-1.050592,-0.800066,-0.000180
cmd,9.435000,323.885000,0.544587,-1.049740,1.050626,-1.050592,-0.800066,-0.000180
cmd,9.440000,323.890000,0.547589,-1.049740,1.050626,-1.050592,-0.800066,-0.000180
cmd,9.445000,323.895000,0.549421,-1.049740,1.050626,-1.050592,-0.800066,-0.000180
cmd,9.450000,323.900000,0.550036,-1.049740,1.050626,-1.050592,-0.800066,-0.000180
cmd,9.455000,323.905000,0.549421,-1.049740,1.050626,-1.050592,-0.800066,-0.000180
cmd,9.460000,323.910000,0.547589,-1.049740,1.050626,-1.050592,-0.800066,-0.000180
cmd,9.465000,323.915000,0.544587,-1.049740,1.050626,-1.050592,-0.800066,-0.000180
cmd,9.470000,323.920000,0.540487,-1.049740,1.050626,-1.050592,-0.800066,-0.000180
cmd,9.475000,323.925000,0.535392,-1.049740,1.050626,-1.050592,-0.800066,-0.000180
cmd,9.480000,323.930000,0.529426,-1.049740,1.050626,-1.050592,-0.800066,-0.000180
cmd,9.485000,323.935000,0.522736,-1.049740,1.050626,-1.050592,-0.800066,-0.000180
cmd,9.490000,323.940000,0.515487,-1.049740,1.050626,-1.050592,-0.800066,-0.000180
cmd,9.495000,323.945000,0.507858,-1.049740,1.050626,-1.050592,-0.800066,-0.000180
cmd,9.500000,323.950000,0.500036,-1.049740,1.050626,-1.050592,-0.800066,-0.000180
cmd,9.505000,323.955000,0.492215,-1.049740,1.050626,-1.050592,-0.800066,-0.000180
cmd,9.510000,323.960000,0.484586,-1.049740,1.050626,-1.050592,-0.800066,-0.000180
cmd,9.515000,323.965000,0.477337,-1.049740,1.050626,-1.050592,-0.800066,-0.000180
cmd,9.520000,323.970000,0.470647,-1.049740,1.050626,-1.050592,-0.800066,-0.000180
cmd,9.525000,323.975000,0.464681,-1.049740,1.050626,-1.050592,-0.800066,-0.000180
cmd,9.530000,323.980000,0.459586,-1.049740,1.050626,-1.050592,-0.800066,-0.000180
cmd,9.535000,323.985000,0.455486,-1.049740,1.050626,-1.050592,-0.800066,-0.000180
cmd,9.540000,323.990000,0.452484,-1.049740,1.050626,-1.050592,-0.800066,-0.000180
cmd,9.545000,323.995000,0.450652,-1.049740,1.050626,-1.050592,-0.800066,-0.000180
cmd,9.550000,324.000000,0.450036,-1.049740,1.050626,-1.050592,-0.800066,-0.000180
cmd,9.555000,324.005000,0.450652,-1.049740,1.050626,-1.050592,-0.800066,-0.000180
cmd,9.560000,324.010000,0.452484,-1.049740,1.050626,-1.050592,-0.800066,-0.000180
cmd,9.565000,324.015000,0.455486,-1.049740,1.050626,-1.050592,-0.800066,-0.000180
cmd,9.570000,324.020000,0.459586,-1.049740,1.050626,-1.050592,-0.800066,-0.000180
cmd,9.575000,324.025000,0.464681,-1.049740,1.050626,-1.050592,-0.800066,-0.000180
cmd,9.580000,324.030000,0.470647,-1.049740,1.050626,-1.050592,-0.800066,-0.000180
cmd,9.585000,324.035000,0.477337,-1.049740,1.050626,-1.050592,-0.800066,-0.000180
cmd,9.590000,324.040000,0.484586,-1.049740,1.050626,-1.050592,-0.800066,-0.000180
cmd,9.595000,324.045000,0.492215,-1.049740,1.050626,-1.050592,-0.800066,-0.000180
cmd,9.600000,324.050000,0.500036,-1.049740,1.050626,-1.050592,-0.800066,-0.000180
cmd,9.605000,324.055000,0.507858,-1.049740,1.050626,-1.050592,-0.800066,-0.000180
cmd,9.610000,324.060000,0.515487,-1.049740,1.050626,-1.050592,-0.800066,-0.000180
cmd,9.615000,324.065000,0.522736,-1.049740,1.050626,-1.050592,-0.800066,-0.000180
cmd,9.620000,324.070000,0.529426,-1.049740,1.050626,-1.050592,-0.800066,-0.000180
cmd,9.625000,324.075000,0.535392,-1.049740,1.050626,-1.050592,-0.800066,-0.000180
cmd,9.630000,324.080000,0.540487,-1.049740,1.050626,-1.050592,-0.800066,-0.000180
cmd,9.635000,324.085000,0.544587,-1.049740,1.050626,-1.050592,-0.800066,-0.000180
cmd,9.640000,324.090000,0.547589,-1.049740,1.050626,-1.050592,-0.800066,-0.000180
cmd,9.645000,324.095000,0.549421,-1.049740,1.050626,-1.050592,-0.800066,-0.000180
cmd,9.650000,324.100000,0.550036,-1.049740,1.050626,-1.050592,-0.800066,-0.000180
cmd,9.655000,324.105000,0.549421,-1.049740,1.050626,-1.050592,-0.800066,-0.000180
cmd,9.660000,324.110000,0.547589,-1.049740,1.050626,-1.050592,-0.800066,-0.000180
cmd,9.665000,324.115000,0.544587,-1.049740,1.050626,-1.050592,-0.800066,-0.000180
cmd,9.670000,324.120000,0.540487,-1.049740,1.050626,-1.050592,-0.800066,-0.000180
cmd,9.675000,324.125000,0.535392,-1.049740,1.050626,-1.050592,-0.800066,-0.000180
cmd,9.680000,324.130000,0.529426,-1.049740,1.050626,-1.050592,-0.800066,-0.000180
cmd,9.685000,324.135000,0.522736,-1.049740,1.050626,-1.050592,-0.800066,-0.000180
cmd,9.690000,324.140000,0.515487,-1.049740,1.050626,-1.050592,-0.800066,-0.000180
cmd,9.695000,324.145000,0.507858,-1.049740,1.050626,-1.050592,-0.800066,-0.000180
cmd,9.700000,324.150000,0.500036,-1.049740,1.050626,-1.050592,-0.800066,-0.000180
cmd,9.705000,324.155000,0.492215,-1.049740,1.050626,-1.050592,-0.800066,-0.000180
cmd,9.710000,324.160000,0.484586,-1.049740,1.050626,-1.050592,-0.800066,-0.000180
cmd,9.715000,324.165000,0.477337,-1.049740,1.050626,-1.050592,-0.800066,-0.000180
cmd,9.720000,324.170000,0.470647,-1.049740,1.050626,-1.050592,-0.800066,-0.000180
cmd,9.725000,324.175000,0.464681,-1.049740,1.050626,-1.050592,-0.800066,-0.000180
cmd,9.730000,324.180000,0.459586,-1.049740,1.050626,-1.050592,-0.800066,-0.000180
cmd,9.735000,324.185000,0.455486,-1.049740,1.050626,-1.050592,-0.800066,-0.000180
cmd,9.740000,324.190000,0.452484,-1.049740,1.050626,-1.050592,-0.800066,-0.000180
cmd,9.745000,324.195000,0.450652,-1.049740,1.050626,-1.050592,-0.800066,-0.000180
cmd,9.750000,324.200000,0.450036,-1.049740,1.050626,-1.050592,-0.800066,-0.000180
cmd,9.755000,324.205000,0.450652,-1.049740,1.050626,-1.050592,-0.800066,-0.000180
cmd,9.760000,324.210000,0.452484,-1.049740,1.050626,-1.050592,-0.800066,-0.000180
cmd,9.765000,324.215000,0.455486,-1.049740,1.050626,-1.050592,-0.800066,-0.000180
cmd,9.770000,324.220000,0.459586,-1.049740,1.050626,-1.050592,-0.800066,-0.000180
cmd,9.775000,324.225000,0.464681,-1.049740,1.050626,-1.050592,-0.800066,-0.000180
cmd,9.780000,324.230000,0.470647,-1.049740,1.050626,-1.050592,-0.800066,-0.000180
cmd,9.785000,324.235000,0.477337,-1.049740,1.050626,-1.050592,-0.800066,-0.000180
cmd,9.790000,324.240000,0.484586,-1.049740,1.050626,-1.050592,-0.800066,-0.000180
cmd,9.795000,324.245000,0.492215,-1.049740,1.050626,-1.050592,-0.800066,-0.000180
cmd,9.800000,324.250000,0.500036,-1.049740,1.050626,-1.050592,-0.800066,-0.000180
cmd,9.805000,324.255000,0.507858,-1.049740,1.050626,-1.050592,-0.800066,-0.000180
cmd,9.810000,324.260000,0.515487,-1.049740,1.050626,-1.050592,-0.800066,-0.000180
cmd,9.815000,324.265000,0.522736,-1.049740,1.050626,-1.050592,-0.800066,-0.000180
cmd,9.820000,324.270000,0.529426,-1.049740,1.050626,-1.050592,-0.800066,-0.000180
cmd,9.825000,324.275000,0.535392,-1.049740,1.050626,-1.050592,-0.800066,-0.000180
cmd,9.830000,324.280000,0.540487,-1.049740,1.050626,-1.050592,-0.800066,-0.000180
cmd,9.835000,324.285000,0.544587,-1.049740,1.050626,-1.050592,-0.800066,-0.000180
cmd,9.840000,324.290000,0.547589,-1.049740,1.050626,-1.050592,-0.800066,-0.000180
cmd,9.845000,324.295000,0.549421,-1.049740,1.050626,-1.050592,-0.800066,-0.000180
cmd,9.850000,324.300000,0.550036,-1.049740,1.050626,-1.050592,-0.800066,-0.000180
cmd,9.855000,324.305000,0.549421,-1.049740,1.050626,-1.050592,-0.800066,-0.000180
cmd,9.860000,324.310000,0.547589,-1.049740,1.050626,-1.050592,-0.800066,-0.000180
cmd,9.865000,324.315000,0.544587,-1.049740,1.050626,-1.050592,-0.800066,-0.000180
cmd,9.870000,324.320000,0.540487,-1.049740,1.050626,-1.050592,-0.800066,-0.000180
cmd,9.875000,324.325000,0.535392,-1.049740,1.050626,-1.050592,-0.800066,-0.000180
cmd,9.880000,324.330000,0.529426,-1.049740,1.050626,-1.050592,-0.800066,-0.000180
cmd,9.885000,324.335000,0.522736,-1.049740,1.050626,-1.050592,-0.800066,-0.000180
cmd,9.890000,324.340000,0.515487,-1.049740,1.050626,-1.050592,-0.800066,-0.000180
cmd,9.895000,324.345000,0.507858,-1.049740,1.050626,-1.050592,-0.800066,-0.000180
cmd,9.900000,324.350000,0.500036,-1.049740,1.050626,-1.050592,-0.800066,-0.000180
cmd,9.905000,324.355000,0.492215,-1.049740,1.050626,-1.050592,-0.800066,-0.000180
cmd,9.910000,324.360000,0.484586,-1.049740,1.050626,-1.050592,-0.800066,-0.000180
cmd,9.915000,324.365000,0.477337,-1.049740,1.050626,-1.050592,-0.800066,-0.000180
cmd,9.920000,324.370000,0.470647,-1.049740,1.050626,-1.050592,-0.800066,-0.000180
cmd,9.925000,324.375000,0.464681,-1.049740,1.050626,-1.050592,-0.800066,-0.000180
cmd,9.930000,324.380000,0.459586,-1.049740,1.050626,-1.050592,-0.800066,-0.000180
cmd,9.935000,324.385000,0.455486,-1.049740,1.050626,-1.050592,-0.800066,-0.000180
cmd,9.940000,324.390000,0.452484,-1.049740,1.050626,-1.050592,-0.800066,-0.000180
cmd,9.945000,324.395000,0.450652,-1.049740,1.050626,-1.050592,-0.800066,-0.000180
cmd,9.950000,324.400000,0.450036,-1.049740,1.050626,-1.050592,-0.800066,-0.000180
cmd,9.955000,324.405000,0.450652,-1.049740,1.050626,-1.050592,-0.800066,-0.000180
cmd,9.960000,324.410000,0.452484,-1.049740,1.050626,-1.050592,-0.800066,-0.000180
cmd,9.965000,324.415000,0.455486,-1.049740,1.050626,-1.050592,-0.800066,-0.000180
cmd,9.970000,324.420000,0.459586,-1.049740,1.050626,-1.050592,-0.800066,-0.000180
cmd,9.975000,324.425000,0.464681,-1.049740,1.050626,-1.050592,-0.800066,-0.000180
cmd,9.980000,324.430000,0.470647,-1.049740,1.050626,-1.050592,-0.800066,-0.000180
cmd,9.985000,324.435000,0.477337,-1.049740,1.050626,-1.050592,-0.800066,-0.000180
cmd,9.990000,324.440000,0.484586,-1.049740,1.050626,-1.050592,-0.800066,-0.000180
cmd,9.995000,324.445000,0.492215,-1.049740,1.050626,-1.050592,-0.800066,-0.000180
cmd,10.000000,324.450000,0.500036,-1.049740,1.050626,-1.050592,-0.800066,-0.000180
actual,-0.145000,314.305000,0.500036,-1.049740,1.050626,-1.050592,-0.800066,-0.000180
actual,-0.140000,314.310000,0.500036,-1.049740,1.050626,-1.050592,-0.800066,-0.000180
actual,-0.135000,314.315000,0.500036,-1.049740,1.050626,-1.050592,-0.800066,-0.000180
actual,-0.130000,314.320000,0.500036,-1.049740,1.050626,-1.050592,-0.800066,-0.000180
actual,-0.125000,314.325000,0.500036,-1.049740,1.050626,-1.050592,-0.800066,-0.000180
actual,-0.120000,314.330000,0.500036,-1.049740,1.050626,-1.050592,-0.800066,-0.000180
actual,-0.115000,314.335000,0.500036,-1.049740,1.050626,-1.050592,-0.800066,-0.000180
actual,-0.110000,314.340000,0.500036,-1.049740,1.050626,-1.050592,-0.800066,-0.000180
actual,-0.105000,314.345000,0.500036,-1.049740,1.050626,-1.050592,-0.800066,-0.000180
actual,-0.100000,314.350000,0.500036,-1.049740,1.050626,-1.050592,-0.800066,-0.000180
actual,-0.095000,314.355000,0.500036,-1.049740,1.050626,-1.050592,-0.800066,-0.000180
actual,-0.090000,314.360000,0.500036,-1.049740,1.050626,-1.050592,-0.800066,-0.000180
actual,-0.085000,314.365000,0.500036,-1.049740,1.050626,-1.050592,-0.800066,-0.000180
actual,-0.080000,314.370000,0.500036,-1.049740,1.050626,-1.050592,-0.800066,-0.000180
actual,-0.075000,314.375000,0.500036,-1.049740,1.050626,-1.050592,-0.800066,-0.000180
actual,-0.070000,314.380000,0.500036,-1.049740,1.050626,-1.050592,-0.800066,-0.000180
actual,-0.065000,314.385000,0.500036,-1.049740,1.050626,-1.050592,-0.800066,-0.000180
actual,-0.060000,314.390000,0.500036,-1.049740,1.050626,-1.050592,-0.800066,-0.000180
actual,-0.055000,314.395000,0.500036,-1.049740,1.050626,-1.050592,-0.800066,-0.000180
actual,-0.050000,314.400000,0.500036,-1.049740,1.050626,-1.050592,-0.800066,-0.000180
actual,-0.045000,314.405000,0.500036,-1.049740,1.050626,-1.050592,-0.800066,-0.000180
actual,-0.040000,314.410000,0.500036,-1.049740,1.050626,-1.050592,-0.800066,-0.000180
actual,-0.035000,314.415000,0.500036,-1.049740,1.050626,-1.050592,-0.800066,-0.000180
actual,-0.030000,314.420000,0.500036,-1.049740,1.050626,-1.050592,-0.800066,-0.000180
actual,-0.025000,314.425000,0.500036,-1.049740,1.050626,-1.050592,-0.800066,-0.000180
actual,-0.020000,314.430000,0.500036,-1.049740,1.050626,-1.050592,-0.800066,-0.000180
actual,-0.015000,314.435000,0.500036,-1.049740,1.050626,-1.050592,-0.800066,-0.000180
actual,-0.010000,314.440000,0.500036,-1.049740,1.050626,-1.050592,-0.800066,-0.000180
actual,-0.005000,314.445000,0.500036,-1.049740,1.050626,-1.050592,-0.800066,-0.000180
actual,-0.000000,314.450000,0.500036,-1.049740,1.050626,-1.050592,-0.800066,-0.000180
actual,0.005000,314.455000,0.500036,-1.049740,1.050626,-1.050592,-0.800066,-0.000180
actual,0.010000,314.460000,0.507097,-1.049740,1.050626,-1.050592,-0.800066,-0.000180
actual,0.015000,314.465000,0.514862,-1.049740,1.050626,-1.050592,-0.800066,-0.000180
actual,0.020000,314.470000,0.522026,-1.049740,1.050626,-1.050592,-0.800066,-0.000180
actual,0.025000,314.475000,0.528643,-1.049740,1.050626,-1.050592,-0.800066,-0.000180
actual,0.030000,314.480000,0.534502,-1.049740,1.050626,-1.050592,-0.800066,-0.000180
actual,0.035000,314.485000,0.539472,-1.049740,1.050626,-1.050592,-0.800066,-0.000180
actual,0.040000,314.490000,0.543428,-1.049740,1.050626,-1.050592,-0.800066,-0.000180
actual,0.045000,314.495000,0.546274,-1.049740,1.050626,-1.050592,-0.800066,-0.000180
actual,0.050000,314.500000,0.547942,-1.049740,1.050626,-1.050592,-0.800066,-0.000180
actual,0.055000,314.505000,0.548392,-1.049740,1.050626,-1.050592,-0.800066,-0.000180
actual,0.060000,314.510000,0.547612,-1.049740,1.050626,-1.050592,-0.800066,-0.000180
actual,0.065000,314.515000,0.545625,-1.049740,1.050626,-1.050592,-0.800066,-0.000180
actual,0.070000,314.520000,0.542478,-1.049740,1.050626,-1.050592,-0.800066,-0.000180
actual,0.075000,314.525000,0.538251,-1.049740,1.050626,-1.050592,-0.800066,-0.000180
actual,0.080000,314.530000,0.533049,-1.049740,1.050626,-1.050592,-0.800066,-0.000180
actual,0.085000,314.535000,0.527001,-1.049740,1.050626,-1.050592,-0.800066,-0.000180
actual,0.090000,314.540000,0.520255,-1.049740,1.050626,-1.050592,-0.800066,-0.000180
actual,0.095000,314.545000,0.512980,-1.049740,1.050626,-1.050592,-0.800066,-0.000180
actual,0.100000,314.550000,0.505356,-1.049740,1.050626,-1.050592,-0.800066,-0.000180
actual,0.105000,314.555000,0.497570,-1.049740,1.050626,-1.050592,-0.800066,-0.000180
actual,0.110000,314.560000,0.489815,-1.049740,1.050626,-1.050592,-0.800066,-0.000180
actual,0.115000,314.565000,0.482283,-1.049740,1.050626,-1.050592,-0.800066,-0.000180
actual,0.120000,314.570000,0.475160,-1.049740,1.050626,-1.050592,-0.800066,-0.000180
actual,0.125000,314.575000,0.468622,-1.049740,1.050626,-1.050592,-0.800066,-0.000180
actual,0.130000,314.580000,0.462831,-1.049740,1.050626,-1.050592,-0.800066,-0.000180
actual,0.135000,314.585000,0.457930,-1.049740,1.050626,-1.050592,-0.800066,-0.000180
actual,0.140000,314.590000,0.454041,-1.049740,1.050626,-1.050592,-0.800066,-0.000180
actual,0.145000,314.595000,0.451259,-1.049740,1.050626,-1.050592,-0.800066,-0.000180
actual,0.150000,314.600000,0.449654,-1.049740,1.050626,-1.050592,-0.800066,-0.000180
actual,0.155000,314.605000,0.449266,-1.049740,1.050626,-1.050592,-0.800066,-0.000180
actual,0.160000,314.610000,0.450106,-1.049740,1.050626,-1.050592,-0.800066,-0.000180
actual,0.165000,314.615000,0.452152,-1.049740,1.050626,-1.050592,-0.800066,-0.000180
actual,0.170000,314.620000,0.455356,-1.049740,1.050626,-1.050592,-0.800066,-0.000180
actual,0.175000,314.625000,0.459638,-1.049740,1.050626,-1.050592,-0.800066,-0.000180
actual,0.180000,314.630000,0.464895,-1.049740,1.050626,-1.050592,-0.800066,-0.000180
actual,0.185000,314.635000,0.470996,-1.049740,1.050626,-1.050592,-0.800066,-0.000180
actual,0.190000,314.640000,0.477793,-1.049740,1.050626,-1.050592,-0.800066,-0.000180
actual,0.195000,314.645000,0.485119,-1.049740,1.050626,-1.050592,-0.800066,-0.000180
actual,0.200000,314.650000,0.492792,-1.049740,1.050626,-1.050592,-0.800066,-0.000180
actual,0.205000,314.655000,0.500626,-1.049740,1.050626,-1.050592,-0.800066,-0.000180
actual,0.210000,314.660000,0.508428,-1.049740,1.050626,-1.050592,-0.800066,-0.000180
actual,0.215000,314.665000,0.516006,-1.049740,1.050626,-1.050592,-0.800066,-0.000180
actual,0.220000,314.670000,0.523173,-1.049740,1.050626,-1.050592,-0.800066,-0.000180
actual,0.225000,314.675000,0.529754,-1.049740,1.050626,-1.050592,-0.800066,-0.000180
actual,0.230000,314.680000,0.535587,-1.049740,1.050626,-1.050592,-0.800066,-0.000180
actual,0.235000,314.685000,0.540529,-1.049740,1.050626,-1.050592,-0.800066,-0.000180
actual,0.240000,314.690000,0.544459,-1.049740,1.050626,-1.050592,-0.800066,-0.000180
actual,0.245000,314.695000,0.547280,-1.049740,1.050626,-1.050592,-0.800066,-0.000180
actual,0.250000,314.700000,0.548923,-1.049740,1.050626,-1.050592,-0.800066,-0.000180
actual,0.255000,314.705000,0.549348,-1.049740,1.050626,-1.050592,-0.800066,-0.000180
actual,0.260000,314.710000,0.548545,-1.049740,1.050626,-1.050592,-0.800066,-0.000180
actual,0.265000,314.715000,0.546534,-1.049740,1.050626,-1.050592,-0.800066,-0.000180
actual,0.270000,314.720000,0.543365,-1.049740,1.050626,-1.050592,-0.800066,-0.000180
actual,0.275000,314.725000,0.539116,-1.049740,1.050626,-1.050592,-0.800066,-0.000180
actual,0.280000,314.730000,0.533892,-1.049740,1.050626,-1.050592,-0.800066,-0.000180
actual,0.285000,314.735000,0.527823,-1.049740,1.050626,-1.050592,-0.800066,-0.000180
actual,0.290000,314.740000,0.521057,-1.049740,1.050626,-1.050592,-0.800066,-0.000180
actual,0.295000,314.745000,0.513762,-1.049740,1.050626,-1.050592,-0.800066,-0.000180
actual,0.300000,314.750000,0.506118,-1.049740,1.050626,-1.050592,-0.800066,-0.000180
actual,0.305000,314.755000,0.498313,-1.049740,1.050626,-1.050592,-0.800066,-0.000180
actual,0.310000,314.760000,0.490539,-1.049740,1.050626,-1.050592,-0.800066,-0.000180
actual,0.315000,314.765000,0.482989,-1.049740,1.050626,-1.050592,-0.800066,-0.000180
actual,0.320000,314.770000,0.475849,-1.049740,1.050626,-1.050592,-0.800066,-0.000180
actual,0.325000,314.775000,0.469294,-1.049740,1.050626,-1.050592,-0.800066,-0.000180
actual,0.330000,314.780000,0.463486,-1.049740,1.050626,-1.050592,-0.800066,-0.000180
actual,0.335000,314.785000,0.458569,-1.049740,1.050626,-1.050592,-0.800066,-0.000180
actual,0.340000,314.790000,0.454664,-1.049740,1.050626,-1.050592,-0.800066,-0.000180
actual,0.345000,314.795000,0.451866,-1.049740,1.050626,-1.050592,-0.800066,-0.000180
actual,0.350000,314.800000,0.450246,-1.049740,1.050626,-1.050592,-0.800066,-0.000180
actual,0.355000,314.805000,0.449844,-1.049740,1.050626,-1.050592,-0.800066,-0.000180
actual,0.360000,314.810000,0.450669,-1.049740,1.050626,-1.050592,-0.800066,-0.000180
actual,0.365000,314.815000,0.452701,-1.049740,1.050626,-1.050592,-0.800066,-0.000180
actual,0.370000,314.820000,0.455891,-1.049740,1.050626,-1.050592,-0.800066,-0.000180
actual,0.375000,314.825000,0.460160,-1.049740,1.050626,-1.050592,-0.800066,-0.000180
actual,0.380000,314.830000,0.465404,-1.049740,1.050626,-1.050592,-0.800066,-0.000180
actual,0.385000,314.835000,0.471493,-1.049740,1.050626,-1.050592,-0.800066,-0.000180
actual,0.390000,314.840000,0.478277,-1.049740,1.050626,-1.050592,-0.800066,-0.000180
actual,0.395000,314.845000,0.485591,-1.049740,1.050626,-1.050592,-0.800066,-0.000180
actual,0.400000,314.850000,0.493253,-1.049740,1.050626,-1.050592,-0.800066,-0.000180
actual,0.405000,314.855000,0.501075,-1.049740,1.050626,-1.050592,-0.800066,-0.000180
actual,0.410000,314.860000,0.508866,-1.049740,1.050626,-1.050592,-0.800066,-0.000180
actual,0.415000,314.865000,0.516432,-1.049740,1.050626,-1.050592,-0.800066,-0.000180
actual,0.420000,314.870000,0.523589,-1.049740,1.050626,-1.050592,-0.800066,-0.000180
actual,0.425000,314.875000,0.530160,-1.049740,1.050626,-1.050592,-0.800066,-0.000180
actual,0.430000,314.880000,0.535983,-1.049740,1.050626,-1.050592,-0.800066,-0.000180
actual,0.435000,314.885000,0.540915,-1.049740,1.050626,-1.050592,-0.800066,-0.000180
actual,0.440000,314.890000,0.544835,-1.049740,1.050626,-1.050592,-0.800066,-0.000180
actual,0.445000,314.895000,0.547647,-1.049740,1.050626,-1.050592,-0.800066,-0.000180
actual,0.450000,314.900000,0.549281,-1.049740,1.050626,-1.050592,-0.800066,-0.000180
actual,0.455000,314.905000,0.549697,-1.049740,1.050626,-1.050592,-0.800066,-0.000180
actual,0.460000,314.910000,0.548885,-1.049740,1.050626,-1.050592,-0.800066,-0.000180
actual,0.465000,314.915000,0.546866,-1.049740,1.050626,-1.050592,-0.800066,-0.000180
actual,0.470000,314.920000,0.543688,-1.049740,1.050626,-1.050592,-0.800066,-0.000180
actual,0.475000,314.925000,0.539431,-1.049740,1.050626,-1.050592,-0.800066,-0.000180
actual,0.480000,314.930000,0.534200,-1.049740,1.050626,-1.050592,-0.800066,-0.000180
actual,0.485000,314.935000,0.528123,-1.049740,1.050626,-1.050592,-0.800066,-0.000180
actual,0.490000,314.940000,0.521349,-1.049740,1.050626,-1.050592,-0.800066,-0.000180
actual,0.495000,314.945000,0.514047,-1.049740,1.050626,-1.050592,-0.800066,-0.000180
actual,0.500000,314.950000,0.506396,-1.049740,1.050626,-1.050592,-0.800066,-0.000180
actual,0.505000,314.955000,0.498584,-1.049740,1.050626,-1.050592,-0.800066,-0.000180
actual,0.510000,314.960000,0.490804,-1.049740,1.050626,-1.050592,-0.800066,-0.000180
actual,0.515000,314.965000,0.483247,-1.049740,1.050626,-1.050592,-0.800066,-0.000180
actual,0.520000,314.970000,0.476100,-1.049740,1.050626,-1.050592,-0.800066,-0.000180
actual,0.525000,314.975000,0.469539,-1.049740,1.050626,-1.050592,-0.800066,-0.000180
actual,0.530000,314.980000,0.463725,-1.049740,1.050626,-1.050592,-0.800066,-0.000180
actual,0.535000,314.985000,0.458802,-1.049740,1.050626,-1.050592,-0.800066,-0.000180
actual,0.540000,314.990000,0.454891,-1.049740,1.050626,-1.050592,-0.800066,-0.000180
actual,0.545000,314.995000,0.452088,-1.049740,1.050626,-1.050592,-0.800066,-0.000180
actual,0.550000,315.000000,0.450463,-1.049740,1.050626,-1.050592,-0.800066,-0.000180
actual,0.555000,315.005000,0.450055,-1.049740,1.050626,-1.050592,-0.800066,-0.000180
actual,0.560000,315.010000,0.450874,-1.049740,1.050626,-1.050592,-0.800066,-0.000180
actual,0.565000,315.015000,0.452902,-1.049740,1.050626,-1.050592,-0.800066,-0.000180
actual,0.570000,315.020000,0.456087,-1.049740,1.050626,-1.050592,-0.800066,-0.000180
actual,0.575000,315.025000,0.460351,-1.049740,1.050626,-1.050592,-0.800066,-0.000180
actual,0.580000,315.030000,0.465590,-1.049740,1.050626,-1.050592,-0.800066,-0.000180
actual,0.585000,315.035000,0.471674,-1.049740,1.050626,-1.050592,-0.800066,-0.000180
actual,0.590000,315.040000,0.478454,-1.049740,1.050626,-1.050592,-0.800066,-0.000180
actual,0.595000,315.045000,0.485763,-1.049740,1.050626,-1.050592,-0.800066,-0.000180
actual,0.600000,315.050000,0.493421,-1.049740,1.050626,-1.050592,-0.800066,-0.000180
actual,0.605000,315.055000,0.501239,-1.049740,1.050626,-1.050592,-0.800066,-0.000180
actual,0.610000,315.060000,0.509025,-1.049740,1.050626,-1.050592,-0.800066,-0.000180
actual,0.615000,315.065000,0.516588,-1.049740,1.050626,-1.050592,-0.800066,-0.000180
actual,0.620000,315.070000,0.523741,-1.049740,1.050626,-1.050592,-0.800066,-0.000180
actual,0.625000,315.075000,0.530308,-1.049740,1.050626,-1.050592,-0.800066,-0.000180
actual,0.630000,315.080000,0.536127,-1.049740,1.050626,-1.050592,-0.800066,-0.000180
actual,0.635000,315.085000,0.541056,-1.049740,1.050626,-1.050592,-0.800066,-0.000180
actual,0.640000,315.090000,0.544973,-1.049740,1.050626,-1.050592,-0.800066,-0.000180
actual,0.645000,315.095000,0.547781,-1.049740,1.050626,-1.050592,-0.800066,-0.000180
actual,0.650000,315.100000,0.549411,-1.049740,1.050626,-1.050592,-0.800066,-0.000180
actual,0.655000,315.105000,0.549824,-1.049740,1.050626,-1.050592,-0.800066,-0.000180
actual,0.660000,315.110000,0.549009,-1.049740,1.050626,-1.050592,-0.800066,-0.000180
actual,0.665000,315.115000,0.546987,-1.049740,1.050626,-1.050592,-0.800066,-0.000180
actual,0.670000,315.120000,0.543806,-1.049740,1.050626,-1.050592,-0.800066,-0.000180
actual,0.675000,315.125000,0.539546,-1.049740,1.050626,-1.050592,-0.800066,-0.000180
actual,0.680000,315.130000,0.534312,-1.049740,1.050626,-1.050592,-0.800066,-0.000180
actual,0.685000,315.135000,0.528232,-1.049740,1.050626,-1.050592,-0.800066,-0.000180
actual,0.690000,315.140000,0.521456,-1.049740,1.050626,-1.050592,-0.800066,-0.000180
actual,0.695000,315.145000,0.514151,-1.049740,1.050626,-1.050592,-0.800066,-0.000180
actual,0.700000,315.150000,0.506497,-1.049740,1.050626,-1.050592,-0.800066,-0.000180
actual,0.705000,315.155000,0.498683,-1.049740,1.050626,-1.050592,-0.800066,-0.000180
actual,0.710000,315.160000,0.490900,-1.049740,1.050626,-1.050592,-0.800066,-0.000180
actual,0.715000,315.165000,0.483341,-1.049740,1.050626,-1.050592,-0.800066,-0.000180
actual,0.720000,315.170000,0.476192,-1.049740,1.050626,-1.050592,-0.800066,-0.000180
actual,0.725000,315.175000,0.469629,-1.049740,1.050626,-1.050592,-0.800066,-0.000180
actual,0.730000,315.180000,0.463812,-1.049740,1.050626,-1.050592,-0.800066,-0.000180
actual,0.735000,315.185000,0.458887,-1.049740,1.050626,-1.050592,-0.800066,-0.000180
actual,0.740000,315.190000,0.454974,-1.049740,1.050626,-1.050592,-0.800066,-0.000180
actual,0.745000,315.195000,0.452169,-1.049740,1.050626,-1.050592,-0.800066,-0.000180
actual,0.750000,315.200000,0.450541,-1.049740,1.050626,-1.050592,-0.800066,-0.000180
actual,0.755000,315.205000,0.450131,-1.049740,1.050626,-1.050592,-0.800066,-0.000180
actual,0.760000,315.210000,0.450949,-1.049740,1.050626,-1.050592,-0.800066,-0.000180
actual,0.765000,315.215000,0.452975,-1.049740,1.050626,-1.050592,-0.800066,-0.000180
actual,0.770000,315.220000,0.456158,-1.049740,1.050626,-1.050592,-0.800066,-0.000180
actual,0.775000,315.225000,0.460420,-1.049740,1.050626,-1.050592,-0.800066,-0.000180
actual,0.780000,315.230000,0.465658,-1.049740,1.050626,-1.050592,-0.800066,-0.000180
actual,0.785000,315.235000,0.471740,-1.049740,1.050626,-1.050592,-0.800066,-0.000180
actual,0.790000,315.240000,0.478519,-1.049740,1.050626,-1.050592,-0.800066,-0.000180
actual,0.795000,315.245000,0.485826,-1.049740,1.050626,-1.050592,-0.800066,-0.000180
actual,0.800000,315.250000,0.493482,-1.049740,1.050626,-1.050592,-0.800066,-0.000180
actual,0.805000,315.255000,0.501299,-1.049740,1.050626,-1.050592,-0.800066,-0.000180
actual,0.810000,315.260000,0.509084,-1.049740,1.050626,-1.050592,-0.800066,-0.000180
actual,0.815000,315.265000,0.516645,-1.049740,1.050626,-1.050592,-0.800066,-0.000180
actual,0.820000,315.270000,0.523796,-1.049740,1.050626,-1.050592,-0.800066,-0.000180
actual,0.825000,315.275000,0.530362,-1.049740,1.050626,-1.050592,-0.800066,-0.000180
actual,0.830000,315.280000,0.536180,-1.049740,1.050626,-1.050592,-0.800066,-0.000180
actual,0.835000,315.285000,0.541107,-1.049740,1.050626,-1.050592,-0.800066,-0.000180
actual,0.840000,315.290000,0.545023,-1.049740,1.050626,-1.050592,-0.800066,-0.000180
actual,0.845000,315.295000,0.547830,-1.049740,1.050626,-1.050592,-0.800066,-0.000180
actual,0.850000,315.300000,0.549459,-1.049740,1.050626,-1.050592,-0.800066,-0.000180
actual,0.855000,315.305000,0.549871,-1.049740,1.050626,-1.050592,-0.800066,-0.000180
actual,0.860000,315.310000,0.549055,-1.049740,1.050626,-1.050592,-0.800066,-0.000180
actual,0.865000,315.315000,0.547031,-1.049740,1.050626,-1.050592,-0.800066,-0.000180
actual,0.870000,315.320000,0.543849,-1.049740,1.050626,-1.050592,-0.800066,-0.000180
actual,0.875000,315.325000,0.539588,-1.049740,1.050626,-1.050592,-0.800066,-0.000180
actual,0.880000,315.330000,0.534353,-1.049740,1.050626,-1.050592,-0.800066,-0.000180
actual,0.885000,315.335000,0.528272,-1.049740,1.050626,-1.050592,-0.800066,-0.000180
actual,0.890000,315.340000,0.521495,-1.049740,1.050626,-1.050592,-0.800066,-0.000180
actual,0.895000,315.345000,0.514189,-1.049740,1.050626,-1.050592,-0.800066,-0.000180
actual,0.900000,315.350000,0.506534,-1.049740,1.050626,-1.050592,-0.800066,-0.000180
actual,0.905000,315.355000,0.498719,-1.049740,1.050626,-1.050592,-0.800066,-0.000180
actual,0.910000,315.360000,0.490935,-1.049740,1.050626,-1.050592,-0.800066,-0.000180
actual,0.915000,315.365000,0.483376,-1.049740,1.050626,-1.050592,-0.800066,-0.000180
actual,0.920000,315.370000,0.476225,-1.049740,1.050626,-1.050592,-0.800066,-0.000180
actual,0.925000,315.375000,0.469661,-1.049740,1.050626,-1.050592,-0.800066,-0.000180
actual,0.930000,315.380000,0.463844,-1.049740,1.050626,-1.050592,-0.800066,-0.000180
actual,0.935000,315.385000,0.458918,-1.049740,1.050626,-1.050592,-0.800066,-0.000180
actual,0.940000,315.390000,0.455004,-1.049740,1.050626,-1.050592,-0.800066,-0.000180
actual,0.945000,315.395000,0.452198,-1.049740,1.050626,-1.050592,-0.800066,-0.000180
actual,0.950000,315.400000,0.450570,-1.049740,1.050626,-1.050592,-0.800066,-0.000180
actual,0.955000,315.405000,0.450160,-1.049740,1.050626,-1.050592,-0.800066,-0.000180
actual,0.960000,315.410000,0.450977,-1.049740,1.050626,-1.050592,-0.800066,-0.000180
actual,0.965000,315.415000,0.453001,-1.049740,1.050626,-1.050592,-0.800066,-0.000180
actual,0.970000,315.420000,0.456184,-1.049740,1.050626,-1.050592,-0.800066,-0.000180
actual,0.975000,315.425000,0.460446,-1.049740,1.050626,-1.050592,-0.800066,-0.000180
actual,0.980000,315.430000,0.465682,-1.049740,1.050626,-1.050592,-0.800066,-0.000180
actual,0.985000,315.435000,0.471764,-1.049740,1.050626,-1.050592,-0.800066,-0.000180
actual,0.990000,315.440000,0.478542,-1.049740,1.050626,-1.050592,-0.800066,-0.000180
actual,0.995000,315.445000,0.485849,-1.049740,1.050626,-1.050592,-0.800066,-0.000180
actual,1.000000,315.450000,0.493504,-1.049740,1.050626,-1.050592,-0.800066,-0.000180
actual,1.005000,315.455000,0.501321,-1.049740,1.050626,-1.050592,-0.800066,-0.000180
actual,1.010000,315.460000,0.509105,-1.049740,1.050626,-1.050592,-0.800066,-0.000180
actual,1.015000,315.465000,0.516666,-1.049740,1.050626,-1.050592,-0.800066,-0.000180
actual,1.020000,315.470000,0.523817,-1.049740,1.050626,-1.050592,-0.800066,-0.000180
actual,1.025000,315.475000,0.530382,-1.049740,1.050626,-1.050592,-0.800066,-0.000180
actual,1.030000,315.480000,0.536199,-1.049740,1.050626,-1.050592,-0.800066,-0.000180
actual,1.035000,315.485000,0.541126,-1.049740,1.050626,-1.050592,-0.800066,-0.000180
actual,1.040000,315.490000,0.545041,-1.049740,1.050626,-1.050592,-0.800066,-0.000180
actual,1.045000,315.495000,0.547847,-1.049740,1.050626,-1.050592,-0.800066,-0.000180
actual,1.050000,315.500000,0.549476,-1.049740,1.050626,-1.050592,-0.800066,-0.000180
actual,1.055000,315.505000,0.549888,-1.049740,1.050626,-1.050592,-0.800066,-0.000180
actual,1.060000,315.510000,0.549071,-1.049740,1.050626,-1.050592,-0.800066,-0.000180
actual,1.065000,315.515000,0.547047,-1.049740,1.050626,-1.050592,-0.800066,-0.000180
actual,1.070000,315.520000,0.543865,-1.049740,1.050626,-1.050592,-0.800066,-0.000180
actual,1.075000,315.525000,0.539604,-1.049740,1.050626,-1.050592,-0.800066,-0.000180
actual,1.080000,315.530000,0.534368,-1.049740,1.050626,-1.050592,-0.800066,-0.000180
actual,1.085000,315.535000,0.528286,-1.049740,1.050626,-1.050592,-0.800066,-0.000180
actual,1.090000,315.540000,0.521509,-1.049740,1.050626,-1.050592,-0.800066,-0.000180
actual,1.095000,315.545000,0.514203,-1.049740,1.050626,-1.050592,-0.800066,-0.000180
actual,1.100000,315.550000,0.506548,-1.049740,1.050626,-1.050592,-0.800066,-0.000180
actual,1.105000,315.555000,0.498732,-1.049740,1.050626,-1.050592,-0.800066,-0.000180
actual,1.110000,315.560000,0.490948,-1.049740,1.050626,-1.050592,-0.800066,-0.000180
actual,1.115000,315.565000,0.483388,-1.049740,1.050626,-1.050592,-0.800066,-0.000180
actual,1.120000,315.570000,0.476238,-1.049740,1.050626,-1.050592,-0.800066,-0.000180
actual,1.125000,315.575000,0.469673,-1.049740,1.050626,-1.050592,-0.800066,-0.000180
actual,1.130000,315.580000,0.463856,-1.049740,1.050626,-1.050592,-0.800066,-0.000180
actual,1.135000,315.585000,0.458929,-1.049740,1.050626,-1.050592,-0.800066,-0.000180
actual,1.140000,315.590000,0.455015,-1.049740,1.050626,-1.050592,-0.800066,-0.000180
actual,1.145000,315.595000,0.452209,-1.049740,1.050626,-1.050592,-0.800066,-0.000180
actual,1.150000,315.600000,0.450581,-1.049740,1.050626,-1.050592,-0.800066,-0.000180
actual,1.155000,315.605000,0.450170,-1.049740,1.050626,-1.050592,-0.800066,-0.000180
actual,1.160000,315.610000,0.450987,-1.049740,1.050626,-1.050592,-0.800066,-0.000180
actual,1.165000,315.615000,0.453011,-1.049740,1.050626,-1.050592,-0.800066,-0.000180
actual,1.170000,315.620000,0.456193,-1.049740,1.050626,-1.050592,-0.800066,-0.000180
actual,1.175000,315.625000,0.460455,-1.049740,1.050626,-1.050592,-0.800066,-0.000180
actual,1.180000,315.630000,0.465691,-1.049740,1.050626,-1.050592,-0.800066,-0.000180
actual,1.185000,315.635000,0.471773,-1.049740,1.050626,-1.050592,-0.800066,-0.000180
actual,1.190000,315.640000,0.478551,-1.049740,1.050626,-1.050592,-0.800066,-0.000180
actual,1.195000,315.645000,0.485857,-1.049740,1.050626,-1.050592,-0.800066,-0.000180
actual,1.200000,315.650000,0.493513,-1.049740,1.050626,-1.050592,-0.800066,-0.000180
actual,1.205000,315.655000,0.501329,-1.049740,1.050626,-1.050592,-0.800066,-0.000180
actual,1.210000,315.660000,0.509113,-1.049740,1.050626,-1.050592,-0.800066,-0.000180
actual,1.215000,315.665000,0.516673,-1.049740,1.050626,-1.050592,-0.800066,-0.000180
actual,1.220000,315.670000,0.523824,-1.049740,1.050626,-1.050592,-0.800066,-0.000180
actual,1.225000,315.675000,0.530389,-1.049740,1.050626,-1.050592,-0.800066,-0.000180
actual,1.230000,315.680000,0.536206,-1.049740,1.050626,-1.050592,-0.800066,-0.000180
actual,1.235000,315.685000,0.541133,-1.049740,1.050626,-1.050592,-0.800066,-0.000180
actual,1.240000,315.690000,0.545048,-1.049740,1.050626,-1.050592,-0.800066,-0.000180
actual,1.245000,315.695000,0.547854,-1.049740,1.050626,-1.050592,-0.800066,-0.000180
actual,1.255000,315.705000,0.549894,-1.049740,1.050626,-1.050592,-0.800066,-0.000180
actual,1.260000,315.710000,0.549077,-1.049740,1.050626,-1.050592,-0.800066,-0.000180
actual,1.265000,315.715000,0.547053,-1.049740,1.050626,-1.050592,-0.800066,-0.000180
actual,1.270000,315.720000,0.543871,-1.049740,1.050626,-1.050592,-0.800066,-0.000180
actual,1.275000,315.725000,0.539609,-1.049740,1.050626,-1.050592,-0.800066,-0.000180
actual,1.280000,315.730000,0.534373,-1.049740,1.050626,-1.050592,-0.800066,-0.000180
actual,1.285000,315.735000,0.528292,-1.049740,1.050626,-1.050592,-0.800066,-0.000180
actual,1.290000,315.740000,0.521514,-1.049740,1.050626,-1.050592,-0.800066,-0.000180
actual,1.295000,315.745000,0.514208,-1.049740,1.050626,-1.050592,-0.800066,-0.000180
actual,1.300000,315.750000,0.506553,-1.049740,1.050626,-1.050592,-0.800066,-0.000180
actual,1.305000,315.755000,0.498737,-1.049740,1.050626,-1.050592,-0.800066,-0.000180
actual,1.310000,315.760000,0.490953,-1.049740,1.050626,-1.050592,-0.800066,-0.000180
actual,1.315000,315.765000,0.483393,-1.049740,1.050626,-1.050592,-0.800066,-0.000180
actual,1.320000,315.770000,0.476242,-1.049740,1.050626,-1.050592,-0.800066,-0.000180
actual,1.325000,315.775000,0.469677,-1.049740,1.050626,-1.050592,-0.800066,-0.000180
actual,1.330000,315.780000,0.463860,-1.049740,1.050626,-1.050592,-0.800066,-0.000180
actual,1.335000,315.785000,0.458934,-1.049740,1.050626,-1.050592,-0.800066,-0.000180
actual,1.340000,315.790000,0.455019,-1.049740,1.050626,-1.050592,-0.800066,-0.000180
actual,1.345000,315.795000,0.452213,-1.049740,1.050626,-1.050592,-0.800066,-0.000180
actual,1.350000,315.800000,0.450584,-1.049740,1.050626,-1.050592,-0.800066,-0.000180
actual,1.355000,315.805000,0.450173,-1.049740,1.050626,-1.050592,-0.800066,-0.000180
actual,1.360000,315.810000,0.450990,-1.049740,1.050626,-1.050592,-0.800066,-0.000180
actual,1.365000,315.815000,0.453015,-1.049740,1.050626,-1.050592,-0.800066,-0.000180
actual,1.370000,315.820000,0.456197,-1.049740,1.050626,-1.050592,-0.800066,-0.000180
actual,1.375000,315.825000,0.460458,-1.049740,1.050626,-1.050592,-0.800066,-0.000180
actual,1.380000,315.830000,0.465695,-1.049740,1.050626,-1.050592,-0.800066,-0.000180
actual,1.385000,315.835000,0.471776,-1.049740,1.050626,-1.050592,-0.800066,-0.000180
actual,1.390000,315.840000,0.478554,-1.049740,1.050626,-1.050592,-0.800066,-0.000180
actual,1.395000,315.845000,0.485860,-1.049740,1.050626,-1.050592,-0.800066,-0.000180
actual,1.400000,315.850000,0.493516,-1.049740,1.050626,-1.050592,-0.800066,-0.000180
actual,1.405000,315.855000,0.501332,-1.049740,1.050626,-1.050592,-0.800066,-0.000180
actual,1.410000,315.860000,0.509116,-1.049740,1.050626,-1.050592,-0.800066,-0.000180
actual,1.415000,315.865000,0.516676,-1.049740,1.050626,-1.050592,-0.800066,-0.000180
actual,1.420000,315.870000,0.523827,-1.049740,1.050626,-1.050592,-0.800066,-0.000180
actual,1.425000,315.875000,0.530391,-1.049740,1.050626,-1.050592,-0.800066,-0.000180
actual,1.430000,315.880000,0.536209,-1.049740,1.050626,-1.050592,-0.800066,-0.000180
actual,1.435000,315.885000,0.541135,-1.049740,1.050626,-1.050592,-0.800066,-0.000180
actual,1.440000,315.890000,0.545050,-1.049740,1.050626,-1.050592,-0.800066,-0.000180
actual,1.445000,315.895000,0.547856,-1.049740,1.050626,-1.050592,-0.800066,-0.000180
actual,1.450000,315.900000,0.549485,-1.049740,1.050626,-1.050592,-0.800066,-0.000180
actual,1.455000,315.905000,0.549896,-1.049740,1.050626,-1.050592,-0.800066,-0.000180
actual,1.460000,315.910000,0.549079,-1.049740,1.050626,-1.050592,-0.800066,-0.000180
actual,1.465000,315.915000,0.547055,-1.049740,1.050626,-1.050592,-0.800066,-0.000180
actual,1.470000,315.920000,0.543873,-1.049740,1.050626,-1.050592,-0.800066,-0.000180
actual,1.475000,315.925000,0.539611,-1.049740,1.050626,-1.050592,-0.800066,-0.000180
actual,1.480000,315.930000,0.534375,-1.049740,1.050626,-1.050592,-0.800066,-0.000180
actual,1.485000,315.935000,0.528294,-1.049740,1.050626,-1.050592,-0.800066,-0.000180
actual,1.490000,315.940000,0.521516,-1.049740,1.050626,-1.050592,-0.800066,-0.000180
actual,1.495000,315.945000,0.514210,-1.049740,1.050626,-1.050592,-0.800066,-0.000180
actual,1.500000,315.950000,0.506555,-1.049740,1.050626,-1.050592,-0.800066,-0.000180
actual,1.505000,315.955000,0.498739,-1.049740,1.050626,-1.050592,-0.800066,-0.000180
actual,1.510000,315.960000,0.490955,-1.049740,1.050626,-1.050592,-0.800066,-0.000180
actual,1.515000,315.965000,0.483394,-1.049740,1.050626,-1.050592,-0.800066,-0.000180
actual,1.520000,315.970000,0.476244,-1.049740,1.050626,-1.050592,-0.800066,-0.000180
actual,1.525000,315.975000,0.469679,-1.049740,1.050626,-1.050592,-0.800066,-0.000180
actual,1.530000,315.980000,0.463862,-1.049740,1.050626,-1.050592,-0.800066,-0.000180
actual,1.535000,315.985000,0.458935,-1.049740,1.050626,-1.050592,-0.800066,-0.000180
actual,1.540000,315.990000,0.455021,-1.049740,1.050626,-1.050592,-0.800066,-0.000180
actual,1.545000,315.995000,0.452214,-1.049740,1.050626,-1.050592,-0.800066,-0.000180
actual,1.550000,316.000000,0.450586,-1.049740,1.050626,-1.050592,-0.800066,-0.000180
actual,1.555000,316.005000,0.450175,-1.049740,1.050626,-1.050592,-0.800066,-0.000180
actual,1.560000,316.010000,0.450992,-1.049740,1.050626,-1.050592,-0.800066,-0.000180
actual,1.565000,316.015000,0.453016,-1.049740,1.050626,-1.050592,-0.800066,-0.000180
actual,1.570000,316.020000,0.456198,-1.049740,1.050626,-1.050592,-0.800066,-0.000180
actual,1.575000,316.025000,0.460460,-1.049740,1.050626,-1.050592,-0.800066,-0.000180
actual,1.580000,316.030000,0.465696,-1.049740,1.050626,-1.050592,-0.800066,-0.000180
actual,1.585000,316.035000,0.471777,-1.049740,1.050626,-1.050592,-0.800066,-0.000180
actual,1.590000,316.040000,0.478555,-1.049740,1.050626,-1.050592,-0.800066,-0.000180
actual,1.595000,316.045000,0.485861,-1.049740,1.050626,-1.050592,-0.800066,-0.000180
actual,1.600000,316.050000,0.493517,-1.049740,1.050626,-1.050592,-0.800066,-0.000180
actual,1.605000,316.055000,0.501333,-1.049740,1.050626,-1.050592,-0.800066,-0.000180
actual,1.610000,316.060000,0.509117,-1.049740,1.050626,-1.050592,-0.800066,-0.000180
actual,1.615000,316.065000,0.516677,-1.049740,1.050626,-1.050592,-0.800066,-0.000180
actual,1.620000,316.070000,0.523828,-1.049740,1.050626,-1.050592,-0.800066,-0.000180
actual,1.625000,316.075000,0.530392,-1.049740,1.050626,-1.050592,-0.800066,-0.000180
actual,1.630000,316.080000,0.536210,-1.049740,1.050626,-1.050592,-0.800066,-0.000180
actual,1.635000,316.085000,0.541136,-1.049740,1.050626,-1.050592,-0.800066,-0.000180
actual,1.640000,316.090000,0.545051,-1.049740,1.050626,-1.050592,-0.800066,-0.000180
actual,1.645000,316.095000,0.547857,-1.049740,1.050626,-1.050592,-0.800066,-0.000180
actual,1.650000,316.100000,0.549486,-1.049740,1.050626,-1.050592,-0.800066,-0.000180
actual,1.655000,316.105000,0.549897,-1.049740,1.050626,-1.050592,-0.800066,-0.000180
actual,1.660000,316.110000,0.549080,-1.049740,1.050626,-1.050592,-0.800066,-0.000180
actual,1.665000,316.115000,0.547056,-1.049740,1.050626,-1.050592,-0.800066,-0.000180
actual,1.670000,316.120000,0.543874,-1.049740,1.050626,-1.050592,-0.800066,-0.000180
actual,1.675000,316.125000,0.539612,-1.049740,1.050626,-1.050592,-0.800066,-0.000180
actual,1.680000,316.130000,0.534376,-1.049740,1.050626,-1.050592,-0.800066,-0.000180
actual,1.685000,316.135000,0.528294,-1.049740,1.050626,-1.050592,-0.800066,-0.000180
actual,1.690000,316.140000,0.521517,-1.049740,1.050626,-1.050592,-0.800066,-0.000180
actual,1.695000,316.145000,0.514211,-1.049740,1.050626,-1.050592,-0.800066,-0.000180
actual,1.700000,316.150000,0.506555,-1.049740,1.050626,-1.050592,-0.800066,-0.000180
actual,1.705000,316.155000,0.498739,-1.049740,1.050626,-1.050592,-0.800066,-0.000180
actual,1.710000,316.160000,0.490955,-1.049740,1.050626,-1.050592,-0.800066,-0.000180
actual,1.715000,316.165000,0.483395,-1.049740,1.050626,-1.050592,-0.800066,-0.000180
actual,1.720000,316.170000,0.476244,-1.049740,1.050626,-1.050592,-0.800066,-0.000180
actual,1.725000,316.175000,0.469680,-1.049740,1.050626,-1.050592,-0.800066,-0.000180
actual,1.730000,316.180000,0.463862,-1.049740,1.050626,-1.050592,-0.800066,-0.000180
actual,1.735000,316.185000,0.458936,-1.049740,1.050626,-1.050592,-0.800066,-0.000180
actual,1.740000,316.190000,0.455021,-1.049740,1.050626,-1.050592,-0.800066,-0.000180
actual,1.745000,316.195000,0.452215,-1.049740,1.050626,-1.050592,-0.800066,-0.000180
actual,1.750000,316.200000,0.450586,-1.049740,1.050626,-1.050592,-0.800066,-0.000180
actual,1.755000,316.205000,0.450175,-1.049740,1.050626,-1.050592,-0.800066,-0.000180
actual,1.760000,316.210000,0.450992,-1.049740,1.050626,-1.050592,-0.800066,-0.000180
actual,1.765000,316.215000,0.453016,-1.049740,1.050626,-1.050592,-0.800066,-0.000180
actual,1.770000,316.220000,0.456199,-1.049740,1.050626,-1.050592,-0.800066,-0.000180
actual,1.775000,316.225000,0.460460,-1.049740,1.050626,-1.050592,-0.800066,-0.000180
actual,1.780000,316.230000,0.465696,-1.049740,1.050626,-1.050592,-0.800066,-0.000180
actual,1.785000,316.235000,0.471778,-1.049740,1.050626,-1.050592,-0.800066,-0.000180
actual,1.790000,316.240000,0.478555,-1.049740,1.050626,-1.050592,-0.800066,-0.000180
actual,1.795000,316.245000,0.485862,-1.049740,1.050626,-1.050592,-0.800066,-0.000180
actual,1.800000,316.250000,0.493517,-1.049740,1.050626,-1.050592,-0.800066,-0.000180
actual,1.805000,316.255000,0.501333,-1.049740,1.050626,-1.050592,-0.800066,-0.000180
actual,1.810000,316.260000,0.509117,-1.049740,1.050626,-1.050592,-0.800066,-0.000180
actual,1.815000,316.265000,0.516677,-1.049740,1.050626,-1.050592,-0.800066,-0.000180
actual,1.820000,316.270000,0.523828,-1.049740,1.050626,-1.050592,-0.800066,-0.000180
actual,1.825000,316.275000,0.530393,-1.049740,1.050626,-1.050592,-0.800066,-0.000180
actual,1.830000,316.280000,0.536210,-1.049740,1.050626,-1.050592,-0.800066,-0.000180
actual,1.835000,316.285000,0.541137,-1.049740,1.050626,-1.050592,-0.800066,-0.000180
actual,1.840000,316.290000,0.545051,-1.049740,1.050626,-1.050592,-0.800066,-0.000180
actual,1.845000,316.295000,0.547857,-1.049740,1.050626,-1.050592,-0.800066,-0.000180
actual,1.850000,316.300000,0.549486,-1.049740,1.050626,-1.050592,-0.800066,-0.000180
actual,1.855000,316.305000,0.549897,-1.049740,1.050626,-1.050592,-0.800066,-0.000180
actual,1.860000,316.310000,0.549080,-1.049740,1.050626,-1.050592,-0.800066,-0.000180
actual,1.865000,316.315000,0.547056,-1.049740,1.050626,-1.050592,-0.800066,-0.000180
actual,1.870000,316.320000,0.543874,-1.049740,1.050626,-1.050592,-0.800066,-0.000180
actual,1.875000,316.325000,0.539612,-1.049740,1.050626,-1.050592,-0.800066,-0.000180
actual,1.880000,316.330000,0.534376,-1.049740,1.050626,-1.050592,-0.800066,-0.000180
actual,1.885000,316.335000,0.528295,-1.049740,1.050626,-1.050592,-0.800066,-0.000180
actual,1.890000,316.340000,0.521517,-1.049740,1.050626,-1.050592,-0.800066,-0.000180
actual,1.895000,316.345000,0.514211,-1.049740,1.050626,-1.050592,-0.800066,-0.000180
actual,1.900000,316.350000,0.506555,-1.049740,1.050626,-1.050592,-0.800066,-0.000180
actual,1.905000,316.355000,0.498740,-1.049740,1.050626,-1.050592,-0.800066,-0.000180
actual,1.910000,316.360000,0.490956,-1.049740,1.050626,-1.050592,-0.800066,-0.000180
actual,1.915000,316.365000,0.483395,-1.049740,1.050626,-1.050592,-0.800066,-0.000180
actual,1.920000,316.370000,0.476245,-1.049740,1.050626,-1.050592,-0.800066,-0.000180
actual,1.925000,316.375000,0.469680,-1.049740,1.050626,-1.050592,-0.800066,-0.000180
actual,1.930000,316.380000,0.463862,-1.049740,1.050626,-1.050592,-0.800066,-0.000180
actual,1.935000,316.385000,0.458936,-1.049740,1.050626,-1.050592,-0.800066,-0.000180
actual,1.940000,316.390000,0.455021,-1.049740,1.050626,-1.050592,-0.800066,-0.000180
actual,1.945000,316.395000,0.452215,-1.049740,1.050626,-1.050592,-0.800066,-0.000180
actual,1.955000,316.405000,0.450176,-1.049740,1.050626,-1.050592,-0.800066,-0.000180
actual,1.960000,316.410000,0.450992,-1.049740,1.050626,-1.050592,-0.800066,-0.000180
actual,1.965000,316.415000,0.453017,-1.049740,1.050626,-1.050592,-0.800066,-0.000180
actual,1.970000,316.420000,0.456199,-1.049740,1.050626,-1.050592,-0.800066,-0.000180
actual,1.975000,316.425000,0.460460,-1.049740,1.050626,-1.050592,-0.800066,-0.000180
actual,1.980000,316.430000,0.465696,-1.049740,1.050626,-1.050592,-0.800066,-0.000180
actual,1.985000,316.435000,0.471778,-1.049740,1.050626,-1.050592,-0.800066,-0.000180
actual,1.990000,316.440000,0.478555,-1.049740,1.050626,-1.050592,-0.800066,-0.000180
actual,1.995000,316.445000,0.485862,-1.049740,1.050626,-1.050592,-0.800066,-0.000180
actual,2.000000,316.450000,0.493517,-1.049740,1.050626,-1.050592,-0.800066,-0.000180
actual,2.005000,316.455000,0.501333,-1.049740,1.050626,-1.050592,-0.800066,-0.000180
actual,2.010000,316.460000,0.509117,-1.049740,1.050626,-1.050592,-0.800066,-0.000180
actual,2.015000,316.465000,0.516677,-1.049740,1.050626,-1.050592,-0.800066,-0.000180
actual,2.020000,316.470000,0.523828,-1.049740,1.050626,-1.050592,-0.800066,-0.000180
actual,2.025000,316.475000,0.530393,-1.049740,1.050626,-1.050592,-0.800066,-0.000180
actual,2.030000,316.480000,0.536210,-1.049740,1.050626,-1.050592,-0.800066,-0.000180
actual,2.040000,316.490000,0.545051,-1.049740,1.050626,-1.050592,-0.800066,-0.000180
actual,2.045000,316.495000,0.547858,-1.049740,1.050626,-1.050592,-0.800066,-0.000180
actual,2.050000,316.500000,0.549486,-1.049740,1.050626,-1.050592,-0.800066,-0.000180
actual,2.055000,316.505000,0.549897,-1.049740,1.050626,-1.050592,-0.800066,-0.000180
actual,2.060000,316.510000,0.549080,-1.049740,1.050626,-1.050592,-0.800066,-0.000180
actual,2.065000,316.515000,0.547056,-1.049740,1.050626,-1.050592,-0.800066,-0.000180
actual,2.070000,316.520000,0.543874,-1.049740,1.050626,-1.050592,-0.800066,-0.000180
actual,2.075000,316.525000,0.539612,-1.049740,1.050626,-1.050592,-0.800066,-0.000180
actual,2.080000,316.530000,0.534376,-1.049740,1.050626,-1.050592,-0.800066,-0.000180
actual,2.085000,316.535000,0.528295,-1.049740,1.050626,-1.050592,-0.800066,-0.000180
actual,2.090000,316.540000,0.521517,-1.049740,1.050626,-1.050592,-0.800066,-0.000180
actual,2.095000,316.545000,0.514211,-1.049740,1.050626,-1.050592,-0.800066,-0.000180
actual,2.100000,316.550000,0.506556,-1.049740,1.050626,-1.050592,-0.800066,-0.000180
actual,2.105000,316.555000,0.498740,-1.049740,1.050626,-1.050592,-0.800066,-0.000180
actual,2.110000,316.560000,0.490956,-1.049740,1.050626,-1.050592,-0.800066,-0.000180
actual,2.115000,316.565000,0.483395,-1.049740,1.050626,-1.050592,-0.800066,-0.000180
actual,2.120000,316.570000,0.476245,-1.049740,1.050626,-1.050592,-0.800066,-0.000180
actual,2.125000,316.575000,0.469680,-1.049740,1.050626,-1.050592,-0.800066,-0.000180
actual,2.130000,316.580000,0.463863,-1.049740,1.050626,-1.050592,-0.800066,-0.000180
actual,2.135000,316.585000,0.458936,-1.049740,1.050626,-1.050592,-0.800066,-0.000180
actual,2.140000,316.590000,0.455021,-1.049740,1.050626,-1.050592,-0.800066,-0.000180
actual,2.145000,316.595000,0.452215,-1.049740,1.050626,-1.050592,-0.800066,-0.000180
actual,2.150000,316.600000,0.450587,-1.049740,1.050626,-1.050592,-0.800066,-0.000180
actual,2.155000,316.605000,0.450176,-1.049740,1.050626,-1.050592,-0.800066,-0.000180
actual,2.160000,316.610000,0.450992,-1.049740,1.050626,-1.050592,-0.800066,-0.000180
actual,2.165000,316.615000,0.453017,-1.049740,1.050626,-1.050592,-0.800066,-0.000180
actual,2.170000,316.620000,0.456199,-1.049740,1.050626,-1.050592,-0.800066,-0.000180
actual,2.175000,316.625000,0.460460,-1.049740,1.050626,-1.050592,-0.800066,-0.000180
actual,2.180000,316.630000,0.465696,-1.049740,1.050626,-1.050592,-0.800066,-0.000180
actual,2.185000,316.635000,0.471778,-1.049740,1.050626,-1.050592,-0.800066,-0.000180
actual,2.190000,316.640000,0.478555,-1.049740,1.050626,-1.050592,-0.800066,-0.000180
actual,2.195000,316.645000,0.485862,-1.049740,1.050626,-1.050592,-0.800066,-0.000180
actual,2.200000,316.650000,0.493517,-1.049740,1.050626,-1.050592,-0.800066,-0.000180
actual,2.205000,316.655000,0.501333,-1.049740,1.050626,-1.050592,-0.800066,-0.000180
actual,2.210000,316.660000,0.509117,-1.049740,1.050626,-1.050592,-0.800066,-0.000180
actual,2.215000,316.665000,0.516678,-1.049740,1.050626,-1.050592,-0.800066,-0.000180
actual,2.220000,316.670000,0.523828,-1.049740,1.050626,-1.050592,-0.800066,-0.000180
actual,2.225000,316.675000,0.530393,-1.049740,1.050626,-1.050592,-0.800066,-0.000180
actual,2.230000,316.680000,0.536210,-1.049740,1.050626,-1.050592,-0.800066,-0.000180
actual,2.235000,316.685000,0.541137,-1.049740,1.050626,-1.050592,-0.800066,-0.000180
actual,2.240000,316.690000,0.545051,-1.049740,1.050626,-1.050592,-0.800066,-0.000180
actual,2.245000,316.695000,0.547858,-1.049740,1.050626,-1.050592,-0.800066,-0.000180
actual,2.250000,316.700000,0.549486,-1.049740,1.050626,-1.050592,-0.800066,-0.000180
actual,2.255000,316.705000,0.549897,-1.049740,1.050626,-1.050592,-0.800066,-0.000180
actual,2.260000,316.710000,0.549080,-1.049740,1.050626,-1.050592,-0.800066,-0.000180
actual,2.265000,316.715000,0.547056,-1.049740,1.050626,-1.050592,-0.800066,-0.000180
actual,2.270000,316.720000,0.543874,-1.049740,1.050626,-1.050592,-0.800066,-0.000180
actual,2.275000,316.725000,0.539612,-1.049740,1.050626,-1.050592,-0.800066,-0.000180
actual,2.280000,316.730000,0.534376,-1.049740,1.050626,-1.050592,-0.800066,-0.000180
actual,2.285000,316.735000,0.528295,-1.049740,1.050626,-1.050592,-0.800066,-0.000180
actual,2.290000,316.740000,0.521517,-1.049740,1.050626,-1.050592,-0.800066,-0.000180
actual,2.295000,316.745000,0.514211,-1.049740,1.050626,-1.050592,-0.800066,-0.000180
actual,2.300000,316.750000,0.506556,-1.049740,1.050626,-1.050592,-0.800066,-0.000180
actual,2.305000,316.755000,0.498740,-1.049740,1.050626,-1.050592,-0.800066,-0.000180
actual,2.310000,316.760000,0.490956,-1.049740,1.050626,-1.050592,-0.800066,-0.000180
actual,2.315000,316.765000,0.483395,-1.049740,1.050626,-1.050592,-0.800066,-0.000180
actual,2.325000,316.775000,0.469680,-1.049740,1.050626,-1.050592,-0.800066,-0.000180
actual,2.330000,316.780000,0.463863,-1.049740,1.050626,-1.050592,-0.800066,-0.000180
actual,2.335000,316.785000,0.458936,-1.049740,1.050626,-1.050592,-0.800066,-0.000180
actual,2.340000,316.790000,0.455021,-1.049740,1.050626,-1.050592,-0.800066,-0.000180
actual,2.345000,316.795000,0.452215,-1.049740,1.050626,-1.050592,-0.800066,-0.000180
actual,2.350000,316.800000,0.450587,-1.049740,1.050626,-1.050592,-0.800066,-0.000180
actual,2.355000,316.805000,0.450176,-1.049740,1.050626,-1.050592,-0.800066,-0.000180
actual,2.360000,316.810000,0.450992,-1.049740,1.050626,-1.050592,-0.800066,-0.000180
actual,2.365000,316.815000,0.453017,-1.049740,1.050626,-1.050592,-0.800066,-0.000180
actual,2.370000,316.820000,0.456199,-1.049740,1.050626,-1.050592,-0.800066,-0.000180
actual,2.375000,316.825000,0.460460,-1.049740,1.050626,-1.050592,-0.800066,-0.000180
actual,2.380000,316.830000,0.465696,-1.049740,1.050626,-1.050592,-0.800066,-0.000180
actual,2.385000,316.835000,0.471778,-1.049740,1.050626,-1.050592,-0.800066,-0.000180
actual,2.390000,316.840000,0.478556,-1.049740,1.050626,-1.050592,-0.800066,-0.000180
actual,2.395000,316.845000,0.485862,-1.049740,1.050626,-1.050592,-0.800066,-0.000180
actual,2.400000,316.850000,0.493517,-1.049740,1.050626,-1.050592,-0.800066,-0.000180
actual,2.405000,316.855000,0.501333,-1.049740,1.050626,-1.050592,-0.800066,-0.000180
actual,2.410000,316.860000,0.509117,-1.049740,1.050626,-1.050592,-0.800066,-0.000180
actual,2.415000,316.865000,0.516678,-1.049740,1.050626,-1.050592,-0.800066,-0.000180
actual,2.420000,316.870000,0.523828,-1.049740,1.050626,-1.050592,-0.800066,-0.000180
actual,2.425000,316.875000,0.530393,-1.049740,1.050626,-1.050592,-0.800066,-0.000180
actual,2.440000,316.890000,0.545051,-1.049740,1.050626,-1.050592,-0.800066,-0.000180
actual,2.445000,316.895000,0.547858,-1.049740,1.050626,-1.050592,-0.800066,-0.000180
actual,2.450000,316.900000,0.549486,-1.049740,1.050626,-1.050592,-0.800066,-0.000180
actual,2.455000,316.905000,0.549897,-1.049740,1.050626,-1.050592,-0.800066,-0.000180
actual,2.460000,316.910000,0.549080,-1.049740,1.050626,-1.050592,-0.800066,-0.000180
actual,2.465000,316.915000,0.547056,-1.049740,1.050626,-1.050592,-0.800066,-0.000180
actual,2.470000,316.920000,0.543874,-1.049740,1.050626,-1.050592,-0.800066,-0.000180
actual,2.475000,316.925000,0.539612,-1.049740,1.050626,-1.050592,-0.800066,-0.000180
actual,2.485000,316.935000,0.528295,-1.049740,1.050626,-1.050592,-0.800066,-0.000180
actual,2.495000,316.945000,0.514211,-1.049740,1.050626,-1.050592,-0.800066,-0.000180
actual,2.500000,316.950000,0.506556,-1.049740,1.050626,-1.050592,-0.800066,-0.000180
actual,2.505000,316.955000,0.498740,-1.049740,1.050626,-1.050592,-0.800066,-0.000180
actual,2.510000,316.960000,0.490956,-1.049740,1.050626,-1.050592,-0.800066,-0.000180
actual,2.515000,316.965000,0.483395,-1.049740,1.050626,-1.050592,-0.800066,-0.000180
actual,2.520000,316.970000,0.476245,-1.049740,1.050626,-1.050592,-0.800066,-0.000180
actual,2.525000,316.975000,0.469680,-1.049740,1.050626,-1.050592,-0.800066,-0.000180
actual,2.530000,316.980000,0.463863,-1.049740,1.050626,-1.050592,-0.800066,-0.000180
actual,2.535000,316.985000,0.458936,-1.049740,1.050626,-1.050592,-0.800066,-0.000180
actual,2.540000,316.990000,0.455021,-1.049740,1.050626,-1.050592,-0.800066,-0.000180
actual,2.545000,316.995000,0.452215,-1.049740,1.050626,-1.050592,-0.800066,-0.000180
actual,2.550000,317.000000,0.450587,-1.049740,1.050626,-1.050592,-0.800066,-0.000180
actual,2.555000,317.005000,0.450176,-1.049740,1.050626,-1.050592,-0.800066,-0.000180
actual,2.560000,317.010000,0.450992,-1.049740,1.050626,-1.050592,-0.800066,-0.000180
actual,2.565000,317.015000,0.453017,-1.049740,1.050626,-1.050592,-0.800066,-0.000180
actual,2.570000,317.020000,0.456199,-1.049740,1.050626,-1.050592,-0.800066,-0.000180
actual,2.575000,317.025000,0.460460,-1.049740,1.050626,-1.050592,-0.800066,-0.000180
actual,2.585000,317.035000,0.471778,-1.049740,1.050626,-1.050592,-0.800066,-0.000180
actual,2.590000,317.040000,0.478556,-1.049740,1.050626,-1.050592,-0.800066,-0.000180
actual,2.595000,317.045000,0.485862,-1.049740,1.050626,-1.050592,-0.800066,-0.000180
actual,2.600000,317.050000,0.493517,-1.049740,1.050626,-1.050592,-0.800066,-0.000180
actual,2.605000,317.055000,0.501333,-1.049740,1.050626,-1.050592,-0.800066,-0.000180
actual,2.610000,317.060000,0.509117,-1.049740,1.050626,-1.050592,-0.800066,-0.000180
actual,2.615000,317.065000,0.516678,-1.049740,1.050626,-1.050592,-0.800066,-0.000180
actual,2.620000,317.070000,0.523828,-1.049740,1.050626,-1.050592,-0.800066,-0.000180
actual,2.625000,317.075000,0.530393,-1.049740,1.050626,-1.050592,-0.800066,-0.000180
actual,2.630000,317.080000,0.536210,-1.049740,1.050626,-1.050592,-0.800066,-0.000180
actual,2.635000,317.085000,0.541137,-1.049740,1.050626,-1.050592,-0.800066,-0.000180
actual,2.640000,317.090000,0.545051,-1.049740,1.050626,-1.050592,-0.800066,-0.000180
actual,2.645000,317.095000,0.547858,-1.049740,1.050626,-1.050592,-0.800066,-0.000180
actual,2.650000,317.100000,0.549486,-1.049740,1.050626,-1.050592,-0.800066,-0.000180
actual,2.655000,317.105000,0.549897,-1.049740,1.050626,-1.050592,-0.800066,-0.000180
actual,2.660000,317.110000,0.549081,-1.049740,1.050626,-1.050592,-0.800066,-0.000180
actual,2.665000,317.115000,0.547056,-1.049740,1.050626,-1.050592,-0.800066,-0.000180
actual,2.670000,317.120000,0.543874,-1.049740,1.050626,-1.050592,-0.800066,-0.000180
actual,2.675000,317.125000,0.539612,-1.049740,1.050626,-1.050592,-0.800066,-0.000180
actual,2.680000,317.130000,0.534376,-1.049740,1.050626,-1.050592,-0.800066,-0.000180
actual,2.685000,317.135000,0.528295,-1.049740,1.050626,-1.050592,-0.800066,-0.000180
actual,2.690000,317.140000,0.521517,-1.049740,1.050626,-1.050592,-0.800066,-0.000180
actual,2.695000,317.145000,0.514211,-1.049740,1.050626,-1.050592,-0.800066,-0.000180
actual,2.700000,317.150000,0.506556,-1.049740,1.050626,-1.050592,-0.800066,-0.000180
actual,2.705000,317.155000,0.498740,-1.049740,1.050626,-1.050592,-0.800066,-0.000180
actual,2.710000,317.160000,0.490956,-1.049740,1.050626,-1.050592,-0.800066,-0.000180
actual,2.715000,317.165000,0.483395,-1.049740,1.050626,-1.050592,-0.800066,-0.000180
actual,2.720000,317.170000,0.476245,-1.049740,1.050626,-1.050592,-0.800066,-0.000180
actual,2.725000,317.175000,0.469680,-1.049740,1.050626,-1.050592,-0.800066,-0.000180
actual,2.730000,317.180000,0.463863,-1.049740,1.050626,-1.050592,-0.800066,-0.000180
actual,2.735000,317.185000,0.458936,-1.049740,1.050626,-1.050592,-0.800066,-0.000180
actual,2.740000,317.190000,0.455021,-1.049740,1.050626,-1.050592,-0.800066,-0.000180
actual,2.745000,317.195000,0.452215,-1.049740,1.050626,-1.050592,-0.800066,-0.000180
actual,2.750000,317.200000,0.450587,-1.049740,1.050626,-1.050592,-0.800066,-0.000180
actual,2.755000,317.205000,0.450176,-1.049740,1.050626,-1.050592,-0.800066,-0.000180
actual,2.760000,317.210000,0.450992,-1.049740,1.050626,-1.050592,-0.800066,-0.000180
actual,2.765000,317.215000,0.453017,-1.049740,1.050626,-1.050592,-0.800066,-0.000180
actual,2.770000,317.220000,0.456199,-1.049740,1.050626,-1.050592,-0.800066,-0.000180
actual,2.775000,317.225000,0.460460,-1.049740,1.050626,-1.050592,-0.800066,-0.000180
actual,2.780000,317.230000,0.465696,-1.049740,1.050626,-1.050592,-0.800066,-0.000180
actual,2.785000,317.235000,0.471778,-1.049740,1.050626,-1.050592,-0.800066,-0.000180
actual,2.795000,317.245000,0.485862,-1.049740,1.050626,-1.050592,-0.800066,-0.000180
actual,2.800000,317.250000,0.493517,-1.049740,1.050626,-1.050592,-0.800066,-0.000180
actual,2.805000,317.255000,0.501333,-1.049740,1.050626,-1.050592,-0.800066,-0.000180
actual,2.810000,317.260000,0.509117,-1.049740,1.050626,-1.050592,-0.800066,-0.000180
actual,2.815000,317.265000,0.516678,-1.049740,1.050626,-1.050592,-0.800066,-0.000180
actual,2.820000,317.270000,0.523828,-1.049740,1.050626,-1.050592,-0.800066,-0.000180
actual,2.825000,317.275000,0.530393,-1.049740,1.050626,-1.050592,-0.800066,-0.000180
actual,2.830000,317.280000,0.536210,-1.049740,1.050626,-1.050592,-0.800066,-0.000180
actual,2.835000,317.285000,0.541137,-1.049740,1.050626,-1.050592,-0.800066,-0.000180
actual,2.840000,317.290000,0.545051,-1.049740,1.050626,-1.050592,-0.800066,-0.000180
actual,2.845000,317.295000,0.547858,-1.049740,1.050626,-1.050592,-0.800066,-0.000180
actual,2.850000,317.300000,0.549486,-1.049740,1.050626,-1.050592,-0.800066,-0.000180
actual,2.855000,317.305000,0.549897,-1.049740,1.050626,-1.050592,-0.800066,-0.000180
actual,2.865000,317.315000,0.547056,-1.049740,1.050626,-1.050592,-0.800066,-0.000180
actual,2.870000,317.320000,0.543874,-1.049740,1.050626,-1.050592,-0.800066,-0.000180
actual,2.875000,317.325000,0.539612,-1.049740,1.050626,-1.050592,-0.800066,-0.000180
actual,2.880000,317.330000,0.534376,-1.049740,1.050626,-1.050592,-0.800066,-0.000180
actual,2.885000,317.335000,0.528295,-1.049740,1.050626,-1.050592,-0.800066,-0.000180
actual,2.890000,317.340000,0.521517,-1.049740,1.050626,-1.050592,-0.800066,-0.000180
actual,2.895000,317.345000,0.514211,-1.049740,1.050626,-1.050592,-0.800066,-0.000180
actual,2.900000,317.350000,0.506556,-1.049740,1.050626,-1.050592,-0.800066,-0.000180
actual,2.905000,317.355000,0.498740,-1.049740,1.050626,-1.050592,-0.800066,-0.000180
actual,2.910000,317.360000,0.490956,-1.049740,1.050626,-1.050592,-0.800066,-0.000180
actual,2.915000,317.365000,0.483395,-1.049740,1.050626,-1.050592,-0.800066,-0.000180
actual,2.920000,317.370000,0.476245,-1.049740,1.050626,-1.050592,-0.800066,-0.000180
actual,2.925000,317.375000,0.469680,-1.049740,1.050626,-1.050592,-0.800066,-0.000180
actual,2.930000,317.380000,0.463863,-1.049740,1.050626,-1.050592,-0.800066,-0.000180
actual,2.935000,317.385000,0.458936,-1.049740,1.050626,-1.050592,-0.800066,-0.000180
actual,2.940000,317.390000,0.455021,-1.049740,1.050626,-1.050592,-0.800066,-0.000180
actual,2.945000,317.395000,0.452215,-1.049740,1.050626,-1.050592,-0.800066,-0.000180
actual,2.950000,317.400000,0.450587,-1.049740,1.050626,-1.050592,-0.800066,-0.000180
actual,2.955000,317.405000,0.450176,-1.049740,1.050626,-1.050592,-0.800066,-0.000180
actual,2.960000,317.410000,0.450992,-1.049740,1.050626,-1.050592,-0.800066,-0.000180
actual,2.965000,317.415000,0.453017,-1.049740,1.050626,-1.050592,-0.800066,-0.000180
actual,2.970000,317.420000,0.456199,-1.049740,1.050626,-1.050592,-0.800066,-0.000180
actual,2.975000,317.425000,0.460460,-1.049740,1.050626,-1.050592,-0.800066,-0.000180
actual,2.985000,317.435000,0.471778,-1.049740,1.050626,-1.050592,-0.800066,-0.000180
actual,2.990000,317.440000,0.478556,-1.049740,1.050626,-1.050592,-0.800066,-0.000180
actual,2.995000,317.445000,0.485862,-1.049740,1.050626,-1.050592,-0.800066,-0.000180
actual,3.000000,317.450000,0.493517,-1.049740,1.050626,-1.050592,-0.800066,-0.000180
actual,3.005000,317.455000,0.501333,-1.049740,1.050626,-1.050592,-0.800066,-0.000180
actual,3.010000,317.460000,0.509117,-1.049740,1.050626,-1.050592,-0.800066,-0.000180
actual,3.015000,317.465000,0.516678,-1.049740,1.050626,-1.050592,-0.800066,-0.000180
actual,3.020000,317.470000,0.523828,-1.049740,1.050626,-1.050592,-0.800066,-0.000180
actual,3.025000,317.475000,0.530393,-1.049740,1.050626,-1.050592,-0.800066,-0.000180
actual,3.030000,317.480000,0.536210,-1.049740,1.050626,-1.050592,-0.800066,-0.000180
actual,3.035000,317.485000,0.541137,-1.049740,1.050626,-1.050592,-0.800066,-0.000180
actual,3.040000,317.490000,0.545051,-1.049740,1.050626,-1.050592,-0.800066,-0.000180
actual,3.045000,317.495000,0.547858,-1.049740,1.050626,-1.050592,-0.800066,-0.000180
actual,3.050000,317.500000,0.549486,-1.049740,1.050626,-1.050592,-0.800066,-0.000180
actual,3.055000,317.505000,0.549897,-1.049740,1.050626,-1.050592,-0.800066,-0.000180
actual,3.060000,317.510000,0.549081,-1.049740,1.050626,-1.050592,-0.800066,-0.000180
actual,3.065000,317.515000,0.547056,-1.049740,1.050626,-1.050592,-0.800066,-0.000180
actual,3.070000,317.520000,0.543874,-1.049740,1.050626,-1.050592,-0.800066,-0.000180
actual,3.075000,317.525000,0.539612,-1.049740,1.050626,-1.050592,-0.800066,-0.000180
actual,3.080000,317.530000,0.534376,-1.049740,1.050626,-1.050592,-0.800066,-0.000180
actual,3.085000,317.535000,0.528295,-1.049740,1.050626,-1.050592,-0.800066,-0.000180
actual,3.090000,317.540000,0.521517,-1.049740,1.050626,-1.050592,-0.800066,-0.000180
actual,3.095000,317.545000,0.514211,-1.049740,1.050626,-1.050592,-0.800066,-0.000180
actual,3.105000,317.555000,0.498740,-1.049740,1.050626,-1.050592,-0.800066,-0.000180
actual,3.110000,317.560000,0.490956,-1.049740,1.050626,-1.050592,-0.800066,-0.000180
actual,3.115000,317.565000,0.483395,-1.049740,1.050626,-1.050592,-0.800066,-0.000180
actual,3.120000,317.570000,0.476245,-1.049740,1.050626,-1.050592,-0.800066,-0.000180
actual,3.125000,317.575000,0.469680,-1.049740,1.050626,-1.050592,-0.800066,-0.000180
actual,3.135000,317.585000,0.458936,-1.049740,1.050626,-1.050592,-0.800066,-0.000180
actual,3.140000,317.590000,0.455021,-1.049740,1.050626,-1.050592,-0.800066,-0.000180
actual,3.145000,317.595000,0.452215,-1.049740,1.050626,-1.050592,-0.800066,-0.000180
actual,3.150000,317.600000,0.450587,-1.049740,1.050626,-1.050592,-0.800066,-0.000180
actual,3.155000,317.605000,0.450176,-1.049740,1.050626,-1.050592,-0.800066,-0.000180
actual,3.160000,317.610000,0.450992,-1.049740,1.050626,-1.050592,-0.800066,-0.000180
actual,3.165000,317.615000,0.453017,-1.049740,1.050626,-1.050592,-0.800066,-0.000180
actual,3.170000,317.620000,0.456199,-1.049740,1.050626,-1.050592,-0.800066,-0.000180
actual,3.175000,317.625000,0.460460,-1.049740,1.050626,-1.050592,-0.800066,-0.000180
actual,3.180000,317.630000,0.465696,-1.049740,1.050626,-1.050592,-0.800066,-0.000180
actual,3.185000,317.635000,0.471778,-1.049740,1.050626,-1.050592,-0.800066,-0.000180
actual,3.190000,317.640000,0.478556,-1.049740,1.050626,-1.050592,-0.800066,-0.000180
actual,3.195000,317.645000,0.485862,-1.049740,1.050626,-1.050592,-0.800066,-0.000180
actual,3.200000,317.650000,0.493517,-1.049740,1.050626,-1.050592,-0.800066,-0.000180
actual,3.205000,317.655000,0.501333,-1.049740,1.050626,-1.050592,-0.800066,-0.000180
actual,3.210000,317.660000,0.509117,-1.049740,1.050626,-1.050592,-0.800066,-0.000180
actual,3.215000,317.665000,0.516678,-1.049740,1.050626,-1.050592,-0.800066,-0.000180
actual,3.220000,317.670000,0.523828,-1.049740,1.050626,-1.050592,-0.800066,-0.000180
actual,3.225000,317.675000,0.530393,-1.049740,1.050626,-1.050592,-0.800066,-0.000180
actual,3.230000,317.680000,0.536210,-1.049740,1.050626,-1.050592,-0.800066,-0.000180
actual,3.235000,317.685000,0.541137,-1.049740,1.050626,-1.050592,-0.800066,-0.000180
actual,3.240000,317.690000,0.545051,-1.049740,1.050626,-1.050592,-0.800066,-0.000180
actual,3.245000,317.695000,0.547858,-1.049740,1.050626,-1.050592,-0.800066,-0.000180
actual,3.250000,317.700000,0.549486,-1.049740,1.050626,-1.050592,-0.800066,-0.000180
actual,3.255000,317.705000,0.549897,-1.049740,1.050626,-1.050592,-0.800066,-0.000180
actual,3.260000,317.710000,0.549081,-1.049740,1.050626,-1.050592,-0.800066,-0.000180
actual,3.265000,317.715000,0.547056,-1.049740,1.050626,-1.050592,-0.800066,-0.000180
actual,3.270000,317.720000,0.543874,-1.049740,1.050626,-1.050592,-0.800066,-0.000180
actual,3.275000,317.725000,0.539612,-1.049740,1.050626,-1.050592,-0.800066,-0.000180
actual,3.280000,317.730000,0.534376,-1.049740,1.050626,-1.050592,-0.800066,-0.000180
actual,3.285000,317.735000,0.528295,-1.049740,1.050626,-1.050592,-0.800066,-0.000180
actual,3.290000,317.740000,0.521517,-1.049740,1.050626,-1.050592,-0.800066,-0.000180
actual,3.295000,317.745000,0.514211,-1.049740,1.050626,-1.050592,-0.800066,-0.000180
actual,3.300000,317.750000,0.506556,-1.049740,1.050626,-1.050592,-0.800066,-0.000180
actual,3.305000,317.755000,0.498740,-1.049740,1.050626,-1.050592,-0.800066,-0.000180
actual,3.310000,317.760000,0.490956,-1.049740,1.050626,-1.050592,-0.800066,-0.000180
actual,3.315000,317.765000,0.483395,-1.049740,1.050626,-1.050592,-0.800066,-0.000180
actual,3.320000,317.770000,0.476245,-1.049740,1.050626,-1.050592,-0.800066,-0.000180
actual,3.325000,317.775000,0.469680,-1.049740,1.050626,-1.050592,-0.800066,-0.000180
actual,3.335000,317.785000,0.458936,-1.049740,1.050626,-1.050592,-0.800066,-0.000180
actual,3.340000,317.790000,0.455021,-1.049740,1.050626,-1.050592,-0.800066,-0.000180
actual,3.345000,317.795000,0.452215,-1.049740,1.050626,-1.050592,-0.800066,-0.000180
actual,3.350000,317.800000,0.450587,-1.049740,1.050626,-1.050592,-0.800066,-0.000180
actual,3.355000,317.805000,0.450176,-1.049740,1.050626,-1.050592,-0.800066,-0.000180
actual,3.360000,317.810000,0.450992,-1.049740,1.050626,-1.050592,-0.800066,-0.000180
actual,3.365000,317.815000,0.453017,-1.049740,1.050626,-1.050592,-0.800066,-0.000180
actual,3.370000,317.820000,0.456199,-1.049740,1.050626,-1.050592,-0.800066,-0.000180
actual,3.375000,317.825000,0.460460,-1.049740,1.050626,-1.050592,-0.800066,-0.000180
actual,3.380000,317.830000,0.465696,-1.049740,1.050626,-1.050592,-0.800066,-0.000180
actual,3.385000,317.835000,0.471778,-1.049740,1.050626,-1.050592,-0.800066,-0.000180
actual,3.390000,317.840000,0.478556,-1.049740,1.050626,-1.050592,-0.800066,-0.000180
actual,3.395000,317.845000,0.485862,-1.049740,1.050626,-1.050592,-0.800066,-0.000180
actual,3.400000,317.850000,0.493517,-1.049740,1.050626,-1.050592,-0.800066,-0.000180
actual,3.405000,317.855000,0.501333,-1.049740,1.050626,-1.050592,-0.800066,-0.000180
actual,3.410000,317.860000,0.509117,-1.049740,1.050626,-1.050592,-0.800066,-0.000180
actual,3.415000,317.865000,0.516678,-1.049740,1.050626,-1.050592,-0.800066,-0.000180
actual,3.420000,317.870000,0.523828,-1.049740,1.050626,-1.050592,-0.800066,-0.000180
actual,3.425000,317.875000,0.530393,-1.049740,1.050626,-1.050592,-0.800066,-0.000180
actual,3.430000,317.880000,0.536210,-1.049740,1.050626,-1.050592,-0.800066,-0.000180
actual,3.435000,317.885000,0.541137,-1.049740,1.050626,-1.050592,-0.800066,-0.000180
actual,3.440000,317.890000,0.545051,-1.049740,1.050626,-1.050592,-0.800066,-0.000180
actual,3.445000,317.895000,0.547858,-1.049740,1.050626,-1.050592,-0.800066,-0.000180
actual,3.450000,317.900000,0.549486,-1.049740,1.050626,-1.050592,-0.800066,-0.000180
actual,3.455000,317.905000,0.549897,-1.049740,1.050626,-1.050592,-0.800066,-0.000180
actual,3.460000,317.910000,0.549081,-1.049740,1.050626,-1.050592,-0.800066,-0.000180
actual,3.465000,317.915000,0.547056,-1.049740,1.050626,-1.050592,-0.800066,-0.000180
actual,3.470000,317.920000,0.543874,-1.049740,1.050626,-1.050592,-0.800066,-0.000180
actual,3.475000,317.925000,0.539612,-1.049740,1.050626,-1.050592,-0.800066,-0.000180
actual,3.480000,317.930000,0.534376,-1.049740,1.050626,-1.050592,-0.800066,-0.000180
actual,3.485000,317.935000,0.528295,-1.049740,1.050626,-1.050592,-0.800066,-0.000180
actual,3.490000,317.940000,0.521517,-1.049740,1.050626,-1.050592,-0.800066,-0.000180
actual,3.495000,317.945000,0.514211,-1.049740,1.050626,-1.050592,-0.800066,-0.000180
actual,3.505000,317.955000,0.498740,-1.049740,1.050626,-1.050592,-0.800066,-0.000180
actual,3.510000,317.960000,0.490956,-1.049740,1.050626,-1.050592,-0.800066,-0.000180
actual,3.515000,317.965000,0.483395,-1.049740,1.050626,-1.050592,-0.800066,-0.000180
actual,3.520000,317.970000,0.476245,-1.049740,1.050626,-1.050592,-0.800066,-0.000180
actual,3.525000,317.975000,0.469680,-1.049740,1.050626,-1.050592,-0.800066,-0.000180
actual,3.530000,317.980000,0.463863,-1.049740,1.050626,-1.050592,-0.800066,-0.000180
actual,3.540000,317.990000,0.455021,-1.049740,1.050626,-1.050592,-0.800066,-0.000180
actual,3.545000,317.995000,0.452215,-1.049740,1.050626,-1.050592,-0.800066,-0.000180
actual,3.550000,318.000000,0.450587,-1.049740,1.050626,-1.050592,-0.800066,-0.000180
actual,3.555000,318.005000,0.450176,-1.049740,1.050626,-1.050592,-0.800066,-0.000180
actual,3.565000,318.015000,0.453017,-1.049740,1.050626,-1.050592,-0.800066,-0.000180
actual,3.570000,318.020000,0.456199,-1.049740,1.050626,-1.050592,-0.800066,-0.000180
actual,3.575000,318.025000,0.460460,-1.049740,1.050626,-1.050592,-0.800066,-0.000180
actual,3.580000,318.030000,0.465696,-1.049740,1.050626,-1.050592,-0.800066,-0.000180
actual,3.585000,318.035000,0.471778,-1.049740,1.050626,-1.050592,-0.800066,-0.000180
actual,3.590000,318.040000,0.478556,-1.049740,1.050626,-1.050592,-0.800066,-0.000180
actual,3.595000,318.045000,0.485862,-1.049740,1.050626,-1.050592,-0.800066,-0.000180
actual,3.600000,318.050000,0.493517,-1.049740,1.050626,-1.050592,-0.800066,-0.000180
actual,3.605000,318.055000,0.501333,-1.049740,1.050626,-1.050592,-0.800066,-0.000180
actual,3.610000,318.060000,0.509117,-1.049740,1.050626,-1.050592,-0.800066,-0.000180
actual,3.615000,318.065000,0.516678,-1.049740,1.050626,-1.050592,-0.800066,-0.000180
actual,3.620000,318.070000,0.523828,-1.049740,1.050626,-1.050592,-0.800066,-0.000180
actual,3.625000,318.075000,0.530393,-1.049740,1.050626,-1.050592,-0.800066,-0.000180
actual,3.630000,318.080000,0.536210,-1.049740,1.050626,-1.050592,-0.800066,-0.000180
actual,3.635000,318.085000,0.541137,-1.049740,1.050626,-1.050592,-0.800066,-0.000180
actual,3.640000,318.090000,0.545051,-1.049740,1.050626,-1.050592,-0.800066,-0.000180
actual,3.645000,318.095000,0.547858,-1.049740,1.050626,-1.050592,-0.800066,-0.000180
actual,3.650000,318.100000,0.549486,-1.049740,1.050626,-1.050592,-0.800066,-0.000180
actual,3.655000,318.105000,0.549897,-1.049740,1.050626,-1.050592,-0.800066,-0.000180
actual,3.660000,318.110000,0.549081,-1.049740,1.050626,-1.050592,-0.800066,-0.000180
actual,3.665000,318.115000,0.547056,-1.049740,1.050626,-1.050592,-0.800066,-0.000180
actual,3.670000,318.120000,0.543874,-1.049740,1.050626,-1.050592,-0.800066,-0.000180
actual,3.680000,318.130000,0.534376,-1.049740,1.050626,-1.050592,-0.800066,-0.000180
actual,3.685000,318.135000,0.528295,-1.049740,1.050626,-1.050592,-0.800066,-0.000180
actual,3.690000,318.140000,0.521517,-1.049740,1.050626,-1.050592,-0.800066,-0.000180
actual,3.695000,318.145000,0.514211,-1.049740,1.050626,-1.050592,-0.800066,-0.000180
actual,3.700000,318.150000,0.506556,-1.049740,1.050626,-1.050592,-0.800066,-0.000180
actual,3.705000,318.155000,0.498740,-1.049740,1.050626,-1.050592,-0.800066,-0.000180
actual,3.710000,318.160000,0.490956,-1.049740,1.050626,-1.050592,-0.800066,-0.000180
actual,3.715000,318.165000,0.483395,-1.049740,1.050626,-1.050592,-0.800066,-0.000180
actual,3.720000,318.170000,0.476245,-1.049740,1.050626,-1.050592,-0.800066,-0.000180
actual,3.725000,318.175000,0.469680,-1.049740,1.050626,-1.050592,-0.800066,-0.000180
actual,3.730000,318.180000,0.463863,-1.049740,1.050626,-1.050592,-0.800066,-0.000180
actual,3.735000,318.185000,0.458936,-1.049740,1.050626,-1.050592,-0.800066,-0.000180
actual,3.740000,318.190000,0.455021,-1.049740,1.050626,-1.050592,-0.800066,-0.000180
actual,3.745000,318.195000,0.452215,-1.049740,1.050626,-1.050592,-0.800066,-0.000180
actual,3.750000,318.200000,0.450587,-1.049740,1.050626,-1.050592,-0.800066,-0.000180
actual,3.755000,318.205000,0.450176,-1.049740,1.050626,-1.050592,-0.800066,-0.000180
actual,3.760000,318.210000,0.450992,-1.049740,1.050626,-1.050592,-0.800066,-0.000180
actual,3.765000,318.215000,0.453017,-1.049740,1.050626,-1.050592,-0.800066,-0.000180
actual,3.770000,318.220000,0.456199,-1.049740,1.050626,-1.050592,-0.800066,-0.000180
actual,3.780000,318.230000,0.465696,-1.049740,1.050626,-1.050592,-0.800066,-0.000180
actual,3.785000,318.235000,0.471778,-1.049740,1.050626,-1.050592,-0.800066,-0.000180
actual,3.790000,318.240000,0.478556,-1.049740,1.050626,-1.050592,-0.800066,-0.000180
actual,3.795000,318.245000,0.485862,-1.049740,1.050626,-1.050592,-0.800066,-0.000180
actual,3.800000,318.250000,0.493517,-1.049740,1.050626,-1.050592,-0.800066,-0.000180
actual,3.805000,318.255000,0.501333,-1.049740,1.050626,-1.050592,-0.800066,-0.000180
actual,3.810000,318.260000,0.509117,-1.049740,1.050626,-1.050592,-0.800066,-0.000180
actual,3.815000,318.265000,0.516678,-1.049740,1.050626,-1.050592,-0.800066,-0.000180
actual,3.820000,318.270000,0.523828,-1.049740,1.050626,-1.050592,-0.800066,-0.000180
actual,3.825000,318.275000,0.530393,-1.049740,1.050626,-1.050592,-0.800066,-0.000180
actual,3.830000,318.280000,0.536210,-1.049740,1.050626,-1.050592,-0.800066,-0.000180
actual,3.835000,318.285000,0.541137,-1.049740,1.050626,-1.050592,-0.800066,-0.000180
actual,3.840000,318.290000,0.545051,-1.049740,1.050626,-1.050592,-0.800066,-0.000180
actual,3.845000,318.295000,0.547858,-1.049740,1.050626,-1.050592,-0.800066,-0.000180
actual,3.850000,318.300000,0.549486,-1.049740,1.050626,-1.050592,-0.800066,-0.000180
actual,3.855000,318.305000,0.549897,-1.049740,1.050626,-1.050592,-0.800066,-0.000180
actual,3.865000,318.315000,0.547056,-1.049740,1.050626,-1.050592,-0.800066,-0.000180
actual,3.870000,318.320000,0.543874,-1.049740,1.050626,-1.050592,-0.800066,-0.000180
actual,3.875000,318.325000,0.539612,-1.049740,1.050626,-1.050592,-0.800066,-0.000180
actual,3.880000,318.330000,0.534376,-1.049740,1.050626,-1.050592,-0.800066,-0.000180
actual,3.885000,318.335000,0.528295,-1.049740,1.050626,-1.050592,-0.800066,-0.000180
actual,3.890000,318.340000,0.521517,-1.049740,1.050626,-1.050592,-0.800066,-0.000180
actual,3.895000,318.345000,0.514211,-1.049740,1.050626,-1.050592,-0.800066,-0.000180
actual,3.900000,318.350000,0.506556,-1.049740,1.050626,-1.050592,-0.800066,-0.000180
actual,3.905000,318.355000,0.498740,-1.049740,1.050626,-1.050592,-0.800066,-0.000180
actual,3.910000,318.360000,0.490956,-1.049740,1.050626,-1.050592,-0.800066,-0.000180
actual,3.915000,318.365000,0.483395,-1.049740,1.050626,-1.050592,-0.800066,-0.000180
actual,3.920000,318.370000,0.476245,-1.049740,1.050626,-1.050592,-0.800066,-0.000180
actual,3.925000,318.375000,0.469680,-1.049740,1.050626,-1.050592,-0.800066,-0.000180
actual,3.930000,318.380000,0.463863,-1.049740,1.050626,-1.050592,-0.800066,-0.000180
actual,3.935000,318.385000,0.458936,-1.049740,1.050626,-1.050592,-0.800066,-0.000180
actual,3.945000,318.395000,0.452215,-1.049740,1.050626,-1.050592,-0.800066,-0.000180
actual,3.950000,318.400000,0.450587,-1.049740,1.050626,-1.050592,-0.800066,-0.000180
actual,3.955000,318.405000,0.450176,-1.049740,1.050626,-1.050592,-0.800066,-0.000180
actual,3.960000,318.410000,0.450992,-1.049740,1.050626,-1.050592,-0.800066,-0.000180
actual,3.965000,318.415000,0.453017,-1.049740,1.050626,-1.050592,-0.800066,-0.000180
actual,3.970000,318.420000,0.456199,-1.049740,1.050626,-1.050592,-0.800066,-0.000180
actual,3.975000,318.425000,0.460460,-1.049740,1.050626,-1.050592,-0.800066,-0.000180
actual,3.980000,318.430000,0.465696,-1.049740,1.050626,-1.050592,-0.800066,-0.000180
actual,3.985000,318.435000,0.471778,-1.049740,1.050626,-1.050592,-0.800066,-0.000180
actual,3.990000,318.440000,0.478556,-1.049740,1.050626,-1.050592,-0.800066,-0.000180
actual,3.995000,318.445000,0.485862,-1.049740,1.050626,-1.050592,-0.800066,-0.000180
actual,4.000000,318.450000,0.493517,-1.049740,1.050626,-1.050592,-0.800066,-0.000180
actual,4.005000,318.455000,0.501333,-1.049740,1.050626,-1.050592,-0.800066,-0.000180
actual,4.010000,318.460000,0.509117,-1.049740,1.050626,-1.050592,-0.800066,-0.000180
actual,4.015000,318.465000,0.516678,-1.049740,1.050626,-1.050592,-0.800066,-0.000180
actual,4.020000,318.470000,0.523828,-1.049740,1.050626,-1.050592,-0.800066,-0.000180
actual,4.030000,318.480000,0.536210,-1.049740,1.050626,-1.050592,-0.800066,-0.000180
actual,4.035000,318.485000,0.541137,-1.049740,1.050626,-1.050592,-0.800066,-0.000180
actual,4.040000,318.490000,0.545051,-1.049740,1.050626,-1.050592,-0.800066,-0.000180
actual,4.045000,318.495000,0.547858,-1.049740,1.050626,-1.050592,-0.800066,-0.000180
actual,4.050000,318.500000,0.549486,-1.049740,1.050626,-1.050592,-0.800066,-0.000180
actual,4.055000,318.505000,0.549897,-1.049740,1.050626,-1.050592,-0.800066,-0.000180
actual,4.060000,318.510000,0.549081,-1.049740,1.050626,-1.050592,-0.800066,-0.000180
actual,4.065000,318.515000,0.547056,-1.049740,1.050626,-1.050592,-0.800066,-0.000180
actual,4.070000,318.520000,0.543874,-1.049740,1.050626,-1.050592,-0.800066,-0.000180
actual,4.075000,318.525000,0.539612,-1.049740,1.050626,-1.050592,-0.800066,-0.000180
actual,4.080000,318.530000,0.534376,-1.049740,1.050626,-1.050592,-0.800066,-0.000180
actual,4.090000,318.540000,0.521517,-1.049740,1.050626,-1.050592,-0.800066,-0.000180
actual,4.095000,318.545000,0.514211,-1.049740,1.050626,-1.050592,-0.800066,-0.000180
actual,4.105000,318.555000,0.498740,-1.049740,1.050626,-1.050592,-0.800066,-0.000180
actual,4.110000,318.560000,0.490956,-1.049740,1.050626,-1.050592,-0.800066,-0.000180
actual,4.115000,318.565000,0.483395,-1.049740,1.050626,-1.050592,-0.800066,-0.000180
actual,4.120000,318.570000,0.476245,-1.049740,1.050626,-1.050592,-0.800066,-0.000180
actual,4.125000,318.575000,0.469680,-1.049740,1.050626,-1.050592,-0.800066,-0.000180
actual,4.130000,318.580000,0.463863,-1.049740,1.050626,-1.050592,-0.800066,-0.000180
actual,4.135000,318.585000,0.458936,-1.049740,1.050626,-1.050592,-0.800066,-0.000180
actual,4.140000,318.590000,0.455021,-1.049740,1.050626,-1.050592,-0.800066,-0.000180
actual,4.145000,318.595000,0.452215,-1.049740,1.050626,-1.050592,-0.800066,-0.000180
actual,4.150000,318.600000,0.450587,-1.049740,1.050626,-1.050592,-0.800066,-0.000180
actual,4.155000,318.605000,0.450176,-1.049740,1.050626,-1.050592,-0.800066,-0.000180
actual,4.160000,318.610000,0.450992,-1.049740,1.050626,-1.050592,-0.800066,-0.000180
actual,4.165000,318.615000,0.453017,-1.049740,1.050626,-1.050592,-0.800066,-0.000180
actual,4.170000,318.620000,0.456199,-1.049740,1.050626,-1.050592,-0.800066,-0.000180
actual,4.175000,318.625000,0.460460,-1.049740,1.050626,-1.050592,-0.800066,-0.000180
actual,4.180000,318.630000,0.465696,-1.049740,1.050626,-1.050592,-0.800066,-0.000180
actual,4.185000,318.635000,0.471778,-1.049740,1.050626,-1.050592,-0.800066,-0.000180
actual,4.190000,318.640000,0.478556,-1.049740,1.050626,-1.050592,-0.800066,-0.000180
actual,4.195000,318.645000,0.485862,-1.049740,1.050626,-1.050592,-0.800066,-0.000180
actual,4.200000,318.650000,0.493517,-1.049740,1.050626,-1.050592,-0.800066,-0.000180
actual,4.205000,318.655000,0.501333,-1.049740,1.050626,-1.050592,-0.800066,-0.000180
actual,4.210000,318.660000,0.509117,-1.049740,1.050626,-1.050592,-0.800066,-0.000180
actual,4.215000,318.665000,0.516678,-1.049740,1.050626,-1.050592,-0.800066,-0.000180
actual,4.220000,318.670000,0.523828,-1.049740,1.050626,-1.050592,-0.800066,-0.000180
actual,4.225000,318.675000,0.530393,-1.049740,1.050626,-1.050592,-0.800066,-0.000180
actual,4.230000,318.680000,0.536210,-1.049740,1.050626,-1.050592,-0.800066,-0.000180
actual,4.235000,318.685000,0.541137,-1.049740,1.050626,-1.050592,-0.800066,-0.000180
actual,4.240000,318.690000,0.545051,-1.049740,1.050626,-1.050592,-0.800066,-0.000180
actual,4.245000,318.695000,0.547858,-1.049740,1.050626,-1.050592,-0.800066,-0.000180
actual,4.250000,318.700000,0.549486,-1.049740,1.050626,-1.050592,-0.800066,-0.000180
actual,4.255000,318.705000,0.549897,-1.049740,1.050626,-1.050592,-0.800066,-0.000180
actual,4.260000,318.710000,0.549081,-1.049740,1.050626,-1.050592,-0.800066,-0.000180
actual,4.265000,318.715000,0.547056,-1.049740,1.050626,-1.050592,-0.800066,-0.000180
actual,4.270000,318.720000,0.543874,-1.049740,1.050626,-1.050592,-0.800066,-0.000180
actual,4.275000,318.725000,0.539612,-1.049740,1.050626,-1.050592,-0.800066,-0.000180
actual,4.280000,318.730000,0.534376,-1.049740,1.050626,-1.050592,-0.800066,-0.000180
actual,4.285000,318.735000,0.528295,-1.049740,1.050626,-1.050592,-0.800066,-0.000180
actual,4.290000,318.740000,0.521517,-1.049740,1.050626,-1.050592,-0.800066,-0.000180
actual,4.295000,318.745000,0.514211,-1.049740,1.050626,-1.050592,-0.800066,-0.000180
actual,4.300000,318.750000,0.506556,-1.049740,1.050626,-1.050592,-0.800066,-0.000180
actual,4.305000,318.755000,0.498740,-1.049740,1.050626,-1.050592,-0.800066,-0.000180
actual,4.310000,318.760000,0.490956,-1.049740,1.050626,-1.050592,-0.800066,-0.000180
actual,4.315000,318.765000,0.483395,-1.049740,1.050626,-1.050592,-0.800066,-0.000180
actual,4.320000,318.770000,0.476245,-1.049740,1.050626,-1.050592,-0.800066,-0.000180
actual,4.325000,318.775000,0.469680,-1.049740,1.050626,-1.050592,-0.800066,-0.000180
actual,4.330000,318.780000,0.463863,-1.049740,1.050626,-1.050592,-0.800066,-0.000180
actual,4.335000,318.785000,0.458936,-1.049740,1.050626,-1.050592,-0.800066,-0.000180
actual,4.340000,318.790000,0.455021,-1.049740,1.050626,-1.050592,-0.800066,-0.000180
actual,4.345000,318.795000,0.452215,-1.049740,1.050626,-1.050592,-0.800066,-0.000180
actual,4.350000,318.800000,0.450587,-1.049740,1.050626,-1.050592,-0.800066,-0.000180
actual,4.355000,318.805000,0.450176,-1.049740,1.050626,-1.050592,-0.800066,-0.000180
actual,4.360000,318.810000,0.450992,-1.049740,1.050626,-1.050592,-0.800066,-0.000180
actual,4.365000,318.815000,0.453017,-1.049740,1.050626,-1.050592,-0.800066,-0.000180
actual,4.370000,318.820000,0.456199,-1.049740,1.050626,-1.050592,-0.800066,-0.000180
actual,4.375000,318.825000,0.460460,-1.049740,1.050626,-1.050592,-0.800066,-0.000180
actual,4.380000,318.830000,0.465696,-1.049740,1.050626,-1.050592,-0.800066,-0.000180
actual,4.385000,318.835000,0.471778,-1.049740,1.050626,-1.050592,-0.800066,-0.000180
actual,4.390000,318.840000,0.478556,-1.049740,1.050626,-1.050592,-0.800066,-0.000180
actual,4.395000,318.845000,0.485862,-1.049740,1.050626,-1.050592,-0.800066,-0.000180
actual,4.400000,318.850000,0.493517,-1.049740,1.050626,-1.050592,-0.800066,-0.000180
actual,4.405000,318.855000,0.501333,-1.049740,1.050626,-1.050592,-0.800066,-0.000180
actual,4.410000,318.860000,0.509117,-1.049740,1.050626,-1.050592,-0.800066,-0.000180
actual,4.415000,318.865000,0.516678,-1.049740,1.050626,-1.050592,-0.800066,-0.000180
actual,4.420000,318.870000,0.523828,-1.049740,1.050626,-1.050592,-0.800066,-0.000180
actual,4.425000,318.875000,0.530393,-1.049740,1.050626,-1.050592,-0.800066,-0.000180
actual,4.430000,318.880000,0.536210,-1.049740,1.050626,-1.050592,-0.800066,-0.000180
actual,4.435000,318.885000,0.541137,-1.049740,1.050626,-1.050592,-0.800066,-0.000180
actual,4.440000,318.890000,0.545051,-1.049740,1.050626,-1.050592,-0.800066,-0.000180
actual,4.445000,318.895000,0.547858,-1.049740,1.050626,-1.050592,-0.800066,-0.000180
actual,4.450000,318.900000,0.549486,-1.049740,1.050626,-1.050592,-0.800066,-0.000180
actual,4.455000,318.905000,0.549897,-1.049740,1.050626,-1.050592,-0.800066,-0.000180
actual,4.460000,318.910000,0.549081,-1.049740,1.050626,-1.050592,-0.800066,-0.000180
actual,4.465000,318.915000,0.547056,-1.049740,1.050626,-1.050592,-0.800066,-0.000180
actual,4.470000,318.920000,0.543874,-1.049740,1.050626,-1.050592,-0.800066,-0.000180
actual,4.475000,318.925000,0.539612,-1.049740,1.050626,-1.050592,-0.800066,-0.000180
actual,4.480000,318.930000,0.534376,-1.049740,1.050626,-1.050592,-0.800066,-0.000180
actual,4.485000,318.935000,0.528295,-1.049740,1.050626,-1.050592,-0.800066,-0.000180
actual,4.490000,318.940000,0.521517,-1.049740,1.050626,-1.050592,-0.800066,-0.000180
actual,4.495000,318.945000,0.514211,-1.049740,1.050626,-1.050592,-0.800066,-0.000180
actual,4.500000,318.950000,0.506556,-1.049740,1.050626,-1.050592,-0.800066,-0.000180
actual,4.505000,318.955000,0.498740,-1.049740,1.050626,-1.050592,-0.800066,-0.000180
actual,4.510000,318.960000,0.490956,-1.049740,1.050626,-1.050592,-0.800066,-0.000180
actual,4.515000,318.965000,0.483395,-1.049740,1.050626,-1.050592,-0.800066,-0.000180
actual,4.520000,318.970000,0.476245,-1.049740,1.050626,-1.050592,-0.800066,-0.000180
actual,4.525000,318.975000,0.469680,-1.049740,1.050626,-1.050592,-0.800066,-0.000180
actual,4.530000,318.980000,0.463863,-1.049740,1.050626,-1.050592,-0.800066,-0.000180
actual,4.535000,318.985000,0.458936,-1.049740,1.050626,-1.050592,-0.800066,-0.000180
actual,4.540000,318.990000,0.455021,-1.049740,1.050626,-1.050592,-0.800066,-0.000180
actual,4.545000,318.995000,0.452215,-1.049740,1.050626,-1.050592,-0.800066,-0.000180
actual,4.550000,319.000000,0.450587,-1.049740,1.050626,-1.050592,-0.800066,-0.000180
actual,4.555000,319.005000,0.450176,-1.049740,1.050626,-1.050592,-0.800066,-0.000180
actual,4.560000,319.010000,0.450992,-1.049740,1.050626,-1.050592,-0.800066,-0.000180
actual,4.565000,319.015000,0.453017,-1.049740,1.050626,-1.050592,-0.800066,-0.000180
actual,4.570000,319.020000,0.456199,-1.049740,1.050626,-1.050592,-0.800066,-0.000180
actual,4.575000,319.025000,0.460460,-1.049740,1.050626,-1.050592,-0.800066,-0.000180
actual,4.580000,319.030000,0.465696,-1.049740,1.050626,-1.050592,-0.800066,-0.000180
actual,4.585000,319.035000,0.471778,-1.049740,1.050626,-1.050592,-0.800066,-0.000180
actual,4.590000,319.040000,0.478556,-1.049740,1.050626,-1.050592,-0.800066,-0.000180
actual,4.595000,319.045000,0.485862,-1.049740,1.050626,-1.050592,-0.800066,-0.000180
actual,4.600000,319.050000,0.493517,-1.049740,1.050626,-1.050592,-0.800066,-0.000180
actual,4.605000,319.055000,0.501333,-1.049740,1.050626,-1.050592,-0.800066,-0.000180
actual,4.610000,319.060000,0.509117,-1.049740,1.050626,-1.050592,-0.800066,-0.000180
actual,4.615000,319.065000,0.516678,-1.049740,1.050626,-1.050592,-0.800066,-0.000180
actual,4.620000,319.070000,0.523828,-1.049740,1.050626,-1.050592,-0.800066,-0.000180
actual,4.625000,319.075000,0.530393,-1.049740,1.050626,-1.050592,-0.800066,-0.000180
actual,4.630000,319.080000,0.536210,-1.049740,1.050626,-1.050592,-0.800066,-0.000180
actual,4.635000,319.085000,0.541137,-1.049740,1.050626,-1.050592,-0.800066,-0.000180
actual,4.640000,319.090000,0.545051,-1.049740,1.050626,-1.050592,-0.800066,-0.000180
actual,4.645000,319.095000,0.547858,-1.049740,1.050626,-1.050592,-0.800066,-0.000180
actual,4.650000,319.100000,0.549486,-1.049740,1.050626,-1.050592,-0.800066,-0.000180
actual,4.655000,319.105000,0.549897,-1.049740,1.050626,-1.050592,-0.800066,-0.000180
actual,4.660000,319.110000,0.549081,-1.049740,1.050626,-1.050592,-0.800066,-0.000180
actual,4.665000,319.115000,0.547056,-1.049740,1.050626,-1.050592,-0.800066,-0.000180
actual,4.675000,319.125000,0.539612,-1.049740,1.050626,-1.050592,-0.800066,-0.000180
actual,4.680000,319.130000,0.534376,-1.049740,1.050626,-1.050592,-0.800066,-0.000180
actual,4.685000,319.135000,0.528295,-1.049740,1.050626,-1.050592,-0.800066,-0.000180
actual,4.690000,319.140000,0.521517,-1.049740,1.050626,-1.050592,-0.800066,-0.000180
actual,4.695000,319.145000,0.514211,-1.049740,1.050626,-1.050592,-0.800066,-0.000180
actual,4.700000,319.150000,0.506556,-1.049740,1.050626,-1.050592,-0.800066,-0.000180
actual,4.705000,319.155000,0.498740,-1.049740,1.050626,-1.050592,-0.800066,-0.000180
actual,4.710000,319.160000,0.490956,-1.049740,1.050626,-1.050592,-0.800066,-0.000180
actual,4.715000,319.165000,0.483395,-1.049740,1.050626,-1.050592,-0.800066,-0.000180
actual,4.720000,319.170000,0.476245,-1.049740,1.050626,-1.050592,-0.800066,-0.000180
actual,4.725000,319.175000,0.469680,-1.049740,1.050626,-1.050592,-0.800066,-0.000180
actual,4.730000,319.180000,0.463863,-1.049740,1.050626,-1.050592,-0.800066,-0.000180
actual,4.735000,319.185000,0.458936,-1.049740,1.050626,-1.050592,-0.800066,-0.000180
actual,4.740000,319.190000,0.455021,-1.049740,1.050626,-1.050592,-0.800066,-0.000180
actual,4.745000,319.195000,0.452215,-1.049740,1.050626,-1.050592,-0.800066,-0.000180
actual,4.750000,319.200000,0.450587,-1.049740,1.050626,-1.050592,-0.800066,-0.000180
actual,4.755000,319.205000,0.450176,-1.049740,1.050626,-1.050592,-0.800066,-0.000180
actual,4.760000,319.210000,0.450992,-1.049740,1.050626,-1.050592,-0.800066,-0.000180
actual,4.765000,319.215000,0.453017,-1.049740,1.050626,-1.050592,-0.800066,-0.000180
actual,4.770000,319.220000,0.456199,-1.049740,1.050626,-1.050592,-0.800066,-0.000180
actual,4.775000,319.225000,0.460460,-1.049740,1.050626,-1.050592,-0.800066,-0.000180
actual,4.780000,319.230000,0.465696,-1.049740,1.050626,-1.050592,-0.800066,-0.000180
actual,4.785000,319.235000,0.471778,-1.049740,1.050626,-1.050592,-0.800066,-0.000180
actual,4.790000,319.240000,0.478556,-1.049740,1.050626,-1.050592,-0.800066,-0.000180
actual,4.795000,319.245000,0.485862,-1.049740,1.050626,-1.050592,-0.800066,-0.000180
actual,4.800000,319.250000,0.493517,-1.049740,1.050626,-1.050592,-0.800066,-0.000180
actual,4.805000,319.255000,0.501333,-1.049740,1.050626,-1.050592,-0.800066,-0.000180
actual,4.810000,319.260000,0.509117,-1.049740,1.050626,-1.050592,-0.800066,-0.000180
actual,4.815000,319.265000,0.516678,-1.049740,1.050626,-1.050592,-0.800066,-0.000180
actual,4.820000,319.270000,0.523828,-1.049740,1.050626,-1.050592,-0.800066,-0.000180
actual,4.825000,319.275000,0.530393,-1.049740,1.050626,-1.050592,-0.800066,-0.000180
actual,4.830000,319.280000,0.536210,-1.049740,1.050626,-1.050592,-0.800066,-0.000180
actual,4.835000,319.285000,0.541137,-1.049740,1.050626,-1.050592,-0.800066,-0.000180
actual,4.840000,319.290000,0.545051,-1.049740,1.050626,-1.050592,-0.800066,-0.000180
actual,4.845000,319.295000,0.547858,-1.049740,1.050626,-1.050592,-0.800066,-0.000180
actual,4.850000,319.300000,0.549486,-1.049740,1.050626,-1.050592,-0.800066,-0.000180
actual,4.855000,319.305000,0.549897,-1.049740,1.050626,-1.050592,-0.800066,-0.000180
actual,4.860000,319.310000,0.549081,-1.049740,1.050626,-1.050592,-0.800066,-0.000180
actual,4.865000,319.315000,0.547056,-1.049740,1.050626,-1.050592,-0.800066,-0.000180
actual,4.870000,319.320000,0.543874,-1.049740,1.050626,-1.050592,-0.800066,-0.000180
actual,4.875000,319.325000,0.539612,-1.049740,1.050626,-1.050592,-0.800066,-0.000180
actual,4.880000,319.330000,0.534376,-1.049740,1.050626,-1.050592,-0.800066,-0.000180
actual,4.885000,319.335000,0.528295,-1.049740,1.050626,-1.050592,-0.800066,-0.000180
actual,4.890000,319.340000,0.521517,-1.049740,1.050626,-1.050592,-0.800066,-0.000180
actual,4.895000,319.345000,0.514211,-1.049740,1.050626,-1.050592,-0.800066,-0.000180
actual,4.900000,319.350000,0.506556,-1.049740,1.050626,-1.050592,-0.800066,-0.000180
actual,4.905000,319.355000,0.498740,-1.049740,1.050626,-1.050592,-0.800066,-0.000180
actual,4.910000,319.360000,0.490956,-1.049740,1.050626,-1.050592,-0.800066,-0.000180
actual,4.915000,319.365000,0.483395,-1.049740,1.050626,-1.050592,-0.800066,-0.000180
actual,4.920000,319.370000,0.476245,-1.049740,1.050626,-1.050592,-0.800066,-0.000180
actual,4.925000,319.375000,0.469680,-1.049740,1.050626,-1.050592,-0.800066,-0.000180
actual,4.930000,319.380000,0.463863,-1.049740,1.050626,-1.050592,-0.800066,-0.000180
actual,4.935000,319.385000,0.458936,-1.049740,1.050626,-1.050592,-0.800066,-0.000180
actual,4.940000,319.390000,0.455021,-1.049740,1.050626,-1.050592,-0.800066,-0.000180
actual,4.945000,319.395000,0.452215,-1.049740,1.050626,-1.050592,-0.800066,-0.000180
actual,4.950000,319.400000,0.450587,-1.049740,1.050626,-1.050592,-0.800066,-0.000180
actual,4.955000,319.405000,0.450176,-1.049740,1.050626,-1.050592,-0.800066,-0.000180
actual,4.960000,319.410000,0.450992,-1.049740,1.050626,-1.050592,-0.800066,-0.000180
actual,4.965000,319.415000,0.453017,-1.049740,1.050626,-1.050592,-0.800066,-0.000180
actual,4.975000,319.425000,0.460460,-1.049740,1.050626,-1.050592,-0.800066,-0.000180
actual,4.980000,319.430000,0.465696,-1.049740,1.050626,-1.050592,-0.800066,-0.000180
actual,4.990000,319.440000,0.478556,-1.049740,1.050626,-1.050592,-0.800066,-0.000180
actual,4.995000,319.445000,0.485862,-1.049740,1.050626,-1.050592,-0.800066,-0.000180
actual,5.000000,319.450000,0.493517,-1.049740,1.050626,-1.050592,-0.800066,-0.000180
actual,5.005000,319.455000,0.501333,-1.049740,1.050626,-1.050592,-0.800066,-0.000180
actual,5.010000,319.460000,0.509117,-1.049740,1.050626,-1.050592,-0.800066,-0.000180
actual,5.015000,319.465000,0.516678,-1.049740,1.050626,-1.050592,-0.800066,-0.000180
actual,5.020000,319.470000,0.523828,-1.049740,1.050626,-1.050592,-0.800066,-0.000180
actual,5.025000,319.475000,0.530393,-1.049740,1.050626,-1.050592,-0.800066,-0.000180
actual,5.030000,319.480000,0.536210,-1.049740,1.050626,-1.050592,-0.800066,-0.000180
actual,5.035000,319.485000,0.541137,-1.049740,1.050626,-1.050592,-0.800066,-0.000180
actual,5.040000,319.490000,0.545051,-1.049740,1.050626,-1.050592,-0.800066,-0.000180
actual,5.045000,319.495000,0.547858,-1.049740,1.050626,-1.050592,-0.800066,-0.000180
actual,5.050000,319.500000,0.549486,-1.049740,1.050626,-1.050592,-0.800066,-0.000180
actual,5.055000,319.505000,0.549897,-1.049740,1.050626,-1.050592,-0.800066,-0.000180
actual,5.060000,319.510000,0.549081,-1.049740,1.050626,-1.050592,-0.800066,-0.000180
actual,5.065000,319.515000,0.547056,-1.049740,1.050626,-1.050592,-0.800066,-0.000180
actual,5.070000,319.520000,0.543874,-1.049740,1.050626,-1.050592,-0.800066,-0.000180
actual,5.075000,319.525000,0.539612,-1.049740,1.050626,-1.050592,-0.800066,-0.000180
actual,5.080000,319.530000,0.534376,-1.049740,1.050626,-1.050592,-0.800066,-0.000180
actual,5.085000,319.535000,0.528295,-1.049740,1.050626,-1.050592,-0.800066,-0.000180
actual,5.090000,319.540000,0.521517,-1.049740,1.050626,-1.050592,-0.800066,-0.000180
actual,5.095000,319.545000,0.514211,-1.049740,1.050626,-1.050592,-0.800066,-0.000180
actual,5.100000,319.550000,0.506556,-1.049740,1.050626,-1.050592,-0.800066,-0.000180
actual,5.105000,319.555000,0.498740,-1.049740,1.050626,-1.050592,-0.800066,-0.000180
actual,5.110000,319.560000,0.490956,-1.049740,1.050626,-1.050592,-0.800066,-0.000180
actual,5.115000,319.565000,0.483395,-1.049740,1.050626,-1.050592,-0.800066,-0.000180
actual,5.120000,319.570000,0.476245,-1.049740,1.050626,-1.050592,-0.800066,-0.000180
actual,5.125000,319.575000,0.469680,-1.049740,1.050626,-1.050592,-0.800066,-0.000180
actual,5.130000,319.580000,0.463863,-1.049740,1.050626,-1.050592,-0.800066,-0.000180
actual,5.135000,319.585000,0.458936,-1.049740,1.050626,-1.050592,-0.800066,-0.000180
actual,5.140000,319.590000,0.455021,-1.049740,1.050626,-1.050592,-0.800066,-0.000180
actual,5.145000,319.595000,0.452215,-1.049740,1.050626,-1.050592,-0.800066,-0.000180
actual,5.150000,319.600000,0.450587,-1.049740,1.050626,-1.050592,-0.800066,-0.000180
actual,5.155000,319.605000,0.450176,-1.049740,1.050626,-1.050592,-0.800066,-0.000180
actual,5.160000,319.610000,0.450992,-1.049740,1.050626,-1.050592,-0.800066,-0.000180
actual,5.165000,319.615000,0.453017,-1.049740,1.050626,-1.050592,-0.800066,-0.000180
actual,5.170000,319.620000,0.456199,-1.049740,1.050626,-1.050592,-0.800066,-0.000180
actual,5.180000,319.630000,0.465696,-1.049740,1.050626,-1.050592,-0.800066,-0.000180
actual,5.190000,319.640000,0.478556,-1.049740,1.050626,-1.050592,-0.800066,-0.000180
actual,5.195000,319.645000,0.485862,-1.049740,1.050626,-1.050592,-0.800066,-0.000180
actual,5.200000,319.650000,0.493517,-1.049740,1.050626,-1.050592,-0.800066,-0.000180
actual,5.205000,319.655000,0.501333,-1.049740,1.050626,-1.050592,-0.800066,-0.000180
actual,5.210000,319.660000,0.509117,-1.049740,1.050626,-1.050592,-0.800066,-0.000180
actual,5.215000,319.665000,0.516678,-1.049740,1.050626,-1.050592,-0.800066,-0.000180
actual,5.220000,319.670000,0.523828,-1.049740,1.050626,-1.050592,-0.800066,-0.000180
actual,5.225000,319.675000,0.530393,-1.049740,1.050626,-1.050592,-0.800066,-0.000180
actual,5.230000,319.680000,0.536210,-1.049740,1.050626,-1.050592,-0.800066,-0.000180
actual,5.235000,319.685000,0.541137,-1.049740,1.050626,-1.050592,-0.800066,-0.000180
actual,5.240000,319.690000,0.545051,-1.049740,1.050626,-1.050592,-0.800066,-0.000180
actual,5.245000,319.695000,0.547858,-1.049740,1.050626,-1.050592,-0.800066,-0.000180
actual,5.250000,319.700000,0.549486,-1.049740,1.050626,-1.050592,-0.800066,-0.000180
actual,5.255000,319.705000,0.549897,-1.049740,1.050626,-1.050592,-0.800066,-0.000180
actual,5.260000,319.710000,0.549081,-1.049740,1.050626,-1.050592,-0.800066,-0.000180
actual,5.265000,319.715000,0.547056,-1.049740,1.050626,-1.050592,-0.800066,-0.000180
actual,5.270000,319.720000,0.543874,-1.049740,1.050626,-1.050592,-0.800066,-0.000180
actual,5.275000,319.725000,0.539612,-1.049740,1.050626,-1.050592,-0.800066,-0.000180
actual,5.280000,319.730000,0.534376,-1.049740,1.050626,-1.050592,-0.800066,-0.000180
actual,5.285000,319.735000,0.528295,-1.049740,1.050626,-1.050592,-0.800066,-0.000180
actual,5.290000,319.740000,0.521517,-1.049740,1.050626,-1.050592,-0.800066,-0.000180
actual,5.295000,319.745000,0.514211,-1.049740,1.050626,-1.050592,-0.800066,-0.000180
actual,5.300000,319.750000,0.506556,-1.049740,1.050626,-1.050592,-0.800066,-0.000180
actual,5.305000,319.755000,0.498740,-1.049740,1.050626,-1.050592,-0.800066,-0.000180
actual,5.310000,319.760000,0.490956,-1.049740,1.050626,-1.050592,-0.800066,-0.000180
actual,5.315000,319.765000,0.483395,-1.049740,1.050626,-1.050592,-0.800066,-0.000180
actual,5.320000,319.770000,0.476245,-1.049740,1.050626,-1.050592,-0.800066,-0.000180
actual,5.325000,319.775000,0.469680,-1.049740,1.050626,-1.050592,-0.800066,-0.000180
actual,5.330000,319.780000,0.463863,-1.049740,1.050626,-1.050592,-0.800066,-0.000180
actual,5.335000,319.785000,0.458936,-1.049740,1.050626,-1.050592,-0.800066,-0.000180
actual,5.340000,319.790000,0.455021,-1.049740,1.050626,-1.050592,-0.800066,-0.000180
actual,5.345000,319.795000,0.452215,-1.049740,1.050626,-1.050592,-0.800066,-0.000180
actual,5.350000,319.800000,0.450587,-1.049740,1.050626,-1.050592,-0.800066,-0.000180
actual,5.355000,319.805000,0.450176,-1.049740,1.050626,-1.050592,-0.800066,-0.000180
actual,5.360000,319.810000,0.450992,-1.049740,1.050626,-1.050592,-0.800066,-0.000180
actual,5.365000,319.815000,0.453017,-1.049740,1.050626,-1.050592,-0.800066,-0.000180
actual,5.370000,319.820000,0.456199,-1.049740,1.050626,-1.050592,-0.800066,-0.000180
actual,5.375000,319.825000,0.460460,-1.049740,1.050626,-1.050592,-0.800066,-0.000180
actual,5.380000,319.830000,0.465696,-1.049740,1.050626,-1.050592,-0.800066,-0.000180
actual,5.385000,319.835000,0.471778,-1.049740,1.050626,-1.050592,-0.800066,-0.000180
actual,5.390000,319.840000,0.478556,-1.049740,1.050626,-1.050592,-0.800066,-0.000180
actual,5.395000,319.845000,0.485862,-1.049740,1.050626,-1.050592,-0.800066,-0.000180
actual,5.400000,319.850000,0.493517,-1.049740,1.050626,-1.050592,-0.800066,-0.000180
actual,5.405000,319.855000,0.501333,-1.049740,1.050626,-1.050592,-0.800066,-0.000180
actual,5.410000,319.860000,0.509117,-1.049740,1.050626,-1.050592,-0.800066,-0.000180
actual,5.415000,319.865000,0.516678,-1.049740,1.050626,-1.050592,-0.800066,-0.000180
actual,5.420000,319.870000,0.523828,-1.049740,1.050626,-1.050592,-0.800066,-0.000180
actual,5.425000,319.875000,0.530393,-1.049740,1.050626,-1.050592,-0.800066,-0.000180
actual,5.430000,319.880000,0.536210,-1.049740,1.050626,-1.050592,-0.800066,-0.000180
actual,5.435000,319.885000,0.541137,-1.049740,1.050626,-1.050592,-0.800066,-0.000180
actual,5.440000,319.890000,0.545051,-1.049740,1.050626,-1.050592,-0.800066,-0.000180
actual,5.445000,319.895000,0.547858,-1.049740,1.050626,-1.050592,-0.800066,-0.000180
actual,5.450000,319.900000,0.549486,-1.049740,1.050626,-1.050592,-0.800066,-0.000180
actual,5.455000,319.905000,0.549897,-1.049740,1.050626,-1.050592,-0.800066,-0.000180
actual,5.460000,319.910000,0.549081,-1.049740,1.050626,-1.050592,-0.800066,-0.000180
actual,5.465000,319.915000,0.547056,-1.049740,1.050626,-1.050592,-0.800066,-0.000180
actual,5.470000,319.920000,0.543874,-1.049740,1.050626,-1.050592,-0.800066,-0.000180
actual,5.475000,319.925000,0.539612,-1.049740,1.050626,-1.050592,-0.800066,-0.000180
actual,5.480000,319.930000,0.534376,-1.049740,1.050626,-1.050592,-0.800066,-0.000180
actual,5.485000,319.935000,0.528295,-1.049740,1.050626,-1.050592,-0.800066,-0.000180
actual,5.490000,319.940000,0.521517,-1.049740,1.050626,-1.050592,-0.800066,-0.000180
actual,5.495000,319.945000,0.514211,-1.049740,1.050626,-1.050592,-0.800066,-0.000180
actual,5.500000,319.950000,0.506556,-1.049740,1.050626,-1.050592,-0.800066,-0.000180
actual,5.505000,319.955000,0.498740,-1.049740,1.050626,-1.050592,-0.800066,-0.000180
actual,5.510000,319.960000,0.490956,-1.049740,1.050626,-1.050592,-0.800066,-0.000180
actual,5.515000,319.965000,0.483395,-1.049740,1.050626,-1.050592,-0.800066,-0.000180
actual,5.520000,319.970000,0.476245,-1.049740,1.050626,-1.050592,-0.800066,-0.000180
actual,5.525000,319.975000,0.469680,-1.049740,1.050626,-1.050592,-0.800066,-0.000180
actual,5.530000,319.980000,0.463863,-1.049740,1.050626,-1.050592,-0.800066,-0.000180
actual,5.535000,319.985000,0.458936,-1.049740,1.050626,-1.050592,-0.800066,-0.000180
actual,5.540000,319.990000,0.455021,-1.049740,1.050626,-1.050592,-0.800066,-0.000180
actual,5.545000,319.995000,0.452215,-1.049740,1.050626,-1.050592,-0.800066,-0.000180
actual,5.550000,320.000000,0.450587,-1.049740,1.050626,-1.050592,-0.800066,-0.000180
actual,5.555000,320.005000,0.450176,-1.049740,1.050626,-1.050592,-0.800066,-0.000180
actual,5.560000,320.010000,0.450992,-1.049740,1.050626,-1.050592,-0.800066,-0.000180
actual,5.565000,320.015000,0.453017,-1.049740,1.050626,-1.050592,-0.800066,-0.000180
actual,5.575000,320.025000,0.460460,-1.049740,1.050626,-1.050592,-0.800066,-0.000180
actual,5.580000,320.030000,0.465696,-1.049740,1.050626,-1.050592,-0.800066,-0.000180
actual,5.585000,320.035000,0.471778,-1.049740,1.050626,-1.050592,-0.800066,-0.000180
actual,5.590000,320.040000,0.478556,-1.049740,1.050626,-1.050592,-0.800066,-0.000180
actual,5.595000,320.045000,0.485862,-1.049740,1.050626,-1.050592,-0.800066,-0.000180
actual,5.605000,320.055000,0.501333,-1.049740,1.050626,-1.050592,-0.800066,-0.000180
actual,5.610000,320.060000,0.509117,-1.049740,1.050626,-1.050592,-0.800066,-0.000180
actual,5.615000,320.065000,0.516678,-1.049740,1.050626,-1.050592,-0.800066,-0.000180
actual,5.620000,320.070000,0.523828,-1.049740,1.050626,-1.050592,-0.800066,-0.000180
actual,5.625000,320.075000,0.530393,-1.049740,1.050626,-1.050592,-0.800066,-0.000180
actual,5.630000,320.080000,0.536210,-1.049740,1.050626,-1.050592,-0.800066,-0.000180
actual,5.635000,320.085000,0.541137,-1.049740,1.050626,-1.050592,-0.800066,-0.000180
actual,5.640000,320.090000,0.545051,-1.049740,1.050626,-1.050592,-0.800066,-0.000180
actual,5.645000,320.095000,0.547858,-1.049740,1.050626,-1.050592,-0.800066,-0.000180
actual,5.650000,320.100000,0.549486,-1.049740,1.050626,-1.050592,-0.800066,-0.000180
actual,5.655000,320.105000,0.549897,-1.049740,1.050626,-1.050592,-0.800066,-0.000180
actual,5.665000,320.115000,0.547056,-1.049740,1.050626,-1.050592,-0.800066,-0.000180
actual,5.670000,320.120000,0.543874,-1.049740,1.050626,-1.050592,-0.800066,-0.000180
actual,5.685000,320.135000,0.528295,-1.049740,1.050626,-1.050592,-0.800066,-0.000180
actual,5.690000,320.140000,0.521517,-1.049740,1.050626,-1.050592,-0.800066,-0.000180
actual,5.695000,320.145000,0.514211,-1.049740,1.050626,-1.050592,-0.800066,-0.000180
actual,5.700000,320.150000,0.506556,-1.049740,1.050626,-1.050592,-0.800066,-0.000180
actual,5.705000,320.155000,0.498740,-1.049740,1.050626,-1.050592,-0.800066,-0.000180
actual,5.710000,320.160000,0.490956,-1.049740,1.050626,-1.050592,-0.800066,-0.000180
actual,5.715000,320.165000,0.483395,-1.049740,1.050626,-1.050592,-0.800066,-0.000180
actual,5.720000,320.170000,0.476245,-1.049740,1.050626,-1.050592,-0.800066,-0.000180
actual,5.725000,320.175000,0.469680,-1.049740,1.050626,-1.050592,-0.800066,-0.000180
actual,5.730000,320.180000,0.463863,-1.049740,1.050626,-1.050592,-0.800066,-0.000180
actual,5.735000,320.185000,0.458936,-1.049740,1.050626,-1.050592,-0.800066,-0.000180
actual,5.740000,320.190000,0.455021,-1.049740,1.050626,-1.050592,-0.800066,-0.000180
actual,5.745000,320.195000,0.452215,-1.049740,1.050626,-1.050592,-0.800066,-0.000180
actual,5.750000,320.200000,0.450587,-1.049740,1.050626,-1.050592,-0.800066,-0.000180
actual,5.755000,320.205000,0.450176,-1.049740,1.050626,-1.050592,-0.800066,-0.000180
actual,5.760000,320.210000,0.450992,-1.049740,1.050626,-1.050592,-0.800066,-0.000180
actual,5.765000,320.215000,0.453017,-1.049740,1.050626,-1.050592,-0.800066,-0.000180
actual,5.770000,320.220000,0.456199,-1.049740,1.050626,-1.050592,-0.800066,-0.000180
actual,5.775000,320.225000,0.460460,-1.049740,1.050626,-1.050592,-0.800066,-0.000180
actual,5.780000,320.230000,0.465696,-1.049740,1.050626,-1.050592,-0.800066,-0.000180
actual,5.785000,320.235000,0.471778,-1.049740,1.050626,-1.050592,-0.800066,-0.000180
actual,5.790000,320.240000,0.478556,-1.049740,1.050626,-1.050592,-0.800066,-0.000180
actual,5.795000,320.245000,0.485862,-1.049740,1.050626,-1.050592,-0.800066,-0.000180
actual,5.800000,320.250000,0.493517,-1.049740,1.050626,-1.050592,-0.800066,-0.000180
actual,5.805000,320.255000,0.501333,-1.049740,1.050626,-1.050592,-0.800066,-0.000180
actual,5.810000,320.260000,0.509117,-1.049740,1.050626,-1.050592,-0.800066,-0.000180
actual,5.815000,320.265000,0.516678,-1.049740,1.050626,-1.050592,-0.800066,-0.000180
actual,5.820000,320.270000,0.523828,-1.049740,1.050626,-1.050592,-0.800066,-0.000180
actual,5.825000,320.275000,0.530393,-1.049740,1.050626,-1.050592,-0.800066,-0.000180
actual,5.830000,320.280000,0.536210,-1.049740,1.050626,-1.050592,-0.800066,-0.000180
actual,5.835000,320.285000,0.541137,-1.049740,1.050626,-1.050592,-0.800066,-0.000180
actual,5.840000,320.290000,0.545051,-1.049740,1.050626,-1.050592,-0.800066,-0.000180
actual,5.850000,320.300000,0.549486,-1.049740,1.050626,-1.050592,-0.800066,-0.000180
actual,5.855000,320.305000,0.549897,-1.049740,1.050626,-1.050592,-0.800066,-0.000180
actual,5.860000,320.310000,0.549081,-1.049740,1.050626,-1.050592,-0.800066,-0.000180
actual,5.865000,320.315000,0.547056,-1.049740,1.050626,-1.050592,-0.800066,-0.000180
actual,5.870000,320.320000,0.543874,-1.049740,1.050626,-1.050592,-0.800066,-0.000180
actual,5.875000,320.325000,0.539612,-1.049740,1.050626,-1.050592,-0.800066,-0.000180
actual,5.880000,320.330000,0.534376,-1.049740,1.050626,-1.050592,-0.800066,-0.000180
actual,5.885000,320.335000,0.528295,-1.049740,1.050626,-1.050592,-0.800066,-0.000180
actual,5.890000,320.340000,0.521517,-1.049740,1.050626,-1.050592,-0.800066,-0.000180
actual,5.895000,320.345000,0.514211,-1.049740,1.050626,-1.050592,-0.800066,-0.000180
actual,5.900000,320.350000,0.506556,-1.049740,1.050626,-1.050592,-0.800066,-0.000180
actual,5.905000,320.355000,0.498740,-1.049740,1.050626,-1.050592,-0.800066,-0.000180
actual,5.910000,320.360000,0.490956,-1.049740,1.050626,-1.050592,-0.800066,-0.000180
actual,5.915000,320.365000,0.483395,-1.049740,1.050626,-1.050592,-0.800066,-0.000180
actual,5.920000,320.370000,0.476245,-1.049740,1.050626,-1.050592,-0.800066,-0.000180
actual,5.925000,320.375000,0.469680,-1.049740,1.050626,-1.050592,-0.800066,-0.000180
actual,5.930000,320.380000,0.463863,-1.049740,1.050626,-1.050592,-0.800066,-0.000180
actual,5.935000,320.385000,0.458936,-1.049740,1.050626,-1.050592,-0.800066,-0.000180
actual,5.940000,320.390000,0.455021,-1.049740,1.050626,-1.050592,-0.800066,-0.000180
actual,5.945000,320.395000,0.452215,-1.049740,1.050626,-1.050592,-0.800066,-0.000180
actual,5.950000,320.400000,0.450587,-1.049740,1.050626,-1.050592,-0.800066,-0.000180
actual,5.955000,320.405000,0.450176,-1.049740,1.050626,-1.050592,-0.800066,-0.000180
actual,5.960000,320.410000,0.450992,-1.049740,1.050626,-1.050592,-0.800066,-0.000180
actual,5.970000,320.420000,0.456199,-1.049740,1.050626,-1.050592,-0.800066,-0.000180
actual,5.975000,320.425000,0.460460,-1.049740,1.050626,-1.050592,-0.800066,-0.000180
actual,5.980000,320.430000,0.465696,-1.049740,1.050626,-1.050592,-0.800066,-0.000180
actual,5.985000,320.435000,0.471778,-1.049740,1.050626,-1.050592,-0.800066,-0.000180
actual,5.990000,320.440000,0.478556,-1.049740,1.050626,-1.050592,-0.800066,-0.000180
actual,5.995000,320.445000,0.485862,-1.049740,1.050626,-1.050592,-0.800066,-0.000180
actual,6.000000,320.450000,0.493517,-1.049740,1.050626,-1.050592,-0.800066,-0.000180
actual,6.005000,320.455000,0.501333,-1.049740,1.050626,-1.050592,-0.800066,-0.000180
actual,6.010000,320.460000,0.509117,-1.049740,1.050626,-1.050592,-0.800066,-0.000180
actual,6.015000,320.465000,0.516678,-1.049740,1.050626,-1.050592,-0.800066,-0.000180
actual,6.020000,320.470000,0.523828,-1.049740,1.050626,-1.050592,-0.800066,-0.000180
actual,6.025000,320.475000,0.530393,-1.049740,1.050626,-1.050592,-0.800066,-0.000180
actual,6.030000,320.480000,0.536210,-1.049740,1.050626,-1.050592,-0.800066,-0.000180
actual,6.035000,320.485000,0.541137,-1.049740,1.050626,-1.050592,-0.800066,-0.000180
actual,6.040000,320.490000,0.545051,-1.049740,1.050626,-1.050592,-0.800066,-0.000180
actual,6.050000,320.500000,0.549486,-1.049740,1.050626,-1.050592,-0.800066,-0.000180
actual,6.055000,320.505000,0.549897,-1.049740,1.050626,-1.050592,-0.800066,-0.000180
actual,6.060000,320.510000,0.549081,-1.049740,1.050626,-1.050592,-0.800066,-0.000180
actual,6.065000,320.515000,0.547056,-1.049740,1.050626,-1.050592,-0.800066,-0.000180
actual,6.070000,320.520000,0.543874,-1.049740,1.050626,-1.050592,-0.800066,-0.000180
actual,6.075000,320.525000,0.539612,-1.049740,1.050626,-1.050592,-0.800066,-0.000180
actual,6.080000,320.530000,0.534376,-1.049740,1.050626,-1.050592,-0.800066,-0.000180
actual,6.085000,320.535000,0.528295,-1.049740,1.050626,-1.050592,-0.800066,-0.000180
actual,6.090000,320.540000,0.521517,-1.049740,1.050626,-1.050592,-0.800066,-0.000180
actual,6.095000,320.545000,0.514211,-1.049740,1.050626,-1.050592,-0.800066,-0.000180
actual,6.105000,320.555000,0.498740,-1.049740,1.050626,-1.050592,-0.800066,-0.000180
actual,6.110000,320.560000,0.490956,-1.049740,1.050626,-1.050592,-0.800066,-0.000180
actual,6.115000,320.565000,0.483395,-1.049740,1.050626,-1.050592,-0.800066,-0.000180
actual,6.120000,320.570000,0.476245,-1.049740,1.050626,-1.050592,-0.800066,-0.000180
actual,6.130000,320.580000,0.463863,-1.049740,1.050626,-1.050592,-0.800066,-0.000180
actual,6.135000,320.585000,0.458936,-1.049740,1.050626,-1.050592,-0.800066,-0.000180
actual,6.140000,320.590000,0.455021,-1.049740,1.050626,-1.050592,-0.800066,-0.000180
actual,6.145000,320.595000,0.452215,-1.049740,1.050626,-1.050592,-0.800066,-0.000180
actual,6.150000,320.600000,0.450587,-1.049740,1.050626,-1.050592,-0.800066,-0.000180
actual,6.155000,320.605000,0.450176,-1.049740,1.050626,-1.050592,-0.800066,-0.000180
actual,6.160000,320.610000,0.450992,-1.049740,1.050626,-1.050592,-0.800066,-0.000180
actual,6.165000,320.615000,0.453017,-1.049740,1.050626,-1.050592,-0.800066,-0.000180
actual,6.170000,320.620000,0.456199,-1.049740,1.050626,-1.050592,-0.800066,-0.000180
actual,6.175000,320.625000,0.460460,-1.049740,1.050626,-1.050592,-0.800066,-0.000180
actual,6.180000,320.630000,0.465696,-1.049740,1.050626,-1.050592,-0.800066,-0.000180
actual,6.185000,320.635000,0.471778,-1.049740,1.050626,-1.050592,-0.800066,-0.000180
actual,6.190000,320.640000,0.478556,-1.049740,1.050626,-1.050592,-0.800066,-0.000180
actual,6.195000,320.645000,0.485862,-1.049740,1.050626,-1.050592,-0.800066,-0.000180
actual,6.200000,320.650000,0.493517,-1.049740,1.050626,-1.050592,-0.800066,-0.000180
actual,6.205000,320.655000,0.501333,-1.049740,1.050626,-1.050592,-0.800066,-0.000180
actual,6.210000,320.660000,0.509117,-1.049740,1.050626,-1.050592,-0.800066,-0.000180
actual,6.215000,320.665000,0.516678,-1.049740,1.050626,-1.050592,-0.800066,-0.000180
actual,6.220000,320.670000,0.523828,-1.049740,1.050626,-1.050592,-0.800066,-0.000180
actual,6.225000,320.675000,0.530393,-1.049740,1.050626,-1.050592,-0.800066,-0.000180
actual,6.230000,320.680000,0.536210,-1.049740,1.050626,-1.050592,-0.800066,-0.000180
actual,6.235000,320.685000,0.541137,-1.049740,1.050626,-1.050592,-0.800066,-0.000180
actual,6.240000,320.690000,0.545051,-1.049740,1.050626,-1.050592,-0.800066,-0.000180
actual,6.245000,320.695000,0.547858,-1.049740,1.050626,-1.050592,-0.800066,-0.000180
actual,6.250000,320.700000,0.549486,-1.049740,1.050626,-1.050592,-0.800066,-0.000180
actual,6.255000,320.705000,0.549897,-1.049740,1.050626,-1.050592,-0.800066,-0.000180
actual,6.260000,320.710000,0.549081,-1.049740,1.050626,-1.050592,-0.800066,-0.000180
actual,6.265000,320.715000,0.547056,-1.049740,1.050626,-1.050592,-0.800066,-0.000180
actual,6.270000,320.720000,0.543874,-1.049740,1.050626,-1.050592,-0.800066,-0.000180
actual,6.275000,320.725000,0.539612,-1.049740,1.050626,-1.050592,-0.800066,-0.000180
actual,6.280000,320.730000,0.534376,-1.049740,1.050626,-1.050592,-0.800066,-0.000180
actual,6.285000,320.735000,0.528295,-1.049740,1.050626,-1.050592,-0.800066,-0.000180
actual,6.290000,320.740000,0.521517,-1.049740,1.050626,-1.050592,-0.800066,-0.000180
actual,6.295000,320.745000,0.514211,-1.049740,1.050626,-1.050592,-0.800066,-0.000180
actual,6.305000,320.755000,0.498740,-1.049740,1.050626,-1.050592,-0.800066,-0.000180
actual,6.310000,320.760000,0.490956,-1.049740,1.050626,-1.050592,-0.800066,-0.000180
actual,6.315000,320.765000,0.483395,-1.049740,1.050626,-1.050592,-0.800066,-0.000180
actual,6.320000,320.770000,0.476245,-1.049740,1.050626,-1.050592,-0.800066,-0.000180
actual,6.325000,320.775000,0.469680,-1.049740,1.050626,-1.050592,-0.800066,-0.000180
actual,6.330000,320.780000,0.463863,-1.049740,1.050626,-1.050592,-0.800066,-0.000180
actual,6.335000,320.785000,0.458936,-1.049740,1.050626,-1.050592,-0.800066,-0.000180
actual,6.340000,320.790000,0.455021,-1.049740,1.050626,-1.050592,-0.800066,-0.000180
actual,6.345000,320.795000,0.452215,-1.049740,1.050626,-1.050592,-0.800066,-0.000180
actual,6.350000,320.800000,0.450587,-1.049740,1.050626,-1.050592,-0.800066,-0.000180
actual,6.355000,320.805000,0.450176,-1.049740,1.050626,-1.050592,-0.800066,-0.000180
actual,6.360000,320.810000,0.450992,-1.049740,1.050626,-1.050592,-0.800066,-0.000180
actual,6.365000,320.815000,0.453017,-1.049740,1.050626,-1.050592,-0.800066,-0.000180
actual,6.370000,320.820000,0.456199,-1.049740,1.050626,-1.050592,-0.800066,-0.000180
actual,6.375000,320.825000,0.460460,-1.049740,1.050626,-1.050592,-0.800066,-0.000180
actual,6.380000,320.830000,0.465696,-1.049740,1.050626,-1.050592,-0.800066,-0.000180
actual,6.385000,320.835000,0.471778,-1.049740,1.050626,-1.050592,-0.800066,-0.000180
actual,6.390000,320.840000,0.478556,-1.049740,1.050626,-1.050592,-0.800066,-0.000180
actual,6.395000,320.845000,0.485862,-1.049740,1.050626,-1.050592,-0.800066,-0.000180
actual,6.400000,320.850000,0.493517,-1.049740,1.050626,-1.050592,-0.800066,-0.000180
actual,6.405000,320.855000,0.501333,-1.049740,1.050626,-1.050592,-0.800066,-0.000180
actual,6.410000,320.860000,0.509117,-1.049740,1.050626,-1.050592,-0.800066,-0.000180
actual,6.415000,320.865000,0.516678,-1.049740,1.050626,-1.050592,-0.800066,-0.000180
actual,6.420000,320.870000,0.523828,-1.049740,1.050626,-1.050592,-0.800066,-0.000180
actual,6.425000,320.875000,0.530393,-1.049740,1.050626,-1.050592,-0.800066,-0.000180
actual,6.430000,320.880000,0.536210,-1.049740,1.050626,-1.050592,-0.800066,-0.000180
actual,6.435000,320.885000,0.541137,-1.049740,1.050626,-1.050592,-0.800066,-0.000180
actual,6.440000,320.890000,0.545051,-1.049740,1.050626,-1.050592,-0.800066,-0.000180
actual,6.445000,320.895000,0.547858,-1.049740,1.050626,-1.050592,-0.800066,-0.000180
actual,6.450000,320.900000,0.549486,-1.049740,1.050626,-1.050592,-0.800066,-0.000180
actual,6.455000,320.905000,0.549897,-1.049740,1.050626,-1.050592,-0.800066,-0.000180
actual,6.460000,320.910000,0.549081,-1.049740,1.050626,-1.050592,-0.800066,-0.000180
actual,6.465000,320.915000,0.547056,-1.049740,1.050626,-1.050592,-0.800066,-0.000180
actual,6.470000,320.920000,0.543874,-1.049740,1.050626,-1.050592,-0.800066,-0.000180
actual,6.475000,320.925000,0.539612,-1.049740,1.050626,-1.050592,-0.800066,-0.000180
actual,6.480000,320.930000,0.534376,-1.049740,1.050626,-1.050592,-0.800066,-0.000180
actual,6.485000,320.935000,0.528295,-1.049740,1.050626,-1.050592,-0.800066,-0.000180
actual,6.490000,320.940000,0.521517,-1.049740,1.050626,-1.050592,-0.800066,-0.000180
actual,6.500000,320.950000,0.506556,-1.049740,1.050626,-1.050592,-0.800066,-0.000180
actual,6.505000,320.955000,0.498740,-1.049740,1.050626,-1.050592,-0.800066,-0.000180
actual,6.510000,320.960000,0.490956,-1.049740,1.050626,-1.050592,-0.800066,-0.000180
actual,6.515000,320.965000,0.483395,-1.049740,1.050626,-1.050592,-0.800066,-0.000180
actual,6.520000,320.970000,0.476245,-1.049740,1.050626,-1.050592,-0.800066,-0.000180
actual,6.525000,320.975000,0.469680,-1.049740,1.050626,-1.050592,-0.800066,-0.000180
actual,6.530000,320.980000,0.463863,-1.049740,1.050626,-1.050592,-0.800066,-0.000180
actual,6.535000,320.985000,0.458936,-1.049740,1.050626,-1.050592,-0.800066,-0.000180
actual,6.540000,320.990000,0.455021,-1.049740,1.050626,-1.050592,-0.800066,-0.000180
actual,6.545000,320.995000,0.452215,-1.049740,1.050626,-1.050592,-0.800066,-0.000180
actual,6.550000,321.000000,0.450587,-1.049740,1.050626,-1.050592,-0.800066,-0.000180
actual,6.555000,321.005000,0.450176,-1.049740,1.050626,-1.050592,-0.800066,-0.000180
actual,6.560000,321.010000,0.450992,-1.049740,1.050626,-1.050592,-0.800066,-0.000180
actual,6.565000,321.015000,0.453017,-1.049740,1.050626,-1.050592,-0.800066,-0.000180
actual,6.570000,321.020000,0.456199,-1.049740,1.050626,-1.050592,-0.800066,-0.000180
actual,6.575000,321.025000,0.460460,-1.049740,1.050626,-1.050592,-0.800066,-0.000180
actual,6.580000,321.030000,0.465696,-1.049740,1.050626,-1.050592,-0.800066,-0.000180
actual,6.585000,321.035000,0.471778,-1.049740,1.050626,-1.050592,-0.800066,-0.000180
actual,6.590000,321.040000,0.478556,-1.049740,1.050626,-1.050592,-0.800066,-0.000180
actual,6.595000,321.045000,0.485862,-1.049740,1.050626,-1.050592,-0.800066,-0.000180
actual,6.600000,321.050000,0.493517,-1.049740,1.050626,-1.050592,-0.800066,-0.000180
actual,6.605000,321.055000,0.501333,-1.049740,1.050626,-1.050592,-0.800066,-0.000180
actual,6.610000,321.060000,0.509117,-1.049740,1.050626,-1.050592,-0.800066,-0.000180
actual,6.615000,321.065000,0.516678,-1.049740,1.050626,-1.050592,-0.800066,-0.000180
actual,6.620000,321.070000,0.523828,-1.049740,1.050626,-1.050592,-0.800066,-0.000180
actual,6.625000,321.075000,0.530393,-1.049740,1.050626,-1.050592,-0.800066,-0.000180
actual,6.630000,321.080000,0.536210,-1.049740,1.050626,-1.050592,-0.800066,-0.000180
actual,6.635000,321.085000,0.541137,-1.049740,1.050626,-1.050592,-0.800066,-0.000180
actual,6.640000,321.090000,0.545051,-1.049740,1.050626,-1.050592,-0.800066,-0.000180
actual,6.645000,321.095000,0.547858,-1.049740,1.050626,-1.050592,-0.800066,-0.000180
actual,6.655000,321.105000,0.549897,-1.049740,1.050626,-1.050592,-0.800066,-0.000180
actual,6.660000,321.110000,0.549081,-1.049740,1.050626,-1.050592,-0.800066,-0.000180
actual,6.665000,321.115000,0.547056,-1.049740,1.050626,-1.050592,-0.800066,-0.000180
actual,6.670000,321.120000,0.543874,-1.049740,1.050626,-1.050592,-0.800066,-0.000180
actual,6.675000,321.125000,0.539612,-1.049740,1.050626,-1.050592,-0.800066,-0.000180
actual,6.680000,321.130000,0.534376,-1.049740,1.050626,-1.050592,-0.800066,-0.000180
actual,6.685000,321.135000,0.528295,-1.049740,1.050626,-1.050592,-0.800066,-0.000180
actual,6.690000,321.140000,0.521517,-1.049740,1.050626,-1.050592,-0.800066,-0.000180
actual,6.695000,321.145000,0.514211,-1.049740,1.050626,-1.050592,-0.800066,-0.000180
actual,6.700000,321.150000,0.506556,-1.049740,1.050626,-1.050592,-0.800066,-0.000180
actual,6.705000,321.155000,0.498740,-1.049740,1.050626,-1.050592,-0.800066,-0.000180
actual,6.710000,321.160000,0.490956,-1.049740,1.050626,-1.050592,-0.800066,-0.000180
actual,6.715000,321.165000,0.483395,-1.049740,1.050626,-1.050592,-0.800066,-0.000180
actual,6.720000,321.170000,0.476245,-1.049740,1.050626,-1.050592,-0.800066,-0.000180
actual,6.725000,321.175000,0.469680,-1.049740,1.050626,-1.050592,-0.800066,-0.000180
actual,6.730000,321.180000,0.463863,-1.049740,1.050626,-1.050592,-0.800066,-0.000180
actual,6.735000,321.185000,0.458936,-1.049740,1.050626,-1.050592,-0.800066,-0.000180
actual,6.740000,321.190000,0.455021,-1.049740,1.050626,-1.050592,-0.800066,-0.000180
actual,6.745000,321.195000,0.452215,-1.049740,1.050626,-1.050592,-0.800066,-0.000180
actual,6.750000,321.200000,0.450587,-1.049740,1.050626,-1.050592,-0.800066,-0.000180
actual,6.755000,321.205000,0.450176,-1.049740,1.050626,-1.050592,-0.800066,-0.000180
actual,6.760000,321.210000,0.450992,-1.049740,1.050626,-1.050592,-0.800066,-0.000180
actual,6.765000,321.215000,0.453017,-1.049740,1.050626,-1.050592,-0.800066,-0.000180
actual,6.770000,321.220000,0.456199,-1.049740,1.050626,-1.050592,-0.800066,-0.000180
actual,6.775000,321.225000,0.460460,-1.049740,1.050626,-1.050592,-0.800066,-0.000180
actual,6.780000,321.230000,0.465696,-1.049740,1.050626,-1.050592,-0.800066,-0.000180
actual,6.785000,321.235000,0.471778,-1.049740,1.050626,-1.050592,-0.800066,-0.000180
actual,6.790000,321.240000,0.478556,-1.049740,1.050626,-1.050592,-0.800066,-0.000180
actual,6.795000,321.245000,0.485862,-1.049740,1.050626,-1.050592,-0.800066,-0.000180
actual,6.800000,321.250000,0.493517,-1.049740,1.050626,-1.050592,-0.800066,-0.000180
actual,6.805000,321.255000,0.501333,-1.049740,1.050626,-1.050592,-0.800066,-0.000180
actual,6.810000,321.260000,0.509117,-1.049740,1.050626,-1.050592,-0.800066,-0.000180
actual,6.815000,321.265000,0.516678,-1.049740,1.050626,-1.050592,-0.800066,-0.000180
actual,6.820000,321.270000,0.523828,-1.049740,1.050626,-1.050592,-0.800066,-0.000180
actual,6.825000,321.275000,0.530393,-1.049740,1.050626,-1.050592,-0.800066,-0.000180
actual,6.830000,321.280000,0.536210,-1.049740,1.050626,-1.050592,-0.800066,-0.000180
actual,6.835000,321.285000,0.541137,-1.049740,1.050626,-1.050592,-0.800066,-0.000180
actual,6.840000,321.290000,0.545051,-1.049740,1.050626,-1.050592,-0.800066,-0.000180
actual,6.845000,321.295000,0.547858,-1.049740,1.050626,-1.050592,-0.800066,-0.000180
actual,6.850000,321.300000,0.549486,-1.049740,1.050626,-1.050592,-0.800066,-0.000180
actual,6.855000,321.305000,0.549897,-1.049740,1.050626,-1.050592,-0.800066,-0.000180
actual,6.860000,321.310000,0.549081,-1.049740,1.050626,-1.050592,-0.800066,-0.000180
actual,6.865000,321.315000,0.547056,-1.049740,1.050626,-1.050592,-0.800066,-0.000180
actual,6.870000,321.320000,0.543874,-1.049740,1.050626,-1.050592,-0.800066,-0.000180
actual,6.875000,321.325000,0.539612,-1.049740,1.050626,-1.050592,-0.800066,-0.000180
actual,6.880000,321.330000,0.534376,-1.049740,1.050626,-1.050592,-0.800066,-0.000180
actual,6.885000,321.335000,0.528295,-1.049740,1.050626,-1.050592,-0.800066,-0.000180
actual,6.890000,321.340000,0.521517,-1.049740,1.050626,-1.050592,-0.800066,-0.000180
actual,6.895000,321.345000,0.514211,-1.049740,1.050626,-1.050592,-0.800066,-0.000180
actual,6.900000,321.350000,0.506556,-1.049740,1.050626,-1.050592,-0.800066,-0.000180
actual,6.905000,321.355000,0.498740,-1.049740,1.050626,-1.050592,-0.800066,-0.000180
actual,6.910000,321.360000,0.490956,-1.049740,1.050626,-1.050592,-0.800066,-0.000180
actual,6.915000,321.365000,0.483395,-1.049740,1.050626,-1.050592,-0.800066,-0.000180
actual,6.920000,321.370000,0.476245,-1.049740,1.050626,-1.050592,-0.800066,-0.000180
actual,6.925000,321.375000,0.469680,-1.049740,1.050626,-1.050592,-0.800066,-0.000180
actual,6.930000,321.380000,0.463863,-1.049740,1.050626,-1.050592,-0.800066,-0.000180
actual,6.935000,321.385000,0.458936,-1.049740,1.050626,-1.050592,-0.800066,-0.000180
actual,6.940000,321.390000,0.455021,-1.049740,1.050626,-1.050592,-0.800066,-0.000180
actual,6.945000,321.395000,0.452215,-1.049740,1.050626,-1.050592,-0.800066,-0.000180
actual,6.950000,321.400000,0.450587,-1.049740,1.050626,-1.050592,-0.800066,-0.000180
actual,6.955000,321.405000,0.450176,-1.049740,1.050626,-1.050592,-0.800066,-0.000180
actual,6.960000,321.410000,0.450992,-1.049740,1.050626,-1.050592,-0.800066,-0.000180
actual,6.965000,321.415000,0.453017,-1.049740,1.050626,-1.050592,-0.800066,-0.000180
actual,6.970000,321.420000,0.456199,-1.049740,1.050626,-1.050592,-0.800066,-0.000180
actual,6.975000,321.425000,0.460460,-1.049740,1.050626,-1.050592,-0.800066,-0.000180
actual,6.980000,321.430000,0.465696,-1.049740,1.050626,-1.050592,-0.800066,-0.000180
actual,6.985000,321.435000,0.471778,-1.049740,1.050626,-1.050592,-0.800066,-0.000180
actual,6.990000,321.440000,0.478556,-1.049740,1.050626,-1.050592,-0.800066,-0.000180
actual,6.995000,321.445000,0.485862,-1.049740,1.050626,-1.050592,-0.800066,-0.000180
actual,7.000000,321.450000,0.493517,-1.049740,1.050626,-1.050592,-0.800066,-0.000180
actual,7.005000,321.455000,0.501333,-1.049740,1.050626,-1.050592,-0.800066,-0.000180
actual,7.010000,321.460000,0.509117,-1.049740,1.050626,-1.050592,-0.800066,-0.000180
actual,7.015000,321.465000,0.516678,-1.049740,1.050626,-1.050592,-0.800066,-0.000180
actual,7.020000,321.470000,0.523828,-1.049740,1.050626,-1.050592,-0.800066,-0.000180
actual,7.025000,321.475000,0.530393,-1.049740,1.050626,-1.050592,-0.800066,-0.000180
actual,7.030000,321.480000,0.536210,-1.049740,1.050626,-1.050592,-0.800066,-0.000180
actual,7.035000,321.485000,0.541137,-1.049740,1.050626,-1.050592,-0.800066,-0.000180
actual,7.040000,321.490000,0.545051,-1.049740,1.050626,-1.050592,-0.800066,-0.000180
actual,7.045000,321.495000,0.547858,-1.049740,1.050626,-1.050592,-0.800066,-0.000180
actual,7.050000,321.500000,0.549486,-1.049740,1.050626,-1.050592,-0.800066,-0.000180
actual,7.055000,321.505000,0.549897,-1.049740,1.050626,-1.050592,-0.800066,-0.000180
actual,7.060000,321.510000,0.549081,-1.049740,1.050626,-1.050592,-0.800066,-0.000180
actual,7.065000,321.515000,0.547056,-1.049740,1.050626,-1.050592,-0.800066,-0.000180
actual,7.070000,321.520000,0.543874,-1.049740,1.050626,-1.050592,-0.800066,-0.000180
actual,7.075000,321.525000,0.539612,-1.049740,1.050626,-1.050592,-0.800066,-0.000180
actual,7.080000,321.530000,0.534376,-1.049740,1.050626,-1.050592,-0.800066,-0.000180
actual,7.085000,321.535000,0.528295,-1.049740,1.050626,-1.050592,-0.800066,-0.000180
actual,7.090000,321.540000,0.521517,-1.049740,1.050626,-1.050592,-0.800066,-0.000180
actual,7.095000,321.545000,0.514211,-1.049740,1.050626,-1.050592,-0.800066,-0.000180
actual,7.100000,321.550000,0.506556,-1.049740,1.050626,-1.050592,-0.800066,-0.000180
actual,7.105000,321.555000,0.498740,-1.049740,1.050626,-1.050592,-0.800066,-0.000180
actual,7.110000,321.560000,0.490956,-1.049740,1.050626,-1.050592,-0.800066,-0.000180
actual,7.115000,321.565000,0.483395,-1.049740,1.050626,-1.050592,-0.800066,-0.000180
actual,7.120000,321.570000,0.476245,-1.049740,1.050626,-1.050592,-0.800066,-0.000180
actual,7.125000,321.575000,0.469680,-1.049740,1.050626,-1.050592,-0.800066,-0.000180
actual,7.130000,321.580000,0.463863,-1.049740,1.050626,-1.050592,-0.800066,-0.000180
actual,7.135000,321.585000,0.458936,-1.049740,1.050626,-1.050592,-0.800066,-0.000180
actual,7.140000,321.590000,0.455021,-1.049740,1.050626,-1.050592,-0.800066,-0.000180
actual,7.145000,321.595000,0.452215,-1.049740,1.050626,-1.050592,-0.800066,-0.000180
actual,7.150000,321.600000,0.450587,-1.049740,1.050626,-1.050592,-0.800066,-0.000180
actual,7.155000,321.605000,0.450176,-1.049740,1.050626,-1.050592,-0.800066,-0.000180
actual,7.160000,321.610000,0.450992,-1.049740,1.050626,-1.050592,-0.800066,-0.000180
actual,7.165000,321.615000,0.453017,-1.049740,1.050626,-1.050592,-0.800066,-0.000180
actual,7.170000,321.620000,0.456199,-1.049740,1.050626,-1.050592,-0.800066,-0.000180
actual,7.175000,321.625000,0.460460,-1.049740,1.050626,-1.050592,-0.800066,-0.000180
actual,7.180000,321.630000,0.465696,-1.049740,1.050626,-1.050592,-0.800066,-0.000180
actual,7.185000,321.635000,0.471778,-1.049740,1.050626,-1.050592,-0.800066,-0.000180
actual,7.190000,321.640000,0.478556,-1.049740,1.050626,-1.050592,-0.800066,-0.000180
actual,7.195000,321.645000,0.485862,-1.049740,1.050626,-1.050592,-0.800066,-0.000180
actual,7.200000,321.650000,0.493517,-1.049740,1.050626,-1.050592,-0.800066,-0.000180
actual,7.205000,321.655000,0.501333,-1.049740,1.050626,-1.050592,-0.800066,-0.000180
actual,7.210000,321.660000,0.509117,-1.049740,1.050626,-1.050592,-0.800066,-0.000180
actual,7.215000,321.665000,0.516678,-1.049740,1.050626,-1.050592,-0.800066,-0.000180
actual,7.220000,321.670000,0.523828,-1.049740,1.050626,-1.050592,-0.800066,-0.000180
actual,7.225000,321.675000,0.530393,-1.049740,1.050626,-1.050592,-0.800066,-0.000180
actual,7.230000,321.680000,0.536210,-1.049740,1.050626,-1.050592,-0.800066,-0.000180
actual,7.235000,321.685000,0.541137,-1.049740,1.050626,-1.050592,-0.800066,-0.000180
actual,7.240000,321.690000,0.545051,-1.049740,1.050626,-1.050592,-0.800066,-0.000180
actual,7.245000,321.695000,0.547858,-1.049740,1.050626,-1.050592,-0.800066,-0.000180
actual,7.250000,321.700000,0.549486,-1.049740,1.050626,-1.050592,-0.800066,-0.000180
actual,7.255000,321.705000,0.549897,-1.049740,1.050626,-1.050592,-0.800066,-0.000180
actual,7.260000,321.710000,0.549081,-1.049740,1.050626,-1.050592,-0.800066,-0.000180
actual,7.265000,321.715000,0.547056,-1.049740,1.050626,-1.050592,-0.800066,-0.000180
actual,7.270000,321.720000,0.543874,-1.049740,1.050626,-1.050592,-0.800066,-0.000180
actual,7.275000,321.725000,0.539612,-1.049740,1.050626,-1.050592,-0.800066,-0.000180
actual,7.280000,321.730000,0.534376,-1.049740,1.050626,-1.050592,-0.800066,-0.000180
actual,7.285000,321.735000,0.528295,-1.049740,1.050626,-1.050592,-0.800066,-0.000180
actual,7.290000,321.740000,0.521517,-1.049740,1.050626,-1.050592,-0.800066,-0.000180
actual,7.295000,321.745000,0.514211,-1.049740,1.050626,-1.050592,-0.800066,-0.000180
actual,7.300000,321.750000,0.506556,-1.049740,1.050626,-1.050592,-0.800066,-0.000180
actual,7.305000,321.755000,0.498740,-1.049740,1.050626,-1.050592,-0.800066,-0.000180
actual,7.310000,321.760000,0.490956,-1.049740,1.050626,-1.050592,-0.800066,-0.000180
actual,7.315000,321.765000,0.483395,-1.049740,1.050626,-1.050592,-0.800066,-0.000180
actual,7.320000,321.770000,0.476245,-1.049740,1.050626,-1.050592,-0.800066,-0.000180
actual,7.330000,321.780000,0.463863,-1.049740,1.050626,-1.050592,-0.800066,-0.000180
actual,7.335000,321.785000,0.458936,-1.049740,1.050626,-1.050592,-0.800066,-0.000180
actual,7.340000,321.790000,0.455021,-1.049740,1.050626,-1.050592,-0.800066,-0.000180
actual,7.345000,321.795000,0.452215,-1.049740,1.050626,-1.050592,-0.800066,-0.000180
actual,7.350000,321.800000,0.450587,-1.049740,1.050626,-1.050592,-0.800066,-0.000180
actual,7.355000,321.805000,0.450176,-1.049740,1.050626,-1.050592,-0.800066,-0.000180
actual,7.360000,321.810000,0.450992,-1.049740,1.050626,-1.050592,-0.800066,-0.000180
actual,7.365000,321.815000,0.453017,-1.049740,1.050626,-1.050592,-0.800066,-0.000180
actual,7.370000,321.820000,0.456199,-1.049740,1.050626,-1.050592,-0.800066,-0.000180
actual,7.375000,321.825000,0.460460,-1.049740,1.050626,-1.050592,-0.800066,-0.000180
actual,7.380000,321.830000,0.465696,-1.049740,1.050626,-1.050592,-0.800066,-0.000180
actual,7.385000,321.835000,0.471778,-1.049740,1.050626,-1.050592,-0.800066,-0.000180
actual,7.390000,321.840000,0.478556,-1.049740,1.050626,-1.050592,-0.800066,-0.000180
actual,7.395000,321.845000,0.485862,-1.049740,1.050626,-1.050592,-0.800066,-0.000180
actual,7.400000,321.850000,0.493517,-1.049740,1.050626,-1.050592,-0.800066,-0.000180
actual,7.405000,321.855000,0.501333,-1.049740,1.050626,-1.050592,-0.800066,-0.000180
actual,7.410000,321.860000,0.509117,-1.049740,1.050626,-1.050592,-0.800066,-0.000180
actual,7.415000,321.865000,0.516678,-1.049740,1.050626,-1.050592,-0.800066,-0.000180
actual,7.420000,321.870000,0.523828,-1.049740,1.050626,-1.050592,-0.800066,-0.000180
actual,7.425000,321.875000,0.530393,-1.049740,1.050626,-1.050592,-0.800066,-0.000180
actual,7.430000,321.880000,0.536210,-1.049740,1.050626,-1.050592,-0.800066,-0.000180
actual,7.435000,321.885000,0.541137,-1.049740,1.050626,-1.050592,-0.800066,-0.000180
actual,7.440000,321.890000,0.545051,-1.049740,1.050626,-1.050592,-0.800066,-0.000180
actual,7.445000,321.895000,0.547858,-1.049740,1.050626,-1.050592,-0.800066,-0.000180
actual,7.450000,321.900000,0.549486,-1.049740,1.050626,-1.050592,-0.800066,-0.000180
actual,7.455000,321.905000,0.549897,-1.049740,1.050626,-1.050592,-0.800066,-0.000180
actual,7.460000,321.910000,0.549081,-1.049740,1.050626,-1.050592,-0.800066,-0.000180
actual,7.465000,321.915000,0.547056,-1.049740,1.050626,-1.050592,-0.800066,-0.000180
actual,7.470000,321.920000,0.543874,-1.049740,1.050626,-1.050592,-0.800066,-0.000180
actual,7.475000,321.925000,0.539612,-1.049740,1.050626,-1.050592,-0.800066,-0.000180
actual,7.480000,321.930000,0.534376,-1.049740,1.050626,-1.050592,-0.800066,-0.000180
actual,7.485000,321.935000,0.528295,-1.049740,1.050626,-1.050592,-0.800066,-0.000180
actual,7.490000,321.940000,0.521517,-1.049740,1.050626,-1.050592,-0.800066,-0.000180
actual,7.495000,321.945000,0.514211,-1.049740,1.050626,-1.050592,-0.800066,-0.000180
actual,7.500000,321.950000,0.506556,-1.049740,1.050626,-1.050592,-0.800066,-0.000180
actual,7.505000,321.955000,0.498740,-1.049740,1.050626,-1.050592,-0.800066,-0.000180
actual,7.510000,321.960000,0.490956,-1.049740,1.050626,-1.050592,-0.800066,-0.000180
actual,7.515000,321.965000,0.483395,-1.049740,1.050626,-1.050592,-0.800066,-0.000180
actual,7.520000,321.970000,0.476245,-1.049740,1.050626,-1.050592,-0.800066,-0.000180
actual,7.525000,321.975000,0.469680,-1.049740,1.050626,-1.050592,-0.800066,-0.000180
actual,7.530000,321.980000,0.463863,-1.049740,1.050626,-1.050592,-0.800066,-0.000180
actual,7.535000,321.985000,0.458936,-1.049740,1.050626,-1.050592,-0.800066,-0.000180
actual,7.540000,321.990000,0.455021,-1.049740,1.050626,-1.050592,-0.800066,-0.000180
actual,7.545000,321.995000,0.452215,-1.049740,1.050626,-1.050592,-0.800066,-0.000180
actual,7.550000,322.000000,0.450587,-1.049740,1.050626,-1.050592,-0.800066,-0.000180
actual,7.555000,322.005000,0.450176,-1.049740,1.050626,-1.050592,-0.800066,-0.000180
actual,7.560000,322.010000,0.450992,-1.049740,1.050626,-1.050592,-0.800066,-0.000180
actual,7.565000,322.015000,0.453017,-1.049740,1.050626,-1.050592,-0.800066,-0.000180
actual,7.570000,322.020000,0.456199,-1.049740,1.050626,-1.050592,-0.800066,-0.000180
actual,7.575000,322.025000,0.460460,-1.049740,1.050626,-1.050592,-0.800066,-0.000180
actual,7.580000,322.030000,0.465696,-1.049740,1.050626,-1.050592,-0.800066,-0.000180
actual,7.585000,322.035000,0.471778,-1.049740,1.050626,-1.050592,-0.800066,-0.000180
actual,7.590000,322.040000,0.478556,-1.049740,1.050626,-1.050592,-0.800066,-0.000180
actual,7.595000,322.045000,0.485862,-1.049740,1.050626,-1.050592,-0.800066,-0.000180
actual,7.600000,322.050000,0.493517,-1.049740,1.050626,-1.050592,-0.800066,-0.000180
actual,7.605000,322.055000,0.501333,-1.049740,1.050626,-1.050592,-0.800066,-0.000180
actual,7.610000,322.060000,0.509117,-1.049740,1.050626,-1.050592,-0.800066,-0.000180
actual,7.615000,322.065000,0.516678,-1.049740,1.050626,-1.050592,-0.800066,-0.000180
actual,7.620000,322.070000,0.523828,-1.049740,1.050626,-1.050592,-0.800066,-0.000180
actual,7.625000,322.075000,0.530393,-1.049740,1.050626,-1.050592,-0.800066,-0.000180
actual,7.630000,322.080000,0.536210,-1.049740,1.050626,-1.050592,-0.800066,-0.000180
actual,7.635000,322.085000,0.541137,-1.049740,1.050626,-1.050592,-0.800066,-0.000180
actual,7.640000,322.090000,0.545051,-1.049740,1.050626,-1.050592,-0.800066,-0.000180
actual,7.645000,322.095000,0.547858,-1.049740,1.050626,-1.050592,-0.800066,-0.000180
actual,7.650000,322.100000,0.549486,-1.049740,1.050626,-1.050592,-0.800066,-0.000180
actual,7.655000,322.105000,0.549897,-1.049740,1.050626,-1.050592,-0.800066,-0.000180
actual,7.660000,322.110000,0.549081,-1.049740,1.050626,-1.050592,-0.800066,-0.000180
actual,7.665000,322.115000,0.547056,-1.049740,1.050626,-1.050592,-0.800066,-0.000180
actual,7.670000,322.120000,0.543874,-1.049740,1.050626,-1.050592,-0.800066,-0.000180
actual,7.675000,322.125000,0.539612,-1.049740,1.050626,-1.050592,-0.800066,-0.000180
actual,7.680000,322.130000,0.534376,-1.049740,1.050626,-1.050592,-0.800066,-0.000180
actual,7.685000,322.135000,0.528295,-1.049740,1.050626,-1.050592,-0.800066,-0.000180
actual,7.690000,322.140000,0.521517,-1.049740,1.050626,-1.050592,-0.800066,-0.000180
actual,7.695000,322.145000,0.514211,-1.049740,1.050626,-1.050592,-0.800066,-0.000180
actual,7.700000,322.150000,0.506556,-1.049740,1.050626,-1.050592,-0.800066,-0.000180
actual,7.705000,322.155000,0.498740,-1.049740,1.050626,-1.050592,-0.800066,-0.000180
actual,7.710000,322.160000,0.490956,-1.049740,1.050626,-1.050592,-0.800066,-0.000180
actual,7.715000,322.165000,0.483395,-1.049740,1.050626,-1.050592,-0.800066,-0.000180
actual,7.720000,322.170000,0.476245,-1.049740,1.050626,-1.050592,-0.800066,-0.000180
actual,7.725000,322.175000,0.469680,-1.049740,1.050626,-1.050592,-0.800066,-0.000180
actual,7.730000,322.180000,0.463863,-1.049740,1.050626,-1.050592,-0.800066,-0.000180
actual,7.735000,322.185000,0.458936,-1.049740,1.050626,-1.050592,-0.800066,-0.000180
actual,7.740000,322.190000,0.455021,-1.049740,1.050626,-1.050592,-0.800066,-0.000180
actual,7.745000,322.195000,0.452215,-1.049740,1.050626,-1.050592,-0.800066,-0.000180
actual,7.750000,322.200000,0.450587,-1.049740,1.050626,-1.050592,-0.800066,-0.000180
actual,7.755000,322.205000,0.450176,-1.049740,1.050626,-1.050592,-0.800066,-0.000180
actual,7.760000,322.210000,0.450992,-1.049740,1.050626,-1.050592,-0.800066,-0.000180
actual,7.765000,322.215000,0.453017,-1.049740,1.050626,-1.050592,-0.800066,-0.000180
actual,7.770000,322.220000,0.456199,-1.049740,1.050626,-1.050592,-0.800066,-0.000180
actual,7.775000,322.225000,0.460460,-1.049740,1.050626,-1.050592,-0.800066,-0.000180
actual,7.780000,322.230000,0.465696,-1.049740,1.050626,-1.050592,-0.800066,-0.000180
actual,7.785000,322.235000,0.471778,-1.049740,1.050626,-1.050592,-0.800066,-0.000180
actual,7.790000,322.240000,0.478556,-1.049740,1.050626,-1.050592,-0.800066,-0.000180
actual,7.795000,322.245000,0.485862,-1.049740,1.050626,-1.050592,-0.800066,-0.000180
actual,7.800000,322.250000,0.493517,-1.049740,1.050626,-1.050592,-0.800066,-0.000180
actual,7.805000,322.255000,0.501333,-1.049740,1.050626,-1.050592,-0.800066,-0.000180
actual,7.810000,322.260000,0.509117,-1.049740,1.050626,-1.050592,-0.800066,-0.000180
actual,7.815000,322.265000,0.516678,-1.049740,1.050626,-1.050592,-0.800066,-0.000180
actual,7.820000,322.270000,0.523828,-1.049740,1.050626,-1.050592,-0.800066,-0.000180
actual,7.825000,322.275000,0.530393,-1.049740,1.050626,-1.050592,-0.800066,-0.000180
actual,7.830000,322.280000,0.536210,-1.049740,1.050626,-1.050592,-0.800066,-0.000180
actual,7.835000,322.285000,0.541137,-1.049740,1.050626,-1.050592,-0.800066,-0.000180
actual,7.840000,322.290000,0.545051,-1.049740,1.050626,-1.050592,-0.800066,-0.000180
actual,7.845000,322.295000,0.547858,-1.049740,1.050626,-1.050592,-0.800066,-0.000180
actual,7.850000,322.300000,0.549486,-1.049740,1.050626,-1.050592,-0.800066,-0.000180
actual,7.855000,322.305000,0.549897,-1.049740,1.050626,-1.050592,-0.800066,-0.000180
actual,7.860000,322.310000,0.549081,-1.049740,1.050626,-1.050592,-0.800066,-0.000180
actual,7.865000,322.315000,0.547056,-1.049740,1.050626,-1.050592,-0.800066,-0.000180
actual,7.870000,322.320000,0.543874,-1.049740,1.050626,-1.050592,-0.800066,-0.000180
actual,7.875000,322.325000,0.539612,-1.049740,1.050626,-1.050592,-0.800066,-0.000180
actual,7.880000,322.330000,0.534376,-1.049740,1.050626,-1.050592,-0.800066,-0.000180
actual,7.885000,322.335000,0.528295,-1.049740,1.050626,-1.050592,-0.800066,-0.000180
actual,7.890000,322.340000,0.521517,-1.049740,1.050626,-1.050592,-0.800066,-0.000180
actual,7.895000,322.345000,0.514211,-1.049740,1.050626,-1.050592,-0.800066,-0.000180
actual,7.900000,322.350000,0.506556,-1.049740,1.050626,-1.050592,-0.800066,-0.000180
actual,7.905000,322.355000,0.498740,-1.049740,1.050626,-1.050592,-0.800066,-0.000180
actual,7.910000,322.360000,0.490956,-1.049740,1.050626,-1.050592,-0.800066,-0.000180
actual,7.915000,322.365000,0.483395,-1.049740,1.050626,-1.050592,-0.800066,-0.000180
actual,7.920000,322.370000,0.476245,-1.049740,1.050626,-1.050592,-0.800066,-0.000180
actual,7.925000,322.375000,0.469680,-1.049740,1.050626,-1.050592,-0.800066,-0.000180
actual,7.930000,322.380000,0.463863,-1.049740,1.050626,-1.050592,-0.800066,-0.000180
actual,7.935000,322.385000,0.458936,-1.049740,1.050626,-1.050592,-0.800066,-0.000180
actual,7.940000,322.390000,0.455021,-1.049740,1.050626,-1.050592,-0.800066,-0.000180
actual,7.945000,322.395000,0.452215,-1.049740,1.050626,-1.050592,-0.800066,-0.000180
actual,7.950000,322.400000,0.450587,-1.049740,1.050626,-1.050592,-0.800066,-0.000180
actual,7.955000,322.405000,0.450176,-1.049740,1.050626,-1.050592,-0.800066,-0.000180
actual,7.960000,322.410000,0.450992,-1.049740,1.050626,-1.050592,-0.800066,-0.000180
actual,7.965000,322.415000,0.453017,-1.049740,1.050626,-1.050592,-0.800066,-0.000180
actual,7.970000,322.420000,0.456199,-1.049740,1.050626,-1.050592,-0.800066,-0.000180
actual,7.975000,322.425000,0.460460,-1.049740,1.050626,-1.050592,-0.800066,-0.000180
actual,7.980000,322.430000,0.465696,-1.049740,1.050626,-1.050592,-0.800066,-0.000180
actual,7.985000,322.435000,0.471778,-1.049740,1.050626,-1.050592,-0.800066,-0.000180
actual,7.990000,322.440000,0.478556,-1.049740,1.050626,-1.050592,-0.800066,-0.000180
actual,7.995000,322.445000,0.485862,-1.049740,1.050626,-1.050592,-0.800066,-0.000180
actual,8.000000,322.450000,0.493517,-1.049740,1.050626,-1.050592,-0.800066,-0.000180
actual,8.005000,322.455000,0.501333,-1.049740,1.050626,-1.050592,-0.800066,-0.000180
actual,8.010000,322.460000,0.509117,-1.049740,1.050626,-1.050592,-0.800066,-0.000180
actual,8.015000,322.465000,0.516678,-1.049740,1.050626,-1.050592,-0.800066,-0.000180
actual,8.020000,322.470000,0.523828,-1.049740,1.050626,-1.050592,-0.800066,-0.000180
actual,8.025000,322.475000,0.530393,-1.049740,1.050626,-1.050592,-0.800066,-0.000180
actual,8.030000,322.480000,0.536210,-1.049740,1.050626,-1.050592,-0.800066,-0.000180
actual,8.035000,322.485000,0.541137,-1.049740,1.050626,-1.050592,-0.800066,-0.000180
actual,8.040000,322.490000,0.545051,-1.049740,1.050626,-1.050592,-0.800066,-0.000180
actual,8.045000,322.495000,0.547858,-1.049740,1.050626,-1.050592,-0.800066,-0.000180
actual,8.050000,322.500000,0.549486,-1.049740,1.050626,-1.050592,-0.800066,-0.000180
actual,8.055000,322.505000,0.549897,-1.049740,1.050626,-1.050592,-0.800066,-0.000180
actual,8.060000,322.510000,0.549081,-1.049740,1.050626,-1.050592,-0.800066,-0.000180
actual,8.065000,322.515000,0.547056,-1.049740,1.050626,-1.050592,-0.800066,-0.000180
actual,8.070000,322.520000,0.543874,-1.049740,1.050626,-1.050592,-0.800066,-0.000180
actual,8.075000,322.525000,0.539612,-1.049740,1.050626,-1.050592,-0.800066,-0.000180
actual,8.080000,322.530000,0.534376,-1.049740,1.050626,-1.050592,-0.800066,-0.000180
actual,8.085000,322.535000,0.528295,-1.049740,1.050626,-1.050592,-0.800066,-0.000180
actual,8.090000,322.540000,0.521517,-1.049740,1.050626,-1.050592,-0.800066,-0.000180
actual,8.095000,322.545000,0.514211,-1.049740,1.050626,-1.050592,-0.800066,-0.000180
actual,8.100000,322.550000,0.506556,-1.049740,1.050626,-1.050592,-0.800066,-0.000180
actual,8.105000,322.555000,0.498740,-1.049740,1.050626,-1.050592,-0.800066,-0.000180
actual,8.110000,322.560000,0.490956,-1.049740,1.050626,-1.050592,-0.800066,-0.000180
actual,8.115000,322.565000,0.483395,-1.049740,1.050626,-1.050592,-0.800066,-0.000180
actual,8.120000,322.570000,0.476245,-1.049740,1.050626,-1.050592,-0.800066,-0.000180
actual,8.125000,322.575000,0.469680,-1.049740,1.050626,-1.050592,-0.800066,-0.000180
actual,8.130000,322.580000,0.463863,-1.049740,1.050626,-1.050592,-0.800066,-0.000180
actual,8.135000,322.585000,0.458936,-1.049740,1.050626,-1.050592,-0.800066,-0.000180
actual,8.140000,322.590000,0.455021,-1.049740,1.050626,-1.050592,-0.800066,-0.000180
actual,8.145000,322.595000,0.452215,-1.049740,1.050626,-1.050592,-0.800066,-0.000180
actual,8.150000,322.600000,0.450587,-1.049740,1.050626,-1.050592,-0.800066,-0.000180
actual,8.155000,322.605000,0.450176,-1.049740,1.050626,-1.050592,-0.800066,-0.000180
actual,8.160000,322.610000,0.450992,-1.049740,1.050626,-1.050592,-0.800066,-0.000180
actual,8.165000,322.615000,0.453017,-1.049740,1.050626,-1.050592,-0.800066,-0.000180
actual,8.170000,322.620000,0.456199,-1.049740,1.050626,-1.050592,-0.800066,-0.000180
actual,8.175000,322.625000,0.460460,-1.049740,1.050626,-1.050592,-0.800066,-0.000180
actual,8.180000,322.630000,0.465696,-1.049740,1.050626,-1.050592,-0.800066,-0.000180
actual,8.185000,322.635000,0.471778,-1.049740,1.050626,-1.050592,-0.800066,-0.000180
actual,8.190000,322.640000,0.478556,-1.049740,1.050626,-1.050592,-0.800066,-0.000180
actual,8.195000,322.645000,0.485862,-1.049740,1.050626,-1.050592,-0.800066,-0.000180
actual,8.200000,322.650000,0.493517,-1.049740,1.050626,-1.050592,-0.800066,-0.000180
actual,8.205000,322.655000,0.501333,-1.049740,1.050626,-1.050592,-0.800066,-0.000180
actual,8.210000,322.660000,0.509117,-1.049740,1.050626,-1.050592,-0.800066,-0.000180
actual,8.215000,322.665000,0.516678,-1.049740,1.050626,-1.050592,-0.800066,-0.000180
actual,8.220000,322.670000,0.523828,-1.049740,1.050626,-1.050592,-0.800066,-0.000180
actual,8.225000,322.675000,0.530393,-1.049740,1.050626,-1.050592,-0.800066,-0.000180
actual,8.230000,322.680000,0.536210,-1.049740,1.050626,-1.050592,-0.800066,-0.000180
actual,8.235000,322.685000,0.541137,-1.049740,1.050626,-1.050592,-0.800066,-0.000180
actual,8.240000,322.690000,0.545051,-1.049740,1.050626,-1.050592,-0.800066,-0.000180
actual,8.245000,322.695000,0.547858,-1.049740,1.050626,-1.050592,-0.800066,-0.000180
actual,8.250000,322.700000,0.549486,-1.049740,1.050626,-1.050592,-0.800066,-0.000180
actual,8.255000,322.705000,0.549897,-1.049740,1.050626,-1.050592,-0.800066,-0.000180
actual,8.260000,322.710000,0.549081,-1.049740,1.050626,-1.050592,-0.800066,-0.000180
actual,8.265000,322.715000,0.547056,-1.049740,1.050626,-1.050592,-0.800066,-0.000180
actual,8.270000,322.720000,0.543874,-1.049740,1.050626,-1.050592,-0.800066,-0.000180
actual,8.275000,322.725000,0.539612,-1.049740,1.050626,-1.050592,-0.800066,-0.000180
actual,8.280000,322.730000,0.534376,-1.049740,1.050626,-1.050592,-0.800066,-0.000180
actual,8.285000,322.735000,0.528295,-1.049740,1.050626,-1.050592,-0.800066,-0.000180
actual,8.290000,322.740000,0.521517,-1.049740,1.050626,-1.050592,-0.800066,-0.000180
actual,8.295000,322.745000,0.514211,-1.049740,1.050626,-1.050592,-0.800066,-0.000180
actual,8.300000,322.750000,0.506556,-1.049740,1.050626,-1.050592,-0.800066,-0.000180
actual,8.305000,322.755000,0.498740,-1.049740,1.050626,-1.050592,-0.800066,-0.000180
actual,8.310000,322.760000,0.490956,-1.049740,1.050626,-1.050592,-0.800066,-0.000180
actual,8.315000,322.765000,0.483395,-1.049740,1.050626,-1.050592,-0.800066,-0.000180
actual,8.320000,322.770000,0.476245,-1.049740,1.050626,-1.050592,-0.800066,-0.000180
actual,8.325000,322.775000,0.469680,-1.049740,1.050626,-1.050592,-0.800066,-0.000180
actual,8.330000,322.780000,0.463863,-1.049740,1.050626,-1.050592,-0.800066,-0.000180
actual,8.335000,322.785000,0.458936,-1.049740,1.050626,-1.050592,-0.800066,-0.000180
actual,8.340000,322.790000,0.455021,-1.049740,1.050626,-1.050592,-0.800066,-0.000180
actual,8.345000,322.795000,0.452215,-1.049740,1.050626,-1.050592,-0.800066,-0.000180
actual,8.350000,322.800000,0.450587,-1.049740,1.050626,-1.050592,-0.800066,-0.000180
actual,8.355000,322.805000,0.450176,-1.049740,1.050626,-1.050592,-0.800066,-0.000180
actual,8.360000,322.810000,0.450992,-1.049740,1.050626,-1.050592,-0.800066,-0.000180
actual,8.365000,322.815000,0.453017,-1.049740,1.050626,-1.050592,-0.800066,-0.000180
actual,8.370000,322.820000,0.456199,-1.049740,1.050626,-1.050592,-0.800066,-0.000180
actual,8.375000,322.825000,0.460460,-1.049740,1.050626,-1.050592,-0.800066,-0.000180
actual,8.380000,322.830000,0.465696,-1.049740,1.050626,-1.050592,-0.800066,-0.000180
actual,8.385000,322.835000,0.471778,-1.049740,1.050626,-1.050592,-0.800066,-0.000180
actual,8.390000,322.840000,0.478556,-1.049740,1.050626,-1.050592,-0.800066,-0.000180
actual,8.395000,322.845000,0.485862,-1.049740,1.050626,-1.050592,-0.800066,-0.000180
actual,8.400000,322.850000,0.493517,-1.049740,1.050626,-1.050592,-0.800066,-0.000180
actual,8.405000,322.855000,0.501333,-1.049740,1.050626,-1.050592,-0.800066,-0.000180
actual,8.410000,322.860000,0.509117,-1.049740,1.050626,-1.050592,-0.800066,-0.000180
actual,8.415000,322.865000,0.516678,-1.049740,1.050626,-1.050592,-0.800066,-0.000180
actual,8.420000,322.870000,0.523828,-1.049740,1.050626,-1.050592,-0.800066,-0.000180
actual,8.425000,322.875000,0.530393,-1.049740,1.050626,-1.050592,-0.800066,-0.000180
actual,8.430000,322.880000,0.536210,-1.049740,1.050626,-1.050592,-0.800066,-0.000180
actual,8.435000,322.885000,0.541137,-1.049740,1.050626,-1.050592,-0.800066,-0.000180
actual,8.440000,322.890000,0.545051,-1.049740,1.050626,-1.050592,-0.800066,-0.000180
actual,8.445000,322.895000,0.547858,-1.049740,1.050626,-1.050592,-0.800066,-0.000180
actual,8.450000,322.900000,0.549486,-1.049740,1.050626,-1.050592,-0.800066,-0.000180
actual,8.455000,322.905000,0.549897,-1.049740,1.050626,-1.050592,-0.800066,-0.000180
actual,8.460000,322.910000,0.549081,-1.049740,1.050626,-1.050592,-0.800066,-0.000180
actual,8.465000,322.915000,0.547056,-1.049740,1.050626,-1.050592,-0.800066,-0.000180
actual,8.470000,322.920000,0.543874,-1.049740,1.050626,-1.050592,-0.800066,-0.000180
actual,8.475000,322.925000,0.539612,-1.049740,1.050626,-1.050592,-0.800066,-0.000180
actual,8.480000,322.930000,0.534376,-1.049740,1.050626,-1.050592,-0.800066,-0.000180
actual,8.485000,322.935000,0.528295,-1.049740,1.050626,-1.050592,-0.800066,-0.000180
actual,8.490000,322.940000,0.521517,-1.049740,1.050626,-1.050592,-0.800066,-0.000180
actual,8.495000,322.945000,0.514211,-1.049740,1.050626,-1.050592,-0.800066,-0.000180
actual,8.500000,322.950000,0.506556,-1.049740,1.050626,-1.050592,-0.800066,-0.000180
actual,8.505000,322.955000,0.498740,-1.049740,1.050626,-1.050592,-0.800066,-0.000180
actual,8.510000,322.960000,0.490956,-1.049740,1.050626,-1.050592,-0.800066,-0.000180
actual,8.515000,322.965000,0.483395,-1.049740,1.050626,-1.050592,-0.800066,-0.000180
actual,8.520000,322.970000,0.476245,-1.049740,1.050626,-1.050592,-0.800066,-0.000180
actual,8.525000,322.975000,0.469680,-1.049740,1.050626,-1.050592,-0.800066,-0.000180
actual,8.530000,322.980000,0.463863,-1.049740,1.050626,-1.050592,-0.800066,-0.000180
actual,8.535000,322.985000,0.458936,-1.049740,1.050626,-1.050592,-0.800066,-0.000180
actual,8.540000,322.990000,0.455021,-1.049740,1.050626,-1.050592,-0.800066,-0.000180
actual,8.545000,322.995000,0.452215,-1.049740,1.050626,-1.050592,-0.800066,-0.000180
actual,8.550000,323.000000,0.450587,-1.049740,1.050626,-1.050592,-0.800066,-0.000180
actual,8.555000,323.005000,0.450176,-1.049740,1.050626,-1.050592,-0.800066,-0.000180
actual,8.560000,323.010000,0.450992,-1.049740,1.050626,-1.050592,-0.800066,-0.000180
actual,8.570000,323.020000,0.456199,-1.049740,1.050626,-1.050592,-0.800066,-0.000180
actual,8.575000,323.025000,0.460460,-1.049740,1.050626,-1.050592,-0.800066,-0.000180
actual,8.580000,323.030000,0.465696,-1.049740,1.050626,-1.050592,-0.800066,-0.000180
actual,8.585000,323.035000,0.471778,-1.049740,1.050626,-1.050592,-0.800066,-0.000180
actual,8.590000,323.040000,0.478556,-1.049740,1.050626,-1.050592,-0.800066,-0.000180
actual,8.595000,323.045000,0.485862,-1.049740,1.050626,-1.050592,-0.800066,-0.000180
actual,8.600000,323.050000,0.493517,-1.049740,1.050626,-1.050592,-0.800066,-0.000180
actual,8.605000,323.055000,0.501333,-1.049740,1.050626,-1.050592,-0.800066,-0.000180
actual,8.610000,323.060000,0.509117,-1.049740,1.050626,-1.050592,-0.800066,-0.000180
actual,8.615000,323.065000,0.516678,-1.049740,1.050626,-1.050592,-0.800066,-0.000180
actual,8.620000,323.070000,0.523828,-1.049740,1.050626,-1.050592,-0.800066,-0.000180
actual,8.625000,323.075000,0.530393,-1.049740,1.050626,-1.050592,-0.800066,-0.000180
actual,8.630000,323.080000,0.536210,-1.049740,1.050626,-1.050592,-0.800066,-0.000180
actual,8.635000,323.085000,0.541137,-1.049740,1.050626,-1.050592,-0.800066,-0.000180
actual,8.640000,323.090000,0.545051,-1.049740,1.050626,-1.050592,-0.800066,-0.000180
actual,8.645000,323.095000,0.547858,-1.049740,1.050626,-1.050592,-0.800066,-0.000180
actual,8.650000,323.100000,0.549486,-1.049740,1.050626,-1.050592,-0.800066,-0.000180
actual,8.655000,323.105000,0.549897,-1.049740,1.050626,-1.050592,-0.800066,-0.000180
actual,8.660000,323.110000,0.549081,-1.049740,1.050626,-1.050592,-0.800066,-0.000180
actual,8.665000,323.115000,0.547056,-1.049740,1.050626,-1.050592,-0.800066,-0.000180
actual,8.670000,323.120000,0.543874,-1.049740,1.050626,-1.050592,-0.800066,-0.000180
actual,8.675000,323.125000,0.539612,-1.049740,1.050626,-1.050592,-0.800066,-0.000180
actual,8.680000,323.130000,0.534376,-1.049740,1.050626,-1.050592,-0.800066,-0.000180
actual,8.685000,323.135000,0.528295,-1.049740,1.050626,-1.050592,-0.800066,-0.000180
actual,8.690000,323.140000,0.521517,-1.049740,1.050626,-1.050592,-0.800066,-0.000180
actual,8.695000,323.145000,0.514211,-1.049740,1.050626,-1.050592,-0.800066,-0.000180
actual,8.700000,323.150000,0.506556,-1.049740,1.050626,-1.050592,-0.800066,-0.000180
actual,8.705000,323.155000,0.498740,-1.049740,1.050626,-1.050592,-0.800066,-0.000180
actual,8.710000,323.160000,0.490956,-1.049740,1.050626,-1.050592,-0.800066,-0.000180
actual,8.715000,323.165000,0.483395,-1.049740,1.050626,-1.050592,-0.800066,-0.000180
actual,8.720000,323.170000,0.476245,-1.049740,1.050626,-1.050592,-0.800066,-0.000180
actual,8.725000,323.175000,0.469680,-1.049740,1.050626,-1.050592,-0.800066,-0.000180
actual,8.730000,323.180000,0.463863,-1.049740,1.050626,-1.050592,-0.800066,-0.000180
actual,8.735000,323.185000,0.458936,-1.049740,1.050626,-1.050592,-0.800066,-0.000180
actual,8.740000,323.190000,0.455021,-1.049740,1.050626,-1.050592,-0.800066,-0.000180
actual,8.745000,323.195000,0.452215,-1.049740,1.050626,-1.050592,-0.800066,-0.000180
actual,8.750000,323.200000,0.450587,-1.049740,1.050626,-1.050592,-0.800066,-0.000180
actual,8.755000,323.205000,0.450176,-1.049740,1.050626,-1.050592,-0.800066,-0.000180
actual,8.760000,323.210000,0.450992,-1.049740,1.050626,-1.050592,-0.800066,-0.000180
actual,8.765000,323.215000,0.453017,-1.049740,1.050626,-1.050592,-0.800066,-0.000180
actual,8.770000,323.220000,0.456199,-1.049740,1.050626,-1.050592,-0.800066,-0.000180
actual,8.775000,323.225000,0.460460,-1.049740,1.050626,-1.050592,-0.800066,-0.000180
actual,8.780000,323.230000,0.465696,-1.049740,1.050626,-1.050592,-0.800066,-0.000180
actual,8.785000,323.235000,0.471778,-1.049740,1.050626,-1.050592,-0.800066,-0.000180
actual,8.790000,323.240000,0.478556,-1.049740,1.050626,-1.050592,-0.800066,-0.000180
actual,8.795000,323.245000,0.485862,-1.049740,1.050626,-1.050592,-0.800066,-0.000180
actual,8.800000,323.250000,0.493517,-1.049740,1.050626,-1.050592,-0.800066,-0.000180
actual,8.805000,323.255000,0.501333,-1.049740,1.050626,-1.050592,-0.800066,-0.000180
actual,8.810000,323.260000,0.509117,-1.049740,1.050626,-1.050592,-0.800066,-0.000180
actual,8.815000,323.265000,0.516678,-1.049740,1.050626,-1.050592,-0.800066,-0.000180
actual,8.820000,323.270000,0.523828,-1.049740,1.050626,-1.050592,-0.800066,-0.000180
actual,8.825000,323.275000,0.530393,-1.049740,1.050626,-1.050592,-0.800066,-0.000180
actual,8.830000,323.280000,0.536210,-1.049740,1.050626,-1.050592,-0.800066,-0.000180
actual,8.835000,323.285000,0.541137,-1.049740,1.050626,-1.050592,-0.800066,-0.000180
actual,8.840000,323.290000,0.545051,-1.049740,1.050626,-1.050592,-0.800066,-0.000180
actual,8.845000,323.295000,0.547858,-1.049740,1.050626,-1.050592,-0.800066,-0.000180
actual,8.850000,323.300000,0.549486,-1.049740,1.050626,-1.050592,-0.800066,-0.000180
actual,8.855000,323.305000,0.549897,-1.049740,1.050626,-1.050592,-0.800066,-0.000180
actual,8.860000,323.310000,0.549081,-1.049740,1.050626,-1.050592,-0.800066,-0.000180
actual,8.865000,323.315000,0.547056,-1.049740,1.050626,-1.050592,-0.800066,-0.000180
actual,8.870000,323.320000,0.543874,-1.049740,1.050626,-1.050592,-0.800066,-0.000180
actual,8.875000,323.325000,0.539612,-1.049740,1.050626,-1.050592,-0.800066,-0.000180
actual,8.880000,323.330000,0.534376,-1.049740,1.050626,-1.050592,-0.800066,-0.000180
actual,8.885000,323.335000,0.528295,-1.049740,1.050626,-1.050592,-0.800066,-0.000180
actual,8.890000,323.340000,0.521517,-1.049740,1.050626,-1.050592,-0.800066,-0.000180
actual,8.895000,323.345000,0.514211,-1.049740,1.050626,-1.050592,-0.800066,-0.000180
actual,8.900000,323.350000,0.506556,-1.049740,1.050626,-1.050592,-0.800066,-0.000180
actual,8.905000,323.355000,0.498740,-1.049740,1.050626,-1.050592,-0.800066,-0.000180
actual,8.910000,323.360000,0.490956,-1.049740,1.050626,-1.050592,-0.800066,-0.000180
actual,8.915000,323.365000,0.483395,-1.049740,1.050626,-1.050592,-0.800066,-0.000180
actual,8.920000,323.370000,0.476245,-1.049740,1.050626,-1.050592,-0.800066,-0.000180
actual,8.925000,323.375000,0.469680,-1.049740,1.050626,-1.050592,-0.800066,-0.000180
actual,8.930000,323.380000,0.463863,-1.049740,1.050626,-1.050592,-0.800066,-0.000180
actual,8.935000,323.385000,0.458936,-1.049740,1.050626,-1.050592,-0.800066,-0.000180
actual,8.940000,323.390000,0.455021,-1.049740,1.050626,-1.050592,-0.800066,-0.000180
actual,8.945000,323.395000,0.452215,-1.049740,1.050626,-1.050592,-0.800066,-0.000180
actual,8.950000,323.400000,0.450587,-1.049740,1.050626,-1.050592,-0.800066,-0.000180
actual,8.955000,323.405000,0.450176,-1.049740,1.050626,-1.050592,-0.800066,-0.000180
actual,8.960000,323.410000,0.450992,-1.049740,1.050626,-1.050592,-0.800066,-0.000180
actual,8.965000,323.415000,0.453017,-1.049740,1.050626,-1.050592,-0.800066,-0.000180
actual,8.970000,323.420000,0.456199,-1.049740,1.050626,-1.050592,-0.800066,-0.000180
actual,8.975000,323.425000,0.460460,-1.049740,1.050626,-1.050592,-0.800066,-0.000180
actual,8.980000,323.430000,0.465696,-1.049740,1.050626,-1.050592,-0.800066,-0.000180
actual,8.985000,323.435000,0.471778,-1.049740,1.050626,-1.050592,-0.800066,-0.000180
actual,8.990000,323.440000,0.478556,-1.049740,1.050626,-1.050592,-0.800066,-0.000180
actual,8.995000,323.445000,0.485862,-1.049740,1.050626,-1.050592,-0.800066,-0.000180
actual,9.000000,323.450000,0.493517,-1.049740,1.050626,-1.050592,-0.800066,-0.000180
actual,9.005000,323.455000,0.501333,-1.049740,1.050626,-1.050592,-0.800066,-0.000180
actual,9.010000,323.460000,0.509117,-1.049740,1.050626,-1.050592,-0.800066,-0.000180
actual,9.015000,323.465000,0.516678,-1.049740,1.050626,-1.050592,-0.800066,-0.000180
actual,9.020000,323.470000,0.523828,-1.049740,1.050626,-1.050592,-0.800066,-0.000180
actual,9.025000,323.475000,0.530393,-1.049740,1.050626,-1.050592,-0.800066,-0.000180
actual,9.030000,323.480000,0.536210,-1.049740,1.050626,-1.050592,-0.800066,-0.000180
actual,9.035000,323.485000,0.541137,-1.049740,1.050626,-1.050592,-0.800066,-0.000180
actual,9.040000,323.490000,0.545051,-1.049740,1.050626,-1.050592,-0.800066,-0.000180
actual,9.045000,323.495000,0.547858,-1.049740,1.050626,-1.050592,-0.800066,-0.000180
actual,9.055000,323.505000,0.549897,-1.049740,1.050626,-1.050592,-0.800066,-0.000180
actual,9.060000,323.510000,0.549081,-1.049740,1.050626,-1.050592,-0.800066,-0.000180
actual,9.065000,323.515000,0.547056,-1.049740,1.050626,-1.050592,-0.800066,-0.000180
actual,9.070000,323.520000,0.543874,-1.049740,1.050626,-1.050592,-0.800066,-0.000180
actual,9.075000,323.525000,0.539612,-1.049740,1.050626,-1.050592,-0.800066,-0.000180
actual,9.080000,323.530000,0.534376,-1.049740,1.050626,-1.050592,-0.800066,-0.000180
actual,9.085000,323.535000,0.528295,-1.049740,1.050626,-1.050592,-0.800066,-0.000180
actual,9.090000,323.540000,0.521517,-1.049740,1.050626,-1.050592,-0.800066,-0.000180
actual,9.095000,323.545000,0.514211,-1.049740,1.050626,-1.050592,-0.800066,-0.000180
actual,9.100000,323.550000,0.506556,-1.049740,1.050626,-1.050592,-0.800066,-0.000180
actual,9.105000,323.555000,0.498740,-1.049740,1.050626,-1.050592,-0.800066,-0.000180
actual,9.110000,323.560000,0.490956,-1.049740,1.050626,-1.050592,-0.800066,-0.000180
actual,9.115000,323.565000,0.483395,-1.049740,1.050626,-1.050592,-0.800066,-0.000180
actual,9.120000,323.570000,0.476245,-1.049740,1.050626,-1.050592,-0.800066,-0.000180
actual,9.125000,323.575000,0.469680,-1.049740,1.050626,-1.050592,-0.800066,-0.000180
actual,9.130000,323.580000,0.463863,-1.049740,1.050626,-1.050592,-0.800066,-0.000180
actual,9.135000,323.585000,0.458936,-1.049740,1.050626,-1.050592,-0.800066,-0.000180
actual,9.140000,323.590000,0.455021,-1.049740,1.050626,-1.050592,-0.800066,-0.000180
actual,9.145000,323.595000,0.452215,-1.049740,1.050626,-1.050592,-0.800066,-0.000180
actual,9.150000,323.600000,0.450587,-1.049740,1.050626,-1.050592,-0.800066,-0.000180
actual,9.155000,323.605000,0.450176,-1.049740,1.050626,-1.050592,-0.800066,-0.000180
actual,9.160000,323.610000,0.450992,-1.049740,1.050626,-1.050592,-0.800066,-0.000180
actual,9.165000,323.615000,0.453017,-1.049740,1.050626,-1.050592,-0.800066,-0.000180
actual,9.170000,323.620000,0.456199,-1.049740,1.050626,-1.050592,-0.800066,-0.000180
actual,9.175000,323.625000,0.460460,-1.049740,1.050626,-1.050592,-0.800066,-0.000180
actual,9.180000,323.630000,0.465696,-1.049740,1.050626,-1.050592,-0.800066,-0.000180
actual,9.185000,323.635000,0.471778,-1.049740,1.050626,-1.050592,-0.800066,-0.000180
actual,9.190000,323.640000,0.478556,-1.049740,1.050626,-1.050592,-0.800066,-0.000180
actual,9.195000,323.645000,0.485862,-1.049740,1.050626,-1.050592,-0.800066,-0.000180
actual,9.200000,323.650000,0.493517,-1.049740,1.050626,-1.050592,-0.800066,-0.000180
actual,9.205000,323.655000,0.501333,-1.049740,1.050626,-1.050592,-0.800066,-0.000180
actual,9.210000,323.660000,0.509117,-1.049740,1.050626,-1.050592,-0.800066,-0.000180
actual,9.215000,323.665000,0.516678,-1.049740,1.050626,-1.050592,-0.800066,-0.000180
actual,9.220000,323.670000,0.523828,-1.049740,1.050626,-1.050592,-0.800066,-0.000180
actual,9.225000,323.675000,0.530393,-1.049740,1.050626,-1.050592,-0.800066,-0.000180
actual,9.230000,323.680000,0.536210,-1.049740,1.050626,-1.050592,-0.800066,-0.000180
actual,9.235000,323.685000,0.541137,-1.049740,1.050626,-1.050592,-0.800066,-0.000180
actual,9.240000,323.690000,0.545051,-1.049740,1.050626,-1.050592,-0.800066,-0.000180
actual,9.245000,323.695000,0.547858,-1.049740,1.050626,-1.050592,-0.800066,-0.000180
actual,9.250000,323.700000,0.549486,-1.049740,1.050626,-1.050592,-0.800066,-0.000180
actual,9.255000,323.705000,0.549897,-1.049740,1.050626,-1.050592,-0.800066,-0.000180
actual,9.260000,323.710000,0.549081,-1.049740,1.050626,-1.050592,-0.800066,-0.000180
actual,9.265000,323.715000,0.547056,-1.049740,1.050626,-1.050592,-0.800066,-0.000180
actual,9.270000,323.720000,0.543874,-1.049740,1.050626,-1.050592,-0.800066,-0.000180
actual,9.275000,323.725000,0.539612,-1.049740,1.050626,-1.050592,-0.800066,-0.000180
actual,9.280000,323.730000,0.534376,-1.049740,1.050626,-1.050592,-0.800066,-0.000180
actual,9.285000,323.735000,0.528295,-1.049740,1.050626,-1.050592,-0.800066,-0.000180
actual,9.290000,323.740000,0.521517,-1.049740,1.050626,-1.050592,-0.800066,-0.000180
actual,9.295000,323.745000,0.514211,-1.049740,1.050626,-1.050592,-0.800066,-0.000180
actual,9.300000,323.750000,0.506556,-1.049740,1.050626,-1.050592,-0.800066,-0.000180
actual,9.305000,323.755000,0.498740,-1.049740,1.050626,-1.050592,-0.800066,-0.000180
actual,9.310000,323.760000,0.490956,-1.049740,1.050626,-1.050592,-0.800066,-0.000180
actual,9.315000,323.765000,0.483395,-1.049740,1.050626,-1.050592,-0.800066,-0.000180
actual,9.320000,323.770000,0.476245,-1.049740,1.050626,-1.050592,-0.800066,-0.000180
actual,9.325000,323.775000,0.469680,-1.049740,1.050626,-1.050592,-0.800066,-0.000180
actual,9.330000,323.780000,0.463863,-1.049740,1.050626,-1.050592,-0.800066,-0.000180
actual,9.335000,323.785000,0.458936,-1.049740,1.050626,-1.050592,-0.800066,-0.000180
actual,9.340000,323.790000,0.455021,-1.049740,1.050626,-1.050592,-0.800066,-0.000180
actual,9.345000,323.795000,0.452215,-1.049740,1.050626,-1.050592,-0.800066,-0.000180
actual,9.350000,323.800000,0.450587,-1.049740,1.050626,-1.050592,-0.800066,-0.000180
actual,9.355000,323.805000,0.450176,-1.049740,1.050626,-1.050592,-0.800066,-0.000180
actual,9.360000,323.810000,0.450992,-1.049740,1.050626,-1.050592,-0.800066,-0.000180
actual,9.365000,323.815000,0.453017,-1.049740,1.050626,-1.050592,-0.800066,-0.000180
actual,9.370000,323.820000,0.456199,-1.049740,1.050626,-1.050592,-0.800066,-0.000180
actual,9.375000,323.825000,0.460460,-1.049740,1.050626,-1.050592,-0.800066,-0.000180
actual,9.380000,323.830000,0.465696,-1.049740,1.050626,-1.050592,-0.800066,-0.000180
actual,9.385000,323.835000,0.471778,-1.049740,1.050626,-1.050592,-0.800066,-0.000180
actual,9.390000,323.840000,0.478556,-1.049740,1.050626,-1.050592,-0.800066,-0.000180
actual,9.395000,323.845000,0.485862,-1.049740,1.050626,-1.050592,-0.800066,-0.000180
actual,9.400000,323.850000,0.493517,-1.049740,1.050626,-1.050592,-0.800066,-0.000180
actual,9.405000,323.855000,0.501333,-1.049740,1.050626,-1.050592,-0.800066,-0.000180
actual,9.410000,323.860000,0.509117,-1.049740,1.050626,-1.050592,-0.800066,-0.000180
actual,9.415000,323.865000,0.516678,-1.049740,1.050626,-1.050592,-0.800066,-0.000180
actual,9.420000,323.870000,0.523828,-1.049740,1.050626,-1.050592,-0.800066,-0.000180
actual,9.425000,323.875000,0.530393,-1.049740,1.050626,-1.050592,-0.800066,-0.000180
actual,9.430000,323.880000,0.536210,-1.049740,1.050626,-1.050592,-0.800066,-0.000180
actual,9.435000,323.885000,0.541137,-1.049740,1.050626,-1.050592,-0.800066,-0.000180
actual,9.440000,323.890000,0.545051,-1.049740,1.050626,-1.050592,-0.800066,-0.000180
actual,9.445000,323.895000,0.547858,-1.049740,1.050626,-1.050592,-0.800066,-0.000180
actual,9.450000,323.900000,0.549486,-1.049740,1.050626,-1.050592,-0.800066,-0.000180
actual,9.455000,323.905000,0.549897,-1.049740,1.050626,-1.050592,-0.800066,-0.000180
actual,9.460000,323.910000,0.549081,-1.049740,1.050626,-1.050592,-0.800066,-0.000180
actual,9.465000,323.915000,0.547056,-1.049740,1.050626,-1.050592,-0.800066,-0.000180
actual,9.470000,323.920000,0.543874,-1.049740,1.050626,-1.050592,-0.800066,-0.000180
actual,9.475000,323.925000,0.539612,-1.049740,1.050626,-1.050592,-0.800066,-0.000180
actual,9.480000,323.930000,0.534376,-1.049740,1.050626,-1.050592,-0.800066,-0.000180
actual,9.485000,323.935000,0.528295,-1.049740,1.050626,-1.050592,-0.800066,-0.000180
actual,9.490000,323.940000,0.521517,-1.049740,1.050626,-1.050592,-0.800066,-0.000180
actual,9.495000,323.945000,0.514211,-1.049740,1.050626,-1.050592,-0.800066,-0.000180
actual,9.500000,323.950000,0.506556,-1.049740,1.050626,-1.050592,-0.800066,-0.000180
actual,9.505000,323.955000,0.498740,-1.049740,1.050626,-1.050592,-0.800066,-0.000180
actual,9.510000,323.960000,0.490956,-1.049740,1.050626,-1.050592,-0.800066,-0.000180
actual,9.515000,323.965000,0.483395,-1.049740,1.050626,-1.050592,-0.800066,-0.000180
actual,9.520000,323.970000,0.476245,-1.049740,1.050626,-1.050592,-0.800066,-0.000180
actual,9.525000,323.975000,0.469680,-1.049740,1.050626,-1.050592,-0.800066,-0.000180
actual,9.530000,323.980000,0.463863,-1.049740,1.050626,-1.050592,-0.800066,-0.000180
actual,9.535000,323.985000,0.458936,-1.049740,1.050626,-1.050592,-0.800066,-0.000180
actual,9.540000,323.990000,0.455021,-1.049740,1.050626,-1.050592,-0.800066,-0.000180
actual,9.545000,323.995000,0.452215,-1.049740,1.050626,-1.050592,-0.800066,-0.000180
actual,9.550000,324.000000,0.450587,-1.049740,1.050626,-1.050592,-0.800066,-0.000180
actual,9.555000,324.005000,0.450176,-1.049740,1.050626,-1.050592,-0.800066,-0.000180
actual,9.560000,324.010000,0.450992,-1.049740,1.050626,-1.050592,-0.800066,-0.000180
actual,9.565000,324.015000,0.453017,-1.049740,1.050626,-1.050592,-0.800066,-0.000180
actual,9.570000,324.020000,0.456199,-1.049740,1.050626,-1.050592,-0.800066,-0.000180
actual,9.575000,324.025000,0.460460,-1.049740,1.050626,-1.050592,-0.800066,-0.000180
actual,9.580000,324.030000,0.465696,-1.049740,1.050626,-1.050592,-0.800066,-0.000180
actual,9.585000,324.035000,0.471778,-1.049740,1.050626,-1.050592,-0.800066,-0.000180
actual,9.590000,324.040000,0.478556,-1.049740,1.050626,-1.050592,-0.800066,-0.000180
actual,9.595000,324.045000,0.485862,-1.049740,1.050626,-1.050592,-0.800066,-0.000180
actual,9.600000,324.050000,0.493517,-1.049740,1.050626,-1.050592,-0.800066,-0.000180
actual,9.605000,324.055000,0.501333,-1.049740,1.050626,-1.050592,-0.800066,-0.000180
actual,9.610000,324.060000,0.509117,-1.049740,1.050626,-1.050592,-0.800066,-0.000180
actual,9.615000,324.065000,0.516678,-1.049740,1.050626,-1.050592,-0.800066,-0.000180
actual,9.620000,324.070000,0.523828,-1.049740,1.050626,-1.050592,-0.800066,-0.000180
actual,9.625000,324.075000,0.530393,-1.049740,1.050626,-1.050592,-0.800066,-0.000180
actual,9.630000,324.080000,0.536210,-1.049740,1.050626,-1.050592,-0.800066,-0.000180
actual,9.635000,324.085000,0.541137,-1.049740,1.050626,-1.050592,-0.800066,-0.000180
actual,9.640000,324.090000,0.545051,-1.049740,1.050626,-1.050592,-0.800066,-0.000180
actual,9.645000,324.095000,0.547858,-1.049740,1.050626,-1.050592,-0.800066,-0.000180
actual,9.650000,324.100000,0.549486,-1.049740,1.050626,-1.050592,-0.800066,-0.000180
actual,9.655000,324.105000,0.549897,-1.049740,1.050626,-1.050592,-0.800066,-0.000180
actual,9.660000,324.110000,0.549081,-1.049740,1.050626,-1.050592,-0.800066,-0.000180
actual,9.665000,324.115000,0.547056,-1.049740,1.050626,-1.050592,-0.800066,-0.000180
actual,9.670000,324.120000,0.543874,-1.049740,1.050626,-1.050592,-0.800066,-0.000180
actual,9.675000,324.125000,0.539612,-1.049740,1.050626,-1.050592,-0.800066,-0.000180
actual,9.680000,324.130000,0.534376,-1.049740,1.050626,-1.050592,-0.800066,-0.000180
actual,9.685000,324.135000,0.528295,-1.049740,1.050626,-1.050592,-0.800066,-0.000180
actual,9.690000,324.140000,0.521517,-1.049740,1.050626,-1.050592,-0.800066,-0.000180
actual,9.695000,324.145000,0.514211,-1.049740,1.050626,-1.050592,-0.800066,-0.000180
actual,9.700000,324.150000,0.506556,-1.049740,1.050626,-1.050592,-0.800066,-0.000180
actual,9.705000,324.155000,0.498740,-1.049740,1.050626,-1.050592,-0.800066,-0.000180
actual,9.710000,324.160000,0.490956,-1.049740,1.050626,-1.050592,-0.800066,-0.000180
actual,9.715000,324.165000,0.483395,-1.049740,1.050626,-1.050592,-0.800066,-0.000180
actual,9.720000,324.170000,0.476245,-1.049740,1.050626,-1.050592,-0.800066,-0.000180
actual,9.725000,324.175000,0.469680,-1.049740,1.050626,-1.050592,-0.800066,-0.000180
actual,9.730000,324.180000,0.463863,-1.049740,1.050626,-1.050592,-0.800066,-0.000180
actual,9.735000,324.185000,0.458936,-1.049740,1.050626,-1.050592,-0.800066,-0.000180
actual,9.740000,324.190000,0.455021,-1.049740,1.050626,-1.050592,-0.800066,-0.000180
actual,9.745000,324.195000,0.452215,-1.049740,1.050626,-1.050592,-0.800066,-0.000180
actual,9.750000,324.200000,0.450587,-1.049740,1.050626,-1.050592,-0.800066,-0.000180
actual,9.755000,324.205000,0.450176,-1.049740,1.050626,-1.050592,-0.800066,-0.000180
actual,9.760000,324.210000,0.450992,-1.049740,1.050626,-1.050592,-0.800066,-0.000180
actual,9.765000,324.215000,0.453017,-1.049740,1.050626,-1.050592,-0.800066,-0.000180
actual,9.770000,324.220000,0.456199,-1.049740,1.050626,-1.050592,-0.800066,-0.000180
actual,9.775000,324.225000,0.460460,-1.049740,1.050626,-1.050592,-0.800066,-0.000180
actual,9.780000,324.230000,0.465696,-1.049740,1.050626,-1.050592,-0.800066,-0.000180
actual,9.785000,324.235000,0.471778,-1.049740,1.050626,-1.050592,-0.800066,-0.000180
actual,9.790000,324.240000,0.478556,-1.049740,1.050626,-1.050592,-0.800066,-0.000180
actual,9.795000,324.245000,0.485862,-1.049740,1.050626,-1.050592,-0.800066,-0.000180
actual,9.800000,324.250000,0.493517,-1.049740,1.050626,-1.050592,-0.800066,-0.000180
actual,9.805000,324.255000,0.501333,-1.049740,1.050626,-1.050592,-0.800066,-0.000180
actual,9.810000,324.260000,0.509117,-1.049740,1.050626,-1.050592,-0.800066,-0.000180
actual,9.815000,324.265000,0.516678,-1.049740,1.050626,-1.050592,-0.800066,-0.000180
actual,9.820000,324.270000,0.523828,-1.049740,1.050626,-1.050592,-0.800066,-0.000180
actual,9.825000,324.275000,0.530393,-1.049740,1.050626,-1.050592,-0.800066,-0.000180
actual,9.830000,324.280000,0.536210,-1.049740,1.050626,-1.050592,-0.800066,-0.000180
actual,9.835000,324.285000,0.541137,-1.049740,1.050626,-1.050592,-0.800066,-0.000180
actual,9.840000,324.290000,0.545051,-1.049740,1.050626,-1.050592,-0.800066,-0.000180
actual,9.845000,324.295000,0.547858,-1.049740,1.050626,-1.050592,-0.800066,-0.000180
actual,9.850000,324.300000,0.549486,-1.049740,1.050626,-1.050592,-0.800066,-0.000180
actual,9.855000,324.305000,0.549897,-1.049740,1.050626,-1.050592,-0.800066,-0.000180
actual,9.860000,324.310000,0.549081,-1.049740,1.050626,-1.050592,-0.800066,-0.000180
actual,9.865000,324.315000,0.547056,-1.049740,1.050626,-1.050592,-0.800066,-0.000180
actual,9.870000,324.320000,0.543874,-1.049740,1.050626,-1.050592,-0.800066,-0.000180
actual,9.875000,324.325000,0.539612,-1.049740,1.050626,-1.050592,-0.800066,-0.000180
actual,9.880000,324.330000,0.534376,-1.049740,1.050626,-1.050592,-0.800066,-0.000180
actual,9.885000,324.335000,0.528295,-1.049740,1.050626,-1.050592,-0.800066,-0.000180
actual,9.890000,324.340000,0.521517,-1.049740,1.050626,-1.050592,-0.800066,-0.000180
actual,9.895000,324.345000,0.514211,-1.049740,1.050626,-1.050592,-0.800066,-0.000180
actual,9.900000,324.350000,0.506556,-1.049740,1.050626,-1.050592,-0.800066,-0.000180
actual,9.905000,324.355000,0.498740,-1.049740,1.050626,-1.050592,-0.800066,-0.000180
actual,9.910000,324.360000,0.490956,-1.049740,1.050626,-1.050592,-0.800066,-0.000180
actual,9.915000,324.365000,0.483395,-1.049740,1.050626,-1.050592,-0.800066,-0.000180
actual,9.920000,324.370000,0.476245,-1.049740,1.050626,-1.050592,-0.800066,-0.000180
actual,9.925000,324.375000,0.469680,-1.049740,1.050626,-1.050592,-0.800066,-0.000180
actual,9.930000,324.380000,0.463863,-1.049740,1.050626,-1.050592,-0.800066,-0.000180
actual,9.935000,324.385000,0.458936,-1.049740,1.050626,-1.050592,-0.800066,-0.000180
actual,9.940000,324.390000,0.455021,-1.049740,1.050626,-1.050592,-0.800066,-0.000180
actual,9.945000,324.395000,0.452215,-1.049740,1.050626,-1.050592,-0.800066,-0.000180
actual,9.950000,324.400000,0.450587,-1.049740,1.050626,-1.050592,-0.800066,-0.000180
