type,t_rel,t_abs,j1,j2,j3,j4,j5,j6
cmd,0.000000,259.700000,0.500036,-1.049740,1.050626,-1.050592,-0.800066,-0.000180
cmd,0.005000,259.705000,0.501607,-1.049740,1.050626,-1.050592,-0.800066,-0.000180
cmd,0.010000,259.710000,0.503176,-1.049740,1.050626,-1.050592,-0.800066,-0.000180
cmd,0.015000,259.715000,0.504742,-1.049740,1.050626,-1.050592,-0.800066,-0.000180
cmd,0.020000,259.720000,0.506303,-1.049740,1.050626,-1.050592,-0.800066,-0.000180
cmd,0.025000,259.725000,0.507858,-1.049740,1.050626,-1.050592,-0.800066,-0.000180
cmd,0.030000,259.730000,0.509405,-1.049740,1.050626,-1.050592,-0.800066,-0.000180
cmd,0.035000,259.735000,0.510944,-1.049740,1.050626,-1.050592,-0.800066,-0.000180
cmd,0.040000,259.740000,0.512471,-1.049740,1.050626,-1.050592,-0.800066,-0.000180
cmd,0.045000,259.745000,0.513986,-1.049740,1.050626,-1.050592,-0.800066,-0.000180
cmd,0.050000,259.750000,0.515487,-1.049740,1.050626,-1.050592,-0.800066,-0.000180
cmd,0.055000,259.755000,0.516973,-1.049740,1.050626,-1.050592,-0.800066,-0.000180
cmd,0.060000,259.760000,0.518443,-1.049740,1.050626,-1.050592,-0.800066,-0.000180
cmd,0.065000,259.765000,0.519894,-1.049740,1.050626,-1.050592,-0.800066,-0.000180
cmd,0.070000,259.770000,0.521325,-1.049740,1.050626,-1.050592,-0.800066,-0.000180
cmd,0.075000,259.775000,0.522736,-1.049740,1.050626,-1.050592,-0.800066,-0.000180
cmd,0.080000,259.780000,0.524124,-1.049740,1.050626,-1.050592,-0.800066,-0.000180
cmd,0.085000,259.785000,0.525489,-1.049740,1.050626,-1.050592,-0.800066,-0.000180
cmd,0.090000,259.790000,0.526828,-1.049740,1.050626,-1.050592,-0.800066,-0.000180
cmd,0.095000,259.795000,0.528141,-1.049740,1.050626,-1.050592,-0.800066,-0.000180
cmd,0.100000,259.800000,0.529426,-1.049740,1.050626,-1.050592,-0.800066,-0.000180
cmd,0.105000,259.805000,0.530682,-1.049740,1.050626,-1.050592,-0.800066,-0.000180
cmd,0.110000,259.810000,0.531908,-1.049740,1.050626,-1.050592,-0.800066,-0.000180
cmd,0.115000,259.815000,0.533102,-1.049740,1.050626,-1.050592,-0.800066,-0.000180
cmd,0.120000,259.820000,0.534264,-1.049740,1.050626,-1.050592,-0.800066,-0.000180
cmd,0.125000,259.825000,0.535392,-1.049740,1.050626,-1.050592,-0.800066,-0.000180
cmd,0.130000,259.830000,0.536485,-1.049740,1.050626,-1.050592,-0.800066,-0.000180
cmd,0.135000,259.835000,0.537542,-1.049740,1.050626,-1.050592,-0.800066,-0.000180
cmd,0.140000,259.840000,0.538562,-1.049740,1.050626,-1.050592,-0.800066,-0.000180
cmd,0.145000,259.845000,0.539544,-1.049740,1.050626,-1.050592,-0.800066,-0.000180
cmd,0.150000,259.850000,0.540487,-1.049740,1.050626,-1.050592,-0.800066,-0.000180
cmd,0.155000,259.855000,0.541390,-1.049740,1.050626,-1.050592,-0.800066,-0.000180
cmd,0.160000,259.860000,0.542253,-1.049740,1.050626,-1.050592,-0.800066,-0.000180
cmd,0.165000,259.865000,0.543074,-1.049740,1.050626,-1.050592,-0.800066,-0.000180
cmd,0.170000,259.870000,0.543852,-1.049740,1.050626,-1.050592,-0.800066,-0.000180
cmd,0.175000,259.875000,0.544587,-1.049740,1.050626,-1.050592,-0.800066,-0.000180
cmd,0.180000,259.880000,0.545278,-1.049740,1.050626,-1.050592,-0.800066,-0.000180
cmd,0.185000,259.885000,0.545924,-1.049740,1.050626,-1.050592,-0.800066,-0.000180
cmd,0.190000,259.890000,0.546525,-1.049740,1.050626,-1.050592,-0.800066,-0.000180
cmd,0.195000,259.895000,0.547080,-1.049740,1.050626,-1.050592,-0.800066,-0.000180
cmd,0.200000,259.900000,0.547589,-1.049740,1.050626,-1.050592,-0.800066,-0.000180
cmd,0.205000,259.905000,0.548051,-1.049740,1.050626,-1.050592,-0.800066,-0.000180
cmd,0.210000,259.910000,0.548466,-1.049740,1.050626,-1.050592,-0.800066,-0.000180
cmd,0.215000,259.915000,0.548832,-1.049740,1.050626,-1.050592,-0.800066,-0.000180
cmd,0.220000,259.920000,0.549151,-1.049740,1.050626,-1.050592,-0.800066,-0.000180
cmd,0.225000,259.925000,0.549421,-1.049740,1.050626,-1.050592,-0.800066,-0.000180
cmd,0.230000,259.930000,0.549642,-1.049740,1.050626,-1.050592,-0.800066,-0.000180
cmd,0.235000,259.935000,0.549815,-1.049740,1.050626,-1.050592,-0.800066,-0.000180
cmd,0.240000,259.940000,0.549938,-1.049740,1.050626,-1.050592,-0.800066,-0.000180
cmd,0.245000,259.945000,0.550012,-1.049740,1.050626,-1.050592,-0.800066,-0.000180
cmd,0.250000,259.950000,0.550036,-1.049740,1.050626,-1.050592,-0.800066,-0.000180
cmd,0.255000,259.955000,0.550012,-1.049740,1.050626,-1.050592,-0.800066,-0.000180
cmd,0.260000,259.960000,0.549938,-1.049740,1.050626,-1.050592,-0.800066,-0.000180
cmd,0.265000,259.965000,0.549815,-1.049740,1.050626,-1.050592,-0.800066,-0.000180
cmd,0.270000,259.970000,0.549642,-1.049740,1.050626,-1.050592,-0.800066,-0.000180
cmd,0.275000,259.975000,0.549421,-1.049740,1.050626,-1.050592,-0.800066,-0.000180
cmd,0.280000,259.980000,0.549151,-1.049740,1.050626,-1.050592,-0.800066,-0.000180
cmd,0.285000,259.985000,0.548832,-1.049740,1.050626,-1.050592,-0.800066,-0.000180
cmd,0.290000,259.990000,0.548466,-1.049740,1.050626,-1.050592,-0.800066,-0.000180
cmd,0.295000,259.995000,0.548051,-1.049740,1.050626,-1.050592,-0.800066,-0.000180
cmd,0.300000,260.000000,0.547589,-1.049740,1.050626,-1.050592,-0.800066,-0.000180
cmd,0.305000,260.005000,0.547080,-1.049740,1.050626,-1.050592,-0.800066,-0.000180
cmd,0.310000,260.010000,0.546525,-1.049740,1.050626,-1.050592,-0.800066,-0.000180
cmd,0.315000,260.015000,0.545924,-1.049740,1.050626,-1.050592,-0.800066,-0.000180
cmd,0.320000,260.020000,0.545278,-1.049740,1.050626,-1.050592,-0.800066,-0.000180
cmd,0.325000,260.025000,0.544587,-1.049740,1.050626,-1.050592,-0.800066,-0.000180
cmd,0.330000,260.030000,0.543852,-1.049740,1.050626,-1.050592,-0.800066,-0.000180
cmd,0.335000,260.035000,0.543074,-1.049740,1.050626,-1.050592,-0.800066,-0.000180
cmd,0.340000,260.040000,0.542253,-1.049740,1.050626,-1.050592,-0.800066,-0.000180
cmd,0.345000,260.045000,0.541390,-1.049740,1.050626,-1.050592,-0.800066,-0.000180
cmd,0.350000,260.050000,0.540487,-1.049740,1.050626,-1.050592,-0.800066,-0.000180
cmd,0.355000,260.055000,0.539544,-1.049740,1.050626,-1.050592,-0.800066,-0.000180
cmd,0.360000,260.060000,0.538562,-1.049740,1.050626,-1.050592,-0.800066,-0.000180
cmd,0.365000,260.065000,0.537542,-1.049740,1.050626,-1.050592,-0.800066,-0.000180
cmd,0.370000,260.070000,0.536485,-1.049740,1.050626,-1.050592,-0.800066,-0.000180
cmd,0.375000,260.075000,0.535392,-1.049740,1.050626,-1.050592,-0.800066,-0.000180
cmd,0.380000,260.080000,0.534264,-1.049740,1.050626,-1.050592,-0.800066,-0.000180
cmd,0.385000,260.085000,0.533102,-1.049740,1.050626,-1.050592,-0.800066,-0.000180
cmd,0.390000,260.090000,0.531908,-1.049740,1.050626,-1.050592,-0.800066,-0.000180
cmd,0.395000,260.095000,0.530682,-1.049740,1.050626,-1.050592,-0.800066,-0.000180
cmd,0.400000,260.100000,0.529426,-1.049740,1.050626,-1.050592,-0.800066,-0.000180
cmd,0.405000,260.105000,0.528141,-1.049740,1.050626,-1.050592,-0.800066,-0.000180
cmd,0.410000,260.110000,0.526828,-1.049740,1.050626,-1.050592,-0.800066,-0.000180
cmd,0.415000,260.115000,0.525489,-1.049740,1.050626,-1.050592,-0.800066,-0.000180
cmd,0.420000,260.120000,0.524124,-1.049740,1.050626,-1.050592,-0.800066,-0.000180
cmd,0.425000,260.125000,0.522736,-1.049740,1.050626,-1.050592,-0.800066,-0.000180
cmd,0.430000,260.130000,0.521325,-1.049740,1.050626,-1.050592,-0.800066,-0.000180
cmd,0.435000,260.135000,0.519894,-1.049740,1.050626,-1.050592,-0.800066,-0.000180
cmd,0.440000,260.140000,0.518443,-1.049740,1.050626,-1.050592,-0.800066,-0.000180
cmd,0.445000,260.145000,0.516973,-1.049740,1.050626,-1.050592,-0.800066,-0.000180
cmd,0.450000,260.150000,0.515487,-1.049740,1.050626,-1.050592,-0.800066,-0.000180
cmd,0.455000,260.155000,0.513986,-1.049740,1.050626,-1.050592,-0.800066,-0.000180
cmd,0.460000,260.160000,0.512471,-1.049740,1.050626,-1.050592,-0.800066,-0.000180
cmd,0.465000,260.165000,0.510944,-1.049740,1.050626,-1.050592,-0.800066,-0.000180
cmd,0.470000,260.170000,0.509405,-1.049740,1.050626,-1.050592,-0.800066,-0.000180
cmd,0.475000,260.175000,0.507858,-1.049740,1.050626,-1.050592,-0.800066,-0.000180
cmd,0.480000,260.180000,0.506303,-1.049740,1.050626,-1.050592,-0.800066,-0.000180
cmd,0.485000,260.185000,0.504742,-1.049740,1.050626,-1.050592,-0.800066,-0.000180
cmd,0.490000,260.190000,0.503176,-1.049740,1.050626,-1.050592,-0.800066,-0.000180
cmd,0.495000,260.195000,0.501607,-1.049740,1.050626,-1.050592,-0.800066,-0.000180
cmd,0.500000,260.200000,0.500036,-1.049740,1.050626,-1.050592,-0.800066,-0.000180
cmd,0.505000,260.205000,0.498466,-1.049740,1.050626,-1.050592,-0.800066,-0.000180
cmd,0.510000,260.210000,0.496897,-1.049740,1.050626,-1.050592,-0.800066,-0.000180
cmd,0.515000,260.215000,0.495331,-1.049740,1.050626,-1.050592,-0.800066,-0.000180
cmd,0.520000,260.220000,0.493770,-1.049740,1.050626,-1.050592,-0.800066,-0.000180
cmd,0.525000,260.225000,0.492215,-1.049740,1.050626,-1.050592,-0.800066,-0.000180
cmd,0.530000,260.230000,0.490667,-1.049740,1.050626,-1.050592,-0.800066,-0.000180
cmd,0.535000,260.235000,0.489129,-1.049740,1.050626,-1.050592,-0.800066,-0.000180
cmd,0.540000,260.240000,0.487602,-1.049740,1.050626,-1.050592,-0.800066,-0.000180
cmd,0.545000,260.245000,0.486087,-1.049740,1.050626,-1.050592,-0.800066,-0.000180
cmd,0.550000,260.250000,0.484586,-1.049740,1.050626,-1.050592,-0.800066,-0.000180
cmd,0.555000,260.255000,0.483100,-1.049740,1.050626,-1.050592,-0.800066,-0.000180
cmd,0.560000,260.260000,0.481630,-1.049740,1.050626,-1.050592,-0.800066,-0.000180
cmd,0.565000,260.265000,0.480179,-1.049740,1.050626,-1.050592,-0.800066,-0.000180
cmd,0.570000,260.270000,0.478747,-1.049740,1.050626,-1.050592,-0.800066,-0.000180
cmd,0.575000,260.275000,0.477337,-1.049740,1.050626,-1.050592,-0.800066,-0.000180
cmd,0.580000,260.280000,0.475949,-1.049740,1.050626,-1.050592,-0.800066,-0.000180
cmd,0.585000,260.285000,0.474584,-1.049740,1.050626,-1.050592,-0.800066,-0.000180
cmd,0.590000,260.290000,0.473245,-1.049740,1.050626,-1.050592,-0.800066,-0.000180
cmd,0.595000,260.295000,0.471932,-1.049740,1.050626,-1.050592,-0.800066,-0.000180
cmd,0.600000,260.300000,0.470647,-1.049740,1.050626,-1.050592,-0.800066,-0.000180
cmd,0.605000,260.305000,0.469391,-1.049740,1.050626,-1.050592,-0.800066,-0.000180
cmd,0.610000,260.310000,0.468165,-1.049740,1.050626,-1.050592,-0.800066,-0.000180
cmd,0.615000,260.315000,0.466971,-1.049740,1.050626,-1.050592,-0.800066,-0.000180
cmd,0.620000,260.320000,0.465809,-1.049740,1.050626,-1.050592,-0.800066,-0.000180
cmd,0.625000,260.325000,0.464681,-1.049740,1.050626,-1.050592,-0.800066,-0.000180
cmd,0.630000,260.330000,0.463588,-1.049740,1.050626,-1.050592,-0.800066,-0.000180
cmd,0.635000,260.335000,0.462531,-1.049740,1.050626,-1.050592,-0.800066,-0.000180
cmd,0.640000,260.340000,0.461511,-1.049740,1.050626,-1.050592,-0.800066,-0.000180
cmd,0.645000,260.345000,0.460529,-1.049740,1.050626,-1.050592,-0.800066,-0.000180
cmd,0.650000,260.350000,0.459586,-1.049740,1.050626,-1.050592,-0.800066,-0.000180
cmd,0.655000,260.355000,0.458682,-1.049740,1.050626,-1.050592,-0.800066,-0.000180
cmd,0.660000,260.360000,0.457820,-1.049740,1.050626,-1.050592,-0.800066,-0.000180
cmd,0.665000,260.365000,0.456999,-1.049740,1.050626,-1.050592,-0.800066,-0.000180
cmd,0.670000,260.370000,0.456221,-1.049740,1.050626,-1.050592,-0.800066,-0.000180
cmd,0.675000,260.375000,0.455486,-1.049740,1.050626,-1.050592,-0.800066,-0.000180
cmd,0.680000,260.380000,0.454795,-1.049740,1.050626,-1.050592,-0.800066,-0.000180
cmd,0.685000,260.385000,0.454149,-1.049740,1.050626,-1.050592,-0.800066,-0.000180
cmd,0.690000,260.390000,0.453548,-1.049740,1.050626,-1.050592,-0.800066,-0.000180
cmd,0.695000,260.395000,0.452992,-1.049740,1.050626,-1.050592,-0.800066,-0.000180
cmd,0.700000,260.400000,0.452484,-1.049740,1.050626,-1.050592,-0.800066,-0.000180
cmd,0.705000,260.405000,0.452022,-1.049740,1.050626,-1.050592,-0.800066,-0.000180
cmd,0.710000,260.410000,0.451607,-1.049740,1.050626,-1.050592,-0.800066,-0.000180
cmd,0.715000,260.415000,0.451241,-1.049740,1.050626,-1.050592,-0.800066,-0.000180
cmd,0.720000,260.420000,0.450922,-1.049740,1.050626,-1.050592,-0.800066,-0.000180
cmd,0.725000,260.425000,0.450652,-1.049740,1.050626,-1.050592,-0.800066,-0.000180
cmd,0.730000,260.430000,0.450431,-1.049740,1.050626,-1.050592,-0.800066,-0.000180
cmd,0.735000,260.435000,0.450258,-1.049740,1.050626,-1.050592,-0.800066,-0.000180
cmd,0.740000,260.440000,0.450135,-1.049740,1.050626,-1.050592,-0.800066,-0.000180
cmd,0.745000,260.445000,0.450061,-1.049740,1.050626,-1.050592,-0.800066,-0.000180
cmd,0.750000,260.450000,0.450036,-1.049740,1.050626,-1.050592,-0.800066,-0.000180
cmd,0.755000,260.455000,0.450061,-1.049740,1.050626,-1.050592,-0.800066,-0.000180
cmd,0.760000,260.460000,0.450135,-1.049740,1.050626,-1.050592,-0.800066,-0.000180
cmd,0.765000,260.465000,0.450258,-1.049740,1.050626,-1.050592,-0.800066,-0.000180
cmd,0.770000,260.470000,0.450431,-1.049740,1.050626,-1.050592,-0.800066,-0.000180
cmd,0.775000,260.475000,0.450652,-1.049740,1.050626,-1.050592,-0.800066,-0.000180
cmd,0.780000,260.480000,0.450922,-1.049740,1.050626,-1.050592,-0.800066,-0.000180
cmd,0.785000,260.485000,0.451241,-1.049740,1.050626,-1.050592,-0.800066,-0.000180
cmd,0.790000,260.490000,0.451607,-1.049740,1.050626,-1.050592,-0.800066,-0.000180
cmd,0.795000,260.495000,0.452022,-1.049740,1.050626,-1.050592,-0.800066,-0.000180
cmd,0.800000,260.500000,0.452484,-1.049740,1.050626,-1.050592,-0.800066,-0.000180
cmd,0.805000,260.505000,0.452992,-1.049740,1.050626,-1.050592,-0.800066,-0.000180
cmd,0.810000,260.510000,0.453548,-1.049740,1.050626,-1.050592,-0.800066,-0.000180
cmd,0.815000,260.515000,0.454149,-1.049740,1.050626,-1.050592,-0.800066,-0.000180
cmd,0.820000,260.520000,0.454795,-1.049740,1.050626,-1.050592,-0.800066,-0.000180
cmd,0.825000,260.525000,0.455486,-1.049740,1.050626,-1.050592,-0.800066,-0.000180
cmd,0.830000,260.530000,0.456221,-1.049740,1.050626,-1.050592,-0.800066,-0.000180
cmd,0.835000,260.535000,0.456999,-1.049740,1.050626,-1.050592,-0.800066,-0.000180
cmd,0.840000,260.540000,0.457820,-1.049740,1.050626,-1.050592,-0.800066,-0.000180
cmd,0.845000,260.545000,0.458682,-1.049740,1.050626,-1.050592,-0.800066,-0.000180
cmd,0.850000,260.550000,0.459586,-1.049740,1.050626,-1.050592,-0.800066,-0.000180
cmd,0.855000,260.555000,0.460529,-1.049740,1.050626,-1.050592,-0.800066,-0.000180
cmd,0.860000,260.560000,0.461511,-1.049740,1.050626,-1.050592,-0.800066,-0.000180
cmd,0.865000,260.565000,0.462531,-1.049740,1.050626,-1.050592,-0.800066,-0.000180
cmd,0.870000,260.570000,0.463588,-1.049740,1.050626,-1.050592,-0.800066,-0.000180
cmd,0.875000,260.575000,0.464681,-1.049740,1.050626,-1.050592,-0.800066,-0.000180
cmd,0.880000,260.580000,0.465809,-1.049740,1.050626,-1.050592,-0.800066,-0.000180
cmd,0.885000,260.585000,0.466971,-1.049740,1.050626,-1.050592,-0.800066,-0.000180
cmd,0.890000,260.590000,0.468165,-1.049740,1.050626,-1.050592,-0.800066,-0.000180
cmd,0.895000,260.595000,0.469391,-1.049740,1.050626,-1.050592,-0.800066,-0.000180
cmd,0.900000,260.600000,0.470647,-1.049740,1.050626,-1.050592,-0.800066,-0.000180
cmd,0.905000,260.605000,0.471932,-1.049740,1.050626,-1.050592,-0.800066,-0.000180
cmd,0.910000,260.610000,0.473245,-1.049740,1.050626,-1.050592,-0.800066,-0.000180
cmd,0.915000,260.615000,0.474584,-1.049740,1.050626,-1.050592,-0.800066,-0.000180
cmd,0.920000,260.620000,0.475949,-1.049740,1.050626,-1.050592,-0.800066,-0.000180
cmd,0.925000,260.625000,0.477337,-1.049740,1.050626,-1.050592,-0.800066,-0.000180
cmd,0.930000,260.630000,0.478747,-1.049740,1.050626,-1.050592,-0.800066,-0.000180
cmd,0.935000,260.635000,0.480179,-1.049740,1.050626,-1.050592,-0.800066,-0.000180
cmd,0.940000,260.640000,0.481630,-1.049740,1.050626,-1.050592,-0.800066,-0.000180
cmd,0.945000,260.645000,0.483100,-1.049740,1.050626,-1.050592,-0.800066,-0.000180
cmd,0.950000,260.650000,0.484586,-1.049740,1.050626,-1.050592,-0.800066,-0.000180
cmd,0.955000,260.655000,0.486087,-1.049740,1.050626,-1.050592,-0.800066,-0.000180
cmd,0.960000,260.660000,0.487602,-1.049740,1.050626,-1.050592,-0.800066,-0.000180
cmd,0.965000,260.665000,0.489129,-1.049740,1.050626,-1.050592,-0.800066,-0.000180
cmd,0.970000,260.670000,0.490667,-1.049740,1.050626,-1.050592,-0.800066,-0.000180
cmd,0.975000,260.675000,0.492215,-1.049740,1.050626,-1.050592,-0.800066,-0.000180
cmd,0.980000,260.680000,0.493770,-1.049740,1.050626,-1.050592,-0.800066,-0.000180
cmd,0.985000,260.685000,0.495331,-1.049740,1.050626,-1.050592,-0.800066,-0.000180
cmd,0.990000,260.690000,0.496897,-1.049740,1.050626,-1.050592,-0.800066,-0.000180
cmd,0.995000,260.695000,0.498466,-1.049740,1.050626,-1.050592,-0.800066,-0.000180
cmd,1.000000,260.700000,0.500036,-1.049740,1.050626,-1.050592,-0.800066,-0.000180
cmd,1.005000,260.705000,0.501607,-1.049740,1.050626,-1.050592,-0.800066,-0.000180
cmd,1.010000,260.710000,0.503176,-1.049740,1.050626,-1.050592,-0.800066,-0.000180
cmd,1.015000,260.715000,0.504742,-1.049740,1.050626,-1.050592,-0.800066,-0.000180
cmd,1.020000,260.720000,0.506303,-1.049740,1.050626,-1.050592,-0.800066,-0.000180
cmd,1.025000,260.725000,0.507858,-1.049740,1.050626,-1.050592,-0.800066,-0.000180
cmd,1.030000,260.730000,0.509405,-1.049740,1.050626,-1.050592,-0.800066,-0.000180
cmd,1.035000,260.735000,0.510944,-1.049740,1.050626,-1.050592,-0.800066,-0.000180
cmd,1.040000,260.740000,0.512471,-1.049740,1.050626,-1.050592,-0.800066,-0.000180
cmd,1.045000,260.745000,0.513986,-1.049740,1.050626,-1.050592,-0.800066,-0.000180
cmd,1.050000,260.750000,0.515487,-1.049740,1.050626,-1.050592,-0.800066,-0.000180
cmd,1.055000,260.755000,0.516973,-1.049740,1.050626,-1.050592,-0.800066,-0.000180
cmd,1.060000,260.760000,0.518443,-1.049740,1.050626,-1.050592,-0.800066,-0.000180
cmd,1.065000,260.765000,0.519894,-1.049740,1.050626,-1.050592,-0.800066,-0.000180
cmd,1.070000,260.770000,0.521325,-1.049740,1.050626,-1.050592,-0.800066,-0.000180
cmd,1.075000,260.775000,0.522736,-1.049740,1.050626,-1.050592,-0.800066,-0.000180
cmd,1.080000,260.780000,0.524124,-1.049740,1.050626,-1.050592,-0.800066,-0.000180
cmd,1.085000,260.785000,0.525489,-1.049740,1.050626,-1.050592,-0.800066,-0.000180
cmd,1.090000,260.790000,0.526828,-1.049740,1.050626,-1.050592,-0.800066,-0.000180
cmd,1.095000,260.795000,0.528141,-1.049740,1.050626,-1.050592,-0.800066,-0.000180
cmd,1.100000,260.800000,0.529426,-1.049740,1.050626,-1.050592,-0.800066,-0.000180
cmd,1.105000,260.805000,0.530682,-1.049740,1.050626,-1.050592,-0.800066,-0.000180
cmd,1.110000,260.810000,0.531908,-1.049740,1.050626,-1.050592,-0.800066,-0.000180
cmd,1.115000,260.815000,0.533102,-1.049740,1.050626,-1.050592,-0.800066,-0.000180
cmd,1.120000,260.820000,0.534264,-1.049740,1.050626,-1.050592,-0.800066,-0.000180
cmd,1.125000,260.825000,0.535392,-1.049740,1.050626,-1.050592,-0.800066,-0.000180
cmd,1.130000,260.830000,0.536485,-1.049740,1.050626,-1.050592,-0.800066,-0.000180
cmd,1.135000,260.835000,0.537542,-1.049740,1.050626,-1.050592,-0.800066,-0.000180
cmd,1.140000,260.840000,0.538562,-1.049740,1.050626,-1.050592,-0.800066,-0.000180
cmd,1.145000,260.845000,0.539544,-1.049740,1.050626,-1.050592,-0.800066,-0.000180
cmd,1.150000,260.850000,0.540487,-1.049740,1.050626,-1.050592,-0.800066,-0.000180
cmd,1.155000,260.855000,0.541390,-1.049740,1.050626,-1.050592,-0.800066,-0.000180
cmd,1.160000,260.860000,0.542253,-1.049740,1.050626,-1.050592,-0.800066,-0.000180
cmd,1.165000,260.865000,0.543074,-1.049740,1.050626,-1.050592,-0.800066,-0.000180
cmd,1.170000,260.870000,0.543852,-1.049740,1.050626,-1.050592,-0.800066,-0.000180
cmd,1.175000,260.875000,0.544587,-1.049740,1.050626,-1.050592,-0.800066,-0.000180
cmd,1.180000,260.880000,0.545278,-1.049740,1.050626,-1.050592,-0.800066,-0.000180
cmd,1.185000,260.885000,0.545924,-1.049740,1.050626,-1.050592,-0.800066,-0.000180
cmd,1.190000,260.890000,0.546525,-1.049740,1.050626,-1.050592,-0.800066,-0.000180
cmd,1.195000,260.895000,0.547080,-1.049740,1.050626,-1.050592,-0.800066,-0.000180
cmd,1.200000,260.900000,0.547589,-1.049740,1.050626,-1.050592,-0.800066,-0.000180
cmd,1.205000,260.905000,0.548051,-1.049740,1.050626,-1.050592,-0.800066,-0.000180
cmd,1.210000,260.910000,0.548466,-1.049740,1.050626,-1.050592,-0.800066,-0.000180
cmd,1.215000,260.915000,0.548832,-1.049740,1.050626,-1.050592,-0.800066,-0.000180
cmd,1.220000,260.920000,0.549151,-1.049740,1.050626,-1.050592,-0.800066,-0.000180
cmd,1.225000,260.925000,0.549421,-1.049740,1.050626,-1.050592,-0.800066,-0.000180
cmd,1.230000,260.930000,0.549642,-1.049740,1.050626,-1.050592,-0.800066,-0.000180
cmd,1.235000,260.935000,0.549815,-1.049740,1.050626,-1.050592,-0.800066,-0.000180
cmd,1.240000,260.940000,0.549938,-1.049740,1.050626,-1.050592,-0.800066,-0.000180
cmd,1.245000,260.945000,0.550012,-1.049740,1.050626,-1.050592,-0.800066,-0.000180
cmd,1.250000,260.950000,0.550036,-1.049740,1.050626,-1.050592,-0.800066,-0.000180
cmd,1.255000,260.955000,0.550012,-1.049740,1.050626,-1.050592,-0.800066,-0.000180
cmd,1.260000,260.960000,0.549938,-1.049740,1.050626,-1.050592,-0.800066,-0.000180
cmd,1.265000,260.965000,0.549815,-1.049740,1.050626,-1.050592,-0.800066,-0.000180
cmd,1.270000,260.970000,0.549642,-1.049740,1.050626,-1.050592,-0.800066,-0.000180
cmd,1.275000,260.975000,0.549421,-1.049740,1.050626,-1.050592,-0.800066,-0.000180
cmd,1.280000,260.980000,0.549151,-1.049740,1.050626,-1.050592,-0.800066,-0.000180
cmd,1.285000,260.985000,0.548832,-1.049740,1.050626,-1.050592,-0.800066,-0.000180
cmd,1.290000,260.990000,0.548466,-1.049740,1.050626,-1.050592,-0.800066,-0.000180
cmd,1.295000,260.995000,0.548051,-1.049740,1.050626,-1.050592,-0.800066,-0.000180
cmd,1.300000,261.000000,0.547589,-1.049740,1.050626,-1.050592,-0.800066,-0.000180
cmd,1.305000,261.005000,0.547080,-1.049740,1.050626,-1.050592,-0.800066,-0.000180
cmd,1.310000,261.010000,0.546525,-1.049740,1.050626,-1.050592,-0.800066,-0.000180
cmd,1.315000,261.015000,0.545924,-1.049740,1.050626,-1.050592,-0.800066,-0.000180
cmd,1.320000,261.020000,0.545278,-1.049740,1.050626,-1.050592,-0.800066,-0.000180
cmd,1.325000,261.025000,0.544587,-1.049740,1.050626,-1.050592,-0.800066,-0.000180
cmd,1.330000,261.030000,0.543852,-1.049740,1.050626,-1.050592,-0.800066,-0.000180
cmd,1.335000,261.035000,0.543074,-1.049740,1.050626,-1.050592,-0.800066,-0.000180
cmd,1.340000,261.040000,0.542253,-1.049740,1.050626,-1.050592,-0.800066,-0.000180
cmd,1.345000,261.045000,0.541390,-1.049740,1.050626,-1.050592,-0.800066,-0.000180
cmd,1.350000,261.050000,0.540487,-1.049740,1.050626,-1.050592,-0.800066,-0.000180
cmd,1.355000,261.055000,0.539544,-1.049740,1.050626,-1.050592,-0.800066,-0.000180
cmd,1.360000,261.060000,0.538562,-1.049740,1.050626,-1.050592,-0.800066,-0.000180
cmd,1.365000,261.065000,0.537542,-1.049740,1.050626,-1.050592,-0.800066,-0.000180
cmd,1.370000,261.070000,0.536485,-1.049740,1.050626,-1.050592,-0.800066,-0.000180
cmd,1.375000,261.075000,0.535392,-1.049740,1.050626,-1.050592,-0.800066,-0.000180
cmd,1.380000,261.080000,0.534264,-1.049740,1.050626,-1.050592,-0.800066,-0.000180
cmd,1.385000,261.085000,0.533102,-1.049740,1.050626,-1.050592,-0.800066,-0.000180
cmd,1.390000,261.090000,0.531908,-1.049740,1.050626,-1.050592,-0.800066,-0.000180
cmd,1.395000,261.095000,0.530682,-1.049740,1.050626,-1.050592,-0.800066,-0.000180
cmd,1.400000,261.100000,0.529426,-1.049740,1.050626,-1.050592,-0.800066,-0.000180
cmd,1.405000,261.105000,0.528141,-1.049740,1.050626,-1.050592,-0.800066,-0.000180
cmd,1.410000,261.110000,0.526828,-1.049740,1.050626,-1.050592,-0.800066,-0.000180
cmd,1.415000,261.115000,0.525489,-1.049740,1.050626,-1.050592,-0.800066,-0.000180
cmd,1.420000,261.120000,0.524124,-1.049740,1.050626,-1.050592,-0.800066,-0.000180
cmd,1.425000,261.125000,0.522736,-1.049740,1.050626,-1.050592,-0.800066,-0.000180
cmd,1.430000,261.130000,0.521325,-1.049740,1.050626,-1.050592,-0.800066,-0.000180
cmd,1.435000,261.135000,0.519894,-1.049740,1.050626,-1.050592,-0.800066,-0.000180
cmd,1.440000,261.140000,0.518443,-1.049740,1.050626,-1.050592,-0.800066,-0.000180
cmd,1.445000,261.145000,0.516973,-1.049740,1.050626,-1.050592,-0.800066,-0.000180
cmd,1.450000,261.150000,0.515487,-1.049740,1.050626,-1.050592,-0.800066,-0.000180
cmd,1.455000,261.155000,0.513986,-1.049740,1.050626,-1.050592,-0.800066,-0.000180
cmd,1.460000,261.160000,0.512471,-1.049740,1.050626,-1.050592,-0.800066,-0.000180
cmd,1.465000,261.165000,0.510944,-1.049740,1.050626,-1.050592,-0.800066,-0.000180
cmd,1.470000,261.170000,0.509405,-1.049740,1.050626,-1.050592,-0.800066,-0.000180
cmd,1.475000,261.175000,0.507858,-1.049740,1.050626,-1.050592,-0.800066,-0.000180
cmd,1.480000,261.180000,0.506303,-1.049740,1.050626,-1.050592,-0.800066,-0.000180
cmd,1.485000,261.185000,0.504742,-1.049740,1.050626,-1.050592,-0.800066,-0.000180
cmd,1.490000,261.190000,0.503176,-1.049740,1.050626,-1.050592,-0.800066,-0.000180
cmd,1.495000,261.195000,0.501607,-1.049740,1.050626,-1.050592,-0.800066,-0.000180
cmd,1.500000,261.200000,0.500036,-1.049740,1.050626,-1.050592,-0.800066,-0.000180
cmd,1.505000,261.205000,0.498466,-1.049740,1.050626,-1.050592,-0.800066,-0.000180
cmd,1.510000,261.210000,0.496897,-1.049740,1.050626,-1.050592,-0.800066,-0.000180
cmd,1.515000,261.215000,0.495331,-1.049740,1.050626,-1.050592,-0.800066,-0.000180
cmd,1.520000,261.220000,0.493770,-1.049740,1.050626,-1.050592,-0.800066,-0.000180
cmd,1.525000,261.225000,0.492215,-1.049740,1.050626,-1.050592,-0.800066,-0.000180
cmd,1.530000,261.230000,0.490667,-1.049740,1.050626,-1.050592,-0.800066,-0.000180
cmd,1.535000,261.235000,0.489129,-1.049740,1.050626,-1.050592,-0.800066,-0.000180
cmd,1.540000,261.240000,0.487602,-1.049740,1.050626,-1.050592,-0.800066,-0.000180
cmd,1.545000,261.245000,0.486087,-1.049740,1.050626,-1.050592,-0.800066,-0.000180
cmd,1.550000,261.250000,0.484586,-1.049740,1.050626,-1.050592,-0.800066,-0.000180
cmd,1.555000,261.255000,0.483100,-1.049740,1.050626,-1.050592,-0.800066,-0.000180
cmd,1.560000,261.260000,0.481630,-1.049740,1.050626,-1.050592,-0.800066,-0.000180
cmd,1.565000,261.265000,0.480179,-1.049740,1.050626,-1.050592,-0.800066,-0.000180
cmd,1.570000,261.270000,0.478747,-1.049740,1.050626,-1.050592,-0.800066,-0.000180
cmd,1.575000,261.275000,0.477337,-1.049740,1.050626,-1.050592,-0.800066,-0.000180
cmd,1.580000,261.280000,0.475949,-1.049740,1.050626,-1.050592,-0.800066,-0.000180
cmd,1.585000,261.285000,0.474584,-1.049740,1.050626,-1.050592,-0.800066,-0.000180
cmd,1.590000,261.290000,0.473245,-1.049740,1.050626,-1.050592,-0.800066,-0.000180
cmd,1.595000,261.295000,0.471932,-1.049740,1.050626,-1.050592,-0.800066,-0.000180
cmd,1.600000,261.300000,0.470647,-1.049740,1.050626,-1.050592,-0.800066,-0.000180
cmd,1.605000,261.305000,0.469391,-1.049740,1.050626,-1.050592,-0.800066,-0.000180
cmd,1.610000,261.310000,0.468165,-1.049740,1.050626,-1.050592,-0.800066,-0.000180
cmd,1.615000,261.315000,0.466971,-1.049740,1.050626,-1.050592,-0.800066,-0.000180
cmd,1.620000,261.320000,0.465809,-1.049740,1.050626,-1.050592,-0.800066,-0.000180
cmd,1.625000,261.325000,0.464681,-1.049740,1.050626,-1.050592,-0.800066,-0.000180
cmd,1.630000,261.330000,0.463588,-1.049740,1.050626,-1.050592,-0.800066,-0.000180
cmd,1.635000,261.335000,0.462531,-1.049740,1.050626,-1.050592,-0.800066,-0.000180
cmd,1.640000,261.340000,0.461511,-1.049740,1.050626,-1.050592,-0.800066,-0.000180
cmd,1.645000,261.345000,0.460529,-1.049740,1.050626,-1.050592,-0.800066,-0.000180
cmd,1.650000,261.350000,0.459586,-1.049740,1.050626,-1.050592,-0.800066,-0.000180
cmd,1.655000,261.355000,0.458682,-1.049740,1.050626,-1.050592,-0.800066,-0.000180
cmd,1.660000,261.360000,0.457820,-1.049740,1.050626,-1.050592,-0.800066,-0.000180
cmd,1.665000,261.365000,0.456999,-1.049740,1.050626,-1.050592,-0.800066,-0.000180
cmd,1.670000,261.370000,0.456221,-1.049740,1.050626,-1.050592,-0.800066,-0.000180
cmd,1.675000,261.375000,0.455486,-1.049740,1.050626,-1.050592,-0.800066,-0.000180
cmd,1.680000,261.380000,0.454795,-1.049740,1.050626,-1.050592,-0.800066,-0.000180
cmd,1.685000,261.385000,0.454149,-1.049740,1.050626,-1.050592,-0.800066,-0.000180
cmd,1.690000,261.390000,0.453548,-1.049740,1.050626,-1.050592,-0.800066,-0.000180
cmd,1.695000,261.395000,0.452992,-1.049740,1.050626,-1.050592,-0.800066,-0.000180
cmd,1.700000,261.400000,0.452484,-1.049740,1.050626,-1.050592,-0.800066,-0.000180
cmd,1.705000,261.405000,0.452022,-1.049740,1.050626,-1.050592,-0.800066,-0.000180
cmd,1.710000,261.410000,0.451607,-1.049740,1.050626,-1.050592,-0.800066,-0.000180
cmd,1.715000,261.415000,0.451241,-1.049740,1.050626,-1.050592,-0.800066,-0.000180
cmd,1.720000,261.420000,0.450922,-1.049740,1.050626,-1.050592,-0.800066,-0.000180
cmd,1.725000,261.425000,0.450652,-1.049740,1.050626,-1.050592,-0.800066,-0.000180
cmd,1.730000,261.430000,0.450431,-1.049740,1.050626,-1.050592,-0.800066,-0.000180
cmd,1.735000,261.435000,0.450258,-1.049740,1.050626,-1.050592,-0.800066,-0.000180
cmd,1.740000,261.440000,0.450135,-1.049740,1.050626,-1.050592,-0.800066,-0.000180
cmd,1.745000,261.445000,0.450061,-1.049740,1.050626,-1.050592,-0.800066,-0.000180
cmd,1.750000,261.450000,0.450036,-1.049740,1.050626,-1.050592,-0.800066,-0.000180
cmd,1.755000,261.455000,0.450061,-1.049740,1.050626,-1.050592,-0.800066,-0.000180
cmd,1.760000,261.460000,0.450135,-1.049740,1.050626,-1.050592,-0.800066,-0.000180
cmd,1.765000,261.465000,0.450258,-1.049740,1.050626,-1.050592,-0.800066,-0.000180
cmd,1.770000,261.470000,0.450431,-1.049740,1.050626,-1.050592,-0.800066,-0.000180
cmd,1.775000,261.475000,0.450652,-1.049740,1.050626,-1.050592,-0.800066,-0.000180
cmd,1.780000,261.480000,0.450922,-1.049740,1.050626,-1.050592,-0.800066,-0.000180
cmd,1.785000,261.485000,0.451241,-1.049740,1.050626,-1.050592,-0.800066,-0.000180
cmd,1.790000,261.490000,0.451607,-1.049740,1.050626,-1.050592,-0.800066,-0.000180
cmd,1.795000,261.495000,0.452022,-1.049740,1.050626,-1.050592,-0.800066,-0.000180
cmd,1.800000,261.500000,0.452484,-1.049740,1.050626,-1.050592,-0.800066,-0.000180
cmd,1.805000,261.505000,0.452992,-1.049740,1.050626,-1.050592,-0.800066,-0.000180
cmd,1.810000,261.510000,0.453548,-1.049740,1.050626,-1.050592,-0.800066,-0.000180
cmd,1.815000,261.515000,0.454149,-1.049740,1.050626,-1.050592,-0.800066,-0.000180
cmd,1.820000,261.520000,0.454795,-1.049740,1.050626,-1.050592,-0.800066,-0.000180
cmd,1.825000,261.525000,0.455486,-1.049740,1.050626,-1.050592,-0.800066,-0.000180
cmd,1.830000,261.530000,0.456221,-1.049740,1.050626,-1.050592,-0.800066,-0.000180
cmd,1.835000,261.535000,0.456999,-1.049740,1.050626,-1.050592,-0.800066,-0.000180
cmd,1.840000,261.540000,0.457820,-1.049740,1.050626,-1.050592,-0.800066,-0.000180
cmd,1.845000,261.545000,0.458682,-1.049740,1.050626,-1.050592,-0.800066,-0.000180
cmd,1.850000,261.550000,0.459586,-1.049740,1.050626,-1.050592,-0.800066,-0.000180
cmd,1.855000,261.555000,0.460529,-1.049740,1.050626,-1.050592,-0.800066,-0.000180
cmd,1.860000,261.560000,0.461511,-1.049740,1.050626,-1.050592,-0.800066,-0.000180
cmd,1.865000,261.565000,0.462531,-1.049740,1.050626,-1.050592,-0.800066,-0.000180
cmd,1.870000,261.570000,0.463588,-1.049740,1.050626,-1.050592,-0.800066,-0.000180
cmd,1.875000,261.575000,0.464681,-1.049740,1.050626,-1.050592,-0.800066,-0.000180
cmd,1.880000,261.580000,0.465809,-1.049740,1.050626,-1.050592,-0.800066,-0.000180
cmd,1.885000,261.585000,0.466971,-1.049740,1.050626,-1.050592,-0.800066,-0.000180
cmd,1.890000,261.590000,0.468165,-1.049740,1.050626,-1.050592,-0.800066,-0.000180
cmd,1.895000,261.595000,0.469391,-1.049740,1.050626,-1.050592,-0.800066,-0.000180
cmd,1.900000,261.600000,0.470647,-1.049740,1.050626,-1.050592,-0.800066,-0.000180
cmd,1.905000,261.605000,0.471932,-1.049740,1.050626,-1.050592,-0.800066,-0.000180
cmd,1.910000,261.610000,0.473245,-1.049740,1.050626,-1.050592,-0.800066,-0.000180
cmd,1.915000,261.615000,0.474584,-1.049740,1.050626,-1.050592,-0.800066,-0.000180
cmd,1.920000,261.620000,0.475949,-1.049740,1.050626,-1.050592,-0.800066,-0.000180
cmd,1.925000,261.625000,0.477337,-1.049740,1.050626,-1.050592,-0.800066,-0.000180
cmd,1.930000,261.630000,0.478747,-1.049740,1.050626,-1.050592,-0.800066,-0.000180
cmd,1.935000,261.635000,0.480179,-1.049740,1.050626,-1.050592,-0.800066,-0.000180
cmd,1.940000,261.640000,0.481630,-1.049740,1.050626,-1.050592,-0.800066,-0.000180
cmd,1.945000,261.645000,0.483100,-1.049740,1.050626,-1.050592,-0.800066,-0.000180
cmd,1.950000,261.650000,0.484586,-1.049740,1.050626,-1.050592,-0.800066,-0.000180
cmd,1.955000,261.655000,0.486087,-1.049740,1.050626,-1.050592,-0.800066,-0.000180
cmd,1.960000,261.660000,0.487602,-1.049740,1.050626,-1.050592,-0.800066,-0.000180
cmd,1.965000,261.665000,0.489129,-1.049740,1.050626,-1.050592,-0.800066,-0.000180
cmd,1.970000,261.670000,0.490667,-1.049740,1.050626,-1.050592,-0.800066,-0.000180
cmd,1.975000,261.675000,0.492215,-1.049740,1.050626,-1.050592,-0.800066,-0.000180
cmd,1.980000,261.680000,0.493770,-1.049740,1.050626,-1.050592,-0.800066,-0.000180
cmd,1.985000,261.685000,0.495331,-1.049740,1.050626,-1.050592,-0.800066,-0.000180
cmd,1.990000,261.690000,0.496897,-1.049740,1.050626,-1.050592,-0.800066,-0.000180
cmd,1.995000,261.695000,0.498466,-1.049740,1.050626,-1.050592,-0.800066,-0.000180
cmd,2.000000,261.700000,0.500036,-1.049740,1.050626,-1.050592,-0.800066,-0.000180
cmd,2.005000,261.705000,0.501607,-1.049740,1.050626,-1.050592,-0.800066,-0.000180
cmd,2.010000,261.710000,0.503176,-1.049740,1.050626,-1.050592,-0.800066,-0.000180
cmd,2.015000,261.715000,0.504742,-1.049740,1.050626,-1.050592,-0.800066,-0.000180
cmd,2.020000,261.720000,0.506303,-1.049740,1.050626,-1.050592,-0.800066,-0.000180
cmd,2.025000,261.725000,0.507858,-1.049740,1.050626,-1.050592,-0.800066,-0.000180
cmd,2.030000,261.730000,0.509405,-1.049740,1.050626,-1.050592,-0.800066,-0.000180
cmd,2.035000,261.735000,0.510944,-1.049740,1.050626,-1.050592,-0.800066,-0.000180
cmd,2.040000,261.740000,0.512471,-1.049740,1.050626,-1.050592,-0.800066,-0.000180
cmd,2.045000,261.745000,0.513986,-1.049740,1.050626,-1.050592,-0.800066,-0.000180
cmd,2.050000,261.750000,0.515487,-1.049740,1.050626,-1.050592,-0.800066,-0.000180
cmd,2.055000,261.755000,0.516973,-1.049740,1.050626,-1.050592,-0.800066,-0.000180
cmd,2.060000,261.760000,0.518443,-1.049740,1.050626,-1.050592,-0.800066,-0.000180
cmd,2.065000,261.765000,0.519894,-1.049740,1.050626,-1.050592,-0.800066,-0.000180
cmd,2.070000,261.770000,0.521325,-1.049740,1.050626,-1.050592,-0.800066,-0.000180
cmd,2.075000,261.775000,0.522736,-1.049740,1.050626,-1.050592,-0.800066,-0.000180
cmd,2.080000,261.780000,0.524124,-1.049740,1.050626,-1.050592,-0.800066,-0.000180
cmd,2.085000,261.785000,0.525489,-1.049740,1.050626,-1.050592,-0.800066,-0.000180
cmd,2.090000,261.790000,0.526828,-1.049740,1.050626,-1.050592,-0.800066,-0.000180
cmd,2.095000,261.795000,0.528141,-1.049740,1.050626,-1.050592,-0.800066,-0.000180
cmd,2.100000,261.800000,0.529426,-1.049740,1.050626,-1.050592,-0.800066,-0.000180
cmd,2.105000,261.805000,0.530682,-1.049740,1.050626,-1.050592,-0.800066,-0.000180
cmd,2.110000,261.810000,0.531908,-1.049740,1.050626,-1.050592,-0.800066,-0.000180
cmd,2.115000,261.815000,0.533102,-1.049740,1.050626,-1.050592,-0.800066,-0.000180
cmd,2.120000,261.820000,0.534264,-1.049740,1.050626,-1.050592,-0.800066,-0.000180
cmd,2.125000,261.825000,0.535392,-1.049740,1.050626,-1.050592,-0.800066,-0.000180
cmd,2.130000,261.830000,0.536485,-1.049740,1.050626,-1.050592,-0.800066,-0.000180
cmd,2.135000,261.835000,0.537542,-1.049740,1.050626,-1.050592,-0.800066,-0.000180
cmd,2.140000,261.840000,0.538562,-1.049740,1.050626,-1.050592,-0.800066,-0.000180
cmd,2.145000,261.845000,0.539544,-1.049740,1.050626,-1.050592,-0.800066,-0.000180
cmd,2.150000,261.850000,0.540487,-1.049740,1.050626,-1.050592,-0.800066,-0.000180
cmd,2.155000,261.855000,0.541390,-1.049740,1.050626,-1.050592,-0.800066,-0.000180
cmd,2.160000,261.860000,0.542253,-1.049740,1.050626,-1.050592,-0.800066,-0.000180
cmd,2.165000,261.865000,0.543074,-1.049740,1.050626,-1.050592,-0.800066,-0.000180
cmd,2.170000,261.870000,0.543852,-1.049740,1.050626,-1.050592,-0.800066,-0.000180
cmd,2.175000,261.875000,0.544587,-1.049740,1.050626,-1.050592,-0.800066,-0.000180
cmd,2.180000,261.880000,0.545278,-1.049740,1.050626,-1.050592,-0.800066,-0.000180
cmd,2.185000,261.885000,0.545924,-1.049740,1.050626,-1.050592,-0.800066,-0.000180
cmd,2.190000,261.890000,0.546525,-1.049740,1.050626,-1.050592,-0.800066,-0.000180
cmd,2.195000,261.895000,0.547080,-1.049740,1.050626,-1.050592,-0.800066,-0.000180
cmd,2.200000,261.900000,0.547589,-1.049740,1.050626,-1.050592,-0.800066,-0.000180
cmd,2.205000,261.905000,0.548051,-1.049740,1.050626,-1.050592,-0.800066,-0.000180
cmd,2.210000,261.910000,0.548466,-1.049740,1.050626,-1.050592,-0.800066,-0.000180
cmd,2.215000,261.915000,0.548832,-1.049740,1.050626,-1.050592,-0.800066,-0.000180
cmd,2.220000,261.920000,0.549151,-1.049740,1.050626,-1.050592,-0.800066,-0.000180
cmd,2.225000,261.925000,0.549421,-1.049740,1.050626,-1.050592,-0.800066,-0.000180
cmd,2.230000,261.930000,0.549642,-1.049740,1.050626,-1.050592,-0.800066,-0.000180
cmd,2.235000,261.935000,0.549815,-1.049740,1.050626,-1.050592,-0.800066,-0.000180
cmd,2.240000,261.940000,0.549938,-1.049740,1.050626,-1.050592,-0.800066,-0.000180
cmd,2.245000,261.945000,0.550012,-1.049740,1.050626,-1.050592,-0.800066,-0.000180
cmd,2.250000,261.950000,0.550036,-1.049740,1.050626,-1.050592,-0.800066,-0.000180
cmd,2.255000,261.955000,0.550012,-1.049740,1.050626,-1.050592,-0.800066,-0.000180
cmd,2.260000,261.960000,0.549938,-1.049740,1.050626,-1.050592,-0.800066,-0.000180
cmd,2.265000,261.965000,0.549815,-1.049740,1.050626,-1.050592,-0.800066,-0.000180
cmd,2.270000,261.970000,0.549642,-1.049740,1.050626,-1.050592,-0.800066,-0.000180
cmd,2.275000,261.975000,0.549421,-1.049740,1.050626,-1.050592,-0.800066,-0.000180
cmd,2.280000,261.980000,0.549151,-1.049740,1.050626,-1.050592,-0.800066,-0.000180
cmd,2.285000,261.985000,0.548832,-1.049740,1.050626,-1.050592,-0.800066,-0.000180
cmd,2.290000,261.990000,0.548466,-1.049740,1.050626,-1.050592,-0.800066,-0.000180
cmd,2.295000,261.995000,0.548051,-1.049740,1.050626,-1.050592,-0.800066,-0.000180
cmd,2.300000,262.000000,0.547589,-1.049740,1.050626,-1.050592,-0.800066,-0.000180
cmd,2.305000,262.005000,0.547080,-1.049740,1.050626,-1.050592,-0.800066,-0.000180
cmd,2.310000,262.010000,0.546525,-1.049740,1.050626,-1.050592,-0.800066,-0.000180
cmd,2.315000,262.015000,0.545924,-1.049740,1.050626,-1.050592,-0.800066,-0.000180
cmd,2.320000,262.020000,0.545278,-1.049740,1.050626,-1.050592,-0.800066,-0.000180
cmd,2.325000,262.025000,0.544587,-1.049740,1.050626,-1.050592,-0.800066,-0.000180
cmd,2.330000,262.030000,0.543852,-1.049740,1.050626,-1.050592,-0.800066,-0.000180
cmd,2.335000,262.035000,0.543074,-1.049740,1.050626,-1.050592,-0.800066,-0.000180
cmd,2.340000,262.040000,0.542253,-1.049740,1.050626,-1.050592,-0.800066,-0.000180
cmd,2.345000,262.045000,0.541390,-1.049740,1.050626,-1.050592,-0.800066,-0.000180
cmd,2.350000,262.050000,0.540487,-1.049740,1.050626,-1.050592,-0.800066,-0.000180
cmd,2.355000,262.055000,0.539544,-1.049740,1.050626,-1.050592,-0.800066,-0.000180
cmd,2.360000,262.060000,0.538562,-1.049740,1.050626,-1.050592,-0.800066,-0.000180
cmd,2.365000,262.065000,0.537542,-1.049740,1.050626,-1.050592,-0.800066,-0.000180
cmd,2.370000,262.070000,0.536485,-1.049740,1.050626,-1.050592,-0.800066,-0.000180
cmd,2.375000,262.075000,0.535392,-1.049740,1.050626,-1.050592,-0.800066,-0.000180
cmd,2.380000,262.080000,0.534264,-1.049740,1.050626,-1.050592,-0.800066,-0.000180
cmd,2.385000,262.085000,0.533102,-1.049740,1.050626,-1.050592,-0.800066,-0.000180
cmd,2.390000,262.090000,0.531908,-1.049740,1.050626,-1.050592,-0.800066,-0.000180
cmd,2.395000,262.095000,0.530682,-1.049740,1.050626,-1.050592,-0.800066,-0.000180
cmd,2.400000,262.100000,0.529426,-1.049740,1.050626,-1.050592,-0.800066,-0.000180
cmd,2.405000,262.105000,0.528141,-1.049740,1.050626,-1.050592,-0.800066,-0.000180
cmd,2.410000,262.110000,0.526828,-1.049740,1.050626,-1.050592,-0.800066,-0.000180
cmd,2.415000,262.115000,0.525489,-1.049740,1.050626,-1.050592,-0.800066,-0.000180
cmd,2.420000,262.120000,0.524124,-1.049740,1.050626,-1.050592,-0.800066,-0.000180
cmd,2.425000,262.125000,0.522736,-1.049740,1.050626,-1.050592,-0.800066,-0.000180
cmd,2.430000,262.130000,0.521325,-1.049740,1.050626,-1.050592,-0.800066,-0.000180
cmd,2.435000,262.135000,0.519894,-1.049740,1.050626,-1.050592,-0.800066,-0.000180
cmd,2.440000,262.140000,0.518443,-1.049740,1.050626,-1.050592,-0.800066,-0.000180
cmd,2.445000,262.145000,0.516973,-1.049740,1.050626,-1.050592,-0.800066,-0.000180
cmd,2.450000,262.150000,0.515487,-1.049740,1.050626,-1.050592,-0.800066,-0.000180
cmd,2.455000,262.155000,0.513986,-1.049740,1.050626,-1.050592,-0.800066,-0.000180
cmd,2.460000,262.160000,0.512471,-1.049740,1.050626,-1.050592,-0.800066,-0.000180
cmd,2.465000,262.165000,0.510944,-1.049740,1.050626,-1.050592,-0.800066,-0.000180
cmd,2.470000,262.170000,0.509405,-1.049740,1.050626,-1.050592,-0.800066,-0.000180
cmd,2.475000,262.175000,0.507858,-1.049740,1.050626,-1.050592,-0.800066,-0.000180
cmd,2.480000,262.180000,0.506303,-1.049740,1.050626,-1.050592,-0.800066,-0.000180
cmd,2.485000,262.185000,0.504742,-1.049740,1.050626,-1.050592,-0.800066,-0.000180
cmd,2.490000,262.190000,0.503176,-1.049740,1.050626,-1.050592,-0.800066,-0.000180
cmd,2.495000,262.195000,0.501607,-1.049740,1.050626,-1.050592,-0.800066,-0.000180
cmd,2.500000,262.200000,0.500036,-1.049740,1.050626,-1.050592,-0.800066,-0.000180
cmd,2.505000,262.205000,0.498466,-1.049740,1.050626,-1.050592,-0.800066,-0.000180
cmd,2.510000,262.210000,0.496897,-1.049740,1.050626,-1.050592,-0.800066,-0.000180
cmd,2.515000,262.215000,0.495331,-1.049740,1.050626,-1.050592,-0.800066,-0.000180
cmd,2.520000,262.220000,0.493770,-1.049740,1.050626,-1.050592,-0.800066,-0.000180
cmd,2.525000,262.225000,0.492215,-1.049740,1.050626,-1.050592,-0.800066,-0.000180
cmd,2.530000,262.230000,0.490667,-1.049740,1.050626,-1.050592,-0.800066,-0.000180
cmd,2.535000,262.235000,0.489129,-1.049740,1.050626,-1.050592,-0.800066,-0.000180
cmd,2.540000,262.240000,0.487602,-1.049740,1.050626,-1.050592,-0.800066,-0.000180
cmd,2.545000,262.245000,0.486087,-1.049740,1.050626,-1.050592,-0.800066,-0.000180
cmd,2.550000,262.250000,0.484586,-1.049740,1.050626,-1.050592,-0.800066,-0.000180
cmd,2.555000,262.255000,0.483100,-1.049740,1.050626,-1.050592,-0.800066,-0.000180
cmd,2.560000,262.260000,0.481630,-1.049740,1.050626,-1.050592,-0.800066,-0.000180
cmd,2.565000,262.265000,0.480179,-1.049740,1.050626,-1.050592,-0.800066,-0.000180
cmd,2.570000,262.270000,0.478747,-1.049740,1.050626,-1.050592,-0.800066,-0.000180
cmd,2.575000,262.275000,0.477337,-1.049740,1.050626,-1.050592,-0.800066,-0.000180
cmd,2.580000,262.280000,0.475949,-1.049740,1.050626,-1.050592,-0.800066,-0.000180
cmd,2.585000,262.285000,0.474584,-1.049740,1.050626,-1.050592,-0.800066,-0.000180
cmd,2.590000,262.290000,0.473245,-1.049740,1.050626,-1.050592,-0.800066,-0.000180
cmd,2.595000,262.295000,0.471932,-1.049740,1.050626,-1.050592,-0.800066,-0.000180
cmd,2.600000,262.300000,0.470647,-1.049740,1.050626,-1.050592,-0.800066,-0.000180
cmd,2.605000,262.305000,0.469391,-1.049740,1.050626,-1.050592,-0.800066,-0.000180
cmd,2.610000,262.310000,0.468165,-1.049740,1.050626,-1.050592,-0.800066,-0.000180
cmd,2.615000,262.315000,0.466971,-1.049740,1.050626,-1.050592,-0.800066,-0.000180
cmd,2.620000,262.320000,0.465809,-1.049740,1.050626,-1.050592,-0.800066,-0.000180
cmd,2.625000,262.325000,0.464681,-1.049740,1.050626,-1.050592,-0.800066,-0.000180
cmd,2.630000,262.330000,0.463588,-1.049740,1.050626,-1.050592,-0.800066,-0.000180
cmd,2.635000,262.335000,0.462531,-1.049740,1.050626,-1.050592,-0.800066,-0.000180
cmd,2.640000,262.340000,0.461511,-1.049740,1.050626,-1.050592,-0.800066,-0.000180
cmd,2.645000,262.345000,0.460529,-1.049740,1.050626,-1.050592,-0.800066,-0.000180
cmd,2.650000,262.350000,0.459586,-1.049740,1.050626,-1.050592,-0.800066,-0.000180
cmd,2.655000,262.355000,0.458682,-1.049740,1.050626,-1.050592,-0.800066,-0.000180
cmd,2.660000,262.360000,0.457820,-1.049740,1.050626,-1.050592,-0.800066,-0.000180
cmd,2.665000,262.365000,0.456999,-1.049740,1.050626,-1.050592,-0.800066,-0.000180
cmd,2.670000,262.370000,0.456221,-1.049740,1.050626,-1.050592,-0.800066,-0.000180
cmd,2.675000,262.375000,0.455486,-1.049740,1.050626,-1.050592,-0.800066,-0.000180
cmd,2.680000,262.380000,0.454795,-1.049740,1.050626,-1.050592,-0.800066,-0.000180
cmd,2.685000,262.385000,0.454149,-1.049740,1.050626,-1.050592,-0.800066,-0.000180
cmd,2.690000,262.390000,0.453548,-1.049740,1.050626,-1.050592,-0.800066,-0.000180
cmd,2.695000,262.395000,0.452992,-1.049740,1.050626,-1.050592,-0.800066,-0.000180
cmd,2.700000,262.400000,0.452484,-1.049740,1.050626,-1.050592,-0.800066,-0.000180
cmd,2.705000,262.405000,0.452022,-1.049740,1.050626,-1.050592,-0.800066,-0.000180
cmd,2.710000,262.410000,0.451607,-1.049740,1.050626,-1.050592,-0.800066,-0.000180
cmd,2.715000,262.415000,0.451241,-1.049740,1.050626,-1.050592,-0.800066,-0.000180
cmd,2.720000,262.420000,0.450922,-1.049740,1.050626,-1.050592,-0.800066,-0.000180
cmd,2.725000,262.425000,0.450652,-1.049740,1.050626,-1.050592,-0.800066,-0.000180
cmd,2.730000,262.430000,0.450431,-1.049740,1.050626,-1.050592,-0.800066,-0.000180
cmd,2.735000,262.435000,0.450258,-1.049740,1.050626,-1.050592,-0.800066,-0.000180
cmd,2.740000,262.440000,0.450135,-1.049740,1.050626,-1.050592,-0.800066,-0.000180
cmd,2.745000,262.445000,0.450061,-1.049740,1.050626,-1.050592,-0.800066,-0.000180
cmd,2.750000,262.450000,0.450036,-1.049740,1.050626,-1.050592,-0.800066,-0.000180
cmd,2.755000,262.455000,0.450061,-1.049740,1.050626,-1.050592,-0.800066,-0.000180
cmd,2.760000,262.460000,0.450135,-1.049740,1.050626,-1.050592,-0.800066,-0.000180
cmd,2.765000,262.465000,0.450258,-1.049740,1.050626,-1.050592,-0.800066,-0.000180
cmd,2.770000,262.470000,0.450431,-1.049740,1.050626,-1.050592,-0.800066,-0.000180
cmd,2.775000,262.475000,0.450652,-1.049740,1.050626,-1.050592,-0.800066,-0.000180
cmd,2.780000,262.480000,0.450922,-1.049740,1.050626,-1.050592,-0.800066,-0.000180
cmd,2.785000,262.485000,0.451241,-1.049740,1.050626,-1.050592,-0.800066,-0.000180
cmd,2.790000,262.490000,0.451607,-1.049740,1.050626,-1.050592,-0.800066,-0.000180
cmd,2.795000,262.495000,0.452022,-1.049740,1.050626,-1.050592,-0.800066,-0.000180
cmd,2.800000,262.500000,0.452484,-1.049740,1.050626,-1.050592,-0.800066,-0.000180
cmd,2.805000,262.505000,0.452992,-1.049740,1.050626,-1.050592,-0.800066,-0.000180
cmd,2.810000,262.510000,0.453548,-1.049740,1.050626,-1.050592,-0.800066,-0.000180
cmd,2.815000,262.515000,0.454149,-1.049740,1.050626,-1.050592,-0.800066,-0.000180
cmd,2.820000,262.520000,0.454795,-1.049740,1.050626,-1.050592,-0.800066,-0.000180
cmd,2.825000,262.525000,0.455486,-1.049740,1.050626,-1.050592,-0.800066,-0.000180
cmd,2.830000,262.530000,0.456221,-1.049740,1.050626,-1.050592,-0.800066,-0.000180
cmd,2.835000,262.535000,0.456999,-1.049740,1.050626,-1.050592,-0.800066,-0.000180
cmd,2.840000,262.540000,0.457820,-1.049740,1.050626,-1.050592,-0.800066,-0.000180
cmd,2.845000,262.545000,0.458682,-1.049740,1.050626,-1.050592,-0.800066,-0.000180
cmd,2.850000,262.550000,0.459586,-1.049740,1.050626,-1.050592,-0.800066,-0.000180
cmd,2.855000,262.555000,0.460529,-1.049740,1.050626,-1.050592,-0.800066,-0.000180
cmd,2.860000,262.560000,0.461511,-1.049740,1.050626,-1.050592,-0.800066,-0.000180
cmd,2.865000,262.565000,0.462531,-1.049740,1.050626,-1.050592,-0.800066,-0.000180
cmd,2.870000,262.570000,0.463588,-1.049740,1.050626,-1.050592,-0.800066,-0.000180
cmd,2.875000,262.575000,0.464681,-1.049740,1.050626,-1.050592,-0.800066,-0.000180
cmd,2.880000,262.580000,0.465809,-1.049740,1.050626,-1.050592,-0.800066,-0.000180
cmd,2.885000,262.585000,0.466971,-1.049740,1.050626,-1.050592,-0.800066,-0.000180
cmd,2.890000,262.590000,0.468165,-1.049740,1.050626,-1.050592,-0.800066,-0.000180
cmd,2.895000,262.595000,0.469391,-1.049740,1.050626,-1.050592,-0.800066,-0.000180
cmd,2.900000,262.600000,0.470647,-1.049740,1.050626,-1.050592,-0.800066,-0.000180
cmd,2.905000,262.605000,0.471932,-1.049740,1.050626,-1.050592,-0.800066,-0.000180
cmd,2.910000,262.610000,0.473245,-1.049740,1.050626,-1.050592,-0.800066,-0.000180
cmd,2.915000,262.615000,0.474584,-1.049740,1.050626,-1.050592,-0.800066,-0.000180
cmd,2.920000,262.620000,0.475949,-1.049740,1.050626,-1.050592,-0.800066,-0.000180
cmd,2.925000,262.625000,0.477337,-1.049740,1.050626,-1.050592,-0.800066,-0.000180
cmd,2.930000,262.630000,0.478747,-1.049740,1.050626,-1.050592,-0.800066,-0.000180
cmd,2.935000,262.635000,0.480179,-1.049740,1.050626,-1.050592,-0.800066,-0.000180
cmd,2.940000,262.640000,0.481630,-1.049740,1.050626,-1.050592,-0.800066,-0.000180
cmd,2.945000,262.645000,0.483100,-1.049740,1.050626,-1.050592,-0.800066,-0.000180
cmd,2.950000,262.650000,0.484586,-1.049740,1.050626,-1.050592,-0.800066,-0.000180
cmd,2.955000,262.655000,0.486087,-1.049740,1.050626,-1.050592,-0.800066,-0.000180
cmd,2.960000,262.660000,0.487602,-1.049740,1.050626,-1.050592,-0.800066,-0.000180
cmd,2.965000,262.665000,0.489129,-1.049740,1.050626,-1.050592,-0.800066,-0.000180
cmd,2.970000,262.670000,0.490667,-1.049740,1.050626,-1.050592,-0.800066,-0.000180
cmd,2.975000,262.675000,0.492215,-1.049740,1.050626,-1.050592,-0.800066,-0.000180
cmd,2.980000,262.680000,0.493770,-1.049740,1.050626,-1.050592,-0.800066,-0.000180
cmd,2.985000,262.685000,0.495331,-1.049740,1.050626,-1.050592,-0.800066,-0.000180
cmd,2.990000,262.690000,0.496897,-1.049740,1.050626,-1.050592,-0.800066,-0.000180
cmd,2.995000,262.695000,0.498466,-1.049740,1.050626,-1.050592,-0.800066,-0.000180
cmd,3.000000,262.700000,0.500036,-1.049740,1.050626,-1.050592,-0.800066,-0.000180
cmd,3.005000,262.705000,0.501607,-1.049740,1.050626,-1.050592,-0.800066,-0.000180
cmd,3.010000,262.710000,0.503176,-1.049740,1.050626,-1.050592,-0.800066,-0.000180
cmd,3.015000,262.715000,0.504742,-1.049740,1.050626,-1.050592,-0.800066,-0.000180
cmd,3.020000,262.720000,0.506303,-1.049740,1.050626,-1.050592,-0.800066,-0.000180
cmd,3.025000,262.725000,0.507858,-1.049740,1.050626,-1.050592,-0.800066,-0.000180
cmd,3.030000,262.730000,0.509405,-1.049740,1.050626,-1.050592,-0.800066,-0.000180
cmd,3.035000,262.735000,0.510944,-1.049740,1.050626,-1.050592,-0.800066,-0.000180
cmd,3.040000,262.740000,0.512471,-1.049740,1.050626,-1.050592,-0.800066,-0.000180
cmd,3.045000,262.745000,0.513986,-1.049740,1.050626,-1.050592,-0.800066,-0.000180
cmd,3.050000,262.750000,0.515487,-1.049740,1.050626,-1.050592,-0.800066,-0.000180
cmd,3.055000,262.755000,0.516973,-1.049740,1.050626,-1.050592,-0.800066,-0.000180
cmd,3.060000,262.760000,0.518443,-1.049740,1.050626,-1.050592,-0.800066,-0.000180
cmd,3.065000,262.765000,0.519894,-1.049740,1.050626,-1.050592,-0.800066,-0.000180
cmd,3.070000,262.770000,0.521325,-1.049740,1.050626,-1.050592,-0.800066,-0.000180
cmd,3.075000,262.775000,0.522736,-1.049740,1.050626,-1.050592,-0.800066,-0.000180
cmd,3.080000,262.780000,0.524124,-1.049740,1.050626,-1.050592,-0.800066,-0.000180
cmd,3.085000,262.785000,0.525489,-1.049740,1.050626,-1.050592,-0.800066,-0.000180
cmd,3.090000,262.790000,0.526828,-1.049740,1.050626,-1.050592,-0.800066,-0.000180
cmd,3.095000,262.795000,0.528141,-1.049740,1.050626,-1.050592,-0.800066,-0.000180
cmd,3.100000,262.800000,0.529426,-1.049740,1.050626,-1.050592,-0.800066,-0.000180
cmd,3.105000,262.805000,0.530682,-1.049740,1.050626,-1.050592,-0.800066,-0.000180
cmd,3.110000,262.810000,0.531908,-1.049740,1.050626,-1.050592,-0.800066,-0.000180
cmd,3.115000,262.815000,0.533102,-1.049740,1.050626,-1.050592,-0.800066,-0.000180
cmd,3.120000,262.820000,0.534264,-1.049740,1.050626,-1.050592,-0.800066,-0.000180
cmd,3.125000,262.825000,0.535392,-1.049740,1.050626,-1.050592,-0.800066,-0.000180
cmd,3.130000,262.830000,0.536485,-1.049740,1.050626,-1.050592,-0.800066,-0.000180
cmd,3.135000,262.835000,0.537542,-1.049740,1.050626,-1.050592,-0.800066,-0.000180
cmd,3.140000,262.840000,0.538562,-1.049740,1.050626,-1.050592,-0.800066,-0.000180
cmd,3.145000,262.845000,0.539544,-1.049740,1.050626,-1.050592,-0.800066,-0.000180
cmd,3.150000,262.850000,0.540487,-1.049740,1.050626,-1.050592,-0.800066,-0.000180
cmd,3.155000,262.855000,0.541390,-1.049740,1.050626,-1.050592,-0.800066,-0.000180
cmd,3.160000,262.860000,0.542253,-1.049740,1.050626,-1.050592,-0.800066,-0.000180
cmd,3.165000,262.865000,0.543074,-1.049740,1.050626,-1.050592,-0.800066,-0.000180
cmd,3.170000,262.870000,0.543852,-1.049740,1.050626,-1.050592,-0.800066,-0.000180
cmd,3.175000,262.875000,0.544587,-1.049740,1.050626,-1.050592,-0.800066,-0.000180
cmd,3.180000,262.880000,0.545278,-1.049740,1.050626,-1.050592,-0.800066,-0.000180
cmd,3.185000,262.885000,0.545924,-1.049740,1.050626,-1.050592,-0.800066,-0.000180
cmd,3.190000,262.890000,0.546525,-1.049740,1.050626,-1.050592,-0.800066,-0.000180
cmd,3.195000,262.895000,0.547080,-1.049740,1.050626,-1.050592,-0.800066,-0.000180
cmd,3.200000,262.900000,0.547589,-1.049740,1.050626,-1.050592,-0.800066,-0.000180
cmd,3.205000,262.905000,0.548051,-1.049740,1.050626,-1.050592,-0.800066,-0.000180
cmd,3.210000,262.910000,0.548466,-1.049740,1.050626,-1.050592,-0.800066,-0.000180
cmd,3.215000,262.915000,0.548832,-1.049740,1.050626,-1.050592,-0.800066,-0.000180
cmd,3.220000,262.920000,0.549151,-1.049740,1.050626,-1.050592,-0.800066,-0.000180
cmd,3.225000,262.925000,0.549421,-1.049740,1.050626,-1.050592,-0.800066,-0.000180
cmd,3.230000,262.930000,0.549642,-1.049740,1.050626,-1.050592,-0.800066,-0.000180
cmd,3.235000,262.935000,0.549815,-1.049740,1.050626,-1.050592,-0.800066,-0.000180
cmd,3.240000,262.940000,0.549938,-1.049740,1.050626,-1.050592,-0.800066,-0.000180
cmd,3.245000,262.945000,0.550012,-1.049740,1.050626,-1.050592,-0.800066,-0.000180
cmd,3.250000,262.950000,0.550036,-1.049740,1.050626,-1.050592,-0.800066,-0.000180
cmd,3.255000,262.955000,0.550012,-1.049740,1.050626,-1.050592,-0.800066,-0.000180
cmd,3.260000,262.960000,0.549938,-1.049740,1.050626,-1.050592,-0.800066,-0.000180
cmd,3.265000,262.965000,0.549815,-1.049740,1.050626,-1.050592,-0.800066,-0.000180
cmd,3.270000,262.970000,0.549642,-1.049740,1.050626,-1.050592,-0.800066,-0.000180
cmd,3.275000,262.975000,0.549421,-1.049740,1.050626,-1.050592,-0.800066,-0.000180
cmd,3.280000,262.980000,0.549151,-1.049740,1.050626,-1.050592,-0.800066,-0.000180
cmd,3.285000,262.985000,0.548832,-1.049740,1.050626,-1.050592,-0.800066,-0.000180
cmd,3.290000,262.990000,0.548466,-1.049740,1.050626,-1.050592,-0.800066,-0.000180
cmd,3.295000,262.995000,0.548051,-1.049740,1.050626,-1.050592,-0.800066,-0.000180
cmd,3.300000,263.000000,0.547589,-1.049740,1.050626,-1.050592,-0.800066,-0.000180
cmd,3.305000,263.005000,0.547080,-1.049740,1.050626,-1.050592,-0.800066,-0.000180
cmd,3.310000,263.010000,0.546525,-1.049740,1.050626,-1.050592,-0.800066,-0.000180
cmd,3.315000,263.015000,0.545924,-1.049740,1.050626,-1.050592,-0.800066,-0.000180
cmd,3.320000,263.020000,0.545278,-1.049740,1.050626,-1.050592,-0.800066,-0.000180
cmd,3.325000,263.025000,0.544587,-1.049740,1.050626,-1.050592,-0.800066,-0.000180
cmd,3.330000,263.030000,0.543852,-1.049740,1.050626,-1.050592,-0.800066,-0.000180
cmd,3.335000,263.035000,0.543074,-1.049740,1.050626,-1.050592,-0.800066,-0.000180
cmd,3.340000,263.040000,0.542253,-1.049740,1.050626,-1.050592,-0.800066,-0.000180
cmd,3.345000,263.045000,0.541390,-1.049740,1.050626,-1.050592,-0.800066,-0.000180
cmd,3.350000,263.050000,0.540487,-1.049740,1.050626,-1.050592,-0.800066,-0.000180
cmd,3.355000,263.055000,0.539544,-1.049740,1.050626,-1.050592,-0.800066,-0.000180
cmd,3.360000,263.060000,0.538562,-1.049740,1.050626,-1.050592,-0.800066,-0.000180
cmd,3.365000,263.065000,0.537542,-1.049740,1.050626,-1.050592,-0.800066,-0.000180
cmd,3.370000,263.070000,0.536485,-1.049740,1.050626,-1.050592,-0.800066,-0.000180
cmd,3.375000,263.075000,0.535392,-1.049740,1.050626,-1.050592,-0.800066,-0.000180
cmd,3.380000,263.080000,0.534264,-1.049740,1.050626,-1.050592,-0.800066,-0.000180
cmd,3.385000,263.085000,0.533102,-1.049740,1.050626,-1.050592,-0.800066,-0.000180
cmd,3.390000,263.090000,0.531908,-1.049740,1.050626,-1.050592,-0.800066,-0.000180
cmd,3.395000,263.095000,0.530682,-1.049740,1.050626,-1.050592,-0.800066,-0.000180
cmd,3.400000,263.100000,0.529426,-1.049740,1.050626,-1.050592,-0.800066,-0.000180
cmd,3.405000,263.105000,0.528141,-1.049740,1.050626,-1.050592,-0.800066,-0.000180
cmd,3.410000,263.110000,0.526828,-1.049740,1.050626,-1.050592,-0.800066,-0.000180
cmd,3.415000,263.115000,0.525489,-1.049740,1.050626,-1.050592,-0.800066,-0.000180
cmd,3.420000,263.120000,0.524124,-1.049740,1.050626,-1.050592,-0.800066,-0.000180
cmd,3.425000,263.125000,0.522736,-1.049740,1.050626,-1.050592,-0.800066,-0.000180
cmd,3.430000,263.130000,0.521325,-1.049740,1.050626,-1.050592,-0.800066,-0.000180
cmd,3.435000,263.135000,0.519894,-1.049740,1.050626,-1.050592,-0.800066,-0.000180
cmd,3.440000,263.140000,0.518443,-1.049740,1.050626,-1.050592,-0.800066,-0.000180
cmd,3.445000,263.145000,0.516973,-1.049740,1.050626,-1.050592,-0.800066,-0.000180
cmd,3.450000,263.150000,0.515487,-1.049740,1.050626,-1.050592,-0.800066,-0.000180
cmd,3.455000,263.155000,0.513986,-1.049740,1.050626,-1.050592,-0.800066,-0.000180
cmd,3.460000,263.160000,0.512471,-1.049740,1.050626,-1.050592,-0.800066,-0.000180
cmd,3.465000,263.165000,0.510944,-1.049740,1.050626,-1.050592,-0.800066,-0.000180
cmd,3.470000,263.170000,0.509405,-1.049740,1.050626,-1.050592,-0.800066,-0.000180
cmd,3.475000,263.175000,0.507858,-1.049740,1.050626,-1.050592,-0.800066,-0.000180
cmd,3.480000,263.180000,0.506303,-1.049740,1.050626,-1.050592,-0.800066,-0.000180
cmd,3.485000,263.185000,0.504742,-1.049740,1.050626,-1.050592,-0.800066,-0.000180
cmd,3.490000,263.190000,0.503176,-1.049740,1.050626,-1.050592,-0.800066,-0.000180
cmd,3.495000,263.195000,0.501607,-1.049740,1.050626,-1.050592,-0.800066,-0.000180
cmd,3.500000,263.200000,0.500036,-1.049740,1.050626,-1.050592,-0.800066,-0.000180
cmd,3.505000,263.205000,0.498466,-1.049740,1.050626,-1.050592,-0.800066,-0.000180
cmd,3.510000,263.210000,0.496897,-1.049740,1.050626,-1.050592,-0.800066,-0.000180
cmd,3.515000,263.215000,0.495331,-1.049740,1.050626,-1.050592,-0.800066,-0.000180
cmd,3.520000,263.220000,0.493770,-1.049740,1.050626,-1.050592,-0.800066,-0.000180
cmd,3.525000,263.225000,0.492215,-1.049740,1.050626,-1.050592,-0.800066,-0.000180
cmd,3.530000,263.230000,0.490667,-1.049740,1.050626,-1.050592,-0.800066,-0.000180
cmd,3.535000,263.235000,0.489129,-1.049740,1.050626,-1.050592,-0.800066,-0.000180
cmd,3.540000,263.240000,0.487602,-1.049740,1.050626,-1.050592,-0.800066,-0.000180
cmd,3.545000,263.245000,0.486087,-1.049740,1.050626,-1.050592,-0.800066,-0.000180
cmd,3.550000,263.250000,0.484586,-1.049740,1.050626,-1.050592,-0.800066,-0.000180
cmd,3.555000,263.255000,0.483100,-1.049740,1.050626,-1.050592,-0.800066,-0.000180
cmd,3.560000,263.260000,0.481630,-1.049740,1.050626,-1.050592,-0.800066,-0.000180
cmd,3.565000,263.265000,0.480179,-1.049740,1.050626,-1.050592,-0.800066,-0.000180
cmd,3.570000,263.270000,0.478747,-1.049740,1.050626,-1.050592,-0.800066,-0.000180
cmd,3.575000,263.275000,0.477337,-1.049740,1.050626,-1.050592,-0.800066,-0.000180
cmd,3.580000,263.280000,0.475949,-1.049740,1.050626,-1.050592,-0.800066,-0.000180
cmd,3.585000,263.285000,0.474584,-1.049740,1.050626,-1.050592,-0.800066,-0.000180
cmd,3.590000,263.290000,0.473245,-1.049740,1.050626,-1.050592,-0.800066,-0.000180
cmd,3.595000,263.295000,0.471932,-1.049740,1.050626,-1.050592,-0.800066,-0.000180
cmd,3.600000,263.300000,0.470647,-1.049740,1.050626,-1.050592,-0.800066,-0.000180
cmd,3.605000,263.305000,0.469391,-1.049740,1.050626,-1.050592,-0.800066,-0.000180
cmd,3.610000,263.310000,0.468165,-1.049740,1.050626,-1.050592,-0.800066,-0.000180
cmd,3.615000,263.315000,0.466971,-1.049740,1.050626,-1.050592,-0.800066,-0.000180
cmd,3.620000,263.320000,0.465809,-1.049740,1.050626,-1.050592,-0.800066,-0.000180
cmd,3.625000,263.325000,0.464681,-1.049740,1.050626,-1.050592,-0.800066,-0.000180
cmd,3.630000,263.330000,0.463588,-1.049740,1.050626,-1.050592,-0.800066,-0.000180
cmd,3.635000,263.335000,0.462531,-1.049740,1.050626,-1.050592,-0.800066,-0.000180
cmd,3.640000,263.340000,0.461511,-1.049740,1.050626,-1.050592,-0.800066,-0.000180
cmd,3.645000,263.345000,0.460529,-1.049740,1.050626,-1.050592,-0.800066,-0.000180
cmd,3.650000,263.350000,0.459586,-1.049740,1.050626,-1.050592,-0.800066,-0.000180
cmd,3.655000,263.355000,0.458682,-1.049740,1.050626,-1.050592,-0.800066,-0.000180
cmd,3.660000,263.360000,0.457820,-1.049740,1.050626,-1.050592,-0.800066,-0.000180
cmd,3.665000,263.365000,0.456999,-1.049740,1.050626,-1.050592,-0.800066,-0.000180
cmd,3.670000,263.370000,0.456221,-1.049740,1.050626,-1.050592,-0.800066,-0.000180
cmd,3.675000,263.375000,0.455486,-1.049740,1.050626,-1.050592,-0.800066,-0.000180
cmd,3.680000,263.380000,0.454795,-1.049740,1.050626,-1.050592,-0.800066,-0.000180
cmd,3.685000,263.385000,0.454149,-1.049740,1.050626,-1.050592,-0.800066,-0.000180
cmd,3.690000,263.390000,0.453548,-1.049740,1.050626,-1.050592,-0.800066,-0.000180
cmd,3.695000,263.395000,0.452992,-1.049740,1.050626,-1.050592,-0.800066,-0.000180
cmd,3.700000,263.400000,0.452484,-1.049740,1.050626,-1.050592,-0.800066,-0.000180
cmd,3.705000,263.405000,0.452022,-1.049740,1.050626,-1.050592,-0.800066,-0.000180
cmd,3.710000,263.410000,0.451607,-1.049740,1.050626,-1.050592,-0.800066,-0.000180
cmd,3.715000,263.415000,0.451241,-1.049740,1.050626,-1.050592,-0.800066,-0.000180
cmd,3.720000,263.420000,0.450922,-1.049740,1.050626,-1.050592,-0.800066,-0.000180
cmd,3.725000,263.425000,0.450652,-1.049740,1.050626,-1.050592,-0.800066,-0.000180
cmd,3.730000,263.430000,0.450431,-1.049740,1.050626,-1.050592,-0.800066,-0.000180
cmd,3.735000,263.435000,0.450258,-1.049740,1.050626,-1.050592,-0.800066,-0.000180
cmd,3.740000,263.440000,0.450135,-1.049740,1.050626,-1.050592,-0.800066,-0.000180
cmd,3.745000,263.445000,0.450061,-1.049740,1.050626,-1.050592,-0.800066,-0.000180
cmd,3.750000,263.450000,0.450036,-1.049740,1.050626,-1.050592,-0.800066,-0.000180
cmd,3.755000,263.455000,0.450061,-1.049740,1.050626,-1.050592,-0.800066,-0.000180
cmd,3.760000,263.460000,0.450135,-1.049740,1.050626,-1.050592,-0.800066,-0.000180
cmd,3.765000,263.465000,0.450258,-1.049740,1.050626,-1.050592,-0.800066,-0.000180
cmd,3.770000,263.470000,0.450431,-1.049740,1.050626,-1.050592,-0.800066,-0.000180
cmd,3.775000,263.475000,0.450652,-1.049740,1.050626,-1.050592,-0.800066,-0.000180
cmd,3.780000,263.480000,0.450922,-1.049740,1.050626,-1.050592,-0.800066,-0.000180
cmd,3.785000,263.485000,0.451241,-1.049740,1.050626,-1.050592,-0.800066,-0.000180
cmd,3.790000,263.490000,0.451607,-1.049740,1.050626,-1.050592,-0.800066,-0.000180
cmd,3.795000,263.495000,0.452022,-1.049740,1.050626,-1.050592,-0.800066,-0.000180
cmd,3.800000,263.500000,0.452484,-1.049740,1.050626,-1.050592,-0.800066,-0.000180
cmd,3.805000,263.505000,0.452992,-1.049740,1.050626,-1.050592,-0.800066,-0.000180
cmd,3.810000,263.510000,0.453548,-1.049740,1.050626,-1.050592,-0.800066,-0.000180
cmd,3.815000,263.515000,0.454149,-1.049740,1.050626,-1.050592,-0.800066,-0.000180
cmd,3.820000,263.520000,0.454795,-1.049740,1.050626,-1.050592,-0.800066,-0.000180
cmd,3.825000,263.525000,0.455486,-1.049740,1.050626,-1.050592,-0.800066,-0.000180
cmd,3.830000,263.530000,0.456221,-1.049740,1.050626,-1.050592,-0.800066,-0.000180
cmd,3.835000,263.535000,0.456999,-1.049740,1.050626,-1.050592,-0.800066,-0.000180
cmd,3.840000,263.540000,0.457820,-1.049740,1.050626,-1.050592,-0.800066,-0.000180
cmd,3.845000,263.545000,0.458682,-1.049740,1.050626,-1.050592,-0.800066,-0.000180
cmd,3.850000,263.550000,0.459586,-1.049740,1.050626,-1.050592,-0.800066,-0.000180
cmd,3.855000,263.555000,0.460529,-1.049740,1.050626,-1.050592,-0.800066,-0.000180
cmd,3.860000,263.560000,0.461511,-1.049740,1.050626,-1.050592,-0.800066,-0.000180
cmd,3.865000,263.565000,0.462531,-1.049740,1.050626,-1.050592,-0.800066,-0.000180
cmd,3.870000,263.570000,0.463588,-1.049740,1.050626,-1.050592,-0.800066,-0.000180
cmd,3.875000,263.575000,0.464681,-1.049740,1.050626,-1.050592,-0.800066,-0.000180
cmd,3.880000,263.580000,0.465809,-1.049740,1.050626,-1.050592,-0.800066,-0.000180
cmd,3.885000,263.585000,0.466971,-1.049740,1.050626,-1.050592,-0.800066,-0.000180
cmd,3.890000,263.590000,0.468165,-1.049740,1.050626,-1.050592,-0.800066,-0.000180
cmd,3.895000,263.595000,0.469391,-1.049740,1.050626,-1.050592,-0.800066,-0.000180
cmd,3.900000,263.600000,0.470647,-1.049740,1.050626,-1.050592,-0.800066,-0.000180
cmd,3.905000,263.605000,0.471932,-1.049740,1.050626,-1.050592,-0.800066,-0.000180
cmd,3.910000,263.610000,0.473245,-1.049740,1.050626,-1.050592,-0.800066,-0.000180
cmd,3.915000,263.615000,0.474584,-1.049740,1.050626,-1.050592,-0.800066,-0.000180
cmd,3.920000,263.620000,0.475949,-1.049740,1.050626,-1.050592,-0.800066,-0.000180
cmd,3.925000,263.625000,0.477337,-1.049740,1.050626,-1.050592,-0.800066,-0.000180
cmd,3.930000,263.630000,0.478747,-1.049740,1.050626,-1.050592,-0.800066,-0.000180
cmd,3.935000,263.635000,0.480179,-1.049740,1.050626,-1.050592,-0.800066,-0.000180
cmd,3.940000,263.640000,0.481630,-1.049740,1.050626,-1.050592,-0.800066,-0.000180
cmd,3.945000,263.645000,0.483100,-1.049740,1.050626,-1.050592,-0.800066,-0.000180
cmd,3.950000,263.650000,0.484586,-1.049740,1.050626,-1.050592,-0.800066,-0.000180
cmd,3.955000,263.655000,0.486087,-1.049740,1.050626,-1.050592,-0.800066,-0.000180
cmd,3.960000,263.660000,0.487602,-1.049740,1.050626,-1.050592,-0.800066,-0.000180
cmd,3.965000,263.665000,0.489129,-1.049740,1.050626,-1.050592,-0.800066,-0.000180
cmd,3.970000,263.670000,0.490667,-1.049740,1.050626,-1.050592,-0.800066,-0.000180
cmd,3.975000,263.675000,0.492215,-1.049740,1.050626,-1.050592,-0.800066,-0.000180
cmd,3.980000,263.680000,0.493770,-1.049740,1.050626,-1.050592,-0.800066,-0.000180
cmd,3.985000,263.685000,0.495331,-1.049740,1.050626,-1.050592,-0.800066,-0.000180
cmd,3.990000,263.690000,0.496897,-1.049740,1.050626,-1.050592,-0.800066,-0.000180
cmd,3.995000,263.695000,0.498466,-1.049740,1.050626,-1.050592,-0.800066,-0.000180
cmd,4.000000,263.700000,0.500036,-1.049740,1.050626,-1.050592,-0.800066,-0.000180
cmd,4.005000,263.705000,0.501607,-1.049740,1.050626,-1.050592,-0.800066,-0.000180
cmd,4.010000,263.710000,0.503176,-1.049740,1.050626,-1.050592,-0.800066,-0.000180
cmd,4.015000,263.715000,0.504742,-1.049740,1.050626,-1.050592,-0.800066,-0.000180
cmd,4.020000,263.720000,0.506303,-1.049740,1.050626,-1.050592,-0.800066,-0.000180
cmd,4.025000,263.725000,0.507858,-1.049740,1.050626,-1.050592,-0.800066,-0.000180
cmd,4.030000,263.730000,0.509405,-1.049740,1.050626,-1.050592,-0.800066,-0.000180
cmd,4.035000,263.735000,0.510944,-1.049740,1.050626,-1.050592,-0.800066,-0.000180
cmd,4.040000,263.740000,0.512471,-1.049740,1.050626,-1.050592,-0.800066,-0.000180
cmd,4.045000,263.745000,0.513986,-1.049740,1.050626,-1.050592,-0.800066,-0.000180
cmd,4.050000,263.750000,0.515487,-1.049740,1.050626,-1.050592,-0.800066,-0.000180
cmd,4.055000,263.755000,0.516973,-1.049740,1.050626,-1.050592,-0.800066,-0.000180
cmd,4.060000,263.760000,0.518443,-1.049740,1.050626,-1.050592,-0.800066,-0.000180
cmd,4.065000,263.765000,0.519894,-1.049740,1.050626,-1.050592,-0.800066,-0.000180
cmd,4.070000,263.770000,0.521325,-1.049740,1.050626,-1.050592,-0.800066,-0.000180
cmd,4.075000,263.775000,0.522736,-1.049740,1.050626,-1.050592,-0.800066,-0.000180
cmd,4.080000,263.780000,0.524124,-1.049740,1.050626,-1.050592,-0.800066,-0.000180
cmd,4.085000,263.785000,0.525489,-1.049740,1.050626,-1.050592,-0.800066,-0.000180
cmd,4.090000,263.790000,0.526828,-1.049740,1.050626,-1.050592,-0.800066,-0.000180
cmd,4.095000,263.795000,0.528141,-1.049740,1.050626,-1.050592,-0.800066,-0.000180
cmd,4.100000,263.800000,0.529426,-1.049740,1.050626,-1.050592,-0.800066,-0.000180
cmd,4.105000,263.805000,0.530682,-1.049740,1.050626,-1.050592,-0.800066,-0.000180
cmd,4.110000,263.810000,0.531908,-1.049740,1.050626,-1.050592,-0.800066,-0.000180
cmd,4.115000,263.815000,0.533102,-1.049740,1.050626,-1.050592,-0.800066,-0.000180
cmd,4.120000,263.820000,0.534264,-1.049740,1.050626,-1.050592,-0.800066,-0.000180
cmd,4.125000,263.825000,0.535392,-1.049740,1.050626,-1.050592,-0.800066,-0.000180
cmd,4.130000,263.830000,0.536485,-1.049740,1.050626,-1.050592,-0.800066,-0.000180
cmd,4.135000,263.835000,0.537542,-1.049740,1.050626,-1.050592,-0.800066,-0.000180
cmd,4.140000,263.840000,0.538562,-1.049740,1.050626,-1.050592,-0.800066,-0.000180
cmd,4.145000,263.845000,0.539544,-1.049740,1.050626,-1.050592,-0.800066,-0.000180
cmd,4.150000,263.850000,0.540487,-1.049740,1.050626,-1.050592,-0.800066,-0.000180
cmd,4.155000,263.855000,0.541390,-1.049740,1.050626,-1.050592,-0.800066,-0.000180
cmd,4.160000,263.860000,0.542253,-1.049740,1.050626,-1.050592,-0.800066,-0.000180
cmd,4.165000,263.865000,0.543074,-1.049740,1.050626,-1.050592,-0.800066,-0.000180
cmd,4.170000,263.870000,0.543852,-1.049740,1.050626,-1.050592,-0.800066,-0.000180
cmd,4.175000,263.875000,0.544587,-1.049740,1.050626,-1.050592,-0.800066,-0.000180
cmd,4.180000,263.880000,0.545278,-1.049740,1.050626,-1.050592,-0.800066,-0.000180
cmd,4.185000,263.885000,0.545924,-1.049740,1.050626,-1.050592,-0.800066,-0.000180
cmd,4.190000,263.890000,0.546525,-1.049740,1.050626,-1.050592,-0.800066,-0.000180
cmd,4.195000,263.895000,0.547080,-1.049740,1.050626,-1.050592,-0.800066,-0.000180
cmd,4.200000,263.900000,0.547589,-1.049740,1.050626,-1.050592,-0.800066,-0.000180
cmd,4.205000,263.905000,0.548051,-1.049740,1.050626,-1.050592,-0.800066,-0.000180
cmd,4.210000,263.910000,0.548466,-1.049740,1.050626,-1.050592,-0.800066,-0.000180
cmd,4.215000,263.915000,0.548832,-1.049740,1.050626,-1.050592,-0.800066,-0.000180
cmd,4.220000,263.920000,0.549151,-1.049740,1.050626,-1.050592,-0.800066,-0.000180
cmd,4.225000,263.925000,0.549421,-1.049740,1.050626,-1.050592,-0.800066,-0.000180
cmd,4.230000,263.930000,0.549642,-1.049740,1.050626,-1.050592,-0.800066,-0.000180
cmd,4.235000,263.935000,0.549815,-1.049740,1.050626,-1.050592,-0.800066,-0.000180
cmd,4.240000,263.940000,0.549938,-1.049740,1.050626,-1.050592,-0.800066,-0.000180
cmd,4.245000,263.945000,0.550012,-1.049740,1.050626,-1.050592,-0.800066,-0.000180
cmd,4.250000,263.950000,0.550036,-1.049740,1.050626,-1.050592,-0.800066,-0.000180
cmd,4.255000,263.955000,0.550012,-1.049740,1.050626,-1.050592,-0.800066,-0.000180
cmd,4.260000,263.960000,0.549938,-1.049740,1.050626,-1.050592,-0.800066,-0.000180
cmd,4.265000,263.965000,0.549815,-1.049740,1.050626,-1.050592,-0.800066,-0.000180
cmd,4.270000,263.970000,0.549642,-1.049740,1.050626,-1.050592,-0.800066,-0.000180
cmd,4.275000,263.975000,0.549421,-1.049740,1.050626,-1.050592,-0.800066,-0.000180
cmd,4.280000,263.980000,0.549151,-1.049740,1.050626,-1.050592,-0.800066,-0.000180
cmd,4.285000,263.985000,0.548832,-1.049740,1.050626,-1.050592,-0.800066,-0.000180
cmd,4.290000,263.990000,0.548466,-1.049740,1.050626,-1.050592,-0.800066,-0.000180
cmd,4.295000,263.995000,0.548051,-1.049740,1.050626,-1.050592,-0.800066,-0.000180
cmd,4.300000,264.000000,0.547589,-1.049740,1.050626,-1.050592,-0.800066,-0.000180
cmd,4.305000,264.005000,0.547080,-1.049740,1.050626,-1.050592,-0.800066,-0.000180
cmd,4.310000,264.010000,0.546525,-1.049740,1.050626,-1.050592,-0.800066,-0.000180
cmd,4.315000,264.015000,0.545924,-1.049740,1.050626,-1.050592,-0.800066,-0.000180
cmd,4.320000,264.020000,0.545278,-1.049740,1.050626,-1.050592,-0.800066,-0.000180
cmd,4.325000,264.025000,0.544587,-1.049740,1.050626,-1.050592,-0.800066,-0.000180
cmd,4.330000,264.030000,0.543852,-1.049740,1.050626,-1.050592,-0.800066,-0.000180
cmd,4.335000,264.035000,0.543074,-1.049740,1.050626,-1.050592,-0.800066,-0.000180
cmd,4.340000,264.040000,0.542253,-1.049740,1.050626,-1.050592,-0.800066,-0.000180
cmd,4.345000,264.045000,0.541390,-1.049740,1.050626,-1.050592,-0.800066,-0.000180
cmd,4.350000,264.050000,0.540487,-1.049740,1.050626,-1.050592,-0.800066,-0.000180
cmd,4.355000,264.055000,0.539544,-1.049740,1.050626,-1.050592,-0.800066,-0.000180
cmd,4.360000,264.060000,0.538562,-1.049740,1.050626,-1.050592,-0.800066,-0.000180
cmd,4.365000,264.065000,0.537542,-1.049740,1.050626,-1.050592,-0.800066,-0.000180
cmd,4.370000,264.070000,0.536485,-1.049740,1.050626,-1.050592,-0.800066,-0.000180
cmd,4.375000,264.075000,0.535392,-1.049740,1.050626,-1.050592,-0.800066,-0.000180
cmd,4.380000,264.080000,0.534264,-1.049740,1.050626,-1.050592,-0.800066,-0.000180
cmd,4.385000,264.085000,0.533102,-1.049740,1.050626,-1.050592,-0.800066,-0.000180
cmd,4.390000,264.090000,0.531908,-1.049740,1.050626,-1.050592,-0.800066,-0.000180
cmd,4.395000,264.095000,0.530682,-1.049740,1.050626,-1.050592,-0.800066,-0.000180
cmd,4.400000,264.100000,0.529426,-1.049740,1.050626,-1.050592,-0.800066,-0.000180
cmd,4.405000,264.105000,0.528141,-1.049740,1.050626,-1.050592,-0.800066,-0.000180
cmd,4.410000,264.110000,0.526828,-1.049740,1.050626,-1.050592,-0.800066,-0.000180
cmd,4.415000,264.115000,0.525489,-1.049740,1.050626,-1.050592,-0.800066,-0.000180
cmd,4.420000,264.120000,0.524124,-1.049740,1.050626,-1.050592,-0.800066,-0.000180
cmd,4.425000,264.125000,0.522736,-1.049740,1.050626,-1.050592,-0.800066,-0.000180
cmd,4.430000,264.130000,0.521325,-1.049740,1.050626,-1.050592,-0.800066,-0.000180
cmd,4.435000,264.135000,0.519894,-1.049740,1.050626,-1.050592,-0.800066,-0.000180
cmd,4.440000,264.140000,0.518443,-1.049740,1.050626,-1.050592,-0.800066,-0.000180
cmd,4.445000,264.145000,0.516973,-1.049740,1.050626,-1.050592,-0.800066,-0.000180
cmd,4.450000,264.150000,0.515487,-1.049740,1.050626,-1.050592,-0.800066,-0.000180
cmd,4.455000,264.155000,0.513986,-1.049740,1.050626,-1.050592,-0.800066,-0.000180
cmd,4.460000,264.160000,0.512471,-1.049740,1.050626,-1.050592,-0.800066,-0.000180
cmd,4.465000,264.165000,0.510944,-1.049740,1.050626,-1.050592,-0.800066,-0.000180
cmd,4.470000,264.170000,0.509405,-1.049740,1.050626,-1.050592,-0.800066,-0.000180
cmd,4.475000,264.175000,0.507858,-1.049740,1.050626,-1.050592,-0.800066,-0.000180
cmd,4.480000,264.180000,0.506303,-1.049740,1.050626,-1.050592,-0.800066,-0.000180
cmd,4.485000,264.185000,0.504742,-1.049740,1.050626,-1.050592,-0.800066,-0.000180
cmd,4.490000,264.190000,0.503176,-1.049740,1.050626,-1.050592,-0.800066,-0.000180
cmd,4.495000,264.195000,0.501607,-1.049740,1.050626,-1.050592,-0.800066,-0.000180
cmd,4.500000,264.200000,0.500036,-1.049740,1.050626,-1.050592,-0.800066,-0.000180
cmd,4.505000,264.205000,0.498466,-1.049740,1.050626,-1.050592,-0.800066,-0.000180
cmd,4.510000,264.210000,0.496897,-1.049740,1.050626,-1.050592,-0.800066,-0.000180
cmd,4.515000,264.215000,0.495331,-1.049740,1.050626,-1.050592,-0.800066,-0.000180
cmd,4.520000,264.220000,0.493770,-1.049740,1.050626,-1.050592,-0.800066,-0.000180
cmd,4.525000,264.225000,0.492215,-1.049740,1.050626,-1.050592,-0.800066,-0.000180
cmd,4.530000,264.230000,0.490667,-1.049740,1.050626,-1.050592,-0.800066,-0.000180
cmd,4.535000,264.235000,0.489129,-1.049740,1.050626,-1.050592,-0.800066,-0.000180
cmd,4.540000,264.240000,0.487602,-1.049740,1.050626,-1.050592,-0.800066,-0.000180
cmd,4.545000,264.245000,0.486087,-1.049740,1.050626,-1.050592,-0.800066,-0.000180
cmd,4.550000,264.250000,0.484586,-1.049740,1.050626,-1.050592,-0.800066,-0.000180
cmd,4.555000,264.255000,0.483100,-1.049740,1.050626,-1.050592,-0.800066,-0.000180
cmd,4.560000,264.260000,0.481630,-1.049740,1.050626,-1.050592,-0.800066,-0.000180
cmd,4.565000,264.265000,0.480179,-1.049740,1.050626,-1.050592,-0.800066,-0.000180
cmd,4.570000,264.270000,0.478747,-1.049740,1.050626,-1.050592,-0.800066,-0.000180
cmd,4.575000,264.275000,0.477337,-1.049740,1.050626,-1.050592,-0.800066,-0.000180
cmd,4.580000,264.280000,0.475949,-1.049740,1.050626,-1.050592,-0.800066,-0.000180
cmd,4.585000,264.285000,0.474584,-1.049740,1.050626,-1.050592,-0.800066,-0.000180
cmd,4.590000,264.290000,0.473245,-1.049740,1.050626,-1.050592,-0.800066,-0.000180
cmd,4.595000,264.295000,0.471932,-1.049740,1.050626,-1.050592,-0.800066,-0.000180
cmd,4.600000,264.300000,0.470647,-1.049740,1.050626,-1.050592,-0.800066,-0.000180
cmd,4.605000,264.305000,0.469391,-1.049740,1.050626,-1.050592,-0.800066,-0.000180
cmd,4.610000,264.310000,0.468165,-1.049740,1.050626,-1.050592,-0.800066,-0.000180
cmd,4.615000,264.315000,0.466971,-1.049740,1.050626,-1.050592,-0.800066,-0.000180
cmd,4.620000,264.320000,0.465809,-1.049740,1.050626,-1.050592,-0.800066,-0.000180
cmd,4.625000,264.325000,0.464681,-1.049740,1.050626,-1.050592,-0.800066,-0.000180
cmd,4.630000,264.330000,0.463588,-1.049740,1.050626,-1.050592,-0.800066,-0.000180
cmd,4.635000,264.335000,0.462531,-1.049740,1.050626,-1.050592,-0.800066,-0.000180
cmd,4.640000,264.340000,0.461511,-1.049740,1.050626,-1.050592,-0.800066,-0.000180
cmd,4.645000,264.345000,0.460529,-1.049740,1.050626,-1.050592,-0.800066,-0.000180
cmd,4.650000,264.350000,0.459586,-1.049740,1.050626,-1.050592,-0.800066,-0.000180
cmd,4.655000,264.355000,0.458682,-1.049740,1.050626,-1.050592,-0.800066,-0.000180
cmd,4.660000,264.360000,0.457820,-1.049740,1.050626,-1.050592,-0.800066,-0.000180
cmd,4.665000,264.365000,0.456999,-1.049740,1.050626,-1.050592,-0.800066,-0.000180
cmd,4.670000,264.370000,0.456221,-1.049740,1.050626,-1.050592,-0.800066,-0.000180
cmd,4.675000,264.375000,0.455486,-1.049740,1.050626,-1.050592,-0.800066,-0.000180
cmd,4.680000,264.380000,0.454795,-1.049740,1.050626,-1.050592,-0.800066,-0.000180
cmd,4.685000,264.385000,0.454149,-1.049740,1.050626,-1.050592,-0.800066,-0.000180
cmd,4.690000,264.390000,0.453548,-1.049740,1.050626,-1.050592,-0.800066,-0.000180
cmd,4.695000,264.395000,0.452992,-1.049740,1.050626,-1.050592,-0.800066,-0.000180
cmd,4.700000,264.400000,0.452484,-1.049740,1.050626,-1.050592,-0.800066,-0.000180
cmd,4.705000,264.405000,0.452022,-1.049740,1.050626,-1.050592,-0.800066,-0.000180
cmd,4.710000,264.410000,0.451607,-1.049740,1.050626,-1.050592,-0.800066,-0.000180
cmd,4.715000,264.415000,0.451241,-1.049740,1.050626,-1.050592,-0.800066,-0.000180
cmd,4.720000,264.420000,0.450922,-1.049740,1.050626,-1.050592,-0.800066,-0.000180
cmd,4.725000,264.425000,0.450652,-1.049740,1.050626,-1.050592,-0.800066,-0.000180
cmd,4.730000,264.430000,0.450431,-1.049740,1.050626,-1.050592,-0.800066,-0.000180
cmd,4.735000,264.435000,0.450258,-1.049740,1.050626,-1.050592,-0.800066,-0.000180
cmd,4.740000,264.440000,0.450135,-1.049740,1.050626,-1.050592,-0.800066,-0.000180
cmd,4.745000,264.445000,0.450061,-1.049740,1.050626,-1.050592,-0.800066,-0.000180
cmd,4.750000,264.450000,0.450036,-1.049740,1.050626,-1.050592,-0.800066,-0.000180
cmd,4.755000,264.455000,0.450061,-1.049740,1.050626,-1.050592,-0.800066,-0.000180
cmd,4.760000,264.460000,0.450135,-1.049740,1.050626,-1.050592,-0.800066,-0.000180
cmd,4.765000,264.465000,0.450258,-1.049740,1.050626,-1.050592,-0.800066,-0.000180
cmd,4.770000,264.470000,0.450431,-1.049740,1.050626,-1.050592,-0.800066,-0.000180
cmd,4.775000,264.475000,0.450652,-1.049740,1.050626,-1.050592,-0.800066,-0.000180
cmd,4.780000,264.480000,0.450922,-1.049740,1.050626,-1.050592,-0.800066,-0.000180
cmd,4.785000,264.485000,0.451241,-1.049740,1.050626,-1.050592,-0.800066,-0.000180
cmd,4.790000,264.490000,0.451607,-1.049740,1.050626,-1.050592,-0.800066,-0.000180
cmd,4.795000,264.495000,0.452022,-1.049740,1.050626,-1.050592,-0.800066,-0.000180
cmd,4.800000,264.500000,0.452484,-1.049740,1.050626,-1.050592,-0.800066,-0.000180
cmd,4.805000,264.505000,0.452992,-1.049740,1.050626,-1.050592,-0.800066,-0.000180
cmd,4.810000,264.510000,0.453548,-1.049740,1.050626,-1.050592,-0.800066,-0.000180
cmd,4.815000,264.515000,0.454149,-1.049740,1.050626,-1.050592,-0.800066,-0.000180
cmd,4.820000,264.520000,0.454795,-1.049740,1.050626,-1.050592,-0.800066,-0.000180
cmd,4.825000,264.525000,0.455486,-1.049740,1.050626,-1.050592,-0.800066,-0.000180
cmd,4.830000,264.530000,0.456221,-1.049740,1.050626,-1.050592,-0.800066,-0.000180
cmd,4.835000,264.535000,0.456999,-1.049740,1.050626,-1.050592,-0.800066,-0.000180
cmd,4.840000,264.540000,0.457820,-1.049740,1.050626,-1.050592,-0.800066,-0.000180
cmd,4.845000,264.545000,0.458682,-1.049740,1.050626,-1.050592,-0.800066,-0.000180
cmd,4.850000,264.550000,0.459586,-1.049740,1.050626,-1.050592,-0.800066,-0.000180
cmd,4.855000,264.555000,0.460529,-1.049740,1.050626,-1.050592,-0.800066,-0.000180
cmd,4.860000,264.560000,0.461511,-1.049740,1.050626,-1.050592,-0.800066,-0.000180
cmd,4.865000,264.565000,0.462531,-1.049740,1.050626,-1.050592,-0.800066,-0.000180
cmd,4.870000,264.570000,0.463588,-1.049740,1.050626,-1.050592,-0.800066,-0.000180
cmd,4.875000,264.575000,0.464681,-1.049740,1.050626,-1.050592,-0.800066,-0.000180
cmd,4.880000,264.580000,0.465809,-1.049740,1.050626,-1.050592,-0.800066,-0.000180
cmd,4.885000,264.585000,0.466971,-1.049740,1.050626,-1.050592,-0.800066,-0.000180
cmd,4.890000,264.590000,0.468165,-1.049740,1.050626,-1.050592,-0.800066,-0.000180
cmd,4.895000,264.595000,0.469391,-1.049740,1.050626,-1.050592,-0.800066,-0.000180
cmd,4.900000,264.600000,0.470647,-1.049740,1.050626,-1.050592,-0.800066,-0.000180
cmd,4.905000,264.605000,0.471932,-1.049740,1.050626,-1.050592,-0.800066,-0.000180
cmd,4.910000,264.610000,0.473245,-1.049740,1.050626,-1.050592,-0.800066,-0.000180
cmd,4.915000,264.615000,0.474584,-1.049740,1.050626,-1.050592,-0.800066,-0.000180
cmd,4.920000,264.620000,0.475949,-1.049740,1.050626,-1.050592,-0.800066,-0.000180
cmd,4.925000,264.625000,0.477337,-1.049740,1.050626,-1.050592,-0.800066,-0.000180
cmd,4.930000,264.630000,0.478747,-1.049740,1.050626,-1.050592,-0.800066,-0.000180
cmd,4.935000,264.635000,0.480179,-1.049740,1.050626,-1.050592,-0.800066,-0.000180
cmd,4.940000,264.640000,0.481630,-1.049740,1.050626,-1.050592,-0.800066,-0.000180
cmd,4.945000,264.645000,0.483100,-1.049740,1.050626,-1.050592,-0.800066,-0.000180
cmd,4.950000,264.650000,0.484586,-1.049740,1.050626,-1.050592,-0.800066,-0.000180
cmd,4.955000,264.655000,0.486087,-1.049740,1.050626,-1.050592,-0.800066,-0.000180
cmd,4.960000,264.660000,0.487602,-1.049740,1.050626,-1.050592,-0.800066,-0.000180
cmd,4.965000,264.665000,0.489129,-1.049740,1.050626,-1.050592,-0.800066,-0.000180
cmd,4.970000,264.670000,0.490667,-1.049740,1.050626,-1.050592,-0.800066,-0.000180
cmd,4.975000,264.675000,0.492215,-1.049740,1.050626,-1.050592,-0.800066,-0.000180
cmd,4.980000,264.680000,0.493770,-1.049740,1.050626,-1.050592,-0.800066,-0.000180
cmd,4.985000,264.685000,0.495331,-1.049740,1.050626,-1.050592,-0.800066,-0.000180
cmd,4.990000,264.690000,0.496897,-1.049740,1.050626,-1.050592,-0.800066,-0.000180
cmd,4.995000,264.695000,0.498466,-1.049740,1.050626,-1.050592,-0.800066,-0.000180
cmd,5.000000,264.700000,0.500036,-1.049740,1.050626,-1.050592,-0.800066,-0.000180
cmd,5.005000,264.705000,0.501607,-1.049740,1.050626,-1.050592,-0.800066,-0.000180
cmd,5.010000,264.710000,0.503176,-1.049740,1.050626,-1.050592,-0.800066,-0.000180
cmd,5.015000,264.715000,0.504742,-1.049740,1.050626,-1.050592,-0.800066,-0.000180
cmd,5.020000,264.720000,0.506303,-1.049740,1.050626,-1.050592,-0.800066,-0.000180
cmd,5.025000,264.725000,0.507858,-1.049740,1.050626,-1.050592,-0.800066,-0.000180
cmd,5.030000,264.730000,0.509405,-1.049740,1.050626,-1.050592,-0.800066,-0.000180
cmd,5.035000,264.735000,0.510944,-1.049740,1.050626,-1.050592,-0.800066,-0.000180
cmd,5.040000,264.740000,0.512471,-1.049740,1.050626,-1.050592,-0.800066,-0.000180
cmd,5.045000,264.745000,0.513986,-1.049740,1.050626,-1.050592,-0.800066,-0.000180
cmd,5.050000,264.750000,0.515487,-1.049740,1.050626,-1.050592,-0.800066,-0.000180
cmd,5.055000,264.755000,0.516973,-1.049740,1.050626,-1.050592,-0.800066,-0.000180
cmd,5.060000,264.760000,0.518443,-1.049740,1.050626,-1.050592,-0.800066,-0.000180
cmd,5.065000,264.765000,0.519894,-1.049740,1.050626,-1.050592,-0.800066,-0.000180
cmd,5.070000,264.770000,0.521325,-1.049740,1.050626,-1.050592,-0.800066,-0.000180
cmd,5.075000,264.775000,0.522736,-1.049740,1.050626,-1.050592,-0.800066,-0.000180
cmd,5.080000,264.780000,0.524124,-1.049740,1.050626,-1.050592,-0.800066,-0.000180
cmd,5.085000,264.785000,0.525489,-1.049740,1.050626,-1.050592,-0.800066,-0.000180
cmd,5.090000,264.790000,0.526828,-1.049740,1.050626,-1.050592,-0.800066,-0.000180
cmd,5.095000,264.795000,0.528141,-1.049740,1.050626,-1.050592,-0.800066,-0.000180
cmd,5.100000,264.800000,0.529426,-1.049740,1.050626,-1.050592,-0.800066,-0.000180
cmd,5.105000,264.805000,0.530682,-1.049740,1.050626,-1.050592,-0.800066,-0.000180
cmd,5.110000,264.810000,0.531908,-1.049740,1.050626,-1.050592,-0.800066,-0.000180
cmd,5.115000,264.815000,0.533102,-1.049740,1.050626,-1.050592,-0.800066,-0.000180
cmd,5.120000,264.820000,0.534264,-1.049740,1.050626,-1.050592,-0.800066,-0.000180
cmd,5.125000,264.825000,0.535392,-1.049740,1.050626,-1.050592,-0.800066,-0.000180
cmd,5.130000,264.830000,0.536485,-1.049740,1.050626,-1.050592,-0.800066,-0.000180
cmd,5.135000,264.835000,0.537542,-1.049740,1.050626,-1.050592,-0.800066,-0.000180
cmd,5.140000,264.840000,0.538562,-1.049740,1.050626,-1.050592,-0.800066,-0.000180
cmd,5.145000,264.845000,0.539544,-1.049740,1.050626,-1.050592,-0.800066,-0.000180
cmd,5.150000,264.850000,0.540487,-1.049740,1.050626,-1.050592,-0.800066,-0.000180
cmd,5.155000,264.855000,0.541390,-1.049740,1.050626,-1.050592,-0.800066,-0.000180
cmd,5.160000,264.860000,0.542253,-1.049740,1.050626,-1.050592,-0.800066,-0.000180
cmd,5.165000,264.865000,0.543074,-1.049740,1.050626,-1.050592,-0.800066,-0.000180
cmd,5.170000,264.870000,0.543852,-1.049740,1.050626,-1.050592,-0.800066,-0.000180
cmd,5.175000,264.875000,0.544587,-1.049740,1.050626,-1.050592,-0.800066,-0.000180
cmd,5.180000,264.880000,0.545278,-1.049740,1.050626,-1.050592,-0.800066,-0.000180
cmd,5.185000,264.885000,0.545924,-1.049740,1.050626,-1.050592,-0.800066,-0.000180
cmd,5.190000,264.890000,0.546525,-1.049740,1.050626,-1.050592,-0.800066,-0.000180
cmd,5.195000,264.895000,0.547080,-1.049740,1.050626,-1.050592,-0.800066,-0.000180
cmd,5.200000,264.900000,0.547589,-1.049740,1.050626,-1.050592,-0.800066,-0.000180
cmd,5.205000,264.905000,0.548051,-1.049740,1.050626,-1.050592,-0.800066,-0.000180
cmd,5.210000,264.910000,0.548466,-1.049740,1.050626,-1.050592,-0.800066,-0.000180
cmd,5.215000,264.915000,0.548832,-1.049740,1.050626,-1.050592,-0.800066,-0.000180
cmd,5.220000,264.920000,0.549151,-1.049740,1.050626,-1.050592,-0.800066,-0.000180
cmd,5.225000,264.925000,0.549421,-1.049740,1.050626,-1.050592,-0.800066,-0.000180
cmd,5.230000,264.930000,0.549642,-1.049740,1.050626,-1.050592,-0.800066,-0.000180
cmd,5.235000,264.935000,0.549815,-1.049740,1.050626,-1.050592,-0.800066,-0.000180
cmd,5.240000,264.940000,0.549938,-1.049740,1.050626,-1.050592,-0.800066,-0.000180
cmd,5.245000,264.945000,0.550012,-1.049740,1.050626,-1.050592,-0.800066,-0.000180
cmd,5.250000,264.950000,0.550036,-1.049740,1.050626,-1.050592,-0.800066,-0.000180
cmd,5.255000,264.955000,0.550012,-1.049740,1.050626,-1.050592,-0.800066,-0.000180
cmd,5.260000,264.960000,0.549938,-1.049740,1.050626,-1.050592,-0.800066,-0.000180
cmd,5.265000,264.965000,0.549815,-1.049740,1.050626,-1.050592,-0.800066,-0.000180
cmd,5.270000,264.970000,0.549642,-1.049740,1.050626,-1.050592,-0.800066,-0.000180
cmd,5.275000,264.975000,0.549421,-1.049740,1.050626,-1.050592,-0.800066,-0.000180
cmd,5.280000,264.980000,0.549151,-1.049740,1.050626,-1.050592,-0.800066,-0.000180
cmd,5.285000,264.985000,0.548832,-1.049740,1.050626,-1.050592,-0.800066,-0.000180
cmd,5.290000,264.990000,0.548466,-1.049740,1.050626,-1.050592,-0.800066,-0.000180
cmd,5.295000,264.995000,0.548051,-1.049740,1.050626,-1.050592,-0.800066,-0.000180
cmd,5.300000,265.000000,0.547589,-1.049740,1.050626,-1.050592,-0.800066,-0.000180
cmd,5.305000,265.005000,0.547080,-1.049740,1.050626,-1.050592,-0.800066,-0.000180
cmd,5.310000,265.010000,0.546525,-1.049740,1.050626,-1.050592,-0.800066,-0.000180
cmd,5.315000,265.015000,0.545924,-1.049740,1.050626,-1.050592,-0.800066,-0.000180
cmd,5.320000,265.020000,0.545278,-1.049740,1.050626,-1.050592,-0.800066,-0.000180
cmd,5.325000,265.025000,0.544587,-1.049740,1.050626,-1.050592,-0.800066,-0.000180
cmd,5.330000,265.030000,0.543852,-1.049740,1.050626,-1.050592,-0.800066,-0.000180
cmd,5.335000,265.035000,0.543074,-1.049740,1.050626,-1.050592,-0.800066,-0.000180
cmd,5.340000,265.040000,0.542253,-1.049740,1.050626,-1.050592,-0.800066,-0.000180
cmd,5.345000,265.045000,0.541390,-1.049740,1.050626,-1.050592,-0.800066,-0.000180
cmd,5.350000,265.050000,0.540487,-1.049740,1.050626,-1.050592,-0.800066,-0.000180
cmd,5.355000,265.055000,0.539544,-1.049740,1.050626,-1.050592,-0.800066,-0.000180
cmd,5.360000,265.060000,0.538562,-1.049740,1.050626,-1.050592,-0.800066,-0.000180
cmd,5.365000,265.065000,0.537542,-1.049740,1.050626,-1.050592,-0.800066,-0.000180
cmd,5.370000,265.070000,0.536485,-1.049740,1.050626,-1.050592,-0.800066,-0.000180
cmd,5.375000,265.075000,0.535392,-1.049740,1.050626,-1.050592,-0.800066,-0.000180
cmd,5.380000,265.080000,0.534264,-1.049740,1.050626,-1.050592,-0.800066,-0.000180
cmd,5.385000,265.085000,0.533102,-1.049740,1.050626,-1.050592,-0.800066,-0.000180
cmd,5.390000,265.090000,0.531908,-1.049740,1.050626,-1.050592,-0.800066,-0.000180
cmd,5.395000,265.095000,0.530682,-1.049740,1.050626,-1.050592,-0.800066,-0.000180
cmd,5.400000,265.100000,0.529426,-1.049740,1.050626,-1.050592,-0.800066,-0.000180
cmd,5.405000,265.105000,0.528141,-1.049740,1.050626,-1.050592,-0.800066,-0.000180
cmd,5.410000,265.110000,0.526828,-1.049740,1.050626,-1.050592,-0.800066,-0.000180
cmd,5.415000,265.115000,0.525489,-1.049740,1.050626,-1.050592,-0.800066,-0.000180
cmd,5.420000,265.120000,0.524124,-1.049740,1.050626,-1.050592,-0.800066,-0.000180
cmd,5.425000,265.125000,0.522736,-1.049740,1.050626,-1.050592,-0.800066,-0.000180
cmd,5.430000,265.130000,0.521325,-1.049740,1.050626,-1.050592,-0.800066,-0.000180
cmd,5.435000,265.135000,0.519894,-1.049740,1.050626,-1.050592,-0.800066,-0.000180
cmd,5.440000,265.140000,0.518443,-1.049740,1.050626,-1.050592,-0.800066,-0.000180
cmd,5.445000,265.145000,0.516973,-1.049740,1.050626,-1.050592,-0.800066,-0.000180
cmd,5.450000,265.150000,0.515487,-1.049740,1.050626,-1.050592,-0.800066,-0.000180
cmd,5.455000,265.155000,0.513986,-1.049740,1.050626,-1.050592,-0.800066,-0.000180
cmd,5.460000,265.160000,0.512471,-1.049740,1.050626,-1.050592,-0.800066,-0.000180
cmd,5.465000,265.165000,0.510944,-1.049740,1.050626,-1.050592,-0.800066,-0.000180
cmd,5.470000,265.170000,0.509405,-1.049740,1.050626,-1.050592,-0.800066,-0.000180
cmd,5.475000,265.175000,0.507858,-1.049740,1.050626,-1.050592,-0.800066,-0.000180
cmd,5.480000,265.180000,0.506303,-1.049740,1.050626,-1.050592,-0.800066,-0.000180
cmd,5.485000,265.185000,0.504742,-1.049740,1.050626,-1.050592,-0.800066,-0.000180
cmd,5.490000,265.190000,0.503176,-1.049740,1.050626,-1.050592,-0.800066,-0.000180
cmd,5.495000,265.195000,0.501607,-1.049740,1.050626,-1.050592,-0.800066,-0.000180
cmd,5.500000,265.200000,0.500036,-1.049740,1.050626,-1.050592,-0.800066,-0.000180
cmd,5.505000,265.205000,0.498466,-1.049740,1.050626,-1.050592,-0.800066,-0.000180
cmd,5.510000,265.210000,0.496897,-1.049740,1.050626,-1.050592,-0.800066,-0.000180
cmd,5.515000,265.215000,0.495331,-1.049740,1.050626,-1.050592,-0.800066,-0.000180
cmd,5.520000,265.220000,0.493770,-1.049740,1.050626,-1.050592,-0.800066,-0.000180
cmd,5.525000,265.225000,0.492215,-1.049740,1.050626,-1.050592,-0.800066,-0.000180
cmd,5.530000,265.230000,0.490667,-1.049740,1.050626,-1.050592,-0.800066,-0.000180
cmd,5.535000,265.235000,0.489129,-1.049740,1.050626,-1.050592,-0.800066,-0.000180
cmd,5.540000,265.240000,0.487602,-1.049740,1.050626,-1.050592,-0.800066,-0.000180
cmd,5.545000,265.245000,0.486087,-1.049740,1.050626,-1.050592,-0.800066,-0.000180
cmd,5.550000,265.250000,0.484586,-1.049740,1.050626,-1.050592,-0.800066,-0.000180
cmd,5.555000,265.255000,0.483100,-1.049740,1.050626,-1.050592,-0.800066,-0.000180
cmd,5.560000,265.260000,0.481630,-1.049740,1.050626,-1.050592,-0.800066,-0.000180
cmd,5.565000,265.265000,0.480179,-1.049740,1.050626,-1.050592,-0.800066,-0.000180
cmd,5.570000,265.270000,0.478747,-1.049740,1.050626,-1.050592,-0.800066,-0.000180
cmd,5.575000,265.275000,0.477337,-1.049740,1.050626,-1.050592,-0.800066,-0.000180
cmd,5.580000,265.280000,0.475949,-1.049740,1.050626,-1.050592,-0.800066,-0.000180
cmd,5.585000,265.285000,0.474584,-1.049740,1.050626,-1.050592,-0.800066,-0.000180
cmd,5.590000,265.290000,0.473245,-1.049740,1.050626,-1.050592,-0.800066,-0.000180
cmd,5.595000,265.295000,0.471932,-1.049740,1.050626,-1.050592,-0.800066,-0.000180
cmd,5.600000,265.300000,0.470647,-1.049740,1.050626,-1.050592,-0.800066,-0.000180
cmd,5.605000,265.305000,0.469391,-1.049740,1.050626,-1.050592,-0.800066,-0.000180
cmd,5.610000,265.310000,0.468165,-1.049740,1.050626,-1.050592,-0.800066,-0.000180
cmd,5.615000,265.315000,0.466971,-1.049740,1.050626,-1.050592,-0.800066,-0.000180
cmd,5.620000,265.320000,0.465809,-1.049740,1.050626,-1.050592,-0.800066,-0.000180
cmd,5.625000,265.325000,0.464681,-1.049740,1.050626,-1.050592,-0.800066,-0.000180
cmd,5.630000,265.330000,0.463588,-1.049740,1.050626,-1.050592,-0.800066,-0.000180
cmd,5.635000,265.335000,0.462531,-1.049740,1.050626,-1.050592,-0.800066,-0.000180
cmd,5.640000,265.340000,0.461511,-1.049740,1.050626,-1.050592,-0.800066,-0.000180
cmd,5.645000,265.345000,0.460529,-1.049740,1.050626,-1.050592,-0.800066,-0.000180
cmd,5.650000,265.350000,0.459586,-1.049740,1.050626,-1.050592,-0.800066,-0.000180
cmd,5.655000,265.355000,0.458682,-1.049740,1.050626,-1.050592,-0.800066,-0.000180
cmd,5.660000,265.360000,0.457820,-1.049740,1.050626,-1.050592,-0.800066,-0.000180
cmd,5.665000,265.365000,0.456999,-1.049740,1.050626,-1.050592,-0.800066,-0.000180
cmd,5.670000,265.370000,0.456221,-1.049740,1.050626,-1.050592,-0.800066,-0.000180
cmd,5.675000,265.375000,0.455486,-1.049740,1.050626,-1.050592,-0.800066,-0.000180
cmd,5.680000,265.380000,0.454795,-1.049740,1.050626,-1.050592,-0.800066,-0.000180
cmd,5.685000,265.385000,0.454149,-1.049740,1.050626,-1.050592,-0.800066,-0.000180
cmd,5.690000,265.390000,0.453548,-1.049740,1.050626,-1.050592,-0.800066,-0.000180
cmd,5.695000,265.395000,0.452992,-1.049740,1.050626,-1.050592,-0.800066,-0.000180
cmd,5.700000,265.400000,0.452484,-1.049740,1.050626,-1.050592,-0.800066,-0.000180
cmd,5.705000,265.405000,0.452022,-1.049740,1.050626,-1.050592,-0.800066,-0.000180
cmd,5.710000,265.410000,0.451607,-1.049740,1.050626,-1.050592,-0.800066,-0.000180
cmd,5.715000,265.415000,0.451241,-1.049740,1.050626,-1.050592,-0.800066,-0.000180
cmd,5.720000,265.420000,0.450922,-1.049740,1.050626,-1.050592,-0.800066,-0.000180
cmd,5.725000,265.425000,0.450652,-1.049740,1.050626,-1.050592,-0.800066,-0.000180
cmd,5.730000,265.430000,0.450431,-1.049740,1.050626,-1.050592,-0.800066,-0.000180
cmd,5.735000,265.435000,0.450258,-1.049740,1.050626,-1.050592,-0.800066,-0.000180
cmd,5.740000,265.440000,0.450135,-1.049740,1.050626,-1.050592,-0.800066,-0.000180
cmd,5.745000,265.445000,0.450061,-1.049740,1.050626,-1.050592,-0.800066,-0.000180
cmd,5.750000,265.450000,0.450036,-1.049740,1.050626,-1.050592,-0.800066,-0.000180
cmd,5.755000,265.455000,0.450061,-1.049740,1.050626,-1.050592,-0.800066,-0.000180
cmd,5.760000,265.460000,0.450135,-1.049740,1.050626,-1.050592,-0.800066,-0.000180
cmd,5.765000,265.465000,0.450258,-1.049740,1.050626,-1.050592,-0.800066,-0.000180
cmd,5.770000,265.470000,0.450431,-1.049740,1.050626,-1.050592,-0.800066,-0.000180
cmd,5.775000,265.475000,0.450652,-1.049740,1.050626,-1.050592,-0.800066,-0.000180
cmd,5.780000,265.480000,0.450922,-1.049740,1.050626,-1.050592,-0.800066,-0.000180
cmd,5.785000,265.485000,0.451241,-1.049740,1.050626,-1.050592,-0.800066,-0.000180
cmd,5.790000,265.490000,0.451607,-1.049740,1.050626,-1.050592,-0.800066,-0.000180
cmd,5.795000,265.495000,0.452022,-1.049740,1.050626,-1.050592,-0.800066,-0.000180
cmd,5.800000,265.500000,0.452484,-1.049740,1.050626,-1.050592,-0.800066,-0.000180
cmd,5.805000,265.505000,0.452992,-1.049740,1.050626,-1.050592,-0.800066,-0.000180
cmd,5.810000,265.510000,0.453548,-1.049740,1.050626,-1.050592,-0.800066,-0.000180
cmd,5.815000,265.515000,0.454149,-1.049740,1.050626,-1.050592,-0.800066,-0.000180
cmd,5.820000,265.520000,0.454795,-1.049740,1.050626,-1.050592,-0.800066,-0.000180
cmd,5.825000,265.525000,0.455486,-1.049740,1.050626,-1.050592,-0.800066,-0.000180
cmd,5.830000,265.530000,0.456221,-1.049740,1.050626,-1.050592,-0.800066,-0.000180
cmd,5.835000,265.535000,0.456999,-1.049740,1.050626,-1.050592,-0.800066,-0.000180
cmd,5.840000,265.540000,0.457820,-1.049740,1.050626,-1.050592,-0.800066,-0.000180
cmd,5.845000,265.545000,0.458682,-1.049740,1.050626,-1.050592,-0.800066,-0.000180
cmd,5.850000,265.550000,0.459586,-1.049740,1.050626,-1.050592,-0.800066,-0.000180
cmd,5.855000,265.555000,0.460529,-1.049740,1.050626,-1.050592,-0.800066,-0.000180
cmd,5.860000,265.560000,0.461511,-1.049740,1.050626,-1.050592,-0.800066,-0.000180
cmd,5.865000,265.565000,0.462531,-1.049740,1.050626,-1.050592,-0.800066,-0.000180
cmd,5.870000,265.570000,0.463588,-1.049740,1.050626,-1.050592,-0.800066,-0.000180
cmd,5.875000,265.575000,0.464681,-1.049740,1.050626,-1.050592,-0.800066,-0.000180
cmd,5.880000,265.580000,0.465809,-1.049740,1.050626,-1.050592,-0.800066,-0.000180
cmd,5.885000,265.585000,0.466971,-1.049740,1.050626,-1.050592,-0.800066,-0.000180
cmd,5.890000,265.590000,0.468165,-1.049740,1.050626,-1.050592,-0.800066,-0.000180
cmd,5.895000,265.595000,0.469391,-1.049740,1.050626,-1.050592,-0.800066,-0.000180
cmd,5.900000,265.600000,0.470647,-1.049740,1.050626,-1.050592,-0.800066,-0.000180
cmd,5.905000,265.605000,0.471932,-1.049740,1.050626,-1.050592,-0.800066,-0.000180
cmd,5.910000,265.610000,0.473245,-1.049740,1.050626,-1.050592,-0.800066,-0.000180
cmd,5.915000,265.615000,0.474584,-1.049740,1.050626,-1.050592,-0.800066,-0.000180
cmd,5.920000,265.620000,0.475949,-1.049740,1.050626,-1.050592,-0.800066,-0.000180
cmd,5.925000,265.625000,0.477337,-1.049740,1.050626,-1.050592,-0.800066,-0.000180
cmd,5.930000,265.630000,0.478747,-1.049740,1.050626,-1.050592,-0.800066,-0.000180
cmd,5.935000,265.635000,0.480179,-1.049740,1.050626,-1.050592,-0.800066,-0.000180
cmd,5.940000,265.640000,0.481630,-1.049740,1.050626,-1.050592,-0.800066,-0.000180
cmd,5.945000,265.645000,0.483100,-1.049740,1.050626,-1.050592,-0.800066,-0.000180
cmd,5.950000,265.650000,0.484586,-1.049740,1.050626,-1.050592,-0.800066,-0.000180
cmd,5.955000,265.655000,0.486087,-1.049740,1.050626,-1.050592,-0.800066,-0.000180
cmd,5.960000,265.660000,0.487602,-1.049740,1.050626,-1.050592,-0.800066,-0.000180
cmd,5.965000,265.665000,0.489129,-1.049740,1.050626,-1.050592,-0.800066,-0.000180
cmd,5.970000,265.670000,0.490667,-1.049740,1.050626,-1.050592,-0.800066,-0.000180
cmd,5.975000,265.675000,0.492215,-1.049740,1.050626,-1.050592,-0.800066,-0.000180
cmd,5.980000,265.680000,0.493770,-1.049740,1.050626,-1.050592,-0.800066,-0.000180
cmd,5.985000,265.685000,0.495331,-1.049740,1.050626,-1.050592,-0.800066,-0.000180
cmd,5.990000,265.690000,0.496897,-1.049740,1.050626,-1.050592,-0.800066,-0.000180
cmd,5.995000,265.695000,0.498466,-1.049740,1.050626,-1.050592,-0.800066,-0.000180
cmd,6.000000,265.700000,0.500036,-1.049740,1.050626,-1.050592,-0.800066,-0.000180
cmd,6.005000,265.705000,0.501607,-1.049740,1.050626,-1.050592,-0.800066,-0.000180
cmd,6.010000,265.710000,0.503176,-1.049740,1.050626,-1.050592,-0.800066,-0.000180
cmd,6.015000,265.715000,0.504742,-1.049740,1.050626,-1.050592,-0.800066,-0.000180
cmd,6.020000,265.720000,0.506303,-1.049740,1.050626,-1.050592,-0.800066,-0.000180
cmd,6.025000,265.725000,0.507858,-1.049740,1.050626,-1.050592,-0.800066,-0.000180
cmd,6.030000,265.730000,0.509405,-1.049740,1.050626,-1.050592,-0.800066,-0.000180
cmd,6.035000,265.735000,0.510944,-1.049740,1.050626,-1.050592,-0.800066,-0.000180
cmd,6.040000,265.740000,0.512471,-1.049740,1.050626,-1.050592,-0.800066,-0.000180
cmd,6.045000,265.745000,0.513986,-1.049740,1.050626,-1.050592,-0.800066,-0.000180
cmd,6.050000,265.750000,0.515487,-1.049740,1.050626,-1.050592,-0.800066,-0.000180
cmd,6.055000,265.755000,0.516973,-1.049740,1.050626,-1.050592,-0.800066,-0.000180
cmd,6.060000,265.760000,0.518443,-1.049740,1.050626,-1.050592,-0.800066,-0.000180
cmd,6.065000,265.765000,0.519894,-1.049740,1.050626,-1.050592,-0.800066,-0.000180
cmd,6.070000,265.770000,0.521325,-1.049740,1.050626,-1.050592,-0.800066,-0.000180
cmd,6.075000,265.775000,0.522736,-1.049740,1.050626,-1.050592,-0.800066,-0.000180
cmd,6.080000,265.780000,0.524124,-1.049740,1.050626,-1.050592,-0.800066,-0.000180
cmd,6.085000,265.785000,0.525489,-1.049740,1.050626,-1.050592,-0.800066,-0.000180
cmd,6.090000,265.790000,0.526828,-1.049740,1.050626,-1.050592,-0.800066,-0.000180
cmd,6.095000,265.795000,0.528141,-1.049740,1.050626,-1.050592,-0.800066,-0.000180
cmd,6.100000,265.800000,0.529426,-1.049740,1.050626,-1.050592,-0.800066,-0.000180
cmd,6.105000,265.805000,0.530682,-1.049740,1.050626,-1.050592,-0.800066,-0.000180
cmd,6.110000,265.810000,0.531908,-1.049740,1.050626,-1.050592,-0.800066,-0.000180
cmd,6.115000,265.815000,0.533102,-1.049740,1.050626,-1.050592,-0.800066,-0.000180
cmd,6.120000,265.820000,0.534264,-1.049740,1.050626,-1.050592,-0.800066,-0.000180
cmd,6.125000,265.825000,0.535392,-1.049740,1.050626,-1.050592,-0.800066,-0.000180
cmd,6.130000,265.830000,0.536485,-1.049740,1.050626,-1.050592,-0.800066,-0.000180
cmd,6.135000,265.835000,0.537542,-1.049740,1.050626,-1.050592,-0.800066,-0.000180
cmd,6.140000,265.840000,0.538562,-1.049740,1.050626,-1.050592,-0.800066,-0.000180
cmd,6.145000,265.845000,0.539544,-1.049740,1.050626,-1.050592,-0.800066,-0.000180
cmd,6.150000,265.850000,0.540487,-1.049740,1.050626,-1.050592,-0.800066,-0.000180
cmd,6.155000,265.855000,0.541390,-1.049740,1.050626,-1.050592,-0.800066,-0.000180
cmd,6.160000,265.860000,0.542253,-1.049740,1.050626,-1.050592,-0.800066,-0.000180
cmd,6.165000,265.865000,0.543074,-1.049740,1.050626,-1.050592,-0.800066,-0.000180
cmd,6.170000,265.870000,0.543852,-1.049740,1.050626,-1.050592,-0.800066,-0.000180
cmd,6.175000,265.875000,0.544587,-1.049740,1.050626,-1.050592,-0.800066,-0.000180
cmd,6.180000,265.880000,0.545278,-1.049740,1.050626,-1.050592,-0.800066,-0.000180
cmd,6.185000,265.885000,0.545924,-1.049740,1.050626,-1.050592,-0.800066,-0.000180
cmd,6.190000,265.890000,0.546525,-1.049740,1.050626,-1.050592,-0.800066,-0.000180
cmd,6.195000,265.895000,0.547080,-1.049740,1.050626,-1.050592,-0.800066,-0.000180
cmd,6.200000,265.900000,0.547589,-1.049740,1.050626,-1.050592,-0.800066,-0.000180
cmd,6.205000,265.905000,0.548051,-1.049740,1.050626,-1.050592,-0.800066,-0.000180
cmd,6.210000,265.910000,0.548466,-1.049740,1.050626,-1.050592,-0.800066,-0.000180
cmd,6.215000,265.915000,0.548832,-1.049740,1.050626,-1.050592,-0.800066,-0.000180
cmd,6.220000,265.920000,0.549151,-1.049740,1.050626,-1.050592,-0.800066,-0.000180
cmd,6.225000,265.925000,0.549421,-1.049740,1.050626,-1.050592,-0.800066,-0.000180
cmd,6.230000,265.930000,0.549642,-1.049740,1.050626,-1.050592,-0.800066,-0.000180
cmd,6.235000,265.935000,0.549815,-1.049740,1.050626,-1.050592,-0.800066,-0.000180
cmd,6.240000,265.940000,0.549938,-1.049740,1.050626,-1.050592,-0.800066,-0.000180
cmd,6.245000,265.945000,0.550012,-1.049740,1.050626,-1.050592,-0.800066,-0.000180
cmd,6.250000,265.950000,0.550036,-1.049740,1.050626,-1.050592,-0.800066,-0.000180
cmd,6.255000,265.955000,0.550012,-1.049740,1.050626,-1.050592,-0.800066,-0.000180
cmd,6.260000,265.960000,0.549938,-1.049740,1.050626,-1.050592,-0.800066,-0.000180
cmd,6.265000,265.965000,0.549815,-1.049740,1.050626,-1.050592,-0.800066,-0.000180
cmd,6.270000,265.970000,0.549642,-1.049740,1.050626,-1.050592,-0.800066,-0.000180
cmd,6.275000,265.975000,0.549421,-1.049740,1.050626,-1.050592,-0.800066,-0.000180
cmd,6.280000,265.980000,0.549151,-1.049740,1.050626,-1.050592,-0.800066,-0.000180
cmd,6.285000,265.985000,0.548832,-1.049740,1.050626,-1.050592,-0.800066,-0.000180
cmd,6.290000,265.990000,0.548466,-1.049740,1.050626,-1.050592,-0.800066,-0.000180
cmd,6.295000,265.995000,0.548051,-1.049740,1.050626,-1.050592,-0.800066,-0.000180
cmd,6.300000,266.000000,0.547589,-1.049740,1.050626,-1.050592,-0.800066,-0.000180
cmd,6.305000,266.005000,0.547080,-1.049740,1.050626,-1.050592,-0.800066,-0.000180
cmd,6.310000,266.010000,0.546525,-1.049740,1.050626,-1.050592,-0.800066,-0.000180
cmd,6.315000,266.015000,0.545924,-1.049740,1.050626,-1.050592,-0.800066,-0.000180
cmd,6.320000,266.020000,0.545278,-1.049740,1.050626,-1.050592,-0.800066,-0.000180
cmd,6.325000,266.025000,0.544587,-1.049740,1.050626,-1.050592,-0.800066,-0.000180
cmd,6.330000,266.030000,0.543852,-1.049740,1.050626,-1.050592,-0.800066,-0.000180
cmd,6.335000,266.035000,0.543074,-1.049740,1.050626,-1.050592,-0.800066,-0.000180
cmd,6.340000,266.040000,0.542253,-1.049740,1.050626,-1.050592,-0.800066,-0.000180
cmd,6.345000,266.045000,0.541390,-1.049740,1.050626,-1.050592,-0.800066,-0.000180
cmd,6.350000,266.050000,0.540487,-1.049740,1.050626,-1.050592,-0.800066,-0.000180
cmd,6.355000,266.055000,0.539544,-1.049740,1.050626,-1.050592,-0.800066,-0.000180
cmd,6.360000,266.060000,0.538562,-1.049740,1.050626,-1.050592,-0.800066,-0.000180
cmd,6.365000,266.065000,0.537542,-1.049740,1.050626,-1.050592,-0.800066,-0.000180
cmd,6.370000,266.070000,0.536485,-1.049740,1.050626,-1.050592,-0.800066,-0.000180
cmd,6.375000,266.075000,0.535392,-1.049740,1.050626,-1.050592,-0.800066,-0.000180
cmd,6.380000,266.080000,0.534264,-1.049740,1.050626,-1.050592,-0.800066,-0.000180
cmd,6.385000,266.085000,0.533102,-1.049740,1.050626,-1.050592,-0.800066,-0.000180
cmd,6.390000,266.090000,0.531908,-1.049740,1.050626,-1.050592,-0.800066,-0.000180
cmd,6.395000,266.095000,0.530682,-1.049740,1.050626,-1.050592,-0.800066,-0.000180
cmd,6.400000,266.100000,0.529426,-1.049740,1.050626,-1.050592,-0.800066,-0.000180
cmd,6.405000,266.105000,0.528141,-1.049740,1.050626,-1.050592,-0.800066,-0.000180
cmd,6.410000,266.110000,0.526828,-1.049740,1.050626,-1.050592,-0.800066,-0.000180
cmd,6.415000,266.115000,0.525489,-1.049740,1.050626,-1.050592,-0.800066,-0.000180
cmd,6.420000,266.120000,0.524124,-1.049740,1.050626,-1.050592,-0.800066,-0.000180
cmd,6.425000,266.125000,0.522736,-1.049740,1.050626,-1.050592,-0.800066,-0.000180
cmd,6.430000,266.130000,0.521325,-1.049740,1.050626,-1.050592,-0.800066,-0.000180
cmd,6.435000,266.135000,0.519894,-1.049740,1.050626,-1.050592,-0.800066,-0.000180
cmd,6.440000,266.140000,0.518443,-1.049740,1.050626,-1.050592,-0.800066,-0.000180
cmd,6.445000,266.145000,0.516973,-1.049740,1.050626,-1.050592,-0.800066,-0.000180
cmd,6.450000,266.150000,0.515487,-1.049740,1.050626,-1.050592,-0.800066,-0.000180
cmd,6.455000,266.155000,0.513986,-1.049740,1.050626,-1.050592,-0.800066,-0.000180
cmd,6.460000,266.160000,0.512471,-1.049740,1.050626,-1.050592,-0.800066,-0.000180
cmd,6.465000,266.165000,0.510944,-1.049740,1.050626,-1.050592,-0.800066,-0.000180
cmd,6.470000,266.170000,0.509405,-1.049740,1.050626,-1.050592,-0.800066,-0.000180
cmd,6.475000,266.175000,0.507858,-1.049740,1.050626,-1.050592,-0.800066,-0.000180
cmd,6.480000,266.180000,0.506303,-1.049740,1.050626,-1.050592,-0.800066,-0.000180
cmd,6.485000,266.185000,0.504742,-1.049740,1.050626,-1.050592,-0.800066,-0.000180
cmd,6.490000,266.190000,0.503176,-1.049740,1.050626,-1.050592,-0.800066,-0.000180
cmd,6.495000,266.195000,0.501607,-1.049740,1.050626,-1.050592,-0.800066,-0.000180
cmd,6.500000,266.200000,0.500036,-1.049740,1.050626,-1.050592,-0.800066,-0.000180
cmd,6.505000,266.205000,0.498466,-1.049740,1.050626,-1.050592,-0.800066,-0.000180
cmd,6.510000,266.210000,0.496897,-1.049740,1.050626,-1.050592,-0.800066,-0.000180
cmd,6.515000,266.215000,0.495331,-1.049740,1.050626,-1.050592,-0.800066,-0.000180
cmd,6.520000,266.220000,0.493770,-1.049740,1.050626,-1.050592,-0.800066,-0.000180
cmd,6.525000,266.225000,0.492215,-1.049740,1.050626,-1.050592,-0.800066,-0.000180
cmd,6.530000,266.230000,0.490667,-1.049740,1.050626,-1.050592,-0.800066,-0.000180
cmd,6.535000,266.235000,0.489129,-1.049740,1.050626,-1.050592,-0.800066,-0.000180
cmd,6.540000,266.240000,0.487602,-1.049740,1.050626,-1.050592,-0.800066,-0.000180
cmd,6.545000,266.245000,0.486087,-1.049740,1.050626,-1.050592,-0.800066,-0.000180
cmd,6.550000,266.250000,0.484586,-1.049740,1.050626,-1.050592,-0.800066,-0.000180
cmd,6.555000,266.255000,0.483100,-1.049740,1.050626,-1.050592,-0.800066,-0.000180
cmd,6.560000,266.260000,0.481630,-1.049740,1.050626,-1.050592,-0.800066,-0.000180
cmd,6.565000,266.265000,0.480179,-1.049740,1.050626,-1.050592,-0.800066,-0.000180
cmd,6.570000,266.270000,0.478747,-1.049740,1.050626,-1.050592,-0.800066,-0.000180
cmd,6.575000,266.275000,0.477337,-1.049740,1.050626,-1.050592,-0.800066,-0.000180
cmd,6.580000,266.280000,0.475949,-1.049740,1.050626,-1.050592,-0.800066,-0.000180
cmd,6.585000,266.285000,0.474584,-1.049740,1.050626,-1.050592,-0.800066,-0.000180
cmd,6.590000,266.290000,0.473245,-1.049740,1.050626,-1.050592,-0.800066,-0.000180
cmd,6.595000,266.295000,0.471932,-1.049740,1.050626,-1.050592,-0.800066,-0.000180
cmd,6.600000,266.300000,0.470647,-1.049740,1.050626,-1.050592,-0.800066,-0.000180
cmd,6.605000,266.305000,0.469391,-1.049740,1.050626,-1.050592,-0.800066,-0.000180
cmd,6.610000,266.310000,0.468165,-1.049740,1.050626,-1.050592,-0.800066,-0.000180
cmd,6.615000,266.315000,0.466971,-1.049740,1.050626,-1.050592,-0.800066,-0.000180
cmd,6.620000,266.320000,0.465809,-1.049740,1.050626,-1.050592,-0.800066,-0.000180
cmd,6.625000,266.325000,0.464681,-1.049740,1.050626,-1.050592,-0.800066,-0.000180
cmd,6.630000,266.330000,0.463588,-1.049740,1.050626,-1.050592,-0.800066,-0.000180
cmd,6.635000,266.335000,0.462531,-1.049740,1.050626,-1.050592,-0.800066,-0.000180
cmd,6.640000,266.340000,0.461511,-1.049740,1.050626,-1.050592,-0.800066,-0.000180
cmd,6.645000,266.345000,0.460529,-1.049740,1.050626,-1.050592,-0.800066,-0.000180
cmd,6.650000,266.350000,0.459586,-1.049740,1.050626,-1.050592,-0.800066,-0.000180
cmd,6.655000,266.355000,0.458682,-1.049740,1.050626,-1.050592,-0.800066,-0.000180
cmd,6.660000,266.360000,0.457820,-1.049740,1.050626,-1.050592,-0.800066,-0.000180
cmd,6.665000,266.365000,0.456999,-1.049740,1.050626,-1.050592,-0.800066,-0.000180
cmd,6.670000,266.370000,0.456221,-1.049740,1.050626,-1.050592,-0.800066,-0.000180
cmd,6.675000,266.375000,0.455486,-1.049740,1.050626,-1.050592,-0.800066,-0.000180
cmd,6.680000,266.380000,0.454795,-1.049740,1.050626,-1.050592,-0.800066,-0.000180
cmd,6.685000,266.385000,0.454149,-1.049740,1.050626,-1.050592,-0.800066,-0.000180
cmd,6.690000,266.390000,0.453548,-1.049740,1.050626,-1.050592,-0.800066,-0.000180
cmd,6.695000,266.395000,0.452992,-1.049740,1.050626,-1.050592,-0.800066,-0.000180
cmd,6.700000,266.400000,0.452484,-1.049740,1.050626,-1.050592,-0.800066,-0.000180
cmd,6.705000,266.405000,0.452022,-1.049740,1.050626,-1.050592,-0.800066,-0.000180
cmd,6.710000,266.410000,0.451607,-1.049740,1.050626,-1.050592,-0.800066,-0.000180
cmd,6.715000,266.415000,0.451241,-1.049740,1.050626,-1.050592,-0.800066,-0.000180
cmd,6.720000,266.420000,0.450922,-1.049740,1.050626,-1.050592,-0.800066,-0.000180
cmd,6.725000,266.425000,0.450652,-1.049740,1.050626,-1.050592,-0.800066,-0.000180
cmd,6.730000,266.430000,0.450431,-1.049740,1.050626,-1.050592,-0.800066,-0.000180
cmd,6.735000,266.435000,0.450258,-1.049740,1.050626,-1.050592,-0.800066,-0.000180
cmd,6.740000,266.440000,0.450135,-1.049740,1.050626,-1.050592,-0.800066,-0.000180
cmd,6.745000,266.445000,0.450061,-1.049740,1.050626,-1.050592,-0.800066,-0.000180
cmd,6.750000,266.450000,0.450036,-1.049740,1.050626,-1.050592,-0.800066,-0.000180
cmd,6.755000,266.455000,0.450061,-1.049740,1.050626,-1.050592,-0.800066,-0.000180
cmd,6.760000,266.460000,0.450135,-1.049740,1.050626,-1.050592,-0.800066,-0.000180
cmd,6.765000,266.465000,0.450258,-1.049740,1.050626,-1.050592,-0.800066,-0.000180
cmd,6.770000,266.470000,0.450431,-1.049740,1.050626,-1.050592,-0.800066,-0.000180
cmd,6.775000,266.475000,0.450652,-1.049740,1.050626,-1.050592,-0.800066,-0.000180
cmd,6.780000,266.480000,0.450922,-1.049740,1.050626,-1.050592,-0.800066,-0.000180
cmd,6.785000,266.485000,0.451241,-1.049740,1.050626,-1.050592,-0.800066,-0.000180
cmd,6.790000,266.490000,0.451607,-1.049740,1.050626,-1.050592,-0.800066,-0.000180
cmd,6.795000,266.495000,0.452022,-1.049740,1.050626,-1.050592,-0.800066,-0.000180
cmd,6.800000,266.500000,0.452484,-1.049740,1.050626,-1.050592,-0.800066,-0.000180
cmd,6.805000,266.505000,0.452992,-1.049740,1.050626,-1.050592,-0.800066,-0.000180
cmd,6.810000,266.510000,0.453548,-1.049740,1.050626,-1.050592,-0.800066,-0.000180
cmd,6.815000,266.515000,0.454149,-1.049740,1.050626,-1.050592,-0.800066,-0.000180
cmd,6.820000,266.520000,0.454795,-1.049740,1.050626,-1.050592,-0.800066,-0.000180
cmd,6.825000,266.525000,0.455486,-1.049740,1.050626,-1.050592,-0.800066,-0.000180
cmd,6.830000,266.530000,0.456221,-1.049740,1.050626,-1.050592,-0.800066,-0.000180
cmd,6.835000,266.535000,0.456999,-1.049740,1.050626,-1.050592,-0.800066,-0.000180
cmd,6.840000,266.540000,0.457820,-1.049740,1.050626,-1.050592,-0.800066,-0.000180
cmd,6.845000,266.545000,0.458682,-1.049740,1.050626,-1.050592,-0.800066,-0.000180
cmd,6.850000,266.550000,0.459586,-1.049740,1.050626,-1.050592,-0.800066,-0.000180
cmd,6.855000,266.555000,0.460529,-1.049740,1.050626,-1.050592,-0.800066,-0.000180
cmd,6.860000,266.560000,0.461511,-1.049740,1.050626,-1.050592,-0.800066,-0.000180
cmd,6.865000,266.565000,0.462531,-1.049740,1.050626,-1.050592,-0.800066,-0.000180
cmd,6.870000,266.570000,0.463588,-1.049740,1.050626,-1.050592,-0.800066,-0.000180
cmd,6.875000,266.575000,0.464681,-1.049740,1.050626,-1.050592,-0.800066,-0.000180
cmd,6.880000,266.580000,0.465809,-1.049740,1.050626,-1.050592,-0.800066,-0.000180
cmd,6.885000,266.585000,0.466971,-1.049740,1.050626,-1.050592,-0.800066,-0.000180
cmd,6.890000,266.590000,0.468165,-1.049740,1.050626,-1.050592,-0.800066,-0.000180
cmd,6.895000,266.595000,0.469391,-1.049740,1.050626,-1.050592,-0.800066,-0.000180
cmd,6.900000,266.600000,0.470647,-1.049740,1.050626,-1.050592,-0.800066,-0.000180
cmd,6.905000,266.605000,0.471932,-1.049740,1.050626,-1.050592,-0.800066,-0.000180
cmd,6.910000,266.610000,0.473245,-1.049740,1.050626,-1.050592,-0.800066,-0.000180
cmd,6.915000,266.615000,0.474584,-1.049740,1.050626,-1.050592,-0.800066,-0.000180
cmd,6.920000,266.620000,0.475949,-1.049740,1.050626,-1.050592,-0.800066,-0.000180
cmd,6.925000,266.625000,0.477337,-1.049740,1.050626,-1.050592,-0.800066,-0.000180
cmd,6.930000,266.630000,0.478747,-1.049740,1.050626,-1.050592,-0.800066,-0.000180
cmd,6.935000,266.635000,0.480179,-1.049740,1.050626,-1.050592,-0.800066,-0.000180
cmd,6.940000,266.640000,0.481630,-1.049740,1.050626,-1.050592,-0.800066,-0.000180
cmd,6.945000,266.645000,0.483100,-1.049740,1.050626,-1.050592,-0.800066,-0.000180
cmd,6.950000,266.650000,0.484586,-1.049740,1.050626,-1.050592,-0.800066,-0.000180
cmd,6.955000,266.655000,0.486087,-1.049740,1.050626,-1.050592,-0.800066,-0.000180
cmd,6.960000,266.660000,0.487602,-1.049740,1.050626,-1.050592,-0.800066,-0.000180
cmd,6.965000,266.665000,0.489129,-1.049740,1.050626,-1.050592,-0.800066,-0.000180
cmd,6.970000,266.670000,0.490667,-1.049740,1.050626,-1.050592,-0.800066,-0.000180
cmd,6.975000,266.675000,0.492215,-1.049740,1.050626,-1.050592,-0.800066,-0.000180
cmd,6.980000,266.680000,0.493770,-1.049740,1.050626,-1.050592,-0.800066,-0.000180
cmd,6.985000,266.685000,0.495331,-1.049740,1.050626,-1.050592,-0.800066,-0.000180
cmd,6.990000,266.690000,0.496897,-1.049740,1.050626,-1.050592,-0.800066,-0.000180
cmd,6.995000,266.695000,0.498466,-1.049740,1.050626,-1.050592,-0.800066,-0.000180
cmd,7.000000,266.700000,0.500036,-1.049740,1.050626,-1.050592,-0.800066,-0.000180
cmd,7.005000,266.705000,0.501607,-1.049740,1.050626,-1.050592,-0.800066,-0.000180
cmd,7.010000,266.710000,0.503176,-1.049740,1.050626,-1.050592,-0.800066,-0.000180
cmd,7.015000,266.715000,0.504742,-1.049740,1.050626,-1.050592,-0.800066,-0.000180
cmd,7.020000,266.720000,0.506303,-1.049740,1.050626,-1.050592,-0.800066,-0.000180
cmd,7.025000,266.725000,0.507858,-1.049740,1.050626,-1.050592,-0.800066,-0.000180
cmd,7.030000,266.730000,0.509405,-1.049740,1.050626,-1.050592,-0.800066,-0.000180
cmd,7.035000,266.735000,0.510944,-1.049740,1.050626,-1.050592,-0.800066,-0.000180
cmd,7.040000,266.740000,0.512471,-1.049740,1.050626,-1.050592,-0.800066,-0.000180
cmd,7.045000,266.745000,0.513986,-1.049740,1.050626,-1.050592,-0.800066,-0.000180
cmd,7.050000,266.750000,0.515487,-1.049740,1.050626,-1.050592,-0.800066,-0.000180
cmd,7.055000,266.755000,0.516973,-1.049740,1.050626,-1.050592,-0.800066,-0.000180
cmd,7.060000,266.760000,0.518443,-1.049740,1.050626,-1.050592,-0.800066,-0.000180
cmd,7.065000,266.765000,0.519894,-1.049740,1.050626,-1.050592,-0.800066,-0.000180
cmd,7.070000,266.770000,0.521325,-1.049740,1.050626,-1.050592,-0.800066,-0.000180
cmd,7.075000,266.775000,0.522736,-1.049740,1.050626,-1.050592,-0.800066,-0.000180
cmd,7.080000,266.780000,0.524124,-1.049740,1.050626,-1.050592,-0.800066,-0.000180
cmd,7.085000,266.785000,0.525489,-1.049740,1.050626,-1.050592,-0.800066,-0.000180
cmd,7.090000,266.790000,0.526828,-1.049740,1.050626,-1.050592,-0.800066,-0.000180
cmd,7.095000,266.795000,0.528141,-1.049740,1.050626,-1.050592,-0.800066,-0.000180
cmd,7.100000,266.800000,0.529426,-1.049740,1.050626,-1.050592,-0.800066,-0.000180
cmd,7.105000,266.805000,0.530682,-1.049740,1.050626,-1.050592,-0.800066,-0.000180
cmd,7.110000,266.810000,0.531908,-1.049740,1.050626,-1.050592,-0.800066,-0.000180
cmd,7.115000,266.815000,0.533102,-1.049740,1.050626,-1.050592,-0.800066,-0.000180
cmd,7.120000,266.820000,0.534264,-1.049740,1.050626,-1.050592,-0.800066,-0.000180
cmd,7.125000,266.825000,0.535392,-1.049740,1.050626,-1.050592,-0.800066,-0.000180
cmd,7.130000,266.830000,0.536485,-1.049740,1.050626,-1.050592,-0.800066,-0.000180
cmd,7.135000,266.835000,0.537542,-1.049740,1.050626,-1.050592,-0.800066,-0.000180
cmd,7.140000,266.840000,0.538562,-1.049740,1.050626,-1.050592,-0.800066,-0.000180
cmd,7.145000,266.845000,0.539544,-1.049740,1.050626,-1.050592,-0.800066,-0.000180
cmd,7.150000,266.850000,0.540487,-1.049740,1.050626,-1.050592,-0.800066,-0.000180
cmd,7.155000,266.855000,0.541390,-1.049740,1.050626,-1.050592,-0.800066,-0.000180
cmd,7.160000,266.860000,0.542253,-1.049740,1.050626,-1.050592,-0.800066,-0.000180
cmd,7.165000,266.865000,0.543074,-1.049740,1.050626,-1.050592,-0.800066,-0.000180
cmd,7.170000,266.870000,0.543852,-1.049740,1.050626,-1.050592,-0.800066,-0.000180
cmd,7.175000,266.875000,0.544587,-1.049740,1.050626,-1.050592,-0.800066,-0.000180
cmd,7.180000,266.880000,0.545278,-1.049740,1.050626,-1.050592,-0.800066,-0.000180
cmd,7.185000,266.885000,0.545924,-1.049740,1.050626,-1.050592,-0.800066,-0.000180
cmd,7.190000,266.890000,0.546525,-1.049740,1.050626,-1.050592,-0.800066,-0.000180
cmd,7.195000,266.895000,0.547080,-1.049740,1.050626,-1.050592,-0.800066,-0.000180
cmd,7.200000,266.900000,0.547589,-1.049740,1.050626,-1.050592,-0.800066,-0.000180
cmd,7.205000,266.905000,0.548051,-1.049740,1.050626,-1.050592,-0.800066,-0.000180
cmd,7.210000,266.910000,0.548466,-1.049740,1.050626,-1.050592,-0.800066,-0.000180
cmd,7.215000,266.915000,0.548832,-1.049740,1.050626,-1.050592,-0.800066,-0.000180
cmd,7.220000,266.920000,0.549151,-1.049740,1.050626,-1.050592,-0.800066,-0.000180
cmd,7.225000,266.925000,0.549421,-1.049740,1.050626,-1.050592,-0.800066,-0.000180
cmd,7.230000,266.930000,0.549642,-1.049740,1.050626,-1.050592,-0.800066,-0.000180
cmd,7.235000,266.935000,0.549815,-1.049740,1.050626,-1.050592,-0.800066,-0.000180
cmd,7.240000,266.940000,0.549938,-1.049740,1.050626,-1.050592,-0.800066,-0.000180
cmd,7.245000,266.945000,0.550012,-1.049740,1.050626,-1.050592,-0.800066,-0.000180
cmd,7.250000,266.950000,0.550036,-1.049740,1.050626,-1.050592,-0.800066,-0.000180
cmd,7.255000,266.955000,0.550012,-1.049740,1.050626,-1.050592,-0.800066,-0.000180
cmd,7.260000,266.960000,0.549938,-1.049740,1.050626,-1.050592,-0.800066,-0.000180
cmd,7.265000,266.965000,0.549815,-1.049740,1.050626,-1.050592,-0.800066,-0.000180
cmd,7.270000,266.970000,0.549642,-1.049740,1.050626,-1.050592,-0.800066,-0.000180
cmd,7.275000,266.975000,0.549421,-1.049740,1.050626,-1.050592,-0.800066,-0.000180
cmd,7.280000,266.980000,0.549151,-1.049740,1.050626,-1.050592,-0.800066,-0.000180
cmd,7.285000,266.985000,0.548832,-1.049740,1.050626,-1.050592,-0.800066,-0.000180
cmd,7.290000,266.990000,0.548466,-1.049740,1.050626,-1.050592,-0.800066,-0.000180
cmd,7.295000,266.995000,0.548051,-1.049740,1.050626,-1.050592,-0.800066,-0.000180
cmd,7.300000,267.000000,0.547589,-1.049740,1.050626,-1.050592,-0.800066,-0.000180
cmd,7.305000,267.005000,0.547080,-1.049740,1.050626,-1.050592,-0.800066,-0.000180
cmd,7.310000,267.010000,0.546525,-1.049740,1.050626,-1.050592,-0.800066,-0.000180
cmd,7.315000,267.015000,0.545924,-1.049740,1.050626,-1.050592,-0.800066,-0.000180
cmd,7.320000,267.020000,0.545278,-1.049740,1.050626,-1.050592,-0.800066,-0.000180
cmd,7.325000,267.025000,0.544587,-1.049740,1.050626,-1.050592,-0.800066,-0.000180
cmd,7.330000,267.030000,0.543852,-1.049740,1.050626,-1.050592,-0.800066,-0.000180
cmd,7.335000,267.035000,0.543074,-1.049740,1.050626,-1.050592,-0.800066,-0.000180
cmd,7.340000,267.040000,0.542253,-1.049740,1.050626,-1.050592,-0.800066,-0.000180
cmd,7.345000,267.045000,0.541390,-1.049740,1.050626,-1.050592,-0.800066,-0.000180
cmd,7.350000,267.050000,0.540487,-1.049740,1.050626,-1.050592,-0.800066,-0.000180
cmd,7.355000,267.055000,0.539544,-1.049740,1.050626,-1.050592,-0.800066,-0.000180
cmd,7.360000,267.060000,0.538562,-1.049740,1.050626,-1.050592,-0.800066,-0.000180
cmd,7.365000,267.065000,0.537542,-1.049740,1.050626,-1.050592,-0.800066,-0.000180
cmd,7.370000,267.070000,0.536485,-1.049740,1.050626,-1.050592,-0.800066,-0.000180
cmd,7.375000,267.075000,0.535392,-1.049740,1.050626,-1.050592,-0.800066,-0.000180
cmd,7.380000,267.080000,0.534264,-1.049740,1.050626,-1.050592,-0.800066,-0.000180
cmd,7.385000,267.085000,0.533102,-1.049740,1.050626,-1.050592,-0.800066,-0.000180
cmd,7.390000,267.090000,0.531908,-1.049740,1.050626,-1.050592,-0.800066,-0.000180
cmd,7.395000,267.095000,0.530682,-1.049740,1.050626,-1.050592,-0.800066,-0.000180
cmd,7.400000,267.100000,0.529426,-1.049740,1.050626,-1.050592,-0.800066,-0.000180
cmd,7.405000,267.105000,0.528141,-1.049740,1.050626,-1.050592,-0.800066,-0.000180
cmd,7.410000,267.110000,0.526828,-1.049740,1.050626,-1.050592,-0.800066,-0.000180
cmd,7.415000,267.115000,0.525489,-1.049740,1.050626,-1.050592,-0.800066,-0.000180
cmd,7.420000,267.120000,0.524124,-1.049740,1.050626,-1.050592,-0.800066,-0.000180
cmd,7.425000,267.125000,0.522736,-1.049740,1.050626,-1.050592,-0.800066,-0.000180
cmd,7.430000,267.130000,0.521325,-1.049740,1.050626,-1.050592,-0.800066,-0.000180
cmd,7.435000,267.135000,0.519894,-1.049740,1.050626,-1.050592,-0.800066,-0.000180
cmd,7.440000,267.140000,0.518443,-1.049740,1.050626,-1.050592,-0.800066,-0.000180
cmd,7.445000,267.145000,0.516973,-1.049740,1.050626,-1.050592,-0.800066,-0.000180
cmd,7.450000,267.150000,0.515487,-1.049740,1.050626,-1.050592,-0.800066,-0.000180
cmd,7.455000,267.155000,0.513986,-1.049740,1.050626,-1.050592,-0.800066,-0.000180
cmd,7.460000,267.160000,0.512471,-1.049740,1.050626,-1.050592,-0.800066,-0.000180
cmd,7.465000,267.165000,0.510944,-1.049740,1.050626,-1.050592,-0.800066,-0.000180
cmd,7.470000,267.170000,0.509405,-1.049740,1.050626,-1.050592,-0.800066,-0.000180
cmd,7.475000,267.175000,0.507858,-1.049740,1.050626,-1.050592,-0.800066,-0.000180
cmd,7.480000,267.180000,0.506303,-1.049740,1.050626,-1.050592,-0.800066,-0.000180
cmd,7.485000,267.185000,0.504742,-1.049740,1.050626,-1.050592,-0.800066,-0.000180
cmd,7.490000,267.190000,0.503176,-1.049740,1.050626,-1.050592,-0.800066,-0.000180
cmd,7.495000,267.195000,0.501607,-1.049740,1.050626,-1.050592,-0.800066,-0.000180
cmd,7.500000,267.200000,0.500036,-1.049740,1.050626,-1.050592,-0.800066,-0.000180
cmd,7.505000,267.205000,0.498466,-1.049740,1.050626,-1.050592,-0.800066,-0.000180
cmd,7.510000,267.210000,0.496897,-1.049740,1.050626,-1.050592,-0.800066,-0.000180
cmd,7.515000,267.215000,0.495331,-1.049740,1.050626,-1.050592,-0.800066,-0.000180
cmd,7.520000,267.220000,0.493770,-1.049740,1.050626,-1.050592,-0.800066,-0.000180
cmd,7.525000,267.225000,0.492215,-1.049740,1.050626,-1.050592,-0.800066,-0.000180
cmd,7.530000,267.230000,0.490667,-1.049740,1.050626,-1.050592,-0.800066,-0.000180
cmd,7.535000,267.235000,0.489129,-1.049740,1.050626,-1.050592,-0.800066,-0.000180
cmd,7.540000,267.240000,0.487602,-1.049740,1.050626,-1.050592,-0.800066,-0.000180
cmd,7.545000,267.245000,0.486087,-1.049740,1.050626,-1.050592,-0.800066,-0.000180
cmd,7.550000,267.250000,0.484586,-1.049740,1.050626,-1.050592,-0.800066,-0.000180
cmd,7.555000,267.255000,0.483100,-1.049740,1.050626,-1.050592,-0.800066,-0.000180
cmd,7.560000,267.260000,0.481630,-1.049740,1.050626,-1.050592,-0.800066,-0.000180
cmd,7.565000,267.265000,0.480179,-1.049740,1.050626,-1.050592,-0.800066,-0.000180
cmd,7.570000,267.270000,0.478747,-1.049740,1.050626,-1.050592,-0.800066,-0.000180
cmd,7.575000,267.275000,0.477337,-1.049740,1.050626,-1.050592,-0.800066,-0.000180
cmd,7.580000,267.280000,0.475949,-1.049740,1.050626,-1.050592,-0.800066,-0.000180
cmd,7.585000,267.285000,0.474584,-1.049740,1.050626,-1.050592,-0.800066,-0.000180
cmd,7.590000,267.290000,0.473245,-1.049740,1.050626,-1.050592,-0.800066,-0.000180
cmd,7.595000,267.295000,0.471932,-1.049740,1.050626,-1.050592,-0.800066,-0.000180
cmd,7.600000,267.300000,0.470647,-1.049740,1.050626,-1.050592,-0.800066,-0.000180
cmd,7.605000,267.305000,0.469391,-1.049740,1.050626,-1.050592,-0.800066,-0.000180
cmd,7.610000,267.310000,0.468165,-1.049740,1.050626,-1.050592,-0.800066,-0.000180
cmd,7.615000,267.315000,0.466971,-1.049740,1.050626,-1.050592,-0.800066,-0.000180
cmd,7.620000,267.320000,0.465809,-1.049740,1.050626,-1.050592,-0.800066,-0.000180
cmd,7.625000,267.325000,0.464681,-1.049740,1.050626,-1.050592,-0.800066,-0.000180
cmd,7.630000,267.330000,0.463588,-1.049740,1.050626,-1.050592,-0.800066,-0.000180
cmd,7.635000,267.335000,0.462531,-1.049740,1.050626,-1.050592,-0.800066,-0.000180
cmd,7.640000,267.340000,0.461511,-1.049740,1.050626,-1.050592,-0.800066,-0.000180
cmd,7.645000,267.345000,0.460529,-1.049740,1.050626,-1.050592,-0.800066,-0.000180
cmd,7.650000,267.350000,0.459586,-1.049740,1.050626,-1.050592,-0.800066,-0.000180
cmd,7.655000,267.355000,0.458682,-1.049740,1.050626,-1.050592,-0.800066,-0.000180
cmd,7.660000,267.360000,0.457820,-1.049740,1.050626,-1.050592,-0.800066,-0.000180
cmd,7.665000,267.365000,0.456999,-1.049740,1.050626,-1.050592,-0.800066,-0.000180
cmd,7.670000,267.370000,0.456221,-1.049740,1.050626,-1.050592,-0.800066,-0.000180
cmd,7.675000,267.375000,0.455486,-1.049740,1.050626,-1.050592,-0.800066,-0.000180
cmd,7.680000,267.380000,0.454795,-1.049740,1.050626,-1.050592,-0.800066,-0.000180
cmd,7.685000,267.385000,0.454149,-1.049740,1.050626,-1.050592,-0.800066,-0.000180
cmd,7.690000,267.390000,0.453548,-1.049740,1.050626,-1.050592,-0.800066,-0.000180
cmd,7.695000,267.395000,0.452992,-1.049740,1.050626,-1.050592,-0.800066,-0.000180
cmd,7.700000,267.400000,0.452484,-1.049740,1.050626,-1.050592,-0.800066,-0.000180
cmd,7.705000,267.405000,0.452022,-1.049740,1.050626,-1.050592,-0.800066,-0.000180
cmd,7.710000,267.410000,0.451607,-1.049740,1.050626,-1.050592,-0.800066,-0.000180
cmd,7.715000,267.415000,0.451241,-1.049740,1.050626,-1.050592,-0.800066,-0.000180
cmd,7.720000,267.420000,0.450922,-1.049740,1.050626,-1.050592,-0.800066,-0.000180
cmd,7.725000,267.425000,0.450652,-1.049740,1.050626,-1.050592,-0.800066,-0.000180
cmd,7.730000,267.430000,0.450431,-1.049740,1.050626,-1.050592,-0.800066,-0.000180
cmd,7.735000,267.435000,0.450258,-1.049740,1.050626,-1.050592,-0.800066,-0.000180
cmd,7.740000,267.440000,0.450135,-1.049740,1.050626,-1.050592,-0.800066,-0.000180
cmd,7.745000,267.445000,0.450061,-1.049740,1.050626,-1.050592,-0.800066,-0.000180
cmd,7.750000,267.450000,0.450036,-1.049740,1.050626,-1.050592,-0.800066,-0.000180
cmd,7.755000,267.455000,0.450061,-1.049740,1.050626,-1.050592,-0.800066,-0.000180
cmd,7.760000,267.460000,0.450135,-1.049740,1.050626,-1.050592,-0.800066,-0.000180
cmd,7.765000,267.465000,0.450258,-1.049740,1.050626,-1.050592,-0.800066,-0.000180
cmd,7.770000,267.470000,0.450431,-1.049740,1.050626,-1.050592,-0.800066,-0.000180
cmd,7.775000,267.475000,0.450652,-1.049740,1.050626,-1.050592,-0.800066,-0.000180
cmd,7.780000,267.480000,0.450922,-1.049740,1.050626,-1.050592,-0.800066,-0.000180
cmd,7.785000,267.485000,0.451241,-1.049740,1.050626,-1.050592,-0.800066,-0.000180
cmd,7.790000,267.490000,0.451607,-1.049740,1.050626,-1.050592,-0.800066,-0.000180
cmd,7.795000,267.495000,0.452022,-1.049740,1.050626,-1.050592,-0.800066,-0.000180
cmd,7.800000,267.500000,0.452484,-1.049740,1.050626,-1.050592,-0.800066,-0.000180
cmd,7.805000,267.505000,0.452992,-1.049740,1.050626,-1.050592,-0.800066,-0.000180
cmd,7.810000,267.510000,0.453548,-1.049740,1.050626,-1.050592,-0.800066,-0.000180
cmd,7.815000,267.515000,0.454149,-1.049740,1.050626,-1.050592,-0.800066,-0.000180
cmd,7.820000,267.520000,0.454795,-1.049740,1.050626,-1.050592,-0.800066,-0.000180
cmd,7.825000,267.525000,0.455486,-1.049740,1.050626,-1.050592,-0.800066,-0.000180
cmd,7.830000,267.530000,0.456221,-1.049740,1.050626,-1.050592,-0.800066,-0.000180
cmd,7.835000,267.535000,0.456999,-1.049740,1.050626,-1.050592,-0.800066,-0.000180
cmd,7.840000,267.540000,0.457820,-1.049740,1.050626,-1.050592,-0.800066,-0.000180
cmd,7.845000,267.545000,0.458682,-1.049740,1.050626,-1.050592,-0.800066,-0.000180
cmd,7.850000,267.550000,0.459586,-1.049740,1.050626,-1.050592,-0.800066,-0.000180
cmd,7.855000,267.555000,0.460529,-1.049740,1.050626,-1.050592,-0.800066,-0.000180
cmd,7.860000,267.560000,0.461511,-1.049740,1.050626,-1.050592,-0.800066,-0.000180
cmd,7.865000,267.565000,0.462531,-1.049740,1.050626,-1.050592,-0.800066,-0.000180
cmd,7.870000,267.570000,0.463588,-1.049740,1.050626,-1.050592,-0.800066,-0.000180
cmd,7.875000,267.575000,0.464681,-1.049740,1.050626,-1.050592,-0.800066,-0.000180
cmd,7.880000,267.580000,0.465809,-1.049740,1.050626,-1.050592,-0.800066,-0.000180
cmd,7.885000,267.585000,0.466971,-1.049740,1.050626,-1.050592,-0.800066,-0.000180
cmd,7.890000,267.590000,0.468165,-1.049740,1.050626,-1.050592,-0.800066,-0.000180
cmd,7.895000,267.595000,0.469391,-1.049740,1.050626,-1.050592,-0.800066,-0.000180
cmd,7.900000,267.600000,0.470647,-1.049740,1.050626,-1.050592,-0.800066,-0.000180
cmd,7.905000,267.605000,0.471932,-1.049740,1.050626,-1.050592,-0.800066,-0.000180
cmd,7.910000,267.610000,0.473245,-1.049740,1.050626,-1.050592,-0.800066,-0.000180
cmd,7.915000,267.615000,0.474584,-1.049740,1.050626,-1.050592,-0.800066,-0.000180
cmd,7.920000,267.620000,0.475949,-1.049740,1.050626,-1.050592,-0.800066,-0.000180
cmd,7.925000,267.625000,0.477337,-1.049740,1.050626,-1.050592,-0.800066,-0.000180
cmd,7.930000,267.630000,0.478747,-1.049740,1.050626,-1.050592,-0.800066,-0.000180
cmd,7.935000,267.635000,0.480179,-1.049740,1.050626,-1.050592,-0.800066,-0.000180
cmd,7.940000,267.640000,0.481630,-1.049740,1.050626,-1.050592,-0.800066,-0.000180
cmd,7.945000,267.645000,0.483100,-1.049740,1.050626,-1.050592,-0.800066,-0.000180
cmd,7.950000,267.650000,0.484586,-1.049740,1.050626,-1.050592,-0.800066,-0.000180
cmd,7.955000,267.655000,0.486087,-1.049740,1.050626,-1.050592,-0.800066,-0.000180
cmd,7.960000,267.660000,0.487602,-1.049740,1.050626,-1.050592,-0.800066,-0.000180
cmd,7.965000,267.665000,0.489129,-1.049740,1.050626,-1.050592,-0.800066,-0.000180
cmd,7.970000,267.670000,0.490667,-1.049740,1.050626,-1.050592,-0.800066,-0.000180
cmd,7.975000,267.675000,0.492215,-1.049740,1.050626,-1.050592,-0.800066,-0.000180
cmd,7.980000,267.680000,0.493770,-1.049740,1.050626,-1.050592,-0.800066,-0.000180
cmd,7.985000,267.685000,0.495331,-1.049740,1.050626,-1.050592,-0.800066,-0.000180
cmd,7.990000,267.690000,0.496897,-1.049740,1.050626,-1.050592,-0.800066,-0.000180
cmd,7.995000,267.695000,0.498466,-1.049740,1.050626,-1.050592,-0.800066,-0.000180
cmd,8.000000,267.700000,0.500036,-1.049740,1.050626,-1.050592,-0.800066,-0.000180
cmd,8.005000,267.705000,0.501607,-1.049740,1.050626,-1.050592,-0.800066,-0.000180
cmd,8.010000,267.710000,0.503176,-1.049740,1.050626,-1.050592,-0.800066,-0.000180
cmd,8.015000,267.715000,0.504742,-1.049740,1.050626,-1.050592,-0.800066,-0.000180
cmd,8.020000,267.720000,0.506303,-1.049740,1.050626,-1.050592,-0.800066,-0.000180
cmd,8.025000,267.725000,0.507858,-1.049740,1.050626,-1.050592,-0.800066,-0.000180
cmd,8.030000,267.730000,0.509405,-1.049740,1.050626,-1.050592,-0.800066,-0.000180
cmd,8.035000,267.735000,0.510944,-1.049740,1.050626,-1.050592,-0.800066,-0.000180
cmd,8.040000,267.740000,0.512471,-1.049740,1.050626,-1.050592,-0.800066,-0.000180
cmd,8.045000,267.745000,0.513986,-1.049740,1.050626,-1.050592,-0.800066,-0.000180
cmd,8.050000,267.750000,0.515487,-1.049740,1.050626,-1.050592,-0.800066,-0.000180
cmd,8.055000,267.755000,0.516973,-1.049740,1.050626,-1.050592,-0.800066,-0.000180
cmd,8.060000,267.760000,0.518443,-1.049740,1.050626,-1.050592,-0.800066,-0.000180
cmd,8.065000,267.765000,0.519894,-1.049740,1.050626,-1.050592,-0.800066,-0.000180
cmd,8.070000,267.770000,0.521325,-1.049740,1.050626,-1.050592,-0.800066,-0.000180
cmd,8.075000,267.775000,0.522736,-1.049740,1.050626,-1.050592,-0.800066,-0.000180
cmd,8.080000,267.780000,0.524124,-1.049740,1.050626,-1.050592,-0.800066,-0.000180
cmd,8.085000,267.785000,0.525489,-1.049740,1.050626,-1.050592,-0.800066,-0.000180
cmd,8.090000,267.790000,0.526828,-1.049740,1.050626,-1.050592,-0.800066,-0.000180
cmd,8.095000,267.795000,0.528141,-1.049740,1.050626,-1.050592,-0.800066,-0.000180
cmd,8.100000,267.800000,0.529426,-1.049740,1.050626,-1.050592,-0.800066,-0.000180
cmd,8.105000,267.805000,0.530682,-1.049740,1.050626,-1.050592,-0.800066,-0.000180
cmd,8.110000,267.810000,0.531908,-1.049740,1.050626,-1.050592,-0.800066,-0.000180
cmd,8.115000,267.815000,0.533102,-1.049740,1.050626,-1.050592,-0.800066,-0.000180
cmd,8.120000,267.820000,0.534264,-1.049740,1.050626,-1.050592,-0.800066,-0.000180
cmd,8.125000,267.825000,0.535392,-1.049740,1.050626,-1.050592,-0.800066,-0.000180
cmd,8.130000,267.830000,0.536485,-1.049740,1.050626,-1.050592,-0.800066,-0.000180
cmd,8.135000,267.835000,0.537542,-1.049740,1.050626,-1.050592,-0.800066,-0.000180
cmd,8.140000,267.840000,0.538562,-1.049740,1.050626,-1.050592,-0.800066,-0.000180
cmd,8.145000,267.845000,0.539544,-1.049740,1.050626,-1.050592,-0.800066,-0.000180
cmd,8.150000,267.850000,0.540487,-1.049740,1.050626,-1.050592,-0.800066,-0.000180
cmd,8.155000,267.855000,0.541390,-1.049740,1.050626,-1.050592,-0.800066,-0.000180
cmd,8.160000,267.860000,0.542253,-1.049740,1.050626,-1.050592,-0.800066,-0.000180
cmd,8.165000,267.865000,0.543074,-1.049740,1.050626,-1.050592,-0.800066,-0.000180
cmd,8.170000,267.870000,0.543852,-1.049740,1.050626,-1.050592,-0.800066,-0.000180
cmd,8.175000,267.875000,0.544587,-1.049740,1.050626,-1.050592,-0.800066,-0.000180
cmd,8.180000,267.880000,0.545278,-1.049740,1.050626,-1.050592,-0.800066,-0.000180
cmd,8.185000,267.885000,0.545924,-1.049740,1.050626,-1.050592,-0.800066,-0.000180
cmd,8.190000,267.890000,0.546525,-1.049740,1.050626,-1.050592,-0.800066,-0.000180
cmd,8.195000,267.895000,0.547080,-1.049740,1.050626,-1.050592,-0.800066,-0.000180
cmd,8.200000,267.900000,0.547589,-1.049740,1.050626,-1.050592,-0.800066,-0.000180
cmd,8.205000,267.905000,0.548051,-1.049740,1.050626,-1.050592,-0.800066,-0.000180
cmd,8.210000,267.910000,0.548466,-1.049740,1.050626,-1.050592,-0.800066,-0.000180
cmd,8.215000,267.915000,0.548832,-1.049740,1.050626,-1.050592,-0.800066,-0.000180
cmd,8.220000,267.920000,0.549151,-1.049740,1.050626,-1.050592,-0.800066,-0.000180
cmd,8.225000,267.925000,0.549421,-1.049740,1.050626,-1.050592,-0.800066,-0.000180
cmd,8.230000,267.930000,0.549642,-1.049740,1.050626,-1.050592,-0.800066,-0.000180
cmd,8.235000,267.935000,0.549815,-1.049740,1.050626,-1.050592,-0.800066,-0.000180
cmd,8.240000,267.940000,0.549938,-1.049740,1.050626,-1.050592,-0.800066,-0.000180
cmd,8.245000,267.945000,0.550012,-1.049740,1.050626,-1.050592,-0.800066,-0.000180
cmd,8.250000,267.950000,0.550036,-1.049740,1.050626,-1.050592,-0.800066,-0.000180
cmd,8.255000,267.955000,0.550012,-1.049740,1.050626,-1.050592,-0.800066,-0.000180
cmd,8.260000,267.960000,0.549938,-1.049740,1.050626,-1.050592,-0.800066,-0.000180
cmd,8.265000,267.965000,0.549815,-1.049740,1.050626,-1.050592,-0.800066,-0.000180
cmd,8.270000,267.970000,0.549642,-1.049740,1.050626,-1.050592,-0.800066,-0.000180
cmd,8.275000,267.975000,0.549421,-1.049740,1.050626,-1.050592,-0.800066,-0.000180
cmd,8.280000,267.980000,0.549151,-1.049740,1.050626,-1.050592,-0.800066,-0.000180
cmd,8.285000,267.985000,0.548832,-1.049740,1.050626,-1.050592,-0.800066,-0.000180
cmd,8.290000,267.990000,0.548466,-1.049740,1.050626,-1.050592,-0.800066,-0.000180
cmd,8.295000,267.995000,0.548051,-1.049740,1.050626,-1.050592,-0.800066,-0.000180
cmd,8.300000,268.000000,0.547589,-1.049740,1.050626,-1.050592,-0.800066,-0.000180
cmd,8.305000,268.005000,0.547080,-1.049740,1.050626,-1.050592,-0.800066,-0.000180
cmd,8.310000,268.010000,0.546525,-1.049740,1.050626,-1.050592,-0.800066,-0.000180
cmd,8.315000,268.015000,0.545924,-1.049740,1.050626,-1.050592,-0.800066,-0.000180
cmd,8.320000,268.020000,0.545278,-1.049740,1.050626,-1.050592,-0.800066,-0.000180
cmd,8.325000,268.025000,0.544587,-1.049740,1.050626,-1.050592,-0.800066,-0.000180
cmd,8.330000,268.030000,0.543852,-1.049740,1.050626,-1.050592,-0.800066,-0.000180
cmd,8.335000,268.035000,0.543074,-1.049740,1.050626,-1.050592,-0.800066,-0.000180
cmd,8.340000,268.040000,0.542253,-1.049740,1.050626,-1.050592,-0.800066,-0.000180
cmd,8.345000,268.045000,0.541390,-1.049740,1.050626,-1.050592,-0.800066,-0.000180
cmd,8.350000,268.050000,0.540487,-1.049740,1.050626,-1.050592,-0.800066,-0.000180
cmd,8.355000,268.055000,0.539544,-1.049740,1.050626,-1.050592,-0.800066,-0.000180
cmd,8.360000,268.060000,0.538562,-1.049740,1.050626,-1.050592,-0.800066,-0.000180
cmd,8.365000,268.065000,0.537542,-1.049740,1.050626,-1.050592,-0.800066,-0.000180
cmd,8.370000,268.070000,0.536485,-1.049740,1.050626,-1.050592,-0.800066,-0.000180
cmd,8.375000,268.075000,0.535392,-1.049740,1.050626,-1.050592,-0.800066,-0.000180
cmd,8.380000,268.080000,0.534264,-1.049740,1.050626,-1.050592,-0.800066,-0.000180
cmd,8.385000,268.085000,0.533102,-1.049740,1.050626,-1.050592,-0.800066,-0.000180
cmd,8.390000,268.090000,0.531908,-1.049740,1.050626,-1.050592,-0.800066,-0.000180
cmd,8.395000,268.095000,0.530682,-1.049740,1.050626,-1.050592,-0.800066,-0.000180
cmd,8.400000,268.100000,0.529426,-1.049740,1.050626,-1.050592,-0.800066,-0.000180
cmd,8.405000,268.105000,0.528141,-1.049740,1.050626,-1.050592,-0.800066,-0.000180
cmd,8.410000,268.110000,0.526828,-1.049740,1.050626,-1.050592,-0.800066,-0.000180
cmd,8.415000,268.115000,0.525489,-1.049740,1.050626,-1.050592,-0.800066,-0.000180
cmd,8.420000,268.120000,0.524124,-1.049740,1.050626,-1.050592,-0.800066,-0.000180
cmd,8.425000,268.125000,0.522736,-1.049740,1.050626,-1.050592,-0.800066,-0.000180
cmd,8.430000,268.130000,0.521325,-1.049740,1.050626,-1.050592,-0.800066,-0.000180
cmd,8.435000,268.135000,0.519894,-1.049740,1.050626,-1.050592,-0.800066,-0.000180
cmd,8.440000,268.140000,0.518443,-1.049740,1.050626,-1.050592,-0.800066,-0.000180
cmd,8.445000,268.145000,0.516973,-1.049740,1.050626,-1.050592,-0.800066,-0.000180
cmd,8.450000,268.150000,0.515487,-1.049740,1.050626,-1.050592,-0.800066,-0.000180
cmd,8.455000,268.155000,0.513986,-1.049740,1.050626,-1.050592,-0.800066,-0.000180
cmd,8.460000,268.160000,0.512471,-1.049740,1.050626,-1.050592,-0.800066,-0.000180
cmd,8.465000,268.165000,0.510944,-1.049740,1.050626,-1.050592,-0.800066,-0.000180
cmd,8.470000,268.170000,0.509405,-1.049740,1.050626,-1.050592,-0.800066,-0.000180
cmd,8.475000,268.175000,0.507858,-1.049740,1.050626,-1.050592,-0.800066,-0.000180
cmd,8.480000,268.180000,0.506303,-1.049740,1.050626,-1.050592,-0.800066,-0.000180
cmd,8.485000,268.185000,0.504742,-1.049740,1.050626,-1.050592,-0.800066,-0.000180
cmd,8.490000,268.190000,0.503176,-1.049740,1.050626,-1.050592,-0.800066,-0.000180
cmd,8.495000,268.195000,0.501607,-1.049740,1.050626,-1.050592,-0.800066,-0.000180
cmd,8.500000,268.200000,0.500036,-1.049740,1.050626,-1.050592,-0.800066,-0.000180
cmd,8.505000,268.205000,0.498466,-1.049740,1.050626,-1.050592,-0.800066,-0.000180
cmd,8.510000,268.210000,0.496897,-1.049740,1.050626,-1.050592,-0.800066,-0.000180
cmd,8.515000,268.215000,0.495331,-1.049740,1.050626,-1.050592,-0.800066,-0.000180
cmd,8.520000,268.220000,0.493770,-1.049740,1.050626,-1.050592,-0.800066,-0.000180
cmd,8.525000,268.225000,0.492215,-1.049740,1.050626,-1.050592,-0.800066,-0.000180
cmd,8.530000,268.230000,0.490667,-1.049740,1.050626,-1.050592,-0.800066,-0.000180
cmd,8.535000,268.235000,0.489129,-1.049740,1.050626,-1.050592,-0.800066,-0.000180
cmd,8.540000,268.240000,0.487602,-1.049740,1.050626,-1.050592,-0.800066,-0.000180
cmd,8.545000,268.245000,0.486087,-1.049740,1.050626,-1.050592,-0.800066,-0.000180
cmd,8.550000,268.250000,0.484586,-1.049740,1.050626,-1.050592,-0.800066,-0.000180
cmd,8.555000,268.255000,0.483100,-1.049740,1.050626,-1.050592,-0.800066,-0.000180
cmd,8.560000,268.260000,0.481630,-1.049740,1.050626,-1.050592,-0.800066,-0.000180
cmd,8.565000,268.265000,0.480179,-1.049740,1.050626,-1.050592,-0.800066,-0.000180
cmd,8.570000,268.270000,0.478747,-1.049740,1.050626,-1.050592,-0.800066,-0.000180
cmd,8.575000,268.275000,0.477337,-1.049740,1.050626,-1.050592,-0.800066,-0.000180
cmd,8.580000,268.280000,0.475949,-1.049740,1.050626,-1.050592,-0.800066,-0.000180
cmd,8.585000,268.285000,0.474584,-1.049740,1.050626,-1.050592,-0.800066,-0.000180
cmd,8.590000,268.290000,0.473245,-1.049740,1.050626,-1.050592,-0.800066,-0.000180
cmd,8.595000,268.295000,0.471932,-1.049740,1.050626,-1.050592,-0.800066,-0.000180
cmd,8.600000,268.300000,0.470647,-1.049740,1.050626,-1.050592,-0.800066,-0.000180
cmd,8.605000,268.305000,0.469391,-1.049740,1.050626,-1.050592,-0.800066,-0.000180
cmd,8.610000,268.310000,0.468165,-1.049740,1.050626,-1.050592,-0.800066,-0.000180
cmd,8.615000,268.315000,0.466971,-1.049740,1.050626,-1.050592,-0.800066,-0.000180
cmd,8.620000,268.320000,0.465809,-1.049740,1.050626,-1.050592,-0.800066,-0.000180
cmd,8.625000,268.325000,0.464681,-1.049740,1.050626,-1.050592,-0.800066,-0.000180
cmd,8.630000,268.330000,0.463588,-1.049740,1.050626,-1.050592,-0.800066,-0.000180
cmd,8.635000,268.335000,0.462531,-1.049740,1.050626,-1.050592,-0.800066,-0.000180
cmd,8.640000,268.340000,0.461511,-1.049740,1.050626,-1.050592,-0.800066,-0.000180
cmd,8.645000,268.345000,0.460529,-1.049740,1.050626,-1.050592,-0.800066,-0.000180
cmd,8.650000,268.350000,0.459586,-1.049740,1.050626,-1.050592,-0.800066,-0.000180
cmd,8.655000,268.355000,0.458682,-1.049740,1.050626,-1.050592,-0.800066,-0.000180
cmd,8.660000,268.360000,0.457820,-1.049740,1.050626,-1.050592,-0.800066,-0.000180
cmd,8.665000,268.365000,0.456999,-1.049740,1.050626,-1.050592,-0.800066,-0.000180
cmd,8.670000,268.370000,0.456221,-1.049740,1.050626,-1.050592,-0.800066,-0.000180
cmd,8.675000,268.375000,0.455486,-1.049740,1.050626,-1.050592,-0.800066,-0.000180
cmd,8.680000,268.380000,0.454795,-1.049740,1.050626,-1.050592,-0.800066,-0.000180
cmd,8.685000,268.385000,0.454149,-1.049740,1.050626,-1.050592,-0.800066,-0.000180
cmd,8.690000,268.390000,0.453548,-1.049740,1.050626,-1.050592,-0.800066,-0.000180
cmd,8.695000,268.395000,0.452992,-1.049740,1.050626,-1.050592,-0.800066,-0.000180
cmd,8.700000,268.400000,0.452484,-1.049740,1.050626,-1.050592,-0.800066,-0.000180
cmd,8.705000,268.405000,0.452022,-1.049740,1.050626,-1.050592,-0.800066,-0.000180
cmd,8.710000,268.410000,0.451607,-1.049740,1.050626,-1.050592,-0.800066,-0.000180
cmd,8.715000,268.415000,0.451241,-1.049740,1.050626,-1.050592,-0.800066,-0.000180
cmd,8.720000,268.420000,0.450922,-1.049740,1.050626,-1.050592,-0.800066,-0.000180
cmd,8.725000,268.425000,0.450652,-1.049740,1.050626,-1.050592,-0.800066,-0.000180
cmd,8.730000,268.430000,0.450431,-1.049740,1.050626,-1.050592,-0.800066,-0.000180
cmd,8.735000,268.435000,0.450258,-1.049740,1.050626,-1.050592,-0.800066,-0.000180
cmd,8.740000,268.440000,0.450135,-1.049740,1.050626,-1.050592,-0.800066,-0.000180
cmd,8.745000,268.445000,0.450061,-1.049740,1.050626,-1.050592,-0.800066,-0.000180
cmd,8.750000,268.450000,0.450036,-1.049740,1.050626,-1.050592,-0.800066,-0.000180
cmd,8.755000,268.455000,0.450061,-1.049740,1.050626,-1.050592,-0.800066,-0.000180
cmd,8.760000,268.460000,0.450135,-1.049740,1.050626,-1.050592,-0.800066,-0.000180
cmd,8.765000,268.465000,0.450258,-1.049740,1.050626,-1.050592,-0.800066,-0.000180
cmd,8.770000,268.470000,0.450431,-1.049740,1.050626,-1.050592,-0.800066,-0.000180
cmd,8.775000,268.475000,0.450652,-1.049740,1.050626,-1.050592,-0.800066,-0.000180
cmd,8.780000,268.480000,0.450922,-1.049740,1.050626,-1.050592,-0.800066,-0.000180
cmd,8.785000,268.485000,0.451241,-1.049740,1.050626,-1.050592,-0.800066,-0.000180
cmd,8.790000,268.490000,0.451607,-1.049740,1.050626,-1.050592,-0.800066,-0.000180
cmd,8.795000,268.495000,0.452022,-1.049740,1.050626,-1.050592,-0.800066,-0.000180
cmd,8.800000,268.500000,0.452484,-1.049740,1.050626,-1.050592,-0.800066,-0.000180
cmd,8.805000,268.505000,0.452992,-1.049740,1.050626,-1.050592,-0.800066,-0.000180
cmd,8.810000,268.510000,0.453548,-1.049740,1.050626,-1.050592,-0.800066,-0.000180
cmd,8.815000,268.515000,0.454149,-1.049740,1.050626,-1.050592,-0.800066,-0.000180
cmd,8.820000,268.520000,0.454795,-1.049740,1.050626,-1.050592,-0.800066,-0.000180
cmd,8.825000,268.525000,0.455486,-1.049740,1.050626,-1.050592,-0.800066,-0.000180
cmd,8.830000,268.530000,0.456221,-1.049740,1.050626,-1.050592,-0.800066,-0.000180
cmd,8.835000,268.535000,0.456999,-1.049740,1.050626,-1.050592,-0.800066,-0.000180
cmd,8.840000,268.540000,0.457820,-1.049740,1.050626,-1.050592,-0.800066,-0.000180
cmd,8.845000,268.545000,0.458682,-1.049740,1.050626,-1.050592,-0.800066,-0.000180
cmd,8.850000,268.550000,0.459586,-1.049740,1.050626,-1.050592,-0.800066,-0.000180
cmd,8.855000,268.555000,0.460529,-1.049740,1.050626,-1.050592,-0.800066,-0.000180
cmd,8.860000,268.560000,0.461511,-1.049740,1.050626,-1.050592,-0.800066,-0.000180
cmd,8.865000,268.565000,0.462531,-1.049740,1.050626,-1.050592,-0.800066,-0.000180
cmd,8.870000,268.570000,0.463588,-1.049740,1.050626,-1.050592,-0.800066,-0.000180
cmd,8.875000,268.575000,0.464681,-1.049740,1.050626,-1.050592,-0.800066,-0.000180
cmd,8.880000,268.580000,0.465809,-1.049740,1.050626,-1.050592,-0.800066,-0.000180
cmd,8.885000,268.585000,0.466971,-1.049740,1.050626,-1.050592,-0.800066,-0.000180
cmd,8.890000,268.590000,0.468165,-1.049740,1.050626,-1.050592,-0.800066,-0.000180
cmd,8.895000,268.595000,0.469391,-1.049740,1.050626,-1.050592,-0.800066,-0.000180
cmd,8.900000,268.600000,0.470647,-1.049740,1.050626,-1.050592,-0.800066,-0.000180
cmd,8.905000,268.605000,0.471932,-1.049740,1.050626,-1.050592,-0.800066,-0.000180
cmd,8.910000,268.610000,0.473245,-1.049740,1.050626,-1.050592,-0.800066,-0.000180
cmd,8.915000,268.615000,0.474584,-1.049740,1.050626,-1.050592,-0.800066,-0.000180
cmd,8.920000,268.620000,0.475949,-1.049740,1.050626,-1.050592,-0.800066,-0.000180
cmd,8.925000,268.625000,0.477337,-1.049740,1.050626,-1.050592,-0.800066,-0.000180
cmd,8.930000,268.630000,0.478747,-1.049740,1.050626,-1.050592,-0.800066,-0.000180
cmd,8.935000,268.635000,0.480179,-1.049740,1.050626,-1.050592,-0.800066,-0.000180
cmd,8.940000,268.640000,0.481630,-1.049740,1.050626,-1.050592,-0.800066,-0.000180
cmd,8.945000,268.645000,0.483100,-1.049740,1.050626,-1.050592,-0.800066,-0.000180
cmd,8.950000,268.650000,0.484586,-1.049740,1.050626,-1.050592,-0.800066,-0.000180
cmd,8.955000,268.655000,0.486087,-1.049740,1.050626,-1.050592,-0.800066,-0.000180
cmd,8.960000,268.660000,0.487602,-1.049740,1.050626,-1.050592,-0.800066,-0.000180
cmd,8.965000,268.665000,0.489129,-1.049740,1.050626,-1.050592,-0.800066,-0.000180
cmd,8.970000,268.670000,0.490667,-1.049740,1.050626,-1.050592,-0.800066,-0.000180
cmd,8.975000,268.675000,0.492215,-1.049740,1.050626,-1.050592,-0.800066,-0.000180
cmd,8.980000,268.680000,0.493770,-1.049740,1.050626,-1.050592,-0.800066,-0.000180
cmd,8.985000,268.685000,0.495331,-1.049740,1.050626,-1.050592,-0.800066,-0.000180
cmd,8.990000,268.690000,0.496897,-1.049740,1.050626,-1.050592,-0.800066,-0.000180
cmd,8.995000,268.695000,0.498466,-1.049740,1.050626,-1.050592,-0.800066,-0.000180
cmd,9.000000,268.700000,0.500036,-1.049740,1.050626,-1.050592,-0.800066,-0.000180
cmd,9.005000,268.705000,0.501607,-1.049740,1.050626,-1.050592,-0.800066,-0.000180
cmd,9.010000,268.710000,0.503176,-1.049740,1.050626,-1.050592,-0.800066,-0.000180
cmd,9.015000,268.715000,0.504742,-1.049740,1.050626,-1.050592,-0.800066,-0.000180
cmd,9.020000,268.720000,0.506303,-1.049740,1.050626,-1.050592,-0.800066,-0.000180
cmd,9.025000,268.725000,0.507858,-1.049740,1.050626,-1.050592,-0.800066,-0.000180
cmd,9.030000,268.730000,0.509405,-1.049740,1.050626,-1.050592,-0.800066,-0.000180
cmd,9.035000,268.735000,0.510944,-1.049740,1.050626,-1.050592,-0.800066,-0.000180
cmd,9.040000,268.740000,0.512471,-1.049740,1.050626,-1.050592,-0.800066,-0.000180
cmd,9.045000,268.745000,0.513986,-1.049740,1.050626,-1.050592,-0.800066,-0.000180
cmd,9.050000,268.750000,0.515487,-1.049740,1.050626,-1.050592,-0.800066,-0.000180
cmd,9.055000,268.755000,0.516973,-1.049740,1.050626,-1.050592,-0.800066,-0.000180
cmd,9.060000,268.760000,0.518443,-1.049740,1.050626,-1.050592,-0.800066,-0.000180
cmd,9.065000,268.765000,0.519894,-1.049740,1.050626,-1.050592,-0.800066,-0.000180
cmd,9.070000,268.770000,0.521325,-1.049740,1.050626,-1.050592,-0.800066,-0.000180
cmd,9.075000,268.775000,0.522736,-1.049740,1.050626,-1.050592,-0.800066,-0.000180
cmd,9.080000,268.780000,0.524124,-1.049740,1.050626,-1.050592,-0.800066,-0.000180
cmd,9.085000,268.785000,0.525489,-1.049740,1.050626,-1.050592,-0.800066,-0.000180
cmd,9.090000,268.790000,0.526828,-1.049740,1.050626,-1.050592,-0.800066,-0.000180
cmd,9.095000,268.795000,0.528141,-1.049740,1.050626,-1.050592,-0.800066,-0.000180
cmd,9.100000,268.800000,0.529426,-1.049740,1.050626,-1.050592,-0.800066,-0.000180
cmd,9.105000,268.805000,0.530682,-1.049740,1.050626,-1.050592,-0.800066,-0.000180
cmd,9.110000,268.810000,0.531908,-1.049740,1.050626,-1.050592,-0.800066,-0.000180
cmd,9.115000,268.815000,0.533102,-1.049740,1.050626,-1.050592,-0.800066,-0.000180
cmd,9.120000,268.820000,0.534264,-1.049740,1.050626,-1.050592,-0.800066,-0.000180
cmd,9.125000,268.825000,0.535392,-1.049740,1.050626,-1.050592,-0.800066,-0.000180
cmd,9.130000,268.830000,0.536485,-1.049740,1.050626,-1.050592,-0.800066,-0.000180
cmd,9.135000,268.835000,0.537542,-1.049740,1.050626,-1.050592,-0.800066,-0.000180
cmd,9.140000,268.840000,0.538562,-1.049740,1.050626,-1.050592,-0.800066,-0.000180
cmd,9.145000,268.845000,0.539544,-1.049740,1.050626,-1.050592,-0.800066,-0.000180
cmd,9.150000,268.850000,0.540487,-1.049740,1.050626,-1.050592,-0.800066,-0.000180
cmd,9.155000,268.855000,0.541390,-1.049740,1.050626,-1.050592,-0.800066,-0.000180
cmd,9.160000,268.860000,0.542253,-1.049740,1.050626,-1.050592,-0.800066,-0.000180
cmd,9.165000,268.865000,0.543074,-1.049740,1.050626,-1.050592,-0.800066,-0.000180
cmd,9.170000,268.870000,0.543852,-1.049740,1.050626,-1.050592,-0.800066,-0.000180
cmd,9.175000,268.875000,0.544587,-1.049740,1.050626,-1.050592,-0.800066,-0.000180
cmd,9.180000,268.880000,0.545278,-1.049740,1.050626,-1.050592,-0.800066,-0.000180
cmd,9.185000,268.885000,0.545924,-1.049740,1.050626,-1.050592,-0.800066,-0.000180
cmd,9.190000,268.890000,0.546525,-1.049740,1.050626,-1.050592,-0.800066,-0.000180
cmd,9.195000,268.895000,0.547080,-1.049740,1.050626,-1.050592,-0.800066,-0.000180
cmd,9.200000,268.900000,0.547589,-1.049740,1.050626,-1.050592,-0.800066,-0.000180
cmd,9.205000,268.905000,0.548051,-1.049740,1.050626,-1.050592,-0.800066,-0.000180
cmd,9.210000,268.910000,0.548466,-1.049740,1.050626,-1.050592,-0.800066,-0.000180
cmd,9.215000,268.915000,0.548832,-1.049740,1.050626,-1.050592,-0.800066,-0.000180
cmd,9.220000,268.920000,0.549151,-1.049740,1.050626,-1.050592,-0.800066,-0.000180
cmd,9.225000,268.925000,0.549421,-1.049740,1.050626,-1.050592,-0.800066,-0.000180
cmd,9.230000,268.930000,0.549642,-1.049740,1.050626,-1.050592,-0.800066,-0.000180
cmd,9.235000,268.935000,0.549815,-1.049740,1.050626,-1.050592,-0.800066,-0.000180
cmd,9.240000,268.940000,0.549938,-1.049740,1.050626,-1.050592,-0.800066,-0.000180
cmd,9.245000,268.945000,0.550012,-1.049740,1.050626,-1.050592,-0.800066,-0.000180
cmd,9.250000,268.950000,0.550036,-1.049740,1.050626,-1.050592,-0.800066,-0.000180
cmd,9.255000,268.955000,0.550012,-1.049740,1.050626,-1.050592,-0.800066,-0.000180
cmd,9.260000,268.960000,0.549938,-1.049740,1.050626,-1.050592,-0.800066,-0.000180
cmd,9.265000,268.965000,0.549815,-1.049740,1.050626,-1.050592,-0.800066,-0.000180
cmd,9.270000,268.970000,0.549642,-1.049740,1.050626,-1.050592,-0.800066,-0.000180
cmd,9.275000,268.975000,0.549421,-1.049740,1.050626,-1.050592,-0.800066,-0.000180
cmd,9.280000,268.980000,0.549151,-1.049740,1.050626,-1.050592,-0.800066,-0.000180
cmd,9.285000,268.985000,0.548832,-1.049740,1.050626,-1.050592,-0.800066,-0.000180
cmd,9.290000,268.990000,0.548466,-1.049740,1.050626,-1.050592,-0.800066,-0.000180
cmd,9.295000,268.995000,0.548051,-1.049740,1.050626,-1.050592,-0.800066,-0.000180
cmd,9.300000,269.000000,0.547589,-1.049740,1.050626,-1.050592,-0.800066,-0.000180
cmd,9.305000,269.005000,0.547080,-1.049740,1.050626,-1.050592,-0.800066,-0.000180
cmd,9.310000,269.010000,0.546525,-1.049740,1.050626,-1.050592,-0.800066,-0.000180
cmd,9.315000,269.015000,0.545924,-1.049740,1.050626,-1.050592,-0.800066,-0.000180
cmd,9.320000,269.020000,0.545278,-1.049740,1.050626,-1.050592,-0.800066,-0.000180
cmd,9.325000,269.025000,0.544587,-1.049740,1.050626,-1.050592,-0.800066,-0.000180
cmd,9.330000,269.030000,0.543852,-1.049740,1.050626,-1.050592,-0.800066,-0.000180
cmd,9.335000,269.035000,0.543074,-1.049740,1.050626,-1.050592,-0.800066,-0.000180
cmd,9.340000,269.040000,0.542253,-1.049740,1.050626,-1.050592,-0.800066,-0.000180
cmd,9.345000,269.045000,0.541390,-1.049740,1.050626,-1.050592,-0.800066,-0.000180
cmd,9.350000,269.050000,0.540487,-1.049740,1.050626,-1.050592,-0.800066,-0.000180
cmd,9.355000,269.055000,0.539544,-1.049740,1.050626,-1.050592,-0.800066,-0.000180
cmd,9.360000,269.060000,0.538562,-1.049740,1.050626,-1.050592,-0.800066,-0.000180
cmd,9.365000,269.065000,0.537542,-1.049740,1.050626,-1.050592,-0.800066,-0.000180
cmd,9.370000,269.070000,0.536485,-1.049740,1.050626,-1.050592,-0.800066,-0.000180
cmd,9.375000,269.075000,0.535392,-1.049740,1.050626,-1.050592,-0.800066,-0.000180
cmd,9.380000,269.080000,0.534264,-1.049740,1.050626,-1.050592,-0.800066,-0.000180
cmd,9.385000,269.085000,0.533102,-1.049740,1.050626,-1.050592,-0.800066,-0.000180
cmd,9.390000,269.090000,0.531908,-1.049740,1.050626,-1.050592,-0.800066,-0.000180
cmd,9.395000,269.095000,0.530682,-1.049740,1.050626,-1.050592,-0.800066,-0.000180
cmd,9.400000,269.100000,0.529426,-1.049740,1.050626,-1.050592,-0.800066,-0.000180
cmd,9.405000,269.105000,0.528141,-1.049740,1.050626,-1.050592,-0.800066,-0.000180
cmd,9.410000,269.110000,0.526828,-1.049740,1.050626,-1.050592,-0.800066,-0.000180
cmd,9.415000,269.115000,0.525489,-1.049740,1.050626,-1.050592,-0.800066,-0.000180
cmd,9.420000,269.120000,0.524124,-1.049740,1.050626,-1.050592,-0.800066,-0.000180
cmd,9.425000,269.125000,0.522736,-1.049740,1.050626,-1.050592,-0.800066,-0.000180
cmd,9.430000,269.130000,0.521325,-1.049740,1.050626,-1.050592,-0.800066,-0.000180
cmd,9.435000,269.135000,0.519894,-1.049740,1.050626,-1.050592,-0.800066,-0.000180
cmd,9.440000,269.140000,0.518443,-1.049740,1.050626,-1.050592,-0.800066,-0.000180
cmd,9.445000,269.145000,0.516973,-1.049740,1.050626,-1.050592,-0.800066,-0.000180
cmd,9.450000,269.150000,0.515487,-1.049740,1.050626,-1.050592,-0.800066,-0.000180
cmd,9.455000,269.155000,0.513986,-1.049740,1.050626,-1.050592,-0.800066,-0.000180
cmd,9.460000,269.160000,0.512471,-1.049740,1.050626,-1.050592,-0.800066,-0.000180
cmd,9.465000,269.165000,0.510944,-1.049740,1.050626,-1.050592,-0.800066,-0.000180
cmd,9.470000,269.170000,0.509405,-1.049740,1.050626,-1.050592,-0.800066,-0.000180
cmd,9.475000,269.175000,0.507858,-1.049740,1.050626,-1.050592,-0.800066,-0.000180
cmd,9.480000,269.180000,0.506303,-1.049740,1.050626,-1.050592,-0.800066,-0.000180
cmd,9.485000,269.185000,0.504742,-1.049740,1.050626,-1.050592,-0.800066,-0.000180
cmd,9.490000,269.190000,0.503176,-1.049740,1.050626,-1.050592,-0.800066,-0.000180
cmd,9.495000,269.195000,0.501607,-1.049740,1.050626,-1.050592,-0.800066,-0.000180
cmd,9.500000,269.200000,0.500036,-1.049740,1.050626,-1.050592,-0.800066,-0.000180
cmd,9.505000,269.205000,0.498466,-1.049740,1.050626,-1.050592,-0.800066,-0.000180
cmd,9.510000,269.210000,0.496897,-1.049740,1.050626,-1.050592,-0.800066,-0.000180
cmd,9.515000,269.215000,0.495331,-1.049740,1.050626,-1.050592,-0.800066,-0.000180
cmd,9.520000,269.220000,0.493770,-1.049740,1.050626,-1.050592,-0.800066,-0.000180
cmd,9.525000,269.225000,0.492215,-1.049740,1.050626,-1.050592,-0.800066,-0.000180
cmd,9.530000,269.230000,0.490667,-1.049740,1.050626,-1.050592,-0.800066,-0.000180
cmd,9.535000,269.235000,0.489129,-1.049740,1.050626,-1.050592,-0.800066,-0.000180
cmd,9.540000,269.240000,0.487602,-1.049740,1.050626,-1.050592,-0.800066,-0.000180
cmd,9.545000,269.245000,0.486087,-1.049740,1.050626,-1.050592,-0.800066,-0.000180
cmd,9.550000,269.250000,0.484586,-1.049740,1.050626,-1.050592,-0.800066,-0.000180
cmd,9.555000,269.255000,0.483100,-1.049740,1.050626,-1.050592,-0.800066,-0.000180
cmd,9.560000,269.260000,0.481630,-1.049740,1.050626,-1.050592,-0.800066,-0.000180
cmd,9.565000,269.265000,0.480179,-1.049740,1.050626,-1.050592,-0.800066,-0.000180
cmd,9.570000,269.270000,0.478747,-1.049740,1.050626,-1.050592,-0.800066,-0.000180
cmd,9.575000,269.275000,0.477337,-1.049740,1.050626,-1.050592,-0.800066,-0.000180
cmd,9.580000,269.280000,0.475949,-1.049740,1.050626,-1.050592,-0.800066,-0.000180
cmd,9.585000,269.285000,0.474584,-1.049740,1.050626,-1.050592,-0.800066,-0.000180
cmd,9.590000,269.290000,0.473245,-1.049740,1.050626,-1.050592,-0.800066,-0.000180
cmd,9.595000,269.295000,0.471932,-1.049740,1.050626,-1.050592,-0.800066,-0.000180
cmd,9.600000,269.300000,0.470647,-1.049740,1.050626,-1.050592,-0.800066,-0.000180
cmd,9.605000,269.305000,0.469391,-1.049740,1.050626,-1.050592,-0.800066,-0.000180
cmd,9.610000,269.310000,0.468165,-1.049740,1.050626,-1.050592,-0.800066,-0.000180
cmd,9.615000,269.315000,0.466971,-1.049740,1.050626,-1.050592,-0.800066,-0.000180
cmd,9.620000,269.320000,0.465809,-1.049740,1.050626,-1.050592,-0.800066,-0.000180
cmd,9.625000,269.325000,0.464681,-1.049740,1.050626,-1.050592,-0.800066,-0.000180
cmd,9.630000,269.330000,0.463588,-1.049740,1.050626,-1.050592,-0.800066,-0.000180
cmd,9.635000,269.335000,0.462531,-1.049740,1.050626,-1.050592,-0.800066,-0.000180
cmd,9.640000,269.340000,0.461511,-1.049740,1.050626,-1.050592,-0.800066,-0.000180
cmd,9.645000,269.345000,0.460529,-1.049740,1.050626,-1.050592,-0.800066,-0.000180
cmd,9.650000,269.350000,0.459586,-1.049740,1.050626,-1.050592,-0.800066,-0.000180
cmd,9.655000,269.355000,0.458682,-1.049740,1.050626,-1.050592,-0.800066,-0.000180
cmd,9.660000,269.360000,0.457820,-1.049740,1.050626,-1.050592,-0.800066,-0.000180
cmd,9.665000,269.365000,0.456999,-1.049740,1.050626,-1.050592,-0.800066,-0.000180
cmd,9.670000,269.370000,0.456221,-1.049740,1.050626,-1.050592,-0.800066,-0.000180
cmd,9.675000,269.375000,0.455486,-1.049740,1.050626,-1.050592,-0.800066,-0.000180
cmd,9.680000,269.380000,0.454795,-1.049740,1.050626,-1.050592,-0.800066,-0.000180
cmd,9.685000,269.385000,0.454149,-1.049740,1.050626,-1.050592,-0.800066,-0.000180
cmd,9.690000,269.390000,0.453548,-1.049740,1.050626,-1.050592,-0.800066,-0.000180
cmd,9.695000,269.395000,0.452992,-1.049740,1.050626,-1.050592,-0.800066,-0.000180
cmd,9.700000,269.400000,0.452484,-1.049740,1.050626,-1.050592,-0.800066,-0.000180
cmd,9.705000,269.405000,0.452022,-1.049740,1.050626,-1.050592,-0.800066,-0.000180
cmd,9.710000,269.410000,0.451607,-1.049740,1.050626,-1.050592,-0.800066,-0.000180
cmd,9.715000,269.415000,0.451241,-1.049740,1.050626,-1.050592,-0.800066,-0.000180
cmd,9.720000,269.420000,0.450922,-1.049740,1.050626,-1.050592,-0.800066,-0.000180
cmd,9.725000,269.425000,0.450652,-1.049740,1.050626,-1.050592,-0.800066,-0.000180
cmd,9.730000,269.430000,0.450431,-1.049740,1.050626,-1.050592,-0.800066,-0.000180
cmd,9.735000,269.435000,0.450258,-1.049740,1.050626,-1.050592,-0.800066,-0.000180
cmd,9.740000,269.440000,0.450135,-1.049740,1.050626,-1.050592,-0.800066,-0.000180
cmd,9.745000,269.445000,0.450061,-1.049740,1.050626,-1.050592,-0.800066,-0.000180
cmd,9.750000,269.450000,0.450036,-1.049740,1.050626,-1.050592,-0.800066,-0.000180
cmd,9.755000,269.455000,0.450061,-1.049740,1.050626,-1.050592,-0.800066,-0.000180
cmd,9.760000,269.460000,0.450135,-1.049740,1.050626,-1.050592,-0.800066,-0.000180
cmd,9.765000,269.465000,0.450258,-1.049740,1.050626,-1.050592,-0.800066,-0.000180
cmd,9.770000,269.470000,0.450431,-1.049740,1.050626,-1.050592,-0.800066,-0.000180
cmd,9.775000,269.475000,0.450652,-1.049740,1.050626,-1.050592,-0.800066,-0.000180
cmd,9.780000,269.480000,0.450922,-1.049740,1.050626,-1.050592,-0.800066,-0.000180
cmd,9.785000,269.485000,0.451241,-1.049740,1.050626,-1.050592,-0.800066,-0.000180
cmd,9.790000,269.490000,0.451607,-1.049740,1.050626,-1.050592,-0.800066,-0.000180
cmd,9.795000,269.495000,0.452022,-1.049740,1.050626,-1.050592,-0.800066,-0.000180
cmd,9.800000,269.500000,0.452484,-1.049740,1.050626,-1.050592,-0.800066,-0.000180
cmd,9.805000,269.505000,0.452992,-1.049740,1.050626,-1.050592,-0.800066,-0.000180
cmd,9.810000,269.510000,0.453548,-1.049740,1.050626,-1.050592,-0.800066,-0.000180
cmd,9.815000,269.515000,0.454149,-1.049740,1.050626,-1.050592,-0.800066,-0.000180
cmd,9.820000,269.520000,0.454795,-1.049740,1.050626,-1.050592,-0.800066,-0.000180
cmd,9.825000,269.525000,0.455486,-1.049740,1.050626,-1.050592,-0.800066,-0.000180
cmd,9.830000,269.530000,0.456221,-1.049740,1.050626,-1.050592,-0.800066,-0.000180
cmd,9.835000,269.535000,0.456999,-1.049740,1.050626,-1.050592,-0.800066,-0.000180
cmd,9.840000,269.540000,0.457820,-1.049740,1.050626,-1.050592,-0.800066,-0.000180
cmd,9.845000,269.545000,0.458682,-1.049740,1.050626,-1.050592,-0.800066,-0.000180
cmd,9.850000,269.550000,0.459586,-1.049740,1.050626,-1.050592,-0.800066,-0.000180
cmd,9.855000,269.555000,0.460529,-1.049740,1.050626,-1.050592,-0.800066,-0.000180
cmd,9.860000,269.560000,0.461511,-1.049740,1.050626,-1.050592,-0.800066,-0.000180
cmd,9.865000,269.565000,0.462531,-1.049740,1.050626,-1.050592,-0.800066,-0.000180
cmd,9.870000,269.570000,0.463588,-1.049740,1.050626,-1.050592,-0.800066,-0.000180
cmd,9.875000,269.575000,0.464681,-1.049740,1.050626,-1.050592,-0.800066,-0.000180
cmd,9.880000,269.580000,0.465809,-1.049740,1.050626,-1.050592,-0.800066,-0.000180
cmd,9.885000,269.585000,0.466971,-1.049740,1.050626,-1.050592,-0.800066,-0.000180
cmd,9.890000,269.590000,0.468165,-1.049740,1.050626,-1.050592,-0.800066,-0.000180
cmd,9.895000,269.595000,0.469391,-1.049740,1.050626,-1.050592,-0.800066,-0.000180
cmd,9.900000,269.600000,0.470647,-1.049740,1.050626,-1.050592,-0.800066,-0.000180
cmd,9.905000,269.605000,0.471932,-1.049740,1.050626,-1.050592,-0.800066,-0.000180
cmd,9.910000,269.610000,0.473245,-1.049740,1.050626,-1.050592,-0.800066,-0.000180
cmd,9.915000,269.615000,0.474584,-1.049740,1.050626,-1.050592,-0.800066,-0.000180
cmd,9.920000,269.620000,0.475949,-1.049740,1.050626,-1.050592,-0.800066,-0.000180
cmd,9.925000,269.625000,0.477337,-1.049740,1.050626,-1.050592,-0.800066,-0.000180
cmd,9.930000,269.630000,0.478747,-1.049740,1.050626,-1.050592,-0.800066,-0.000180
cmd,9.935000,269.635000,0.480179,-1.049740,1.050626,-1.050592,-0.800066,-0.000180
cmd,9.940000,269.640000,0.481630,-1.049740,1.050626,-1.050592,-0.800066,-0.000180
cmd,9.945000,269.645000,0.483100,-1.049740,1.050626,-1.050592,-0.800066,-0.000180
cmd,9.950000,269.650000,0.484586,-1.049740,1.050626,-1.050592,-0.800066,-0.000180
cmd,9.955000,269.655000,0.486087,-1.049740,1.050626,-1.050592,-0.800066,-0.000180
cmd,9.960000,269.660000,0.487602,-1.049740,1.050626,-1.050592,-0.800066,-0.000180
cmd,9.965000,269.665000,0.489129,-1.049740,1.050626,-1.050592,-0.800066,-0.000180
cmd,9.970000,269.670000,0.490667,-1.049740,1.050626,-1.050592,-0.800066,-0.000180
cmd,9.975000,269.675000,0.492215,-1.049740,1.050626,-1.050592,-0.800066,-0.000180
cmd,9.980000,269.680000,0.493770,-1.049740,1.050626,-1.050592,-0.800066,-0.000180
cmd,9.985000,269.685000,0.495331,-1.049740,1.050626,-1.050592,-0.800066,-0.000180
cmd,9.990000,269.690000,0.496897,-1.049740,1.050626,-1.050592,-0.800066,-0.000180
cmd,9.995000,269.695000,0.498466,-1.049740,1.050626,-1.050592,-0.800066,-0.000180
cmd,10.000000,269.700000,0.500036,-1.049740,1.050626,-1.050592,-0.800066,-0.000180
cmd,10.005000,269.705000,0.501607,-1.049740,1.050626,-1.050592,-0.800066,-0.000180
cmd,10.010000,269.710000,0.503176,-1.049740,1.050626,-1.050592,-0.800066,-0.000180
cmd,10.015000,269.715000,0.504742,-1.049740,1.050626,-1.050592,-0.800066,-0.000180
cmd,10.020000,269.720000,0.506303,-1.049740,1.050626,-1.050592,-0.800066,-0.000180
cmd,10.025000,269.725000,0.507858,-1.049740,1.050626,-1.050592,-0.800066,-0.000180
cmd,10.030000,269.730000,0.509405,-1.049740,1.050626,-1.050592,-0.800066,-0.000180
cmd,10.035000,269.735000,0.510944,-1.049740,1.050626,-1.050592,-0.800066,-0.000180
cmd,10.040000,269.740000,0.512471,-1.049740,1.050626,-1.050592,-0.800066,-0.000180
cmd,10.045000,269.745000,0.513986,-1.049740,1.050626,-1.050592,-0.800066,-0.000180
cmd,10.050000,269.750000,0.515487,-1.049740,1.050626,-1.050592,-0.800066,-0.000180
cmd,10.055000,269.755000,0.516973,-1.049740,1.050626,-1.050592,-0.800066,-0.000180
cmd,10.060000,269.760000,0.518443,-1.049740,1.050626,-1.050592,-0.800066,-0.000180
cmd,10.065000,269.765000,0.519894,-1.049740,1.050626,-1.050592,-0.800066,-0.000180
cmd,10.070000,269.770000,0.521325,-1.049740,1.050626,-1.050592,-0.800066,-0.000180
cmd,10.075000,269.775000,0.522736,-1.049740,1.050626,-1.050592,-0.800066,-0.000180
cmd,10.080000,269.780000,0.524124,-1.049740,1.050626,-1.050592,-0.800066,-0.000180
cmd,10.085000,269.785000,0.525489,-1.049740,1.050626,-1.050592,-0.800066,-0.000180
cmd,10.090000,269.790000,0.526828,-1.049740,1.050626,-1.050592,-0.800066,-0.000180
cmd,10.095000,269.795000,0.528141,-1.049740,1.050626,-1.050592,-0.800066,-0.000180
cmd,10.100000,269.800000,0.529426,-1.049740,1.050626,-1.050592,-0.800066,-0.000180
cmd,10.105000,269.805000,0.530682,-1.049740,1.050626,-1.050592,-0.800066,-0.000180
cmd,10.110000,269.810000,0.531908,-1.049740,1.050626,-1.050592,-0.800066,-0.000180
cmd,10.115000,269.815000,0.533102,-1.049740,1.050626,-1.050592,-0.800066,-0.000180
cmd,10.120000,269.820000,0.534264,-1.049740,1.050626,-1.050592,-0.800066,-0.000180
cmd,10.125000,269.825000,0.535392,-1.049740,1.050626,-1.050592,-0.800066,-0.000180
cmd,10.130000,269.830000,0.536485,-1.049740,1.050626,-1.050592,-0.800066,-0.000180
cmd,10.135000,269.835000,0.537542,-1.049740,1.050626,-1.050592,-0.800066,-0.000180
cmd,10.140000,269.840000,0.538562,-1.049740,1.050626,-1.050592,-0.800066,-0.000180
cmd,10.145000,269.845000,0.539544,-1.049740,1.050626,-1.050592,-0.800066,-0.000180
cmd,10.150000,269.850000,0.540487,-1.049740,1.050626,-1.050592,-0.800066,-0.000180
cmd,10.155000,269.855000,0.541390,-1.049740,1.050626,-1.050592,-0.800066,-0.000180
cmd,10.160000,269.860000,0.542253,-1.049740,1.050626,-1.050592,-0.800066,-0.000180
cmd,10.165000,269.865000,0.543074,-1.049740,1.050626,-1.050592,-0.800066,-0.000180
cmd,10.170000,269.870000,0.543852,-1.049740,1.050626,-1.050592,-0.800066,-0.000180
cmd,10.175000,269.875000,0.544587,-1.049740,1.050626,-1.050592,-0.800066,-0.000180
cmd,10.180000,269.880000,0.545278,-1.049740,1.050626,-1.050592,-0.800066,-0.000180
cmd,10.185000,269.885000,0.545924,-1.049740,1.050626,-1.050592,-0.800066,-0.000180
cmd,10.190000,269.890000,0.546525,-1.049740,1.050626,-1.050592,-0.800066,-0.000180
cmd,10.195000,269.895000,0.547080,-1.049740,1.050626,-1.050592,-0.800066,-0.000180
cmd,10.200000,269.900000,0.547589,-1.049740,1.050626,-1.050592,-0.800066,-0.000180
cmd,10.205000,269.905000,0.548051,-1.049740,1.050626,-1.050592,-0.800066,-0.000180
cmd,10.210000,269.910000,0.548466,-1.049740,1.050626,-1.050592,-0.800066,-0.000180
cmd,10.215000,269.915000,0.548832,-1.049740,1.050626,-1.050592,-0.800066,-0.000180
cmd,10.220000,269.920000,0.549151,-1.049740,1.050626,-1.050592,-0.800066,-0.000180
cmd,10.225000,269.925000,0.549421,-1.049740,1.050626,-1.050592,-0.800066,-0.000180
cmd,10.230000,269.930000,0.549642,-1.049740,1.050626,-1.050592,-0.800066,-0.000180
cmd,10.235000,269.935000,0.549815,-1.049740,1.050626,-1.050592,-0.800066,-0.000180
cmd,10.240000,269.940000,0.549938,-1.049740,1.050626,-1.050592,-0.800066,-0.000180
cmd,10.245000,269.945000,0.550012,-1.049740,1.050626,-1.050592,-0.800066,-0.000180
cmd,10.250000,269.950000,0.550036,-1.049740,1.050626,-1.050592,-0.800066,-0.000180
cmd,10.255000,269.955000,0.550012,-1.049740,1.050626,-1.050592,-0.800066,-0.000180
cmd,10.260000,269.960000,0.549938,-1.049740,1.050626,-1.050592,-0.800066,-0.000180
cmd,10.265000,269.965000,0.549815,-1.049740,1.050626,-1.050592,-0.800066,-0.000180
cmd,10.270000,269.970000,0.549642,-1.049740,1.050626,-1.050592,-0.800066,-0.000180
cmd,10.275000,269.975000,0.549421,-1.049740,1.050626,-1.050592,-0.800066,-0.000180
cmd,10.280000,269.980000,0.549151,-1.049740,1.050626,-1.050592,-0.800066,-0.000180
cmd,10.285000,269.985000,0.548832,-1.049740,1.050626,-1.050592,-0.800066,-0.000180
cmd,10.290000,269.990000,0.548466,-1.049740,1.050626,-1.050592,-0.800066,-0.000180
cmd,10.295000,269.995000,0.548051,-1.049740,1.050626,-1.050592,-0.800066,-0.000180
cmd,10.300000,270.000000,0.547589,-1.049740,1.050626,-1.050592,-0.800066,-0.000180
cmd,10.305000,270.005000,0.547080,-1.049740,1.050626,-1.050592,-0.800066,-0.000180
cmd,10.310000,270.010000,0.546525,-1.049740,1.050626,-1.050592,-0.800066,-0.000180
cmd,10.315000,270.015000,0.545924,-1.049740,1.050626,-1.050592,-0.800066,-0.000180
cmd,10.320000,270.020000,0.545278,-1.049740,1.050626,-1.050592,-0.800066,-0.000180
cmd,10.325000,270.025000,0.544587,-1.049740,1.050626,-1.050592,-0.800066,-0.000180
cmd,10.330000,270.030000,0.543852,-1.049740,1.050626,-1.050592,-0.800066,-0.000180
cmd,10.335000,270.035000,0.543074,-1.049740,1.050626,-1.050592,-0.800066,-0.000180
cmd,10.340000,270.040000,0.542253,-1.049740,1.050626,-1.050592,-0.800066,-0.000180
cmd,10.345000,270.045000,0.541390,-1.049740,1.050626,-1.050592,-0.800066,-0.000180
cmd,10.350000,270.050000,0.540487,-1.049740,1.050626,-1.050592,-0.800066,-0.000180
cmd,10.355000,270.055000,0.539544,-1.049740,1.050626,-1.050592,-0.800066,-0.000180
cmd,10.360000,270.060000,0.538562,-1.049740,1.050626,-1.050592,-0.800066,-0.000180
cmd,10.365000,270.065000,0.537542,-1.049740,1.050626,-1.050592,-0.800066,-0.000180
cmd,10.370000,270.070000,0.536485,-1.049740,1.050626,-1.050592,-0.800066,-0.000180
cmd,10.375000,270.075000,0.535392,-1.049740,1.050626,-1.050592,-0.800066,-0.000180
cmd,10.380000,270.080000,0.534264,-1.049740,1.050626,-1.050592,-0.800066,-0.000180
cmd,10.385000,270.085000,0.533102,-1.049740,1.050626,-1.050592,-0.800066,-0.000180
cmd,10.390000,270.090000,0.531908,-1.049740,1.050626,-1.050592,-0.800066,-0.000180
cmd,10.395000,270.095000,0.530682,-1.049740,1.050626,-1.050592,-0.800066,-0.000180
cmd,10.400000,270.100000,0.529426,-1.049740,1.050626,-1.050592,-0.800066,-0.000180
cmd,10.405000,270.105000,0.528141,-1.049740,1.050626,-1.050592,-0.800066,-0.000180
cmd,10.410000,270.110000,0.526828,-1.049740,1.050626,-1.050592,-0.800066,-0.000180
cmd,10.415000,270.115000,0.525489,-1.049740,1.050626,-1.050592,-0.800066,-0.000180
cmd,10.420000,270.120000,0.524124,-1.049740,1.050626,-1.050592,-0.800066,-0.000180
cmd,10.425000,270.125000,0.522736,-1.049740,1.050626,-1.050592,-0.800066,-0.000180
cmd,10.430000,270.130000,0.521325,-1.049740,1.050626,-1.050592,-0.800066,-0.000180
cmd,10.435000,270.135000,0.519894,-1.049740,1.050626,-1.050592,-0.800066,-0.000180
cmd,10.440000,270.140000,0.518443,-1.049740,1.050626,-1.050592,-0.800066,-0.000180
cmd,10.445000,270.145000,0.516973,-1.049740,1.050626,-1.050592,-0.800066,-0.000180
cmd,10.450000,270.150000,0.515487,-1.049740,1.050626,-1.050592,-0.800066,-0.000180
cmd,10.455000,270.155000,0.513986,-1.049740,1.050626,-1.050592,-0.800066,-0.000180
cmd,10.460000,270.160000,0.512471,-1.049740,1.050626,-1.050592,-0.800066,-0.000180
cmd,10.465000,270.165000,0.510944,-1.049740,1.050626,-1.050592,-0.800066,-0.000180
cmd,10.470000,270.170000,0.509405,-1.049740,1.050626,-1.050592,-0.800066,-0.000180
cmd,10.475000,270.175000,0.507858,-1.049740,1.050626,-1.050592,-0.800066,-0.000180
cmd,10.480000,270.180000,0.506303,-1.049740,1.050626,-1.050592,-0.800066,-0.000180
cmd,10.485000,270.185000,0.504742,-1.049740,1.050626,-1.050592,-0.800066,-0.000180
cmd,10.490000,270.190000,0.503176,-1.049740,1.050626,-1.050592,-0.800066,-0.000180
cmd,10.495000,270.195000,0.501607,-1.049740,1.050626,-1.050592,-0.800066,-0.000180
cmd,10.500000,270.200000,0.500036,-1.049740,1.050626,-1.050592,-0.800066,-0.000180
cmd,10.505000,270.205000,0.498466,-1.049740,1.050626,-1.050592,-0.800066,-0.000180
cmd,10.510000,270.210000,0.496897,-1.049740,1.050626,-1.050592,-0.800066,-0.000180
cmd,10.515000,270.215000,0.495331,-1.049740,1.050626,-1.050592,-0.800066,-0.000180
cmd,10.520000,270.220000,0.493770,-1.049740,1.050626,-1.050592,-0.800066,-0.000180
cmd,10.525000,270.225000,0.492215,-1.049740,1.050626,-1.050592,-0.800066,-0.000180
cmd,10.530000,270.230000,0.490667,-1.049740,1.050626,-1.050592,-0.800066,-0.000180
cmd,10.535000,270.235000,0.489129,-1.049740,1.050626,-1.050592,-0.800066,-0.000180
cmd,10.540000,270.240000,0.487602,-1.049740,1.050626,-1.050592,-0.800066,-0.000180
cmd,10.545000,270.245000,0.486087,-1.049740,1.050626,-1.050592,-0.800066,-0.000180
cmd,10.550000,270.250000,0.484586,-1.049740,1.050626,-1.050592,-0.800066,-0.000180
cmd,10.555000,270.255000,0.483100,-1.049740,1.050626,-1.050592,-0.800066,-0.000180
cmd,10.560000,270.260000,0.481630,-1.049740,1.050626,-1.050592,-0.800066,-0.000180
cmd,10.565000,270.265000,0.480179,-1.049740,1.050626,-1.050592,-0.800066,-0.000180
cmd,10.570000,270.270000,0.478747,-1.049740,1.050626,-1.050592,-0.800066,-0.000180
cmd,10.575000,270.275000,0.477337,-1.049740,1.050626,-1.050592,-0.800066,-0.000180
cmd,10.580000,270.280000,0.475949,-1.049740,1.050626,-1.050592,-0.800066,-0.000180
cmd,10.585000,270.285000,0.474584,-1.049740,1.050626,-1.050592,-0.800066,-0.000180
cmd,10.590000,270.290000,0.473245,-1.049740,1.050626,-1.050592,-0.800066,-0.000180
cmd,10.595000,270.295000,0.471932,-1.049740,1.050626,-1.050592,-0.800066,-0.000180
cmd,10.600000,270.300000,0.470647,-1.049740,1.050626,-1.050592,-0.800066,-0.000180
cmd,10.605000,270.305000,0.469391,-1.049740,1.050626,-1.050592,-0.800066,-0.000180
cmd,10.610000,270.310000,0.468165,-1.049740,1.050626,-1.050592,-0.800066,-0.000180
cmd,10.615000,270.315000,0.466971,-1.049740,1.050626,-1.050592,-0.800066,-0.000180
cmd,10.620000,270.320000,0.465809,-1.049740,1.050626,-1.050592,-0.800066,-0.000180
cmd,10.625000,270.325000,0.464681,-1.049740,1.050626,-1.050592,-0.800066,-0.000180
cmd,10.630000,270.330000,0.463588,-1.049740,1.050626,-1.050592,-0.800066,-0.000180
cmd,10.635000,270.335000,0.462531,-1.049740,1.050626,-1.050592,-0.800066,-0.000180
cmd,10.640000,270.340000,0.461511,-1.049740,1.050626,-1.050592,-0.800066,-0.000180
cmd,10.645000,270.345000,0.460529,-1.049740,1.050626,-1.050592,-0.800066,-0.000180
cmd,10.650000,270.350000,0.459586,-1.049740,1.050626,-1.050592,-0.800066,-0.000180
cmd,10.655000,270.355000,0.458682,-1.049740,1.050626,-1.050592,-0.800066,-0.000180
cmd,10.660000,270.360000,0.457820,-1.049740,1.050626,-1.050592,-0.800066,-0.000180
cmd,10.665000,270.365000,0.456999,-1.049740,1.050626,-1.050592,-0.800066,-0.000180
cmd,10.670000,270.370000,0.456221,-1.049740,1.050626,-1.050592,-0.800066,-0.000180
cmd,10.675000,270.375000,0.455486,-1.049740,1.050626,-1.050592,-0.800066,-0.000180
cmd,10.680000,270.380000,0.454795,-1.049740,1.050626,-1.050592,-0.800066,-0.000180
cmd,10.685000,270.385000,0.454149,-1.049740,1.050626,-1.050592,-0.800066,-0.000180
cmd,10.690000,270.390000,0.453548,-1.049740,1.050626,-1.050592,-0.800066,-0.000180
cmd,10.695000,270.395000,0.452992,-1.049740,1.050626,-1.050592,-0.800066,-0.000180
cmd,10.700000,270.400000,0.452484,-1.049740,1.050626,-1.050592,-0.800066,-0.000180
cmd,10.705000,270.405000,0.452022,-1.049740,1.050626,-1.050592,-0.800066,-0.000180
cmd,10.710000,270.410000,0.451607,-1.049740,1.050626,-1.050592,-0.800066,-0.000180
cmd,10.715000,270.415000,0.451241,-1.049740,1.050626,-1.050592,-0.800066,-0.000180
cmd,10.720000,270.420000,0.450922,-1.049740,1.050626,-1.050592,-0.800066,-0.000180
cmd,10.725000,270.425000,0.450652,-1.049740,1.050626,-1.050592,-0.800066,-0.000180
cmd,10.730000,270.430000,0.450431,-1.049740,1.050626,-1.050592,-0.800066,-0.000180
cmd,10.735000,270.435000,0.450258,-1.049740,1.050626,-1.050592,-0.800066,-0.000180
cmd,10.740000,270.440000,0.450135,-1.049740,1.050626,-1.050592,-0.800066,-0.000180
cmd,10.745000,270.445000,0.450061,-1.049740,1.050626,-1.050592,-0.800066,-0.000180
cmd,10.750000,270.450000,0.450036,-1.049740,1.050626,-1.050592,-0.800066,-0.000180
cmd,10.755000,270.455000,0.450061,-1.049740,1.050626,-1.050592,-0.800066,-0.000180
cmd,10.760000,270.460000,0.450135,-1.049740,1.050626,-1.050592,-0.800066,-0.000180
cmd,10.765000,270.465000,0.450258,-1.049740,1.050626,-1.050592,-0.800066,-0.000180
cmd,10.770000,270.470000,0.450431,-1.049740,1.050626,-1.050592,-0.800066,-0.000180
cmd,10.775000,270.475000,0.450652,-1.049740,1.050626,-1.050592,-0.800066,-0.000180
cmd,10.780000,270.480000,0.450922,-1.049740,1.050626,-1.050592,-0.800066,-0.000180
cmd,10.785000,270.485000,0.451241,-1.049740,1.050626,-1.050592,-0.800066,-0.000180
cmd,10.790000,270.490000,0.451607,-1.049740,1.050626,-1.050592,-0.800066,-0.000180
cmd,10.795000,270.495000,0.452022,-1.049740,1.050626,-1.050592,-0.800066,-0.000180
cmd,10.800000,270.500000,0.452484,-1.049740,1.050626,-1.050592,-0.800066,-0.000180
cmd,10.805000,270.505000,0.452992,-1.049740,1.050626,-1.050592,-0.800066,-0.000180
cmd,10.810000,270.510000,0.453548,-1.049740,1.050626,-1.050592,-0.800066,-0.000180
cmd,10.815000,270.515000,0.454149,-1.049740,1.050626,-1.050592,-0.800066,-0.000180
cmd,10.820000,270.520000,0.454795,-1.049740,1.050626,-1.050592,-0.800066,-0.000180
cmd,10.825000,270.525000,0.455486,-1.049740,1.050626,-1.050592,-0.800066,-0.000180
cmd,10.830000,270.530000,0.456221,-1.049740,1.050626,-1.050592,-0.800066,-0.000180
cmd,10.835000,270.535000,0.456999,-1.049740,1.050626,-1.050592,-0.800066,-0.000180
cmd,10.840000,270.540000,0.457820,-1.049740,1.050626,-1.050592,-0.800066,-0.000180
cmd,10.845000,270.545000,0.458682,-1.049740,1.050626,-1.050592,-0.800066,-0.000180
cmd,10.850000,270.550000,0.459586,-1.049740,1.050626,-1.050592,-0.800066,-0.000180
cmd,10.855000,270.555000,0.460529,-1.049740,1.050626,-1.050592,-0.800066,-0.000180
cmd,10.860000,270.560000,0.461511,-1.049740,1.050626,-1.050592,-0.800066,-0.000180
cmd,10.865000,270.565000,0.462531,-1.049740,1.050626,-1.050592,-0.800066,-0.000180
cmd,10.870000,270.570000,0.463588,-1.049740,1.050626,-1.050592,-0.800066,-0.000180
cmd,10.875000,270.575000,0.464681,-1.049740,1.050626,-1.050592,-0.800066,-0.000180
cmd,10.880000,270.580000,0.465809,-1.049740,1.050626,-1.050592,-0.800066,-0.000180
cmd,10.885000,270.585000,0.466971,-1.049740,1.050626,-1.050592,-0.800066,-0.000180
cmd,10.890000,270.590000,0.468165,-1.049740,1.050626,-1.050592,-0.800066,-0.000180
cmd,10.895000,270.595000,0.469391,-1.049740,1.050626,-1.050592,-0.800066,-0.000180
cmd,10.900000,270.600000,0.470647,-1.049740,1.050626,-1.050592,-0.800066,-0.000180
cmd,10.905000,270.605000,0.471932,-1.049740,1.050626,-1.050592,-0.800066,-0.000180
cmd,10.910000,270.610000,0.473245,-1.049740,1.050626,-1.050592,-0.800066,-0.000180
cmd,10.915000,270.615000,0.474584,-1.049740,1.050626,-1.050592,-0.800066,-0.000180
cmd,10.920000,270.620000,0.475949,-1.049740,1.050626,-1.050592,-0.800066,-0.000180
cmd,10.925000,270.625000,0.477337,-1.049740,1.050626,-1.050592,-0.800066,-0.000180
cmd,10.930000,270.630000,0.478747,-1.049740,1.050626,-1.050592,-0.800066,-0.000180
cmd,10.935000,270.635000,0.480179,-1.049740,1.050626,-1.050592,-0.800066,-0.000180
cmd,10.940000,270.640000,0.481630,-1.049740,1.050626,-1.050592,-0.800066,-0.000180
cmd,10.945000,270.645000,0.483100,-1.049740,1.050626,-1.050592,-0.800066,-0.000180
cmd,10.950000,270.650000,0.484586,-1.049740,1.050626,-1.050592,-0.800066,-0.000180
cmd,10.955000,270.655000,0.486087,-1.049740,1.050626,-1.050592,-0.800066,-0.000180
cmd,10.960000,270.660000,0.487602,-1.049740,1.050626,-1.050592,-0.800066,-0.000180
cmd,10.965000,270.665000,0.489129,-1.049740,1.050626,-1.050592,-0.800066,-0.000180
cmd,10.970000,270.670000,0.490667,-1.049740,1.050626,-1.050592,-0.800066,-0.000180
cmd,10.975000,270.675000,0.492215,-1.049740,1.050626,-1.050592,-0.800066,-0.000180
cmd,10.980000,270.680000,0.493770,-1.049740,1.050626,-1.050592,-0.800066,-0.000180
cmd,10.985000,270.685000,0.495331,-1.049740,1.050626,-1.050592,-0.800066,-0.000180
cmd,10.990000,270.690000,0.496897,-1.049740,1.050626,-1.050592,-0.800066,-0.000180
cmd,10.995000,270.695000,0.498466,-1.049740,1.050626,-1.050592,-0.800066,-0.000180
cmd,11.000000,270.700000,0.500036,-1.049740,1.050626,-1.050592,-0.800066,-0.000180
cmd,11.005000,270.705000,0.501607,-1.049740,1.050626,-1.050592,-0.800066,-0.000180
cmd,11.010000,270.710000,0.503176,-1.049740,1.050626,-1.050592,-0.800066,-0.000180
cmd,11.015000,270.715000,0.504742,-1.049740,1.050626,-1.050592,-0.800066,-0.000180
cmd,11.020000,270.720000,0.506303,-1.049740,1.050626,-1.050592,-0.800066,-0.000180
cmd,11.025000,270.725000,0.507858,-1.049740,1.050626,-1.050592,-0.800066,-0.000180
cmd,11.030000,270.730000,0.509405,-1.049740,1.050626,-1.050592,-0.800066,-0.000180
cmd,11.035000,270.735000,0.510944,-1.049740,1.050626,-1.050592,-0.800066,-0.000180
cmd,11.040000,270.740000,0.512471,-1.049740,1.050626,-1.050592,-0.800066,-0.000180
cmd,11.045000,270.745000,0.513986,-1.049740,1.050626,-1.050592,-0.800066,-0.000180
cmd,11.050000,270.750000,0.515487,-1.049740,1.050626,-1.050592,-0.800066,-0.000180
cmd,11.055000,270.755000,0.516973,-1.049740,1.050626,-1.050592,-0.800066,-0.000180
cmd,11.060000,270.760000,0.518443,-1.049740,1.050626,-1.050592,-0.800066,-0.000180
cmd,11.065000,270.765000,0.519894,-1.049740,1.050626,-1.050592,-0.800066,-0.000180
cmd,11.070000,270.770000,0.521325,-1.049740,1.050626,-1.050592,-0.800066,-0.000180
cmd,11.075000,270.775000,0.522736,-1.049740,1.050626,-1.050592,-0.800066,-0.000180
cmd,11.080000,270.780000,0.524124,-1.049740,1.050626,-1.050592,-0.800066,-0.000180
cmd,11.085000,270.785000,0.525489,-1.049740,1.050626,-1.050592,-0.800066,-0.000180
cmd,11.090000,270.790000,0.526828,-1.049740,1.050626,-1.050592,-0.800066,-0.000180
cmd,11.095000,270.795000,0.528141,-1.049740,1.050626,-1.050592,-0.800066,-0.000180
cmd,11.100000,270.800000,0.529426,-1.049740,1.050626,-1.050592,-0.800066,-0.000180
cmd,11.105000,270.805000,0.530682,-1.049740,1.050626,-1.050592,-0.800066,-0.000180
cmd,11.110000,270.810000,0.531908,-1.049740,1.050626,-1.050592,-0.800066,-0.000180
cmd,11.115000,270.815000,0.533102,-1.049740,1.050626,-1.050592,-0.800066,-0.000180
cmd,11.120000,270.820000,0.534264,-1.049740,1.050626,-1.050592,-0.800066,-0.000180
cmd,11.125000,270.825000,0.535392,-1.049740,1.050626,-1.050592,-0.800066,-0.000180
cmd,11.130000,270.830000,0.536485,-1.049740,1.050626,-1.050592,-0.800066,-0.000180
cmd,11.135000,270.835000,0.537542,-1.049740,1.050626,-1.050592,-0.800066,-0.000180
cmd,11.140000,270.840000,0.538562,-1.049740,1.050626,-1.050592,-0.800066,-0.000180
cmd,11.145000,270.845000,0.539544,-1.049740,1.050626,-1.050592,-0.800066,-0.000180
cmd,11.150000,270.850000,0.540487,-1.049740,1.050626,-1.050592,-0.800066,-0.000180
cmd,11.155000,270.855000,0.541390,-1.049740,1.050626,-1.050592,-0.800066,-0.000180
cmd,11.160000,270.860000,0.542253,-1.049740,1.050626,-1.050592,-0.800066,-0.000180
cmd,11.165000,270.865000,0.543074,-1.049740,1.050626,-1.050592,-0.800066,-0.000180
cmd,11.170000,270.870000,0.543852,-1.049740,1.050626,-1.050592,-0.800066,-0.000180
cmd,11.175000,270.875000,0.544587,-1.049740,1.050626,-1.050592,-0.800066,-0.000180
cmd,11.180000,270.880000,0.545278,-1.049740,1.050626,-1.050592,-0.800066,-0.000180
cmd,11.185000,270.885000,0.545924,-1.049740,1.050626,-1.050592,-0.800066,-0.000180
cmd,11.190000,270.890000,0.546525,-1.049740,1.050626,-1.050592,-0.800066,-0.000180
cmd,11.195000,270.895000,0.547080,-1.049740,1.050626,-1.050592,-0.800066,-0.000180
cmd,11.200000,270.900000,0.547589,-1.049740,1.050626,-1.050592,-0.800066,-0.000180
cmd,11.205000,270.905000,0.548051,-1.049740,1.050626,-1.050592,-0.800066,-0.000180
cmd,11.210000,270.910000,0.548466,-1.049740,1.050626,-1.050592,-0.800066,-0.000180
cmd,11.215000,270.915000,0.548832,-1.049740,1.050626,-1.050592,-0.800066,-0.000180
cmd,11.220000,270.920000,0.549151,-1.049740,1.050626,-1.050592,-0.800066,-0.000180
cmd,11.225000,270.925000,0.549421,-1.049740,1.050626,-1.050592,-0.800066,-0.000180
cmd,11.230000,270.930000,0.549642,-1.049740,1.050626,-1.050592,-0.800066,-0.000180
cmd,11.235000,270.935000,0.549815,-1.049740,1.050626,-1.050592,-0.800066,-0.000180
cmd,11.240000,270.940000,0.549938,-1.049740,1.050626,-1.050592,-0.800066,-0.000180
cmd,11.245000,270.945000,0.550012,-1.049740,1.050626,-1.050592,-0.800066,-0.000180
cmd,11.250000,270.950000,0.550036,-1.049740,1.050626,-1.050592,-0.800066,-0.000180
cmd,11.255000,270.955000,0.550012,-1.049740,1.050626,-1.050592,-0.800066,-0.000180
cmd,11.260000,270.960000,0.549938,-1.049740,1.050626,-1.050592,-0.800066,-0.000180
cmd,11.265000,270.965000,0.549815,-1.049740,1.050626,-1.050592,-0.800066,-0.000180
cmd,11.270000,270.970000,0.549642,-1.049740,1.050626,-1.050592,-0.800066,-0.000180
cmd,11.275000,270.975000,0.549421,-1.049740,1.050626,-1.050592,-0.800066,-0.000180
cmd,11.280000,270.980000,0.549151,-1.049740,1.050626,-1.050592,-0.800066,-0.000180
cmd,11.285000,270.985000,0.548832,-1.049740,1.050626,-1.050592,-0.800066,-0.000180
cmd,11.290000,270.990000,0.548466,-1.049740,1.050626,-1.050592,-0.800066,-0.000180
cmd,11.295000,270.995000,0.548051,-1.049740,1.050626,-1.050592,-0.800066,-0.000180
cmd,11.300000,271.000000,0.547589,-1.049740,1.050626,-1.050592,-0.800066,-0.000180
cmd,11.305000,271.005000,0.547080,-1.049740,1.050626,-1.050592,-0.800066,-0.000180
cmd,11.310000,271.010000,0.546525,-1.049740,1.050626,-1.050592,-0.800066,-0.000180
cmd,11.315000,271.015000,0.545924,-1.049740,1.050626,-1.050592,-0.800066,-0.000180
cmd,11.320000,271.020000,0.545278,-1.049740,1.050626,-1.050592,-0.800066,-0.000180
cmd,11.325000,271.025000,0.544587,-1.049740,1.050626,-1.050592,-0.800066,-0.000180
cmd,11.330000,271.030000,0.543852,-1.049740,1.050626,-1.050592,-0.800066,-0.000180
cmd,11.335000,271.035000,0.543074,-1.049740,1.050626,-1.050592,-0.800066,-0.000180
cmd,11.340000,271.040000,0.542253,-1.049740,1.050626,-1.050592,-0.800066,-0.000180
cmd,11.345000,271.045000,0.541390,-1.049740,1.050626,-1.050592,-0.800066,-0.000180
cmd,11.350000,271.050000,0.540487,-1.049740,1.050626,-1.050592,-0.800066,-0.000180
cmd,11.355000,271.055000,0.539544,-1.049740,1.050626,-1.050592,-0.800066,-0.000180
cmd,11.360000,271.060000,0.538562,-1.049740,1.050626,-1.050592,-0.800066,-0.000180
cmd,11.365000,271.065000,0.537542,-1.049740,1.050626,-1.050592,-0.800066,-0.000180
cmd,11.370000,271.070000,0.536485,-1.049740,1.050626,-1.050592,-0.800066,-0.000180
cmd,11.375000,271.075000,0.535392,-1.049740,1.050626,-1.050592,-0.800066,-0.000180
cmd,11.380000,271.080000,0.534264,-1.049740,1.050626,-1.050592,-0.800066,-0.000180
cmd,11.385000,271.085000,0.533102,-1.049740,1.050626,-1.050592,-0.800066,-0.000180
cmd,11.390000,271.090000,0.531908,-1.049740,1.050626,-1.050592,-0.800066,-0.000180
cmd,11.395000,271.095000,0.530682,-1.049740,1.050626,-1.050592,-0.800066,-0.000180
cmd,11.400000,271.100000,0.529426,-1.049740,1.050626,-1.050592,-0.800066,-0.000180
cmd,11.405000,271.105000,0.528141,-1.049740,1.050626,-1.050592,-0.800066,-0.000180
cmd,11.410000,271.110000,0.526828,-1.049740,1.050626,-1.050592,-0.800066,-0.000180
cmd,11.415000,271.115000,0.525489,-1.049740,1.050626,-1.050592,-0.800066,-0.000180
cmd,11.420000,271.120000,0.524124,-1.049740,1.050626,-1.050592,-0.800066,-0.000180
cmd,11.425000,271.125000,0.522736,-1.049740,1.050626,-1.050592,-0.800066,-0.000180
cmd,11.430000,271.130000,0.521325,-1.049740,1.050626,-1.050592,-0.800066,-0.000180
cmd,11.435000,271.135000,0.519894,-1.049740,1.050626,-1.050592,-0.800066,-0.000180
cmd,11.440000,271.140000,0.518443,-1.049740,1.050626,-1.050592,-0.800066,-0.000180
cmd,11.445000,271.145000,0.516973,-1.049740,1.050626,-1.050592,-0.800066,-0.000180
cmd,11.450000,271.150000,0.515487,-1.049740,1.050626,-1.050592,-0.800066,-0.000180
cmd,11.455000,271.155000,0.513986,-1.049740,1.050626,-1.050592,-0.800066,-0.000180
cmd,11.460000,271.160000,0.512471,-1.049740,1.050626,-1.050592,-0.800066,-0.000180
cmd,11.465000,271.165000,0.510944,-1.049740,1.050626,-1.050592,-0.800066,-0.000180
cmd,11.470000,271.170000,0.509405,-1.049740,1.050626,-1.050592,-0.800066,-0.000180
cmd,11.475000,271.175000,0.507858,-1.049740,1.050626,-1.050592,-0.800066,-0.000180
cmd,11.480000,271.180000,0.506303,-1.049740,1.050626,-1.050592,-0.800066,-0.000180
cmd,11.485000,271.185000,0.504742,-1.049740,1.050626,-1.050592,-0.800066,-0.000180
cmd,11.490000,271.190000,0.503176,-1.049740,1.050626,-1.050592,-0.800066,-0.000180
cmd,11.495000,271.195000,0.501607,-1.049740,1.050626,-1.050592,-0.800066,-0.000180
cmd,11.500000,271.200000,0.500036,-1.049740,1.050626,-1.050592,-0.800066,-0.000180
cmd,11.505000,271.205000,0.498466,-1.049740,1.050626,-1.050592,-0.800066,-0.000180
cmd,11.510000,271.210000,0.496897,-1.049740,1.050626,-1.050592,-0.800066,-0.000180
cmd,11.515000,271.215000,0.495331,-1.049740,1.050626,-1.050592,-0.800066,-0.000180
cmd,11.520000,271.220000,0.493770,-1.049740,1.050626,-1.050592,-0.800066,-0.000180
cmd,11.525000,271.225000,0.492215,-1.049740,1.050626,-1.050592,-0.800066,-0.000180
cmd,11.530000,271.230000,0.490667,-1.049740,1.050626,-1.050592,-0.800066,-0.000180
cmd,11.535000,271.235000,0.489129,-1.049740,1.050626,-1.050592,-0.800066,-0.000180
cmd,11.540000,271.240000,0.487602,-1.049740,1.050626,-1.050592,-0.800066,-0.000180
cmd,11.545000,271.245000,0.486087,-1.049740,1.050626,-1.050592,-0.800066,-0.000180
cmd,11.550000,271.250000,0.484586,-1.049740,1.050626,-1.050592,-0.800066,-0.000180
cmd,11.555000,271.255000,0.483100,-1.049740,1.050626,-1.050592,-0.800066,-0.000180
cmd,11.560000,271.260000,0.481630,-1.049740,1.050626,-1.050592,-0.800066,-0.000180
cmd,11.565000,271.265000,0.480179,-1.049740,1.050626,-1.050592,-0.800066,-0.000180
cmd,11.570000,271.270000,0.478747,-1.049740,1.050626,-1.050592,-0.800066,-0.000180
cmd,11.575000,271.275000,0.477337,-1.049740,1.050626,-1.050592,-0.800066,-0.000180
cmd,11.580000,271.280000,0.475949,-1.049740,1.050626,-1.050592,-0.800066,-0.000180
cmd,11.585000,271.285000,0.474584,-1.049740,1.050626,-1.050592,-0.800066,-0.000180
cmd,11.590000,271.290000,0.473245,-1.049740,1.050626,-1.050592,-0.800066,-0.000180
cmd,11.595000,271.295000,0.471932,-1.049740,1.050626,-1.050592,-0.800066,-0.000180
cmd,11.600000,271.300000,0.470647,-1.049740,1.050626,-1.050592,-0.800066,-0.000180
cmd,11.605000,271.305000,0.469391,-1.049740,1.050626,-1.050592,-0.800066,-0.000180
cmd,11.610000,271.310000,0.468165,-1.049740,1.050626,-1.050592,-0.800066,-0.000180
cmd,11.615000,271.315000,0.466971,-1.049740,1.050626,-1.050592,-0.800066,-0.000180
cmd,11.620000,271.320000,0.465809,-1.049740,1.050626,-1.050592,-0.800066,-0.000180
cmd,11.625000,271.325000,0.464681,-1.049740,1.050626,-1.050592,-0.800066,-0.000180
cmd,11.630000,271.330000,0.463588,-1.049740,1.050626,-1.050592,-0.800066,-0.000180
cmd,11.635000,271.335000,0.462531,-1.049740,1.050626,-1.050592,-0.800066,-0.000180
cmd,11.640000,271.340000,0.461511,-1.049740,1.050626,-1.050592,-0.800066,-0.000180
cmd,11.645000,271.345000,0.460529,-1.049740,1.050626,-1.050592,-0.800066,-0.000180
cmd,11.650000,271.350000,0.459586,-1.049740,1.050626,-1.050592,-0.800066,-0.000180
cmd,11.655000,271.355000,0.458682,-1.049740,1.050626,-1.050592,-0.800066,-0.000180
cmd,11.660000,271.360000,0.457820,-1.049740,1.050626,-1.050592,-0.800066,-0.000180
cmd,11.665000,271.365000,0.456999,-1.049740,1.050626,-1.050592,-0.800066,-0.000180
cmd,11.670000,271.370000,0.456221,-1.049740,1.050626,-1.050592,-0.800066,-0.000180
cmd,11.675000,271.375000,0.455486,-1.049740,1.050626,-1.050592,-0.800066,-0.000180
cmd,11.680000,271.380000,0.454795,-1.049740,1.050626,-1.050592,-0.800066,-0.000180
cmd,11.685000,271.385000,0.454149,-1.049740,1.050626,-1.050592,-0.800066,-0.000180
cmd,11.690000,271.390000,0.453548,-1.049740,1.050626,-1.050592,-0.800066,-0.000180
cmd,11.695000,271.395000,0.452992,-1.049740,1.050626,-1.050592,-0.800066,-0.000180
cmd,11.700000,271.400000,0.452484,-1.049740,1.050626,-1.050592,-0.800066,-0.000180
cmd,11.705000,271.405000,0.452022,-1.049740,1.050626,-1.050592,-0.800066,-0.000180
cmd,11.710000,271.410000,0.451607,-1.049740,1.050626,-1.050592,-0.800066,-0.000180
cmd,11.715000,271.415000,0.451241,-1.049740,1.050626,-1.050592,-0.800066,-0.000180
cmd,11.720000,271.420000,0.450922,-1.049740,1.050626,-1.050592,-0.800066,-0.000180
cmd,11.725000,271.425000,0.450652,-1.049740,1.050626,-1.050592,-0.800066,-0.000180
cmd,11.730000,271.430000,0.450431,-1.049740,1.050626,-1.050592,-0.800066,-0.000180
cmd,11.735000,271.435000,0.450258,-1.049740,1.050626,-1.050592,-0.800066,-0.000180
cmd,11.740000,271.440000,0.450135,-1.049740,1.050626,-1.050592,-0.800066,-0.000180
cmd,11.745000,271.445000,0.450061,-1.049740,1.050626,-1.050592,-0.800066,-0.000180
cmd,11.750000,271.450000,0.450036,-1.049740,1.050626,-1.050592,-0.800066,-0.000180
cmd,11.755000,271.455000,0.450061,-1.049740,1.050626,-1.050592,-0.800066,-0.000180
cmd,11.760000,271.460000,0.450135,-1.049740,1.050626,-1.050592,-0.800066,-0.000180
cmd,11.765000,271.465000,0.450258,-1.049740,1.050626,-1.050592,-0.800066,-0.000180
cmd,11.770000,271.470000,0.450431,-1.049740,1.050626,-1.050592,-0.800066,-0.000180
cmd,11.775000,271.475000,0.450652,-1.049740,1.050626,-1.050592,-0.800066,-0.000180
cmd,11.780000,271.480000,0.450922,-1.049740,1.050626,-1.050592,-0.800066,-0.000180
cmd,11.785000,271.485000,0.451241,-1.049740,1.050626,-1.050592,-0.800066,-0.000180
cmd,11.790000,271.490000,0.451607,-1.049740,1.050626,-1.050592,-0.800066,-0.000180
cmd,11.795000,271.495000,0.452022,-1.049740,1.050626,-1.050592,-0.800066,-0.000180
cmd,11.800000,271.500000,0.452484,-1.049740,1.050626,-1.050592,-0.800066,-0.000180
cmd,11.805000,271.505000,0.452992,-1.049740,1.050626,-1.050592,-0.800066,-0.000180
cmd,11.810000,271.510000,0.453548,-1.049740,1.050626,-1.050592,-0.800066,-0.000180
cmd,11.815000,271.515000,0.454149,-1.049740,1.050626,-1.050592,-0.800066,-0.000180
cmd,11.820000,271.520000,0.454795,-1.049740,1.050626,-1.050592,-0.800066,-0.000180
cmd,11.825000,271.525000,0.455486,-1.049740,1.050626,-1.050592,-0.800066,-0.000180
cmd,11.830000,271.530000,0.456221,-1.049740,1.050626,-1.050592,-0.800066,-0.000180
cmd,11.835000,271.535000,0.456999,-1.049740,1.050626,-1.050592,-0.800066,-0.000180
cmd,11.840000,271.540000,0.457820,-1.049740,1.050626,-1.050592,-0.800066,-0.000180
cmd,11.845000,271.545000,0.458682,-1.049740,1.050626,-1.050592,-0.800066,-0.000180
cmd,11.850000,271.550000,0.459586,-1.049740,1.050626,-1.050592,-0.800066,-0.000180
cmd,11.855000,271.555000,0.460529,-1.049740,1.050626,-1.050592,-0.800066,-0.000180
cmd,11.860000,271.560000,0.461511,-1.049740,1.050626,-1.050592,-0.800066,-0.000180
cmd,11.865000,271.565000,0.462531,-1.049740,1.050626,-1.050592,-0.800066,-0.000180
cmd,11.870000,271.570000,0.463588,-1.049740,1.050626,-1.050592,-0.800066,-0.000180
cmd,11.875000,271.575000,0.464681,-1.049740,1.050626,-1.050592,-0.800066,-0.000180
cmd,11.880000,271.580000,0.465809,-1.049740,1.050626,-1.050592,-0.800066,-0.000180
cmd,11.885000,271.585000,0.466971,-1.049740,1.050626,-1.050592,-0.800066,-0.000180
cmd,11.890000,271.590000,0.468165,-1.049740,1.050626,-1.050592,-0.800066,-0.000180
cmd,11.895000,271.595000,0.469391,-1.049740,1.050626,-1.050592,-0.800066,-0.000180
cmd,11.900000,271.600000,0.470647,-1.049740,1.050626,-1.050592,-0.800066,-0.000180
cmd,11.905000,271.605000,0.471932,-1.049740,1.050626,-1.050592,-0.800066,-0.000180
cmd,11.910000,271.610000,0.473245,-1.049740,1.050626,-1.050592,-0.800066,-0.000180
cmd,11.915000,271.615000,0.474584,-1.049740,1.050626,-1.050592,-0.800066,-0.000180
cmd,11.920000,271.620000,0.475949,-1.049740,1.050626,-1.050592,-0.800066,-0.000180
cmd,11.925000,271.625000,0.477337,-1.049740,1.050626,-1.050592,-0.800066,-0.000180
cmd,11.930000,271.630000,0.478747,-1.049740,1.050626,-1.050592,-0.800066,-0.000180
cmd,11.935000,271.635000,0.480179,-1.049740,1.050626,-1.050592,-0.800066,-0.000180
cmd,11.940000,271.640000,0.481630,-1.049740,1.050626,-1.050592,-0.800066,-0.000180
cmd,11.945000,271.645000,0.483100,-1.049740,1.050626,-1.050592,-0.800066,-0.000180
cmd,11.950000,271.650000,0.484586,-1.049740,1.050626,-1.050592,-0.800066,-0.000180
cmd,11.955000,271.655000,0.486087,-1.049740,1.050626,-1.050592,-0.800066,-0.000180
cmd,11.960000,271.660000,0.487602,-1.049740,1.050626,-1.050592,-0.800066,-0.000180
cmd,11.965000,271.665000,0.489129,-1.049740,1.050626,-1.050592,-0.800066,-0.000180
cmd,11.970000,271.670000,0.490667,-1.049740,1.050626,-1.050592,-0.800066,-0.000180
cmd,11.975000,271.675000,0.492215,-1.049740,1.050626,-1.050592,-0.800066,-0.000180
cmd,11.980000,271.680000,0.493770,-1.049740,1.050626,-1.050592,-0.800066,-0.000180
cmd,11.985000,271.685000,0.495331,-1.049740,1.050626,-1.050592,-0.800066,-0.000180
cmd,11.990000,271.690000,0.496897,-1.049740,1.050626,-1.050592,-0.800066,-0.000180
cmd,11.995000,271.695000,0.498466,-1.049740,1.050626,-1.050592,-0.800066,-0.000180
cmd,12.000000,271.700000,0.500036,-1.049740,1.050626,-1.050592,-0.800066,-0.000180
cmd,12.005000,271.705000,0.501607,-1.049740,1.050626,-1.050592,-0.800066,-0.000180
cmd,12.010000,271.710000,0.503176,-1.049740,1.050626,-1.050592,-0.800066,-0.000180
cmd,12.015000,271.715000,0.504742,-1.049740,1.050626,-1.050592,-0.800066,-0.000180
cmd,12.020000,271.720000,0.506303,-1.049740,1.050626,-1.050592,-0.800066,-0.000180
cmd,12.025000,271.725000,0.507858,-1.049740,1.050626,-1.050592,-0.800066,-0.000180
cmd,12.030000,271.730000,0.509405,-1.049740,1.050626,-1.050592,-0.800066,-0.000180
cmd,12.035000,271.735000,0.510944,-1.049740,1.050626,-1.050592,-0.800066,-0.000180
cmd,12.040000,271.740000,0.512471,-1.049740,1.050626,-1.050592,-0.800066,-0.000180
cmd,12.045000,271.745000,0.513986,-1.049740,1.050626,-1.050592,-0.800066,-0.000180
cmd,12.050000,271.750000,0.515487,-1.049740,1.050626,-1.050592,-0.800066,-0.000180
cmd,12.055000,271.755000,0.516973,-1.049740,1.050626,-1.050592,-0.800066,-0.000180
cmd,12.060000,271.760000,0.518443,-1.049740,1.050626,-1.050592,-0.800066,-0.000180
cmd,12.065000,271.765000,0.519894,-1.049740,1.050626,-1.050592,-0.800066,-0.000180
cmd,12.070000,271.770000,0.521325,-1.049740,1.050626,-1.050592,-0.800066,-0.000180
cmd,12.075000,271.775000,0.522736,-1.049740,1.050626,-1.050592,-0.800066,-0.000180
cmd,12.080000,271.780000,0.524124,-1.049740,1.050626,-1.050592,-0.800066,-0.000180
cmd,12.085000,271.785000,0.525489,-1.049740,1.050626,-1.050592,-0.800066,-0.000180
cmd,12.090000,271.790000,0.526828,-1.049740,1.050626,-1.050592,-0.800066,-0.000180
cmd,12.095000,271.795000,0.528141,-1.049740,1.050626,-1.050592,-0.800066,-0.000180
cmd,12.100000,271.800000,0.529426,-1.049740,1.050626,-1.050592,-0.800066,-0.000180
cmd,12.105000,271.805000,0.530682,-1.049740,1.050626,-1.050592,-0.800066,-0.000180
cmd,12.110000,271.810000,0.531908,-1.049740,1.050626,-1.050592,-0.800066,-0.000180
cmd,12.115000,271.815000,0.533102,-1.049740,1.050626,-1.050592,-0.800066,-0.000180
cmd,12.120000,271.820000,0.534264,-1.049740,1.050626,-1.050592,-0.800066,-0.000180
cmd,12.125000,271.825000,0.535392,-1.049740,1.050626,-1.050592,-0.800066,-0.000180
cmd,12.130000,271.830000,0.536485,-1.049740,1.050626,-1.050592,-0.800066,-0.000180
cmd,12.135000,271.835000,0.537542,-1.049740,1.050626,-1.050592,-0.800066,-0.000180
cmd,12.140000,271.840000,0.538562,-1.049740,1.050626,-1.050592,-0.800066,-0.000180
cmd,12.145000,271.845000,0.539544,-1.049740,1.050626,-1.050592,-0.800066,-0.000180
cmd,12.150000,271.850000,0.540487,-1.049740,1.050626,-1.050592,-0.800066,-0.000180
cmd,12.155000,271.855000,0.541390,-1.049740,1.050626,-1.050592,-0.800066,-0.000180
cmd,12.160000,271.860000,0.542253,-1.049740,1.050626,-1.050592,-0.800066,-0.000180
cmd,12.165000,271.865000,0.543074,-1.049740,1.050626,-1.050592,-0.800066,-0.000180
cmd,12.170000,271.870000,0.543852,-1.049740,1.050626,-1.050592,-0.800066,-0.000180
cmd,12.175000,271.875000,0.544587,-1.049740,1.050626,-1.050592,-0.800066,-0.000180
cmd,12.180000,271.880000,0.545278,-1.049740,1.050626,-1.050592,-0.800066,-0.000180
cmd,12.185000,271.885000,0.545924,-1.049740,1.050626,-1.050592,-0.800066,-0.000180
cmd,12.190000,271.890000,0.546525,-1.049740,1.050626,-1.050592,-0.800066,-0.000180
cmd,12.195000,271.895000,0.547080,-1.049740,1.050626,-1.050592,-0.800066,-0.000180
cmd,12.200000,271.900000,0.547589,-1.049740,1.050626,-1.050592,-0.800066,-0.000180
cmd,12.205000,271.905000,0.548051,-1.049740,1.050626,-1.050592,-0.800066,-0.000180
cmd,12.210000,271.910000,0.548466,-1.049740,1.050626,-1.050592,-0.800066,-0.000180
cmd,12.215000,271.915000,0.548832,-1.049740,1.050626,-1.050592,-0.800066,-0.000180
cmd,12.220000,271.920000,0.549151,-1.049740,1.050626,-1.050592,-0.800066,-0.000180
cmd,12.225000,271.925000,0.549421,-1.049740,1.050626,-1.050592,-0.800066,-0.000180
cmd,12.230000,271.930000,0.549642,-1.049740,1.050626,-1.050592,-0.800066,-0.000180
cmd,12.235000,271.935000,0.549815,-1.049740,1.050626,-1.050592,-0.800066,-0.000180
cmd,12.240000,271.940000,0.549938,-1.049740,1.050626,-1.050592,-0.800066,-0.000180
cmd,12.245000,271.945000,0.550012,-1.049740,1.050626,-1.050592,-0.800066,-0.000180
cmd,12.250000,271.950000,0.550036,-1.049740,1.050626,-1.050592,-0.800066,-0.000180
cmd,12.255000,271.955000,0.550012,-1.049740,1.050626,-1.050592,-0.800066,-0.000180
cmd,12.260000,271.960000,0.549938,-1.049740,1.050626,-1.050592,-0.800066,-0.000180
cmd,12.265000,271.965000,0.549815,-1.049740,1.050626,-1.050592,-0.800066,-0.000180
cmd,12.270000,271.970000,0.549642,-1.049740,1.050626,-1.050592,-0.800066,-0.000180
cmd,12.275000,271.975000,0.549421,-1.049740,1.050626,-1.050592,-0.800066,-0.000180
cmd,12.280000,271.980000,0.549151,-1.049740,1.050626,-1.050592,-0.800066,-0.000180
cmd,12.285000,271.985000,0.548832,-1.049740,1.050626,-1.050592,-0.800066,-0.000180
cmd,12.290000,271.990000,0.548466,-1.049740,1.050626,-1.050592,-0.800066,-0.000180
cmd,12.295000,271.995000,0.548051,-1.049740,1.050626,-1.050592,-0.800066,-0.000180
cmd,12.300000,272.000000,0.547589,-1.049740,1.050626,-1.050592,-0.800066,-0.000180
cmd,12.305000,272.005000,0.547080,-1.049740,1.050626,-1.050592,-0.800066,-0.000180
cmd,12.310000,272.010000,0.546525,-1.049740,1.050626,-1.050592,-0.800066,-0.000180
cmd,12.315000,272.015000,0.545924,-1.049740,1.050626,-1.050592,-0.800066,-0.000180
cmd,12.320000,272.020000,0.545278,-1.049740,1.050626,-1.050592,-0.800066,-0.000180
cmd,12.325000,272.025000,0.544587,-1.049740,1.050626,-1.050592,-0.800066,-0.000180
cmd,12.330000,272.030000,0.543852,-1.049740,1.050626,-1.050592,-0.800066,-0.000180
cmd,12.335000,272.035000,0.543074,-1.049740,1.050626,-1.050592,-0.800066,-0.000180
cmd,12.340000,272.040000,0.542253,-1.049740,1.050626,-1.050592,-0.800066,-0.000180
cmd,12.345000,272.045000,0.541390,-1.049740,1.050626,-1.050592,-0.800066,-0.000180
cmd,12.350000,272.050000,0.540487,-1.049740,1.050626,-1.050592,-0.800066,-0.000180
cmd,12.355000,272.055000,0.539544,-1.049740,1.050626,-1.050592,-0.800066,-0.000180
cmd,12.360000,272.060000,0.538562,-1.049740,1.050626,-1.050592,-0.800066,-0.000180
cmd,12.365000,272.065000,0.537542,-1.049740,1.050626,-1.050592,-0.800066,-0.000180
cmd,12.370000,272.070000,0.536485,-1.049740,1.050626,-1.050592,-0.800066,-0.000180
cmd,12.375000,272.075000,0.535392,-1.049740,1.050626,-1.050592,-0.800066,-0.000180
cmd,12.380000,272.080000,0.534264,-1.049740,1.050626,-1.050592,-0.800066,-0.000180
cmd,12.385000,272.085000,0.533102,-1.049740,1.050626,-1.050592,-0.800066,-0.000180
cmd,12.390000,272.090000,0.531908,-1.049740,1.050626,-1.050592,-0.800066,-0.000180
cmd,12.395000,272.095000,0.530682,-1.049740,1.050626,-1.050592,-0.800066,-0.000180
cmd,12.400000,272.100000,0.529426,-1.049740,1.050626,-1.050592,-0.800066,-0.000180
cmd,12.405000,272.105000,0.528141,-1.049740,1.050626,-1.050592,-0.800066,-0.000180
cmd,12.410000,272.110000,0.526828,-1.049740,1.050626,-1.050592,-0.800066,-0.000180
cmd,12.415000,272.115000,0.525489,-1.049740,1.050626,-1.050592,-0.800066,-0.000180
cmd,12.420000,272.120000,0.524124,-1.049740,1.050626,-1.050592,-0.800066,-0.000180
cmd,12.425000,272.125000,0.522736,-1.049740,1.050626,-1.050592,-0.800066,-0.000180
cmd,12.430000,272.130000,0.521325,-1.049740,1.050626,-1.050592,-0.800066,-0.000180
cmd,12.435000,272.135000,0.519894,-1.049740,1.050626,-1.050592,-0.800066,-0.000180
cmd,12.440000,272.140000,0.518443,-1.049740,1.050626,-1.050592,-0.800066,-0.000180
cmd,12.445000,272.145000,0.516973,-1.049740,1.050626,-1.050592,-0.800066,-0.000180
cmd,12.450000,272.150000,0.515487,-1.049740,1.050626,-1.050592,-0.800066,-0.000180
cmd,12.455000,272.155000,0.513986,-1.049740,1.050626,-1.050592,-0.800066,-0.000180
cmd,12.460000,272.160000,0.512471,-1.049740,1.050626,-1.050592,-0.800066,-0.000180
cmd,12.465000,272.165000,0.510944,-1.049740,1.050626,-1.050592,-0.800066,-0.000180
cmd,12.470000,272.170000,0.509405,-1.049740,1.050626,-1.050592,-0.800066,-0.000180
cmd,12.475000,272.175000,0.507858,-1.049740,1.050626,-1.050592,-0.800066,-0.000180
cmd,12.480000,272.180000,0.506303,-1.049740,1.050626,-1.050592,-0.800066,-0.000180
cmd,12.485000,272.185000,0.504742,-1.049740,1.050626,-1.050592,-0.800066,-0.000180
cmd,12.490000,272.190000,0.503176,-1.049740,1.050626,-1.050592,-0.800066,-0.000180
cmd,12.495000,272.195000,0.501607,-1.049740,1.050626,-1.050592,-0.800066,-0.000180
cmd,12.500000,272.200000,0.500036,-1.049740,1.050626,-1.050592,-0.800066,-0.000180
cmd,12.505000,272.205000,0.498466,-1.049740,1.050626,-1.050592,-0.800066,-0.000180
cmd,12.510000,272.210000,0.496897,-1.049740,1.050626,-1.050592,-0.800066,-0.000180
cmd,12.515000,272.215000,0.495331,-1.049740,1.050626,-1.050592,-0.800066,-0.000180
cmd,12.520000,272.220000,0.493770,-1.049740,1.050626,-1.050592,-0.800066,-0.000180
cmd,12.525000,272.225000,0.492215,-1.049740,1.050626,-1.050592,-0.800066,-0.000180
cmd,12.530000,272.230000,0.490667,-1.049740,1.050626,-1.050592,-0.800066,-0.000180
cmd,12.535000,272.235000,0.489129,-1.049740,1.050626,-1.050592,-0.800066,-0.000180
cmd,12.540000,272.240000,0.487602,-1.049740,1.050626,-1.050592,-0.800066,-0.000180
cmd,12.545000,272.245000,0.486087,-1.049740,1.050626,-1.050592,-0.800066,-0.000180
cmd,12.550000,272.250000,0.484586,-1.049740,1.050626,-1.050592,-0.800066,-0.000180
cmd,12.555000,272.255000,0.483100,-1.049740,1.050626,-1.050592,-0.800066,-0.000180
cmd,12.560000,272.260000,0.481630,-1.049740,1.050626,-1.050592,-0.800066,-0.000180
cmd,12.565000,272.265000,0.480179,-1.049740,1.050626,-1.050592,-0.800066,-0.000180
cmd,12.570000,272.270000,0.478747,-1.049740,1.050626,-1.050592,-0.800066,-0.000180
cmd,12.575000,272.275000,0.477337,-1.049740,1.050626,-1.050592,-0.800066,-0.000180
cmd,12.580000,272.280000,0.475949,-1.049740,1.050626,-1.050592,-0.800066,-0.000180
cmd,12.585000,272.285000,0.474584,-1.049740,1.050626,-1.050592,-0.800066,-0.000180
cmd,12.590000,272.290000,0.473245,-1.049740,1.050626,-1.050592,-0.800066,-0.000180
cmd,12.595000,272.295000,0.471932,-1.049740,1.050626,-1.050592,-0.800066,-0.000180
cmd,12.600000,272.300000,0.470647,-1.049740,1.050626,-1.050592,-0.800066,-0.000180
cmd,12.605000,272.305000,0.469391,-1.049740,1.050626,-1.050592,-0.800066,-0.000180
cmd,12.610000,272.310000,0.468165,-1.049740,1.050626,-1.050592,-0.800066,-0.000180
cmd,12.615000,272.315000,0.466971,-1.049740,1.050626,-1.050592,-0.800066,-0.000180
cmd,12.620000,272.320000,0.465809,-1.049740,1.050626,-1.050592,-0.800066,-0.000180
cmd,12.625000,272.325000,0.464681,-1.049740,1.050626,-1.050592,-0.800066,-0.000180
cmd,12.630000,272.330000,0.463588,-1.049740,1.050626,-1.050592,-0.800066,-0.000180
cmd,12.635000,272.335000,0.462531,-1.049740,1.050626,-1.050592,-0.800066,-0.000180
cmd,12.640000,272.340000,0.461511,-1.049740,1.050626,-1.050592,-0.800066,-0.000180
cmd,12.645000,272.345000,0.460529,-1.049740,1.050626,-1.050592,-0.800066,-0.000180
cmd,12.650000,272.350000,0.459586,-1.049740,1.050626,-1.050592,-0.800066,-0.000180
cmd,12.655000,272.355000,0.458682,-1.049740,1.050626,-1.050592,-0.800066,-0.000180
cmd,12.660000,272.360000,0.457820,-1.049740,1.050626,-1.050592,-0.800066,-0.000180
cmd,12.665000,272.365000,0.456999,-1.049740,1.050626,-1.050592,-0.800066,-0.000180
cmd,12.670000,272.370000,0.456221,-1.049740,1.050626,-1.050592,-0.800066,-0.000180
cmd,12.675000,272.375000,0.455486,-1.049740,1.050626,-1.050592,-0.800066,-0.000180
cmd,12.680000,272.380000,0.454795,-1.049740,1.050626,-1.050592,-0.800066,-0.000180
cmd,12.685000,272.385000,0.454149,-1.049740,1.050626,-1.050592,-0.800066,-0.000180
cmd,12.690000,272.390000,0.453548,-1.049740,1.050626,-1.050592,-0.800066,-0.000180
cmd,12.695000,272.395000,0.452992,-1.049740,1.050626,-1.050592,-0.800066,-0.000180
cmd,12.700000,272.400000,0.452484,-1.049740,1.050626,-1.050592,-0.800066,-0.000180
cmd,12.705000,272.405000,0.452022,-1.049740,1.050626,-1.050592,-0.800066,-0.000180
cmd,12.710000,272.410000,0.451607,-1.049740,1.050626,-1.050592,-0.800066,-0.000180
cmd,12.715000,272.415000,0.451241,-1.049740,1.050626,-1.050592,-0.800066,-0.000180
cmd,12.720000,272.420000,0.450922,-1.049740,1.050626,-1.050592,-0.800066,-0.000180
cmd,12.725000,272.425000,0.450652,-1.049740,1.050626,-1.050592,-0.800066,-0.000180
cmd,12.730000,272.430000,0.450431,-1.049740,1.050626,-1.050592,-0.800066,-0.000180
cmd,12.735000,272.435000,0.450258,-1.049740,1.050626,-1.050592,-0.800066,-0.000180
cmd,12.740000,272.440000,0.450135,-1.049740,1.050626,-1.050592,-0.800066,-0.000180
cmd,12.745000,272.445000,0.450061,-1.049740,1.050626,-1.050592,-0.800066,-0.000180
cmd,12.750000,272.450000,0.450036,-1.049740,1.050626,-1.050592,-0.800066,-0.000180
cmd,12.755000,272.455000,0.450061,-1.049740,1.050626,-1.050592,-0.800066,-0.000180
cmd,12.760000,272.460000,0.450135,-1.049740,1.050626,-1.050592,-0.800066,-0.000180
cmd,12.765000,272.465000,0.450258,-1.049740,1.050626,-1.050592,-0.800066,-0.000180
cmd,12.770000,272.470000,0.450431,-1.049740,1.050626,-1.050592,-0.800066,-0.000180
cmd,12.775000,272.475000,0.450652,-1.049740,1.050626,-1.050592,-0.800066,-0.000180
cmd,12.780000,272.480000,0.450922,-1.049740,1.050626,-1.050592,-0.800066,-0.000180
cmd,12.785000,272.485000,0.451241,-1.049740,1.050626,-1.050592,-0.800066,-0.000180
cmd,12.790000,272.490000,0.451607,-1.049740,1.050626,-1.050592,-0.800066,-0.000180
cmd,12.795000,272.495000,0.452022,-1.049740,1.050626,-1.050592,-0.800066,-0.000180
cmd,12.800000,272.500000,0.452484,-1.049740,1.050626,-1.050592,-0.800066,-0.000180
cmd,12.805000,272.505000,0.452992,-1.049740,1.050626,-1.050592,-0.800066,-0.000180
cmd,12.810000,272.510000,0.453548,-1.049740,1.050626,-1.050592,-0.800066,-0.000180
cmd,12.815000,272.515000,0.454149,-1.049740,1.050626,-1.050592,-0.800066,-0.000180
cmd,12.820000,272.520000,0.454795,-1.049740,1.050626,-1.050592,-0.800066,-0.000180
cmd,12.825000,272.525000,0.455486,-1.049740,1.050626,-1.050592,-0.800066,-0.000180
cmd,12.830000,272.530000,0.456221,-1.049740,1.050626,-1.050592,-0.800066,-0.000180
cmd,12.835000,272.535000,0.456999,-1.049740,1.050626,-1.050592,-0.800066,-0.000180
cmd,12.840000,272.540000,0.457820,-1.049740,1.050626,-1.050592,-0.800066,-0.000180
cmd,12.845000,272.545000,0.458682,-1.049740,1.050626,-1.050592,-0.800066,-0.000180
cmd,12.850000,272.550000,0.459586,-1.049740,1.050626,-1.050592,-0.800066,-0.000180
cmd,12.855000,272.555000,0.460529,-1.049740,1.050626,-1.050592,-0.800066,-0.000180
cmd,12.860000,272.560000,0.461511,-1.049740,1.050626,-1.050592,-0.800066,-0.000180
cmd,12.865000,272.565000,0.462531,-1.049740,1.050626,-1.050592,-0.800066,-0.000180
cmd,12.870000,272.570000,0.463588,-1.049740,1.050626,-1.050592,-0.800066,-0.000180
cmd,12.875000,272.575000,0.464681,-1.049740,1.050626,-1.050592,-0.800066,-0.000180
cmd,12.880000,272.580000,0.465809,-1.049740,1.050626,-1.050592,-0.800066,-0.000180
cmd,12.885000,272.585000,0.466971,-1.049740,1.050626,-1.050592,-0.800066,-0.000180
cmd,12.890000,272.590000,0.468165,-1.049740,1.050626,-1.050592,-0.800066,-0.000180
cmd,12.895000,272.595000,0.469391,-1.049740,1.050626,-1.050592,-0.800066,-0.000180
cmd,12.900000,272.600000,0.470647,-1.049740,1.050626,-1.050592,-0.800066,-0.000180
cmd,12.905000,272.605000,0.471932,-1.049740,1.050626,-1.050592,-0.800066,-0.000180
cmd,12.910000,272.610000,0.473245,-1.049740,1.050626,-1.050592,-0.800066,-0.000180
cmd,12.915000,272.615000,0.474584,-1.049740,1.050626,-1.050592,-0.800066,-0.000180
cmd,12.920000,272.620000,0.475949,-1.049740,1.050626,-1.050592,-0.800066,-0.000180
cmd,12.925000,272.625000,0.477337,-1.049740,1.050626,-1.050592,-0.800066,-0.000180
cmd,12.930000,272.630000,0.478747,-1.049740,1.050626,-1.050592,-0.800066,-0.000180
cmd,12.935000,272.635000,0.480179,-1.049740,1.050626,-1.050592,-0.800066,-0.000180
cmd,12.940000,272.640000,0.481630,-1.049740,1.050626,-1.050592,-0.800066,-0.000180
cmd,12.945000,272.645000,0.483100,-1.049740,1.050626,-1.050592,-0.800066,-0.000180
cmd,12.950000,272.650000,0.484586,-1.049740,1.050626,-1.050592,-0.800066,-0.000180
cmd,12.955000,272.655000,0.486087,-1.049740,1.050626,-1.050592,-0.800066,-0.000180
cmd,12.960000,272.660000,0.487602,-1.049740,1.050626,-1.050592,-0.800066,-0.000180
cmd,12.965000,272.665000,0.489129,-1.049740,1.050626,-1.050592,-0.800066,-0.000180
cmd,12.970000,272.670000,0.490667,-1.049740,1.050626,-1.050592,-0.800066,-0.000180
cmd,12.975000,272.675000,0.492215,-1.049740,1.050626,-1.050592,-0.800066,-0.000180
cmd,12.980000,272.680000,0.493770,-1.049740,1.050626,-1.050592,-0.800066,-0.000180
cmd,12.985000,272.685000,0.495331,-1.049740,1.050626,-1.050592,-0.800066,-0.000180
cmd,12.990000,272.690000,0.496897,-1.049740,1.050626,-1.050592,-0.800066,-0.000180
cmd,12.995000,272.695000,0.498466,-1.049740,1.050626,-1.050592,-0.800066,-0.000180
cmd,13.000000,272.700000,0.500036,-1.049740,1.050626,-1.050592,-0.800066,-0.000180
cmd,13.005000,272.705000,0.501607,-1.049740,1.050626,-1.050592,-0.800066,-0.000180
cmd,13.010000,272.710000,0.503176,-1.049740,1.050626,-1.050592,-0.800066,-0.000180
cmd,13.015000,272.715000,0.504742,-1.049740,1.050626,-1.050592,-0.800066,-0.000180
cmd,13.020000,272.720000,0.506303,-1.049740,1.050626,-1.050592,-0.800066,-0.000180
cmd,13.025000,272.725000,0.507858,-1.049740,1.050626,-1.050592,-0.800066,-0.000180
cmd,13.030000,272.730000,0.509405,-1.049740,1.050626,-1.050592,-0.800066,-0.000180
cmd,13.035000,272.735000,0.510944,-1.049740,1.050626,-1.050592,-0.800066,-0.000180
cmd,13.040000,272.740000,0.512471,-1.049740,1.050626,-1.050592,-0.800066,-0.000180
cmd,13.045000,272.745000,0.513986,-1.049740,1.050626,-1.050592,-0.800066,-0.000180
cmd,13.050000,272.750000,0.515487,-1.049740,1.050626,-1.050592,-0.800066,-0.000180
cmd,13.055000,272.755000,0.516973,-1.049740,1.050626,-1.050592,-0.800066,-0.000180
cmd,13.060000,272.760000,0.518443,-1.049740,1.050626,-1.050592,-0.800066,-0.000180
cmd,13.065000,272.765000,0.519894,-1.049740,1.050626,-1.050592,-0.800066,-0.000180
cmd,13.070000,272.770000,0.521325,-1.049740,1.050626,-1.050592,-0.800066,-0.000180
cmd,13.075000,272.775000,0.522736,-1.049740,1.050626,-1.050592,-0.800066,-0.000180
cmd,13.080000,272.780000,0.524124,-1.049740,1.050626,-1.050592,-0.800066,-0.000180
cmd,13.085000,272.785000,0.525489,-1.049740,1.050626,-1.050592,-0.800066,-0.000180
cmd,13.090000,272.790000,0.526828,-1.049740,1.050626,-1.050592,-0.800066,-0.000180
cmd,13.095000,272.795000,0.528141,-1.049740,1.050626,-1.050592,-0.800066,-0.000180
cmd,13.100000,272.800000,0.529426,-1.049740,1.050626,-1.050592,-0.800066,-0.000180
cmd,13.105000,272.805000,0.530682,-1.049740,1.050626,-1.050592,-0.800066,-0.000180
cmd,13.110000,272.810000,0.531908,-1.049740,1.050626,-1.050592,-0.800066,-0.000180
cmd,13.115000,272.815000,0.533102,-1.049740,1.050626,-1.050592,-0.800066,-0.000180
cmd,13.120000,272.820000,0.534264,-1.049740,1.050626,-1.050592,-0.800066,-0.000180
cmd,13.125000,272.825000,0.535392,-1.049740,1.050626,-1.050592,-0.800066,-0.000180
cmd,13.130000,272.830000,0.536485,-1.049740,1.050626,-1.050592,-0.800066,-0.000180
cmd,13.135000,272.835000,0.537542,-1.049740,1.050626,-1.050592,-0.800066,-0.000180
cmd,13.140000,272.840000,0.538562,-1.049740,1.050626,-1.050592,-0.800066,-0.000180
cmd,13.145000,272.845000,0.539544,-1.049740,1.050626,-1.050592,-0.800066,-0.000180
cmd,13.150000,272.850000,0.540487,-1.049740,1.050626,-1.050592,-0.800066,-0.000180
cmd,13.155000,272.855000,0.541390,-1.049740,1.050626,-1.050592,-0.800066,-0.000180
cmd,13.160000,272.860000,0.542253,-1.049740,1.050626,-1.050592,-0.800066,-0.000180
cmd,13.165000,272.865000,0.543074,-1.049740,1.050626,-1.050592,-0.800066,-0.000180
cmd,13.170000,272.870000,0.543852,-1.049740,1.050626,-1.050592,-0.800066,-0.000180
cmd,13.175000,272.875000,0.544587,-1.049740,1.050626,-1.050592,-0.800066,-0.000180
cmd,13.180000,272.880000,0.545278,-1.049740,1.050626,-1.050592,-0.800066,-0.000180
cmd,13.185000,272.885000,0.545924,-1.049740,1.050626,-1.050592,-0.800066,-0.000180
cmd,13.190000,272.890000,0.546525,-1.049740,1.050626,-1.050592,-0.800066,-0.000180
cmd,13.195000,272.895000,0.547080,-1.049740,1.050626,-1.050592,-0.800066,-0.000180
cmd,13.200000,272.900000,0.547589,-1.049740,1.050626,-1.050592,-0.800066,-0.000180
cmd,13.205000,272.905000,0.548051,-1.049740,1.050626,-1.050592,-0.800066,-0.000180
cmd,13.210000,272.910000,0.548466,-1.049740,1.050626,-1.050592,-0.800066,-0.000180
cmd,13.215000,272.915000,0.548832,-1.049740,1.050626,-1.050592,-0.800066,-0.000180
cmd,13.220000,272.920000,0.549151,-1.049740,1.050626,-1.050592,-0.800066,-0.000180
cmd,13.225000,272.925000,0.549421,-1.049740,1.050626,-1.050592,-0.800066,-0.000180
cmd,13.230000,272.930000,0.549642,-1.049740,1.050626,-1.050592,-0.800066,-0.000180
cmd,13.235000,272.935000,0.549815,-1.049740,1.050626,-1.050592,-0.800066,-0.000180
cmd,13.240000,272.940000,0.549938,-1.049740,1.050626,-1.050592,-0.800066,-0.000180
cmd,13.245000,272.945000,0.550012,-1.049740,1.050626,-1.050592,-0.800066,-0.000180
cmd,13.250000,272.950000,0.550036,-1.049740,1.050626,-1.050592,-0.800066,-0.000180
cmd,13.255000,272.955000,0.550012,-1.049740,1.050626,-1.050592,-0.800066,-0.000180
cmd,13.260000,272.960000,0.549938,-1.049740,1.050626,-1.050592,-0.800066,-0.000180
cmd,13.265000,272.965000,0.549815,-1.049740,1.050626,-1.050592,-0.800066,-0.000180
cmd,13.270000,272.970000,0.549642,-1.049740,1.050626,-1.050592,-0.800066,-0.000180
cmd,13.275000,272.975000,0.549421,-1.049740,1.050626,-1.050592,-0.800066,-0.000180
cmd,13.280000,272.980000,0.549151,-1.049740,1.050626,-1.050592,-0.800066,-0.000180
cmd,13.285000,272.985000,0.548832,-1.049740,1.050626,-1.050592,-0.800066,-0.000180
cmd,13.290000,272.990000,0.548466,-1.049740,1.050626,-1.050592,-0.800066,-0.000180
cmd,13.295000,272.995000,0.548051,-1.049740,1.050626,-1.050592,-0.800066,-0.000180
cmd,13.300000,273.000000,0.547589,-1.049740,1.050626,-1.050592,-0.800066,-0.000180
cmd,13.305000,273.005000,0.547080,-1.049740,1.050626,-1.050592,-0.800066,-0.000180
cmd,13.310000,273.010000,0.546525,-1.049740,1.050626,-1.050592,-0.800066,-0.000180
cmd,13.315000,273.015000,0.545924,-1.049740,1.050626,-1.050592,-0.800066,-0.000180
cmd,13.320000,273.020000,0.545278,-1.049740,1.050626,-1.050592,-0.800066,-0.000180
cmd,13.325000,273.025000,0.544587,-1.049740,1.050626,-1.050592,-0.800066,-0.000180
cmd,13.330000,273.030000,0.543852,-1.049740,1.050626,-1.050592,-0.800066,-0.000180
cmd,13.335000,273.035000,0.543074,-1.049740,1.050626,-1.050592,-0.800066,-0.000180
cmd,13.340000,273.040000,0.542253,-1.049740,1.050626,-1.050592,-0.800066,-0.000180
cmd,13.345000,273.045000,0.541390,-1.049740,1.050626,-1.050592,-0.800066,-0.000180
cmd,13.350000,273.050000,0.540487,-1.049740,1.050626,-1.050592,-0.800066,-0.000180
cmd,13.355000,273.055000,0.539544,-1.049740,1.050626,-1.050592,-0.800066,-0.000180
cmd,13.360000,273.060000,0.538562,-1.049740,1.050626,-1.050592,-0.800066,-0.000180
cmd,13.365000,273.065000,0.537542,-1.049740,1.050626,-1.050592,-0.800066,-0.000180
cmd,13.370000,273.070000,0.536485,-1.049740,1.050626,-1.050592,-0.800066,-0.000180
cmd,13.375000,273.075000,0.535392,-1.049740,1.050626,-1.050592,-0.800066,-0.000180
cmd,13.380000,273.080000,0.534264,-1.049740,1.050626,-1.050592,-0.800066,-0.000180
cmd,13.385000,273.085000,0.533102,-1.049740,1.050626,-1.050592,-0.800066,-0.000180
cmd,13.390000,273.090000,0.531908,-1.049740,1.050626,-1.050592,-0.800066,-0.000180
cmd,13.395000,273.095000,0.530682,-1.049740,1.050626,-1.050592,-0.800066,-0.000180
cmd,13.400000,273.100000,0.529426,-1.049740,1.050626,-1.050592,-0.800066,-0.000180
cmd,13.405000,273.105000,0.528141,-1.049740,1.050626,-1.050592,-0.800066,-0.000180
cmd,13.410000,273.110000,0.526828,-1.049740,1.050626,-1.050592,-0.800066,-0.000180
cmd,13.415000,273.115000,0.525489,-1.049740,1.050626,-1.050592,-0.800066,-0.000180
cmd,13.420000,273.120000,0.524124,-1.049740,1.050626,-1.050592,-0.800066,-0.000180
cmd,13.425000,273.125000,0.522736,-1.049740,1.050626,-1.050592,-0.800066,-0.000180
cmd,13.430000,273.130000,0.521325,-1.049740,1.050626,-1.050592,-0.800066,-0.000180
cmd,13.435000,273.135000,0.519894,-1.049740,1.050626,-1.050592,-0.800066,-0.000180
cmd,13.440000,273.140000,0.518443,-1.049740,1.050626,-1.050592,-0.800066,-0.000180
cmd,13.445000,273.145000,0.516973,-1.049740,1.050626,-1.050592,-0.800066,-0.000180
cmd,13.450000,273.150000,0.515487,-1.049740,1.050626,-1.050592,-0.800066,-0.000180
cmd,13.455000,273.155000,0.513986,-1.049740,1.050626,-1.050592,-0.800066,-0.000180
cmd,13.460000,273.160000,0.512471,-1.049740,1.050626,-1.050592,-0.800066,-0.000180
cmd,13.465000,273.165000,0.510944,-1.049740,1.050626,-1.050592,-0.800066,-0.000180
cmd,13.470000,273.170000,0.509405,-1.049740,1.050626,-1.050592,-0.800066,-0.000180
cmd,13.475000,273.175000,0.507858,-1.049740,1.050626,-1.050592,-0.800066,-0.000180
cmd,13.480000,273.180000,0.506303,-1.049740,1.050626,-1.050592,-0.800066,-0.000180
cmd,13.485000,273.185000,0.504742,-1.049740,1.050626,-1.050592,-0.800066,-0.000180
cmd,13.490000,273.190000,0.503176,-1.049740,1.050626,-1.050592,-0.800066,-0.000180
cmd,13.495000,273.195000,0.501607,-1.049740,1.050626,-1.050592,-0.800066,-0.000180
cmd,13.500000,273.200000,0.500036,-1.049740,1.050626,-1.050592,-0.800066,-0.000180
cmd,13.505000,273.205000,0.498466,-1.049740,1.050626,-1.050592,-0.800066,-0.000180
cmd,13.510000,273.210000,0.496897,-1.049740,1.050626,-1.050592,-0.800066,-0.000180
cmd,13.515000,273.215000,0.495331,-1.049740,1.050626,-1.050592,-0.800066,-0.000180
cmd,13.520000,273.220000,0.493770,-1.049740,1.050626,-1.050592,-0.800066,-0.000180
cmd,13.525000,273.225000,0.492215,-1.049740,1.050626,-1.050592,-0.800066,-0.000180
cmd,13.530000,273.230000,0.490667,-1.049740,1.050626,-1.050592,-0.800066,-0.000180
cmd,13.535000,273.235000,0.489129,-1.049740,1.050626,-1.050592,-0.800066,-0.000180
cmd,13.540000,273.240000,0.487602,-1.049740,1.050626,-1.050592,-0.800066,-0.000180
cmd,13.545000,273.245000,0.486087,-1.049740,1.050626,-1.050592,-0.800066,-0.000180
cmd,13.550000,273.250000,0.484586,-1.049740,1.050626,-1.050592,-0.800066,-0.000180
cmd,13.555000,273.255000,0.483100,-1.049740,1.050626,-1.050592,-0.800066,-0.000180
cmd,13.560000,273.260000,0.481630,-1.049740,1.050626,-1.050592,-0.800066,-0.000180
cmd,13.565000,273.265000,0.480179,-1.049740,1.050626,-1.050592,-0.800066,-0.000180
cmd,13.570000,273.270000,0.478747,-1.049740,1.050626,-1.050592,-0.800066,-0.000180
cmd,13.575000,273.275000,0.477337,-1.049740,1.050626,-1.050592,-0.800066,-0.000180
cmd,13.580000,273.280000,0.475949,-1.049740,1.050626,-1.050592,-0.800066,-0.000180
cmd,13.585000,273.285000,0.474584,-1.049740,1.050626,-1.050592,-0.800066,-0.000180
cmd,13.590000,273.290000,0.473245,-1.049740,1.050626,-1.050592,-0.800066,-0.000180
cmd,13.595000,273.295000,0.471932,-1.049740,1.050626,-1.050592,-0.800066,-0.000180
cmd,13.600000,273.300000,0.470647,-1.049740,1.050626,-1.050592,-0.800066,-0.000180
cmd,13.605000,273.305000,0.469391,-1.049740,1.050626,-1.050592,-0.800066,-0.000180
cmd,13.610000,273.310000,0.468165,-1.049740,1.050626,-1.050592,-0.800066,-0.000180
cmd,13.615000,273.315000,0.466971,-1.049740,1.050626,-1.050592,-0.800066,-0.000180
cmd,13.620000,273.320000,0.465809,-1.049740,1.050626,-1.050592,-0.800066,-0.000180
cmd,13.625000,273.325000,0.464681,-1.049740,1.050626,-1.050592,-0.800066,-0.000180
cmd,13.630000,273.330000,0.463588,-1.049740,1.050626,-1.050592,-0.800066,-0.000180
cmd,13.635000,273.335000,0.462531,-1.049740,1.050626,-1.050592,-0.800066,-0.000180
cmd,13.640000,273.340000,0.461511,-1.049740,1.050626,-1.050592,-0.800066,-0.000180
cmd,13.645000,273.345000,0.460529,-1.049740,1.050626,-1.050592,-0.800066,-0.000180
cmd,13.650000,273.350000,0.459586,-1.049740,1.050626,-1.050592,-0.800066,-0.000180
cmd,13.655000,273.355000,0.458682,-1.049740,1.050626,-1.050592,-0.800066,-0.000180
cmd,13.660000,273.360000,0.457820,-1.049740,1.050626,-1.050592,-0.800066,-0.000180
cmd,13.665000,273.365000,0.456999,-1.049740,1.050626,-1.050592,-0.800066,-0.000180
cmd,13.670000,273.370000,0.456221,-1.049740,1.050626,-1.050592,-0.800066,-0.000180
cmd,13.675000,273.375000,0.455486,-1.049740,1.050626,-1.050592,-0.800066,-0.000180
cmd,13.680000,273.380000,0.454795,-1.049740,1.050626,-1.050592,-0.800066,-0.000180
cmd,13.685000,273.385000,0.454149,-1.049740,1.050626,-1.050592,-0.800066,-0.000180
cmd,13.690000,273.390000,0.453548,-1.049740,1.050626,-1.050592,-0.800066,-0.000180
cmd,13.695000,273.395000,0.452992,-1.049740,1.050626,-1.050592,-0.800066,-0.000180
cmd,13.700000,273.400000,0.452484,-1.049740,1.050626,-1.050592,-0.800066,-0.000180
cmd,13.705000,273.405000,0.452022,-1.049740,1.050626,-1.050592,-0.800066,-0.000180
cmd,13.710000,273.410000,0.451607,-1.049740,1.050626,-1.050592,-0.800066,-0.000180
cmd,13.715000,273.415000,0.451241,-1.049740,1.050626,-1.050592,-0.800066,-0.000180
cmd,13.720000,273.420000,0.450922,-1.049740,1.050626,-1.050592,-0.800066,-0.000180
cmd,13.725000,273.425000,0.450652,-1.049740,1.050626,-1.050592,-0.800066,-0.000180
cmd,13.730000,273.430000,0.450431,-1.049740,1.050626,-1.050592,-0.800066,-0.000180
cmd,13.735000,273.435000,0.450258,-1.049740,1.050626,-1.050592,-0.800066,-0.000180
cmd,13.740000,273.440000,0.450135,-1.049740,1.050626,-1.050592,-0.800066,-0.000180
cmd,13.745000,273.445000,0.450061,-1.049740,1.050626,-1.050592,-0.800066,-0.000180
cmd,13.750000,273.450000,0.450036,-1.049740,1.050626,-1.050592,-0.800066,-0.000180
cmd,13.755000,273.455000,0.450061,-1.049740,1.050626,-1.050592,-0.800066,-0.000180
cmd,13.760000,273.460000,0.450135,-1.049740,1.050626,-1.050592,-0.800066,-0.000180
cmd,13.765000,273.465000,0.450258,-1.049740,1.050626,-1.050592,-0.800066,-0.000180
cmd,13.770000,273.470000,0.450431,-1.049740,1.050626,-1.050592,-0.800066,-0.000180
cmd,13.775000,273.475000,0.450652,-1.049740,1.050626,-1.050592,-0.800066,-0.000180
cmd,13.780000,273.480000,0.450922,-1.049740,1.050626,-1.050592,-0.800066,-0.000180
cmd,13.785000,273.485000,0.451241,-1.049740,1.050626,-1.050592,-0.800066,-0.000180
cmd,13.790000,273.490000,0.451607,-1.049740,1.050626,-1.050592,-0.800066,-0.000180
cmd,13.795000,273.495000,0.452022,-1.049740,1.050626,-1.050592,-0.800066,-0.000180
cmd,13.800000,273.500000,0.452484,-1.049740,1.050626,-1.050592,-0.800066,-0.000180
cmd,13.805000,273.505000,0.452992,-1.049740,1.050626,-1.050592,-0.800066,-0.000180
cmd,13.810000,273.510000,0.453548,-1.049740,1.050626,-1.050592,-0.800066,-0.000180
cmd,13.815000,273.515000,0.454149,-1.049740,1.050626,-1.050592,-0.800066,-0.000180
cmd,13.820000,273.520000,0.454795,-1.049740,1.050626,-1.050592,-0.800066,-0.000180
cmd,13.825000,273.525000,0.455486,-1.049740,1.050626,-1.050592,-0.800066,-0.000180
cmd,13.830000,273.530000,0.456221,-1.049740,1.050626,-1.050592,-0.800066,-0.000180
cmd,13.835000,273.535000,0.456999,-1.049740,1.050626,-1.050592,-0.800066,-0.000180
cmd,13.840000,273.540000,0.457820,-1.049740,1.050626,-1.050592,-0.800066,-0.000180
cmd,13.845000,273.545000,0.458682,-1.049740,1.050626,-1.050592,-0.800066,-0.000180
cmd,13.850000,273.550000,0.459586,-1.049740,1.050626,-1.050592,-0.800066,-0.000180
cmd,13.855000,273.555000,0.460529,-1.049740,1.050626,-1.050592,-0.800066,-0.000180
cmd,13.860000,273.560000,0.461511,-1.049740,1.050626,-1.050592,-0.800066,-0.000180
cmd,13.865000,273.565000,0.462531,-1.049740,1.050626,-1.050592,-0.800066,-0.000180
cmd,13.870000,273.570000,0.463588,-1.049740,1.050626,-1.050592,-0.800066,-0.000180
cmd,13.875000,273.575000,0.464681,-1.049740,1.050626,-1.050592,-0.800066,-0.000180
cmd,13.880000,273.580000,0.465809,-1.049740,1.050626,-1.050592,-0.800066,-0.000180
cmd,13.885000,273.585000,0.466971,-1.049740,1.050626,-1.050592,-0.800066,-0.000180
cmd,13.890000,273.590000,0.468165,-1.049740,1.050626,-1.050592,-0.800066,-0.000180
cmd,13.895000,273.595000,0.469391,-1.049740,1.050626,-1.050592,-0.800066,-0.000180
cmd,13.900000,273.600000,0.470647,-1.049740,1.050626,-1.050592,-0.800066,-0.000180
cmd,13.905000,273.605000,0.471932,-1.049740,1.050626,-1.050592,-0.800066,-0.000180
cmd,13.910000,273.610000,0.473245,-1.049740,1.050626,-1.050592,-0.800066,-0.000180
cmd,13.915000,273.615000,0.474584,-1.049740,1.050626,-1.050592,-0.800066,-0.000180
cmd,13.920000,273.620000,0.475949,-1.049740,1.050626,-1.050592,-0.800066,-0.000180
cmd,13.925000,273.625000,0.477337,-1.049740,1.050626,-1.050592,-0.800066,-0.000180
cmd,13.930000,273.630000,0.478747,-1.049740,1.050626,-1.050592,-0.800066,-0.000180
cmd,13.935000,273.635000,0.480179,-1.049740,1.050626,-1.050592,-0.800066,-0.000180
cmd,13.940000,273.640000,0.481630,-1.049740,1.050626,-1.050592,-0.800066,-0.000180
cmd,13.945000,273.645000,0.483100,-1.049740,1.050626,-1.050592,-0.800066,-0.000180
cmd,13.950000,273.650000,0.484586,-1.049740,1.050626,-1.050592,-0.800066,-0.000180
cmd,13.955000,273.655000,0.486087,-1.049740,1.050626,-1.050592,-0.800066,-0.000180
cmd,13.960000,273.660000,0.487602,-1.049740,1.050626,-1.050592,-0.800066,-0.000180
cmd,13.965000,273.665000,0.489129,-1.049740,1.050626,-1.050592,-0.800066,-0.000180
cmd,13.970000,273.670000,0.490667,-1.049740,1.050626,-1.050592,-0.800066,-0.000180
cmd,13.975000,273.675000,0.492215,-1.049740,1.050626,-1.050592,-0.800066,-0.000180
cmd,13.980000,273.680000,0.493770,-1.049740,1.050626,-1.050592,-0.800066,-0.000180
cmd,13.985000,273.685000,0.495331,-1.049740,1.050626,-1.050592,-0.800066,-0.000180
cmd,13.990000,273.690000,0.496897,-1.049740,1.050626,-1.050592,-0.800066,-0.000180
cmd,13.995000,273.695000,0.498466,-1.049740,1.050626,-1.050592,-0.800066,-0.000180
cmd,14.000000,273.700000,0.500036,-1.049740,1.050626,-1.050592,-0.800066,-0.000180
cmd,14.005000,273.705000,0.501607,-1.049740,1.050626,-1.050592,-0.800066,-0.000180
cmd,14.010000,273.710000,0.503176,-1.049740,1.050626,-1.050592,-0.800066,-0.000180
cmd,14.015000,273.715000,0.504742,-1.049740,1.050626,-1.050592,-0.800066,-0.000180
cmd,14.020000,273.720000,0.506303,-1.049740,1.050626,-1.050592,-0.800066,-0.000180
cmd,14.025000,273.725000,0.507858,-1.049740,1.050626,-1.050592,-0.800066,-0.000180
cmd,14.030000,273.730000,0.509405,-1.049740,1.050626,-1.050592,-0.800066,-0.000180
cmd,14.035000,273.735000,0.510944,-1.049740,1.050626,-1.050592,-0.800066,-0.000180
cmd,14.040000,273.740000,0.512471,-1.049740,1.050626,-1.050592,-0.800066,-0.000180
cmd,14.045000,273.745000,0.513986,-1.049740,1.050626,-1.050592,-0.800066,-0.000180
cmd,14.050000,273.750000,0.515487,-1.049740,1.050626,-1.050592,-0.800066,-0.000180
cmd,14.055000,273.755000,0.516973,-1.049740,1.050626,-1.050592,-0.800066,-0.000180
cmd,14.060000,273.760000,0.518443,-1.049740,1.050626,-1.050592,-0.800066,-0.000180
cmd,14.065000,273.765000,0.519894,-1.049740,1.050626,-1.050592,-0.800066,-0.000180
cmd,14.070000,273.770000,0.521325,-1.049740,1.050626,-1.050592,-0.800066,-0.000180
cmd,14.075000,273.775000,0.522736,-1.049740,1.050626,-1.050592,-0.800066,-0.000180
cmd,14.080000,273.780000,0.524124,-1.049740,1.050626,-1.050592,-0.800066,-0.000180
cmd,14.085000,273.785000,0.525489,-1.049740,1.050626,-1.050592,-0.800066,-0.000180
cmd,14.090000,273.790000,0.526828,-1.049740,1.050626,-1.050592,-0.800066,-0.000180
cmd,14.095000,273.795000,0.528141,-1.049740,1.050626,-1.050592,-0.800066,-0.000180
cmd,14.100000,273.800000,0.529426,-1.049740,1.050626,-1.050592,-0.800066,-0.000180
cmd,14.105000,273.805000,0.530682,-1.049740,1.050626,-1.050592,-0.800066,-0.000180
cmd,14.110000,273.810000,0.531908,-1.049740,1.050626,-1.050592,-0.800066,-0.000180
cmd,14.115000,273.815000,0.533102,-1.049740,1.050626,-1.050592,-0.800066,-0.000180
cmd,14.120000,273.820000,0.534264,-1.049740,1.050626,-1.050592,-0.800066,-0.000180
cmd,14.125000,273.825000,0.535392,-1.049740,1.050626,-1.050592,-0.800066,-0.000180
cmd,14.130000,273.830000,0.536485,-1.049740,1.050626,-1.050592,-0.800066,-0.000180
cmd,14.135000,273.835000,0.537542,-1.049740,1.050626,-1.050592,-0.800066,-0.000180
cmd,14.140000,273.840000,0.538562,-1.049740,1.050626,-1.050592,-0.800066,-0.000180
cmd,14.145000,273.845000,0.539544,-1.049740,1.050626,-1.050592,-0.800066,-0.000180
cmd,14.150000,273.850000,0.540487,-1.049740,1.050626,-1.050592,-0.800066,-0.000180
cmd,14.155000,273.855000,0.541390,-1.049740,1.050626,-1.050592,-0.800066,-0.000180
cmd,14.160000,273.860000,0.542253,-1.049740,1.050626,-1.050592,-0.800066,-0.000180
cmd,14.165000,273.865000,0.543074,-1.049740,1.050626,-1.050592,-0.800066,-0.000180
cmd,14.170000,273.870000,0.543852,-1.049740,1.050626,-1.050592,-0.800066,-0.000180
cmd,14.175000,273.875000,0.544587,-1.049740,1.050626,-1.050592,-0.800066,-0.000180
cmd,14.180000,273.880000,0.545278,-1.049740,1.050626,-1.050592,-0.800066,-0.000180
cmd,14.185000,273.885000,0.545924,-1.049740,1.050626,-1.050592,-0.800066,-0.000180
cmd,14.190000,273.890000,0.546525,-1.049740,1.050626,-1.050592,-0.800066,-0.000180
cmd,14.195000,273.895000,0.547080,-1.049740,1.050626,-1.050592,-0.800066,-0.000180
cmd,14.200000,273.900000,0.547589,-1.049740,1.050626,-1.050592,-0.800066,-0.000180
cmd,14.205000,273.905000,0.548051,-1.049740,1.050626,-1.050592,-0.800066,-0.000180
cmd,14.210000,273.910000,0.548466,-1.049740,1.050626,-1.050592,-0.800066,-0.000180
cmd,14.215000,273.915000,0.548832,-1.049740,1.050626,-1.050592,-0.800066,-0.000180
cmd,14.220000,273.920000,0.549151,-1.049740,1.050626,-1.050592,-0.800066,-0.000180
cmd,14.225000,273.925000,0.549421,-1.049740,1.050626,-1.050592,-0.800066,-0.000180
cmd,14.230000,273.930000,0.549642,-1.049740,1.050626,-1.050592,-0.800066,-0.000180
cmd,14.235000,273.935000,0.549815,-1.049740,1.050626,-1.050592,-0.800066,-0.000180
cmd,14.240000,273.940000,0.549938,-1.049740,1.050626,-1.050592,-0.800066,-0.000180
cmd,14.245000,273.945000,0.550012,-1.049740,1.050626,-1.050592,-0.800066,-0.000180
cmd,14.250000,273.950000,0.550036,-1.049740,1.050626,-1.050592,-0.800066,-0.000180
cmd,14.255000,273.955000,0.550012,-1.049740,1.050626,-1.050592,-0.800066,-0.000180
cmd,14.260000,273.960000,0.549938,-1.049740,1.050626,-1.050592,-0.800066,-0.000180
cmd,14.265000,273.965000,0.549815,-1.049740,1.050626,-1.050592,-0.800066,-0.000180
cmd,14.270000,273.970000,0.549642,-1.049740,1.050626,-1.050592,-0.800066,-0.000180
cmd,14.275000,273.975000,0.549421,-1.049740,1.050626,-1.050592,-0.800066,-0.000180
cmd,14.280000,273.980000,0.549151,-1.049740,1.050626,-1.050592,-0.800066,-0.000180
cmd,14.285000,273.985000,0.548832,-1.049740,1.050626,-1.050592,-0.800066,-0.000180
cmd,14.290000,273.990000,0.548466,-1.049740,1.050626,-1.050592,-0.800066,-0.000180
cmd,14.295000,273.995000,0.548051,-1.049740,1.050626,-1.050592,-0.800066,-0.000180
cmd,14.300000,274.000000,0.547589,-1.049740,1.050626,-1.050592,-0.800066,-0.000180
cmd,14.305000,274.005000,0.547080,-1.049740,1.050626,-1.050592,-0.800066,-0.000180
cmd,14.310000,274.010000,0.546525,-1.049740,1.050626,-1.050592,-0.800066,-0.000180
cmd,14.315000,274.015000,0.545924,-1.049740,1.050626,-1.050592,-0.800066,-0.000180
cmd,14.320000,274.020000,0.545278,-1.049740,1.050626,-1.050592,-0.800066,-0.000180
cmd,14.325000,274.025000,0.544587,-1.049740,1.050626,-1.050592,-0.800066,-0.000180
cmd,14.330000,274.030000,0.543852,-1.049740,1.050626,-1.050592,-0.800066,-0.000180
cmd,14.335000,274.035000,0.543074,-1.049740,1.050626,-1.050592,-0.800066,-0.000180
cmd,14.340000,274.040000,0.542253,-1.049740,1.050626,-1.050592,-0.800066,-0.000180
cmd,14.345000,274.045000,0.541390,-1.049740,1.050626,-1.050592,-0.800066,-0.000180
cmd,14.350000,274.050000,0.540487,-1.049740,1.050626,-1.050592,-0.800066,-0.000180
cmd,14.355000,274.055000,0.539544,-1.049740,1.050626,-1.050592,-0.800066,-0.000180
cmd,14.360000,274.060000,0.538562,-1.049740,1.050626,-1.050592,-0.800066,-0.000180
cmd,14.365000,274.065000,0.537542,-1.049740,1.050626,-1.050592,-0.800066,-0.000180
cmd,14.370000,274.070000,0.536485,-1.049740,1.050626,-1.050592,-0.800066,-0.000180
cmd,14.375000,274.075000,0.535392,-1.049740,1.050626,-1.050592,-0.800066,-0.000180
cmd,14.380000,274.080000,0.534264,-1.049740,1.050626,-1.050592,-0.800066,-0.000180
cmd,14.385000,274.085000,0.533102,-1.049740,1.050626,-1.050592,-0.800066,-0.000180
cmd,14.390000,274.090000,0.531908,-1.049740,1.050626,-1.050592,-0.800066,-0.000180
cmd,14.395000,274.095000,0.530682,-1.049740,1.050626,-1.050592,-0.800066,-0.000180
cmd,14.400000,274.100000,0.529426,-1.049740,1.050626,-1.050592,-0.800066,-0.000180
cmd,14.405000,274.105000,0.528141,-1.049740,1.050626,-1.050592,-0.800066,-0.000180
cmd,14.410000,274.110000,0.526828,-1.049740,1.050626,-1.050592,-0.800066,-0.000180
cmd,14.415000,274.115000,0.525489,-1.049740,1.050626,-1.050592,-0.800066,-0.000180
cmd,14.420000,274.120000,0.524124,-1.049740,1.050626,-1.050592,-0.800066,-0.000180
cmd,14.425000,274.125000,0.522736,-1.049740,1.050626,-1.050592,-0.800066,-0.000180
cmd,14.430000,274.130000,0.521325,-1.049740,1.050626,-1.050592,-0.800066,-0.000180
cmd,14.435000,274.135000,0.519894,-1.049740,1.050626,-1.050592,-0.800066,-0.000180
cmd,14.440000,274.140000,0.518443,-1.049740,1.050626,-1.050592,-0.800066,-0.000180
cmd,14.445000,274.145000,0.516973,-1.049740,1.050626,-1.050592,-0.800066,-0.000180
cmd,14.450000,274.150000,0.515487,-1.049740,1.050626,-1.050592,-0.800066,-0.000180
cmd,14.455000,274.155000,0.513986,-1.049740,1.050626,-1.050592,-0.800066,-0.000180
cmd,14.460000,274.160000,0.512471,-1.049740,1.050626,-1.050592,-0.800066,-0.000180
cmd,14.465000,274.165000,0.510944,-1.049740,1.050626,-1.050592,-0.800066,-0.000180
cmd,14.470000,274.170000,0.509405,-1.049740,1.050626,-1.050592,-0.800066,-0.000180
cmd,14.475000,274.175000,0.507858,-1.049740,1.050626,-1.050592,-0.800066,-0.000180
cmd,14.480000,274.180000,0.506303,-1.049740,1.050626,-1.050592,-0.800066,-0.000180
cmd,14.485000,274.185000,0.504742,-1.049740,1.050626,-1.050592,-0.800066,-0.000180
cmd,14.490000,274.190000,0.503176,-1.049740,1.050626,-1.050592,-0.800066,-0.000180
cmd,14.495000,274.195000,0.501607,-1.049740,1.050626,-1.050592,-0.800066,-0.000180
cmd,14.500000,274.200000,0.500036,-1.049740,1.050626,-1.050592,-0.800066,-0.000180
cmd,14.505000,274.205000,0.498466,-1.049740,1.050626,-1.050592,-0.800066,-0.000180
cmd,14.510000,274.210000,0.496897,-1.049740,1.050626,-1.050592,-0.800066,-0.000180
cmd,14.515000,274.215000,0.495331,-1.049740,1.050626,-1.050592,-0.800066,-0.000180
cmd,14.520000,274.220000,0.493770,-1.049740,1.050626,-1.050592,-0.800066,-0.000180
cmd,14.525000,274.225000,0.492215,-1.049740,1.050626,-1.050592,-0.800066,-0.000180
cmd,14.530000,274.230000,0.490667,-1.049740,1.050626,-1.050592,-0.800066,-0.000180
cmd,14.535000,274.235000,0.489129,-1.049740,1.050626,-1.050592,-0.800066,-0.000180
cmd,14.540000,274.240000,0.487602,-1.049740,1.050626,-1.050592,-0.800066,-0.000180
cmd,14.545000,274.245000,0.486087,-1.049740,1.050626,-1.050592,-0.800066,-0.000180
cmd,14.550000,274.250000,0.484586,-1.049740,1.050626,-1.050592,-0.800066,-0.000180
cmd,14.555000,274.255000,0.483100,-1.049740,1.050626,-1.050592,-0.800066,-0.000180
cmd,14.560000,274.260000,0.481630,-1.049740,1.050626,-1.050592,-0.800066,-0.000180
cmd,14.565000,274.265000,0.480179,-1.049740,1.050626,-1.050592,-0.800066,-0.000180
cmd,14.570000,274.270000,0.478747,-1.049740,1.050626,-1.050592,-0.800066,-0.000180
cmd,14.575000,274.275000,0.477337,-1.049740,1.050626,-1.050592,-0.800066,-0.000180
cmd,14.580000,274.280000,0.475949,-1.049740,1.050626,-1.050592,-0.800066,-0.000180
cmd,14.585000,274.285000,0.474584,-1.049740,1.050626,-1.050592,-0.800066,-0.000180
cmd,14.590000,274.290000,0.473245,-1.049740,1.050626,-1.050592,-0.800066,-0.000180
cmd,14.595000,274.295000,0.471932,-1.049740,1.050626,-1.050592,-0.800066,-0.000180
cmd,14.600000,274.300000,0.470647,-1.049740,1.050626,-1.050592,-0.800066,-0.000180
cmd,14.605000,274.305000,0.469391,-1.049740,1.050626,-1.050592,-0.800066,-0.000180
cmd,14.610000,274.310000,0.468165,-1.049740,1.050626,-1.050592,-0.800066,-0.000180
cmd,14.615000,274.315000,0.466971,-1.049740,1.050626,-1.050592,-0.800066,-0.000180
cmd,14.620000,274.320000,0.465809,-1.049740,1.050626,-1.050592,-0.800066,-0.000180
cmd,14.625000,274.325000,0.464681,-1.049740,1.050626,-1.050592,-0.800066,-0.000180
cmd,14.630000,274.330000,0.463588,-1.049740,1.050626,-1.050592,-0.800066,-0.000180
cmd,14.635000,274.335000,0.462531,-1.049740,1.050626,-1.050592,-0.800066,-0.000180
cmd,14.640000,274.340000,0.461511,-1.049740,1.050626,-1.050592,-0.800066,-0.000180
cmd,14.645000,274.345000,0.460529,-1.049740,1.050626,-1.050592,-0.800066,-0.000180
cmd,14.650000,274.350000,0.459586,-1.049740,1.050626,-1.050592,-0.800066,-0.000180
cmd,14.655000,274.355000,0.458682,-1.049740,1.050626,-1.050592,-0.800066,-0.000180
cmd,14.660000,274.360000,0.457820,-1.049740,1.050626,-1.050592,-0.800066,-0.000180
cmd,14.665000,274.365000,0.456999,-1.049740,1.050626,-1.050592,-0.800066,-0.000180
cmd,14.670000,274.370000,0.456221,-1.049740,1.050626,-1.050592,-0.800066,-0.000180
cmd,14.675000,274.375000,0.455486,-1.049740,1.050626,-1.050592,-0.800066,-0.000180
cmd,14.680000,274.380000,0.454795,-1.049740,1.050626,-1.050592,-0.800066,-0.000180
cmd,14.685000,274.385000,0.454149,-1.049740,1.050626,-1.050592,-0.800066,-0.000180
cmd,14.690000,274.390000,0.453548,-1.049740,1.050626,-1.050592,-0.800066,-0.000180
cmd,14.695000,274.395000,0.452992,-1.049740,1.050626,-1.050592,-0.800066,-0.000180
cmd,14.700000,274.400000,0.452484,-1.049740,1.050626,-1.050592,-0.800066,-0.000180
cmd,14.705000,274.405000,0.452022,-1.049740,1.050626,-1.050592,-0.800066,-0.000180
cmd,14.710000,274.410000,0.451607,-1.049740,1.050626,-1.050592,-0.800066,-0.000180
cmd,14.715000,274.415000,0.451241,-1.049740,1.050626,-1.050592,-0.800066,-0.000180
cmd,14.720000,274.420000,0.450922,-1.049740,1.050626,-1.050592,-0.800066,-0.000180
cmd,14.725000,274.425000,0.450652,-1.049740,1.050626,-1.050592,-0.800066,-0.000180
cmd,14.730000,274.430000,0.450431,-1.049740,1.050626,-1.050592,-0.800066,-0.000180
cmd,14.735000,274.435000,0.450258,-1.049740,1.050626,-1.050592,-0.800066,-0.000180
cmd,14.740000,274.440000,0.450135,-1.049740,1.050626,-1.050592,-0.800066,-0.000180
cmd,14.745000,274.445000,0.450061,-1.049740,1.050626,-1.050592,-0.800066,-0.000180
cmd,14.750000,274.450000,0.450036,-1.049740,1.050626,-1.050592,-0.800066,-0.000180
cmd,14.755000,274.455000,0.450061,-1.049740,1.050626,-1.050592,-0.800066,-0.000180
cmd,14.760000,274.460000,0.450135,-1.049740,1.050626,-1.050592,-0.800066,-0.000180
cmd,14.765000,274.465000,0.450258,-1.049740,1.050626,-1.050592,-0.800066,-0.000180
cmd,14.770000,274.470000,0.450431,-1.049740,1.050626,-1.050592,-0.800066,-0.000180
cmd,14.775000,274.475000,0.450652,-1.049740,1.050626,-1.050592,-0.800066,-0.000180
cmd,14.780000,274.480000,0.450922,-1.049740,1.050626,-1.050592,-0.800066,-0.000180
cmd,14.785000,274.485000,0.451241,-1.049740,1.050626,-1.050592,-0.800066,-0.000180
cmd,14.790000,274.490000,0.451607,-1.049740,1.050626,-1.050592,-0.800066,-0.000180
cmd,14.795000,274.495000,0.452022,-1.049740,1.050626,-1.050592,-0.800066,-0.000180
cmd,14.800000,274.500000,0.452484,-1.049740,1.050626,-1.050592,-0.800066,-0.000180
cmd,14.805000,274.505000,0.452992,-1.049740,1.050626,-1.050592,-0.800066,-0.000180
cmd,14.810000,274.510000,0.453548,-1.049740,1.050626,-1.050592,-0.800066,-0.000180
cmd,14.815000,274.515000,0.454149,-1.049740,1.050626,-1.050592,-0.800066,-0.000180
cmd,14.820000,274.520000,0.454795,-1.049740,1.050626,-1.050592,-0.800066,-0.000180
cmd,14.825000,274.525000,0.455486,-1.049740,1.050626,-1.050592,-0.800066,-0.000180
cmd,14.830000,274.530000,0.456221,-1.049740,1.050626,-1.050592,-0.800066,-0.000180
cmd,14.835000,274.535000,0.456999,-1.049740,1.050626,-1.050592,-0.800066,-0.000180
cmd,14.840000,274.540000,0.457820,-1.049740,1.050626,-1.050592,-0.800066,-0.000180
cmd,14.845000,274.545000,0.458682,-1.049740,1.050626,-1.050592,-0.800066,-0.000180
cmd,14.850000,274.550000,0.459586,-1.049740,1.050626,-1.050592,-0.800066,-0.000180
cmd,14.855000,274.555000,0.460529,-1.049740,1.050626,-1.050592,-0.800066,-0.000180
cmd,14.860000,274.560000,0.461511,-1.049740,1.050626,-1.050592,-0.800066,-0.000180
cmd,14.865000,274.565000,0.462531,-1.049740,1.050626,-1.050592,-0.800066,-0.000180
cmd,14.870000,274.570000,0.463588,-1.049740,1.050626,-1.050592,-0.800066,-0.000180
cmd,14.875000,274.575000,0.464681,-1.049740,1.050626,-1.050592,-0.800066,-0.000180
cmd,14.880000,274.580000,0.465809,-1.049740,1.050626,-1.050592,-0.800066,-0.000180
cmd,14.885000,274.585000,0.466971,-1.049740,1.050626,-1.050592,-0.800066,-0.000180
cmd,14.890000,274.590000,0.468165,-1.049740,1.050626,-1.050592,-0.800066,-0.000180
cmd,14.895000,274.595000,0.469391,-1.049740,1.050626,-1.050592,-0.800066,-0.000180
cmd,14.900000,274.600000,0.470647,-1.049740,1.050626,-1.050592,-0.800066,-0.000180
cmd,14.905000,274.605000,0.471932,-1.049740,1.050626,-1.050592,-0.800066,-0.000180
cmd,14.910000,274.610000,0.473245,-1.049740,1.050626,-1.050592,-0.800066,-0.000180
cmd,14.915000,274.615000,0.474584,-1.049740,1.050626,-1.050592,-0.800066,-0.000180
cmd,14.920000,274.620000,0.475949,-1.049740,1.050626,-1.050592,-0.800066,-0.000180
cmd,14.925000,274.625000,0.477337,-1.049740,1.050626,-1.050592,-0.800066,-0.000180
cmd,14.930000,274.630000,0.478747,-1.049740,1.050626,-1.050592,-0.800066,-0.000180
cmd,14.935000,274.635000,0.480179,-1.049740,1.050626,-1.050592,-0.800066,-0.000180
cmd,14.940000,274.640000,0.481630,-1.049740,1.050626,-1.050592,-0.800066,-0.000180
cmd,14.945000,274.645000,0.483100,-1.049740,1.050626,-1.050592,-0.800066,-0.000180
cmd,14.950000,274.650000,0.484586,-1.049740,1.050626,-1.050592,-0.800066,-0.000180
cmd,14.955000,274.655000,0.486087,-1.049740,1.050626,-1.050592,-0.800066,-0.000180
cmd,14.960000,274.660000,0.487602,-1.049740,1.050626,-1.050592,-0.800066,-0.000180
cmd,14.965000,274.665000,0.489129,-1.049740,1.050626,-1.050592,-0.800066,-0.000180
cmd,14.970000,274.670000,0.490667,-1.049740,1.050626,-1.050592,-0.800066,-0.000180
cmd,14.975000,274.675000,0.492215,-1.049740,1.050626,-1.050592,-0.800066,-0.000180
cmd,14.980000,274.680000,0.493770,-1.049740,1.050626,-1.050592,-0.800066,-0.000180
cmd,14.985000,274.685000,0.495331,-1.049740,1.050626,-1.050592,-0.800066,-0.000180
cmd,14.990000,274.690000,0.496897,-1.049740,1.050626,-1.050592,-0.800066,-0.000180
cmd,14.995000,274.695000,0.498466,-1.049740,1.050626,-1.050592,-0.800066,-0.000180
cmd,15.000000,274.700000,0.500036,-1.049740,1.050626,-1.050592,-0.800066,-0.000180
cmd,15.005000,274.705000,0.501607,-1.049740,1.050626,-1.050592,-0.800066,-0.000180
cmd,15.010000,274.710000,0.503176,-1.049740,1.050626,-1.050592,-0.800066,-0.000180
cmd,15.015000,274.715000,0.504742,-1.049740,1.050626,-1.050592,-0.800066,-0.000180
cmd,15.020000,274.720000,0.506303,-1.049740,1.050626,-1.050592,-0.800066,-0.000180
cmd,15.025000,274.725000,0.507858,-1.049740,1.050626,-1.050592,-0.800066,-0.000180
cmd,15.030000,274.730000,0.509405,-1.049740,1.050626,-1.050592,-0.800066,-0.000180
cmd,15.035000,274.735000,0.510944,-1.049740,1.050626,-1.050592,-0.800066,-0.000180
cmd,15.040000,274.740000,0.512471,-1.049740,1.050626,-1.050592,-0.800066,-0.000180
cmd,15.045000,274.745000,0.513986,-1.049740,1.050626,-1.050592,-0.800066,-0.000180
cmd,15.050000,274.750000,0.515487,-1.049740,1.050626,-1.050592,-0.800066,-0.000180
cmd,15.055000,274.755000,0.516973,-1.049740,1.050626,-1.050592,-0.800066,-0.000180
cmd,15.060000,274.760000,0.518443,-1.049740,1.050626,-1.050592,-0.800066,-0.000180
cmd,15.065000,274.765000,0.519894,-1.049740,1.050626,-1.050592,-0.800066,-0.000180
cmd,15.070000,274.770000,0.521325,-1.049740,1.050626,-1.050592,-0.800066,-0.000180
cmd,15.075000,274.775000,0.522736,-1.049740,1.050626,-1.050592,-0.800066,-0.000180
cmd,15.080000,274.780000,0.524124,-1.049740,1.050626,-1.050592,-0.800066,-0.000180
cmd,15.085000,274.785000,0.525489,-1.049740,1.050626,-1.050592,-0.800066,-0.000180
cmd,15.090000,274.790000,0.526828,-1.049740,1.050626,-1.050592,-0.800066,-0.000180
cmd,15.095000,274.795000,0.528141,-1.049740,1.050626,-1.050592,-0.800066,-0.000180
cmd,15.100000,274.800000,0.529426,-1.049740,1.050626,-1.050592,-0.800066,-0.000180
cmd,15.105000,274.805000,0.530682,-1.049740,1.050626,-1.050592,-0.800066,-0.000180
cmd,15.110000,274.810000,0.531908,-1.049740,1.050626,-1.050592,-0.800066,-0.000180
cmd,15.115000,274.815000,0.533102,-1.049740,1.050626,-1.050592,-0.800066,-0.000180
cmd,15.120000,274.820000,0.534264,-1.049740,1.050626,-1.050592,-0.800066,-0.000180
cmd,15.125000,274.825000,0.535392,-1.049740,1.050626,-1.050592,-0.800066,-0.000180
cmd,15.130000,274.830000,0.536485,-1.049740,1.050626,-1.050592,-0.800066,-0.000180
cmd,15.135000,274.835000,0.537542,-1.049740,1.050626,-1.050592,-0.800066,-0.000180
cmd,15.140000,274.840000,0.538562,-1.049740,1.050626,-1.050592,-0.800066,-0.000180
cmd,15.145000,274.845000,0.539544,-1.049740,1.050626,-1.050592,-0.800066,-0.000180
cmd,15.150000,274.850000,0.540487,-1.049740,1.050626,-1.050592,-0.800066,-0.000180
cmd,15.155000,274.855000,0.541390,-1.049740,1.050626,-1.050592,-0.800066,-0.000180
cmd,15.160000,274.860000,0.542253,-1.049740,1.050626,-1.050592,-0.800066,-0.000180
cmd,15.165000,274.865000,0.543074,-1.049740,1.050626,-1.050592,-0.800066,-0.000180
cmd,15.170000,274.870000,0.543852,-1.049740,1.050626,-1.050592,-0.800066,-0.000180
cmd,15.175000,274.875000,0.544587,-1.049740,1.050626,-1.050592,-0.800066,-0.000180
cmd,15.180000,274.880000,0.545278,-1.049740,1.050626,-1.050592,-0.800066,-0.000180
cmd,15.185000,274.885000,0.545924,-1.049740,1.050626,-1.050592,-0.800066,-0.000180
cmd,15.190000,274.890000,0.546525,-1.049740,1.050626,-1.050592,-0.800066,-0.000180
cmd,15.195000,274.895000,0.547080,-1.049740,1.050626,-1.050592,-0.800066,-0.000180
cmd,15.200000,274.900000,0.547589,-1.049740,1.050626,-1.050592,-0.800066,-0.000180
cmd,15.205000,274.905000,0.548051,-1.049740,1.050626,-1.050592,-0.800066,-0.000180
cmd,15.210000,274.910000,0.548466,-1.049740,1.050626,-1.050592,-0.800066,-0.000180
cmd,15.215000,274.915000,0.548832,-1.049740,1.050626,-1.050592,-0.800066,-0.000180
cmd,15.220000,274.920000,0.549151,-1.049740,1.050626,-1.050592,-0.800066,-0.000180
cmd,15.225000,274.925000,0.549421,-1.049740,1.050626,-1.050592,-0.800066,-0.000180
cmd,15.230000,274.930000,0.549642,-1.049740,1.050626,-1.050592,-0.800066,-0.000180
cmd,15.235000,274.935000,0.549815,-1.049740,1.050626,-1.050592,-0.800066,-0.000180
cmd,15.240000,274.940000,0.549938,-1.049740,1.050626,-1.050592,-0.800066,-0.000180
cmd,15.245000,274.945000,0.550012,-1.049740,1.050626,-1.050592,-0.800066,-0.000180
cmd,15.250000,274.950000,0.550036,-1.049740,1.050626,-1.050592,-0.800066,-0.000180
cmd,15.255000,274.955000,0.550012,-1.049740,1.050626,-1.050592,-0.800066,-0.000180
cmd,15.260000,274.960000,0.549938,-1.049740,1.050626,-1.050592,-0.800066,-0.000180
cmd,15.265000,274.965000,0.549815,-1.049740,1.050626,-1.050592,-0.800066,-0.000180
cmd,15.270000,274.970000,0.549642,-1.049740,1.050626,-1.050592,-0.800066,-0.000180
cmd,15.275000,274.975000,0.549421,-1.049740,1.050626,-1.050592,-0.800066,-0.000180
cmd,15.280000,274.980000,0.549151,-1.049740,1.050626,-1.050592,-0.800066,-0.000180
cmd,15.285000,274.985000,0.548832,-1.049740,1.050626,-1.050592,-0.800066,-0.000180
cmd,15.290000,274.990000,0.548466,-1.049740,1.050626,-1.050592,-0.800066,-0.000180
cmd,15.295000,274.995000,0.548051,-1.049740,1.050626,-1.050592,-0.800066,-0.000180
cmd,15.300000,275.000000,0.547589,-1.049740,1.050626,-1.050592,-0.800066,-0.000180
cmd,15.305000,275.005000,0.547080,-1.049740,1.050626,-1.050592,-0.800066,-0.000180
cmd,15.310000,275.010000,0.546525,-1.049740,1.050626,-1.050592,-0.800066,-0.000180
cmd,15.315000,275.015000,0.545924,-1.049740,1.050626,-1.050592,-0.800066,-0.000180
cmd,15.320000,275.020000,0.545278,-1.049740,1.050626,-1.050592,-0.800066,-0.000180
cmd,15.325000,275.025000,0.544587,-1.049740,1.050626,-1.050592,-0.800066,-0.000180
cmd,15.330000,275.030000,0.543852,-1.049740,1.050626,-1.050592,-0.800066,-0.000180
cmd,15.335000,275.035000,0.543074,-1.049740,1.050626,-1.050592,-0.800066,-0.000180
cmd,15.340000,275.040000,0.542253,-1.049740,1.050626,-1.050592,-0.800066,-0.000180
cmd,15.345000,275.045000,0.541390,-1.049740,1.050626,-1.050592,-0.800066,-0.000180
cmd,15.350000,275.050000,0.540487,-1.049740,1.050626,-1.050592,-0.800066,-0.000180
cmd,15.355000,275.055000,0.539544,-1.049740,1.050626,-1.050592,-0.800066,-0.000180
cmd,15.360000,275.060000,0.538562,-1.049740,1.050626,-1.050592,-0.800066,-0.000180
cmd,15.365000,275.065000,0.537542,-1.049740,1.050626,-1.050592,-0.800066,-0.000180
cmd,15.370000,275.070000,0.536485,-1.049740,1.050626,-1.050592,-0.800066,-0.000180
cmd,15.375000,275.075000,0.535392,-1.049740,1.050626,-1.050592,-0.800066,-0.000180
cmd,15.380000,275.080000,0.534264,-1.049740,1.050626,-1.050592,-0.800066,-0.000180
cmd,15.385000,275.085000,0.533102,-1.049740,1.050626,-1.050592,-0.800066,-0.000180
cmd,15.390000,275.090000,0.531908,-1.049740,1.050626,-1.050592,-0.800066,-0.000180
cmd,15.395000,275.095000,0.530682,-1.049740,1.050626,-1.050592,-0.800066,-0.000180
cmd,15.400000,275.100000,0.529426,-1.049740,1.050626,-1.050592,-0.800066,-0.000180
cmd,15.405000,275.105000,0.528141,-1.049740,1.050626,-1.050592,-0.800066,-0.000180
cmd,15.410000,275.110000,0.526828,-1.049740,1.050626,-1.050592,-0.800066,-0.000180
cmd,15.415000,275.115000,0.525489,-1.049740,1.050626,-1.050592,-0.800066,-0.000180
cmd,15.420000,275.120000,0.524124,-1.049740,1.050626,-1.050592,-0.800066,-0.000180
cmd,15.425000,275.125000,0.522736,-1.049740,1.050626,-1.050592,-0.800066,-0.000180
cmd,15.430000,275.130000,0.521325,-1.049740,1.050626,-1.050592,-0.800066,-0.000180
cmd,15.435000,275.135000,0.519894,-1.049740,1.050626,-1.050592,-0.800066,-0.000180
cmd,15.440000,275.140000,0.518443,-1.049740,1.050626,-1.050592,-0.800066,-0.000180
cmd,15.445000,275.145000,0.516973,-1.049740,1.050626,-1.050592,-0.800066,-0.000180
cmd,15.450000,275.150000,0.515487,-1.049740,1.050626,-1.050592,-0.800066,-0.000180
cmd,15.455000,275.155000,0.513986,-1.049740,1.050626,-1.050592,-0.800066,-0.000180
cmd,15.460000,275.160000,0.512471,-1.049740,1.050626,-1.050592,-0.800066,-0.000180
cmd,15.465000,275.165000,0.510944,-1.049740,1.050626,-1.050592,-0.800066,-0.000180
cmd,15.470000,275.170000,0.509405,-1.049740,1.050626,-1.050592,-0.800066,-0.000180
cmd,15.475000,275.175000,0.507858,-1.049740,1.050626,-1.050592,-0.800066,-0.000180
cmd,15.480000,275.180000,0.506303,-1.049740,1.050626,-1.050592,-0.800066,-0.000180
cmd,15.485000,275.185000,0.504742,-1.049740,1.050626,-1.050592,-0.800066,-0.000180
cmd,15.490000,275.190000,0.503176,-1.049740,1.050626,-1.050592,-0.800066,-0.000180
cmd,15.495000,275.195000,0.501607,-1.049740,1.050626,-1.050592,-0.800066,-0.000180
cmd,15.500000,275.200000,0.500036,-1.049740,1.050626,-1.050592,-0.800066,-0.000180
cmd,15.505000,275.205000,0.498466,-1.049740,1.050626,-1.050592,-0.800066,-0.000180
cmd,15.510000,275.210000,0.496897,-1.049740,1.050626,-1.050592,-0.800066,-0.000180
cmd,15.515000,275.215000,0.495331,-1.049740,1.050626,-1.050592,-0.800066,-0.000180
cmd,15.520000,275.220000,0.493770,-1.049740,1.050626,-1.050592,-0.800066,-0.000180
cmd,15.525000,275.225000,0.492215,-1.049740,1.050626,-1.050592,-0.800066,-0.000180
cmd,15.530000,275.230000,0.490667,-1.049740,1.050626,-1.050592,-0.800066,-0.000180
cmd,15.535000,275.235000,0.489129,-1.049740,1.050626,-1.050592,-0.800066,-0.000180
cmd,15.540000,275.240000,0.487602,-1.049740,1.050626,-1.050592,-0.800066,-0.000180
cmd,15.545000,275.245000,0.486087,-1.049740,1.050626,-1.050592,-0.800066,-0.000180
cmd,15.550000,275.250000,0.484586,-1.049740,1.050626,-1.050592,-0.800066,-0.000180
cmd,15.555000,275.255000,0.483100,-1.049740,1.050626,-1.050592,-0.800066,-0.000180
cmd,15.560000,275.260000,0.481630,-1.049740,1.050626,-1.050592,-0.800066,-0.000180
cmd,15.565000,275.265000,0.480179,-1.049740,1.050626,-1.050592,-0.800066,-0.000180
cmd,15.570000,275.270000,0.478747,-1.049740,1.050626,-1.050592,-0.800066,-0.000180
cmd,15.575000,275.275000,0.477337,-1.049740,1.050626,-1.050592,-0.800066,-0.000180
cmd,15.580000,275.280000,0.475949,-1.049740,1.050626,-1.050592,-0.800066,-0.000180
cmd,15.585000,275.285000,0.474584,-1.049740,1.050626,-1.050592,-0.800066,-0.000180
cmd,15.590000,275.290000,0.473245,-1.049740,1.050626,-1.050592,-0.800066,-0.000180
cmd,15.595000,275.295000,0.471932,-1.049740,1.050626,-1.050592,-0.800066,-0.000180
cmd,15.600000,275.300000,0.470647,-1.049740,1.050626,-1.050592,-0.800066,-0.000180
cmd,15.605000,275.305000,0.469391,-1.049740,1.050626,-1.050592,-0.800066,-0.000180
cmd,15.610000,275.310000,0.468165,-1.049740,1.050626,-1.050592,-0.800066,-0.000180
cmd,15.615000,275.315000,0.466971,-1.049740,1.050626,-1.050592,-0.800066,-0.000180
cmd,15.620000,275.320000,0.465809,-1.049740,1.050626,-1.050592,-0.800066,-0.000180
cmd,15.625000,275.325000,0.464681,-1.049740,1.050626,-1.050592,-0.800066,-0.000180
cmd,15.630000,275.330000,0.463588,-1.049740,1.050626,-1.050592,-0.800066,-0.000180
cmd,15.635000,275.335000,0.462531,-1.049740,1.050626,-1.050592,-0.800066,-0.000180
cmd,15.640000,275.340000,0.461511,-1.049740,1.050626,-1.050592,-0.800066,-0.000180
cmd,15.645000,275.345000,0.460529,-1.049740,1.050626,-1.050592,-0.800066,-0.000180
cmd,15.650000,275.350000,0.459586,-1.049740,1.050626,-1.050592,-0.800066,-0.000180
cmd,15.655000,275.355000,0.458682,-1.049740,1.050626,-1.050592,-0.800066,-0.000180
cmd,15.660000,275.360000,0.457820,-1.049740,1.050626,-1.050592,-0.800066,-0.000180
cmd,15.665000,275.365000,0.456999,-1.049740,1.050626,-1.050592,-0.800066,-0.000180
cmd,15.670000,275.370000,0.456221,-1.049740,1.050626,-1.050592,-0.800066,-0.000180
cmd,15.675000,275.375000,0.455486,-1.049740,1.050626,-1.050592,-0.800066,-0.000180
cmd,15.680000,275.380000,0.454795,-1.049740,1.050626,-1.050592,-0.800066,-0.000180
cmd,15.685000,275.385000,0.454149,-1.049740,1.050626,-1.050592,-0.800066,-0.000180
cmd,15.690000,275.390000,0.453548,-1.049740,1.050626,-1.050592,-0.800066,-0.000180
cmd,15.695000,275.395000,0.452992,-1.049740,1.050626,-1.050592,-0.800066,-0.000180
cmd,15.700000,275.400000,0.452484,-1.049740,1.050626,-1.050592,-0.800066,-0.000180
cmd,15.705000,275.405000,0.452022,-1.049740,1.050626,-1.050592,-0.800066,-0.000180
cmd,15.710000,275.410000,0.451607,-1.049740,1.050626,-1.050592,-0.800066,-0.000180
cmd,15.715000,275.415000,0.451241,-1.049740,1.050626,-1.050592,-0.800066,-0.000180
cmd,15.720000,275.420000,0.450922,-1.049740,1.050626,-1.050592,-0.800066,-0.000180
cmd,15.725000,275.425000,0.450652,-1.049740,1.050626,-1.050592,-0.800066,-0.000180
cmd,15.730000,275.430000,0.450431,-1.049740,1.050626,-1.050592,-0.800066,-0.000180
cmd,15.735000,275.435000,0.450258,-1.049740,1.050626,-1.050592,-0.800066,-0.000180
cmd,15.740000,275.440000,0.450135,-1.049740,1.050626,-1.050592,-0.800066,-0.000180
cmd,15.745000,275.445000,0.450061,-1.049740,1.050626,-1.050592,-0.800066,-0.000180
cmd,15.750000,275.450000,0.450036,-1.049740,1.050626,-1.050592,-0.800066,-0.000180
cmd,15.755000,275.455000,0.450061,-1.049740,1.050626,-1.050592,-0.800066,-0.000180
cmd,15.760000,275.460000,0.450135,-1.049740,1.050626,-1.050592,-0.800066,-0.000180
cmd,15.765000,275.465000,0.450258,-1.049740,1.050626,-1.050592,-0.800066,-0.000180
cmd,15.770000,275.470000,0.450431,-1.049740,1.050626,-1.050592,-0.800066,-0.000180
cmd,15.775000,275.475000,0.450652,-1.049740,1.050626,-1.050592,-0.800066,-0.000180
cmd,15.780000,275.480000,0.450922,-1.049740,1.050626,-1.050592,-0.800066,-0.000180
cmd,15.785000,275.485000,0.451241,-1.049740,1.050626,-1.050592,-0.800066,-0.000180
cmd,15.790000,275.490000,0.451607,-1.049740,1.050626,-1.050592,-0.800066,-0.000180
cmd,15.795000,275.495000,0.452022,-1.049740,1.050626,-1.050592,-0.800066,-0.000180
cmd,15.800000,275.500000,0.452484,-1.049740,1.050626,-1.050592,-0.800066,-0.000180
cmd,15.805000,275.505000,0.452992,-1.049740,1.050626,-1.050592,-0.800066,-0.000180
cmd,15.810000,275.510000,0.453548,-1.049740,1.050626,-1.050592,-0.800066,-0.000180
cmd,15.815000,275.515000,0.454149,-1.049740,1.050626,-1.050592,-0.800066,-0.000180
cmd,15.820000,275.520000,0.454795,-1.049740,1.050626,-1.050592,-0.800066,-0.000180
cmd,15.825000,275.525000,0.455486,-1.049740,1.050626,-1.050592,-0.800066,-0.000180
cmd,15.830000,275.530000,0.456221,-1.049740,1.050626,-1.050592,-0.800066,-0.000180
cmd,15.835000,275.535000,0.456999,-1.049740,1.050626,-1.050592,-0.800066,-0.000180
cmd,15.840000,275.540000,0.457820,-1.049740,1.050626,-1.050592,-0.800066,-0.000180
cmd,15.845000,275.545000,0.458682,-1.049740,1.050626,-1.050592,-0.800066,-0.000180
cmd,15.850000,275.550000,0.459586,-1.049740,1.050626,-1.050592,-0.800066,-0.000180
cmd,15.855000,275.555000,0.460529,-1.049740,1.050626,-1.050592,-0.800066,-0.000180
cmd,15.860000,275.560000,0.461511,-1.049740,1.050626,-1.050592,-0.800066,-0.000180
cmd,15.865000,275.565000,0.462531,-1.049740,1.050626,-1.050592,-0.800066,-0.000180
cmd,15.870000,275.570000,0.463588,-1.049740,1.050626,-1.050592,-0.800066,-0.000180
cmd,15.875000,275.575000,0.464681,-1.049740,1.050626,-1.050592,-0.800066,-0.000180
cmd,15.880000,275.580000,0.465809,-1.049740,1.050626,-1.050592,-0.800066,-0.000180
cmd,15.885000,275.585000,0.466971,-1.049740,1.050626,-1.050592,-0.800066,-0.000180
cmd,15.890000,275.590000,0.468165,-1.049740,1.050626,-1.050592,-0.800066,-0.000180
cmd,15.895000,275.595000,0.469391,-1.049740,1.050626,-1.050592,-0.800066,-0.000180
cmd,15.900000,275.600000,0.470647,-1.049740,1.050626,-1.050592,-0.800066,-0.000180
cmd,15.905000,275.605000,0.471932,-1.049740,1.050626,-1.050592,-0.800066,-0.000180
cmd,15.910000,275.610000,0.473245,-1.049740,1.050626,-1.050592,-0.800066,-0.000180
cmd,15.915000,275.615000,0.474584,-1.049740,1.050626,-1.050592,-0.800066,-0.000180
cmd,15.920000,275.620000,0.475949,-1.049740,1.050626,-1.050592,-0.800066,-0.000180
cmd,15.925000,275.625000,0.477337,-1.049740,1.050626,-1.050592,-0.800066,-0.000180
cmd,15.930000,275.630000,0.478747,-1.049740,1.050626,-1.050592,-0.800066,-0.000180
cmd,15.935000,275.635000,0.480179,-1.049740,1.050626,-1.050592,-0.800066,-0.000180
cmd,15.940000,275.640000,0.481630,-1.049740,1.050626,-1.050592,-0.800066,-0.000180
cmd,15.945000,275.645000,0.483100,-1.049740,1.050626,-1.050592,-0.800066,-0.000180
cmd,15.950000,275.650000,0.484586,-1.049740,1.050626,-1.050592,-0.800066,-0.000180
cmd,15.955000,275.655000,0.486087,-1.049740,1.050626,-1.050592,-0.800066,-0.000180
cmd,15.960000,275.660000,0.487602,-1.049740,1.050626,-1.050592,-0.800066,-0.000180
cmd,15.965000,275.665000,0.489129,-1.049740,1.050626,-1.050592,-0.800066,-0.000180
cmd,15.970000,275.670000,0.490667,-1.049740,1.050626,-1.050592,-0.800066,-0.000180
cmd,15.975000,275.675000,0.492215,-1.049740,1.050626,-1.050592,-0.800066,-0.000180
cmd,15.980000,275.680000,0.493770,-1.049740,1.050626,-1.050592,-0.800066,-0.000180
cmd,15.985000,275.685000,0.495331,-1.049740,1.050626,-1.050592,-0.800066,-0.000180
cmd,15.990000,275.690000,0.496897,-1.049740,1.050626,-1.050592,-0.800066,-0.000180
cmd,15.995000,275.695000,0.498466,-1.049740,1.050626,-1.050592,-0.800066,-0.000180
cmd,16.000000,275.700000,0.500036,-1.049740,1.050626,-1.050592,-0.800066,-0.000180
cmd,16.005000,275.705000,0.501607,-1.049740,1.050626,-1.050592,-0.800066,-0.000180
cmd,16.010000,275.710000,0.503176,-1.049740,1.050626,-1.050592,-0.800066,-0.000180
cmd,16.015000,275.715000,0.504742,-1.049740,1.050626,-1.050592,-0.800066,-0.000180
cmd,16.020000,275.720000,0.506303,-1.049740,1.050626,-1.050592,-0.800066,-0.000180
cmd,16.025000,275.725000,0.507858,-1.049740,1.050626,-1.050592,-0.800066,-0.000180
cmd,16.030000,275.730000,0.509405,-1.049740,1.050626,-1.050592,-0.800066,-0.000180
cmd,16.035000,275.735000,0.510944,-1.049740,1.050626,-1.050592,-0.800066,-0.000180
cmd,16.040000,275.740000,0.512471,-1.049740,1.050626,-1.050592,-0.800066,-0.000180
cmd,16.045000,275.745000,0.513986,-1.049740,1.050626,-1.050592,-0.800066,-0.000180
cmd,16.050000,275.750000,0.515487,-1.049740,1.050626,-1.050592,-0.800066,-0.000180
cmd,16.055000,275.755000,0.516973,-1.049740,1.050626,-1.050592,-0.800066,-0.000180
cmd,16.060000,275.760000,0.518443,-1.049740,1.050626,-1.050592,-0.800066,-0.000180
cmd,16.065000,275.765000,0.519894,-1.049740,1.050626,-1.050592,-0.800066,-0.000180
cmd,16.070000,275.770000,0.521325,-1.049740,1.050626,-1.050592,-0.800066,-0.000180
cmd,16.075000,275.775000,0.522736,-1.049740,1.050626,-1.050592,-0.800066,-0.000180
cmd,16.080000,275.780000,0.524124,-1.049740,1.050626,-1.050592,-0.800066,-0.000180
cmd,16.085000,275.785000,0.525489,-1.049740,1.050626,-1.050592,-0.800066,-0.000180
cmd,16.090000,275.790000,0.526828,-1.049740,1.050626,-1.050592,-0.800066,-0.000180
cmd,16.095000,275.795000,0.528141,-1.049740,1.050626,-1.050592,-0.800066,-0.000180
cmd,16.100000,275.800000,0.529426,-1.049740,1.050626,-1.050592,-0.800066,-0.000180
cmd,16.105000,275.805000,0.530682,-1.049740,1.050626,-1.050592,-0.800066,-0.000180
cmd,16.110000,275.810000,0.531908,-1.049740,1.050626,-1.050592,-0.800066,-0.000180
cmd,16.115000,275.815000,0.533102,-1.049740,1.050626,-1.050592,-0.800066,-0.000180
cmd,16.120000,275.820000,0.534264,-1.049740,1.050626,-1.050592,-0.800066,-0.000180
cmd,16.125000,275.825000,0.535392,-1.049740,1.050626,-1.050592,-0.800066,-0.000180
cmd,16.130000,275.830000,0.536485,-1.049740,1.050626,-1.050592,-0.800066,-0.000180
cmd,16.135000,275.835000,0.537542,-1.049740,1.050626,-1.050592,-0.800066,-0.000180
cmd,16.140000,275.840000,0.538562,-1.049740,1.050626,-1.050592,-0.800066,-0.000180
cmd,16.145000,275.845000,0.539544,-1.049740,1.050626,-1.050592,-0.800066,-0.000180
cmd,16.150000,275.850000,0.540487,-1.049740,1.050626,-1.050592,-0.800066,-0.000180
cmd,16.155000,275.855000,0.541390,-1.049740,1.050626,-1.050592,-0.800066,-0.000180
cmd,16.160000,275.860000,0.542253,-1.049740,1.050626,-1.050592,-0.800066,-0.000180
cmd,16.165000,275.865000,0.543074,-1.049740,1.050626,-1.050592,-0.800066,-0.000180
cmd,16.170000,275.870000,0.543852,-1.049740,1.050626,-1.050592,-0.800066,-0.000180
cmd,16.175000,275.875000,0.544587,-1.049740,1.050626,-1.050592,-0.800066,-0.000180
cmd,16.180000,275.880000,0.545278,-1.049740,1.050626,-1.050592,-0.800066,-0.000180
cmd,16.185000,275.885000,0.545924,-1.049740,1.050626,-1.050592,-0.800066,-0.000180
cmd,16.190000,275.890000,0.546525,-1.049740,1.050626,-1.050592,-0.800066,-0.000180
cmd,16.195000,275.895000,0.547080,-1.049740,1.050626,-1.050592,-0.800066,-0.000180
cmd,16.200000,275.900000,0.547589,-1.049740,1.050626,-1.050592,-0.800066,-0.000180
cmd,16.205000,275.905000,0.548051,-1.049740,1.050626,-1.050592,-0.800066,-0.000180
cmd,16.210000,275.910000,0.548466,-1.049740,1.050626,-1.050592,-0.800066,-0.000180
cmd,16.215000,275.915000,0.548832,-1.049740,1.050626,-1.050592,-0.800066,-0.000180
cmd,16.220000,275.920000,0.549151,-1.049740,1.050626,-1.050592,-0.800066,-0.000180
cmd,16.225000,275.925000,0.549421,-1.049740,1.050626,-1.050592,-0.800066,-0.000180
cmd,16.230000,275.930000,0.549642,-1.049740,1.050626,-1.050592,-0.800066,-0.000180
cmd,16.235000,275.935000,0.549815,-1.049740,1.050626,-1.050592,-0.800066,-0.000180
cmd,16.240000,275.940000,0.549938,-1.049740,1.050626,-1.050592,-0.800066,-0.000180
cmd,16.245000,275.945000,0.550012,-1.049740,1.050626,-1.050592,-0.800066,-0.000180
cmd,16.250000,275.950000,0.550036,-1.049740,1.050626,-1.050592,-0.800066,-0.000180
cmd,16.255000,275.955000,0.550012,-1.049740,1.050626,-1.050592,-0.800066,-0.000180
cmd,16.260000,275.960000,0.549938,-1.049740,1.050626,-1.050592,-0.800066,-0.000180
cmd,16.265000,275.965000,0.549815,-1.049740,1.050626,-1.050592,-0.800066,-0.000180
cmd,16.270000,275.970000,0.549642,-1.049740,1.050626,-1.050592,-0.800066,-0.000180
cmd,16.275000,275.975000,0.549421,-1.049740,1.050626,-1.050592,-0.800066,-0.000180
cmd,16.280000,275.980000,0.549151,-1.049740,1.050626,-1.050592,-0.800066,-0.000180
cmd,16.285000,275.985000,0.548832,-1.049740,1.050626,-1.050592,-0.800066,-0.000180
cmd,16.290000,275.990000,0.548466,-1.049740,1.050626,-1.050592,-0.800066,-0.000180
cmd,16.295000,275.995000,0.548051,-1.049740,1.050626,-1.050592,-0.800066,-0.000180
cmd,16.300000,276.000000,0.547589,-1.049740,1.050626,-1.050592,-0.800066,-0.000180
cmd,16.305000,276.005000,0.547080,-1.049740,1.050626,-1.050592,-0.800066,-0.000180
cmd,16.310000,276.010000,0.546525,-1.049740,1.050626,-1.050592,-0.800066,-0.000180
cmd,16.315000,276.015000,0.545924,-1.049740,1.050626,-1.050592,-0.800066,-0.000180
cmd,16.320000,276.020000,0.545278,-1.049740,1.050626,-1.050592,-0.800066,-0.000180
cmd,16.325000,276.025000,0.544587,-1.049740,1.050626,-1.050592,-0.800066,-0.000180
cmd,16.330000,276.030000,0.543852,-1.049740,1.050626,-1.050592,-0.800066,-0.000180
cmd,16.335000,276.035000,0.543074,-1.049740,1.050626,-1.050592,-0.800066,-0.000180
cmd,16.340000,276.040000,0.542253,-1.049740,1.050626,-1.050592,-0.800066,-0.000180
cmd,16.345000,276.045000,0.541390,-1.049740,1.050626,-1.050592,-0.800066,-0.000180
cmd,16.350000,276.050000,0.540487,-1.049740,1.050626,-1.050592,-0.800066,-0.000180
cmd,16.355000,276.055000,0.539544,-1.049740,1.050626,-1.050592,-0.800066,-0.000180
cmd,16.360000,276.060000,0.538562,-1.049740,1.050626,-1.050592,-0.800066,-0.000180
cmd,16.365000,276.065000,0.537542,-1.049740,1.050626,-1.050592,-0.800066,-0.000180
cmd,16.370000,276.070000,0.536485,-1.049740,1.050626,-1.050592,-0.800066,-0.000180
cmd,16.375000,276.075000,0.535392,-1.049740,1.050626,-1.050592,-0.800066,-0.000180
cmd,16.380000,276.080000,0.534264,-1.049740,1.050626,-1.050592,-0.800066,-0.000180
cmd,16.385000,276.085000,0.533102,-1.049740,1.050626,-1.050592,-0.800066,-0.000180
cmd,16.390000,276.090000,0.531908,-1.049740,1.050626,-1.050592,-0.800066,-0.000180
cmd,16.395000,276.095000,0.530682,-1.049740,1.050626,-1.050592,-0.800066,-0.000180
cmd,16.400000,276.100000,0.529426,-1.049740,1.050626,-1.050592,-0.800066,-0.000180
cmd,16.405000,276.105000,0.528141,-1.049740,1.050626,-1.050592,-0.800066,-0.000180
cmd,16.410000,276.110000,0.526828,-1.049740,1.050626,-1.050592,-0.800066,-0.000180
cmd,16.415000,276.115000,0.525489,-1.049740,1.050626,-1.050592,-0.800066,-0.000180
cmd,16.420000,276.120000,0.524124,-1.049740,1.050626,-1.050592,-0.800066,-0.000180
cmd,16.425000,276.125000,0.522736,-1.049740,1.050626,-1.050592,-0.800066,-0.000180
cmd,16.430000,276.130000,0.521325,-1.049740,1.050626,-1.050592,-0.800066,-0.000180
cmd,16.435000,276.135000,0.519894,-1.049740,1.050626,-1.050592,-0.800066,-0.000180
cmd,16.440000,276.140000,0.518443,-1.049740,1.050626,-1.050592,-0.800066,-0.000180
cmd,16.445000,276.145000,0.516973,-1.049740,1.050626,-1.050592,-0.800066,-0.000180
cmd,16.450000,276.150000,0.515487,-1.049740,1.050626,-1.050592,-0.800066,-0.000180
cmd,16.455000,276.155000,0.513986,-1.049740,1.050626,-1.050592,-0.800066,-0.000180
cmd,16.460000,276.160000,0.512471,-1.049740,1.050626,-1.050592,-0.800066,-0.000180
cmd,16.465000,276.165000,0.510944,-1.049740,1.050626,-1.050592,-0.800066,-0.000180
cmd,16.470000,276.170000,0.509405,-1.049740,1.050626,-1.050592,-0.800066,-0.000180
cmd,16.475000,276.175000,0.507858,-1.049740,1.050626,-1.050592,-0.800066,-0.000180
cmd,16.480000,276.180000,0.506303,-1.049740,1.050626,-1.050592,-0.800066,-0.000180
cmd,16.485000,276.185000,0.504742,-1.049740,1.050626,-1.050592,-0.800066,-0.000180
cmd,16.490000,276.190000,0.503176,-1.049740,1.050626,-1.050592,-0.800066,-0.000180
cmd,16.495000,276.195000,0.501607,-1.049740,1.050626,-1.050592,-0.800066,-0.000180
cmd,16.500000,276.200000,0.500036,-1.049740,1.050626,-1.050592,-0.800066,-0.000180
cmd,16.505000,276.205000,0.498466,-1.049740,1.050626,-1.050592,-0.800066,-0.000180
cmd,16.510000,276.210000,0.496897,-1.049740,1.050626,-1.050592,-0.800066,-0.000180
cmd,16.515000,276.215000,0.495331,-1.049740,1.050626,-1.050592,-0.800066,-0.000180
cmd,16.520000,276.220000,0.493770,-1.049740,1.050626,-1.050592,-0.800066,-0.000180
cmd,16.525000,276.225000,0.492215,-1.049740,1.050626,-1.050592,-0.800066,-0.000180
cmd,16.530000,276.230000,0.490667,-1.049740,1.050626,-1.050592,-0.800066,-0.000180
cmd,16.535000,276.235000,0.489129,-1.049740,1.050626,-1.050592,-0.800066,-0.000180
cmd,16.540000,276.240000,0.487602,-1.049740,1.050626,-1.050592,-0.800066,-0.000180
cmd,16.545000,276.245000,0.486087,-1.049740,1.050626,-1.050592,-0.800066,-0.000180
cmd,16.550000,276.250000,0.484586,-1.049740,1.050626,-1.050592,-0.800066,-0.000180
cmd,16.555000,276.255000,0.483100,-1.049740,1.050626,-1.050592,-0.800066,-0.000180
cmd,16.560000,276.260000,0.481630,-1.049740,1.050626,-1.050592,-0.800066,-0.000180
cmd,16.565000,276.265000,0.480179,-1.049740,1.050626,-1.050592,-0.800066,-0.000180
cmd,16.570000,276.270000,0.478747,-1.049740,1.050626,-1.050592,-0.800066,-0.000180
cmd,16.575000,276.275000,0.477337,-1.049740,1.050626,-1.050592,-0.800066,-0.000180
cmd,16.580000,276.280000,0.475949,-1.049740,1.050626,-1.050592,-0.800066,-0.000180
cmd,16.585000,276.285000,0.474584,-1.049740,1.050626,-1.050592,-0.800066,-0.000180
cmd,16.590000,276.290000,0.473245,-1.049740,1.050626,-1.050592,-0.800066,-0.000180
cmd,16.595000,276.295000,0.471932,-1.049740,1.050626,-1.050592,-0.800066,-0.000180
cmd,16.600000,276.300000,0.470647,-1.049740,1.050626,-1.050592,-0.800066,-0.000180
cmd,16.605000,276.305000,0.469391,-1.049740,1.050626,-1.050592,-0.800066,-0.000180
cmd,16.610000,276.310000,0.468165,-1.049740,1.050626,-1.050592,-0.800066,-0.000180
cmd,16.615000,276.315000,0.466971,-1.049740,1.050626,-1.050592,-0.800066,-0.000180
cmd,16.620000,276.320000,0.465809,-1.049740,1.050626,-1.050592,-0.800066,-0.000180
cmd,16.625000,276.325000,0.464681,-1.049740,1.050626,-1.050592,-0.800066,-0.000180
cmd,16.630000,276.330000,0.463588,-1.049740,1.050626,-1.050592,-0.800066,-0.000180
cmd,16.635000,276.335000,0.462531,-1.049740,1.050626,-1.050592,-0.800066,-0.000180
cmd,16.640000,276.340000,0.461511,-1.049740,1.050626,-1.050592,-0.800066,-0.000180
cmd,16.645000,276.345000,0.460529,-1.049740,1.050626,-1.050592,-0.800066,-0.000180
cmd,16.650000,276.350000,0.459586,-1.049740,1.050626,-1.050592,-0.800066,-0.000180
cmd,16.655000,276.355000,0.458682,-1.049740,1.050626,-1.050592,-0.800066,-0.000180
cmd,16.660000,276.360000,0.457820,-1.049740,1.050626,-1.050592,-0.800066,-0.000180
cmd,16.665000,276.365000,0.456999,-1.049740,1.050626,-1.050592,-0.800066,-0.000180
cmd,16.670000,276.370000,0.456221,-1.049740,1.050626,-1.050592,-0.800066,-0.000180
cmd,16.675000,276.375000,0.455486,-1.049740,1.050626,-1.050592,-0.800066,-0.000180
cmd,16.680000,276.380000,0.454795,-1.049740,1.050626,-1.050592,-0.800066,-0.000180
cmd,16.685000,276.385000,0.454149,-1.049740,1.050626,-1.050592,-0.800066,-0.000180
cmd,16.690000,276.390000,0.453548,-1.049740,1.050626,-1.050592,-0.800066,-0.000180
cmd,16.695000,276.395000,0.452992,-1.049740,1.050626,-1.050592,-0.800066,-0.000180
cmd,16.700000,276.400000,0.452484,-1.049740,1.050626,-1.050592,-0.800066,-0.000180
cmd,16.705000,276.405000,0.452022,-1.049740,1.050626,-1.050592,-0.800066,-0.000180
cmd,16.710000,276.410000,0.451607,-1.049740,1.050626,-1.050592,-0.800066,-0.000180
cmd,16.715000,276.415000,0.451241,-1.049740,1.050626,-1.050592,-0.800066,-0.000180
cmd,16.720000,276.420000,0.450922,-1.049740,1.050626,-1.050592,-0.800066,-0.000180
cmd,16.725000,276.425000,0.450652,-1.049740,1.050626,-1.050592,-0.800066,-0.000180
cmd,16.730000,276.430000,0.450431,-1.049740,1.050626,-1.050592,-0.800066,-0.000180
cmd,16.735000,276.435000,0.450258,-1.049740,1.050626,-1.050592,-0.800066,-0.000180
cmd,16.740000,276.440000,0.450135,-1.049740,1.050626,-1.050592,-0.800066,-0.000180
cmd,16.745000,276.445000,0.450061,-1.049740,1.050626,-1.050592,-0.800066,-0.000180
cmd,16.750000,276.450000,0.450036,-1.049740,1.050626,-1.050592,-0.800066,-0.000180
cmd,16.755000,276.455000,0.450061,-1.049740,1.050626,-1.050592,-0.800066,-0.000180
cmd,16.760000,276.460000,0.450135,-1.049740,1.050626,-1.050592,-0.800066,-0.000180
cmd,16.765000,276.465000,0.450258,-1.049740,1.050626,-1.050592,-0.800066,-0.000180
cmd,16.770000,276.470000,0.450431,-1.049740,1.050626,-1.050592,-0.800066,-0.000180
cmd,16.775000,276.475000,0.450652,-1.049740,1.050626,-1.050592,-0.800066,-0.000180
cmd,16.780000,276.480000,0.450922,-1.049740,1.050626,-1.050592,-0.800066,-0.000180
cmd,16.785000,276.485000,0.451241,-1.049740,1.050626,-1.050592,-0.800066,-0.000180
cmd,16.790000,276.490000,0.451607,-1.049740,1.050626,-1.050592,-0.800066,-0.000180
cmd,16.795000,276.495000,0.452022,-1.049740,1.050626,-1.050592,-0.800066,-0.000180
cmd,16.800000,276.500000,0.452484,-1.049740,1.050626,-1.050592,-0.800066,-0.000180
cmd,16.805000,276.505000,0.452992,-1.049740,1.050626,-1.050592,-0.800066,-0.000180
cmd,16.810000,276.510000,0.453548,-1.049740,1.050626,-1.050592,-0.800066,-0.000180
cmd,16.815000,276.515000,0.454149,-1.049740,1.050626,-1.050592,-0.800066,-0.000180
cmd,16.820000,276.520000,0.454795,-1.049740,1.050626,-1.050592,-0.800066,-0.000180
cmd,16.825000,276.525000,0.455486,-1.049740,1.050626,-1.050592,-0.800066,-0.000180
cmd,16.830000,276.530000,0.456221,-1.049740,1.050626,-1.050592,-0.800066,-0.000180
cmd,16.835000,276.535000,0.456999,-1.049740,1.050626,-1.050592,-0.800066,-0.000180
cmd,16.840000,276.540000,0.457820,-1.049740,1.050626,-1.050592,-0.800066,-0.000180
cmd,16.845000,276.545000,0.458682,-1.049740,1.050626,-1.050592,-0.800066,-0.000180
cmd,16.850000,276.550000,0.459586,-1.049740,1.050626,-1.050592,-0.800066,-0.000180
cmd,16.855000,276.555000,0.460529,-1.049740,1.050626,-1.050592,-0.800066,-0.000180
cmd,16.860000,276.560000,0.461511,-1.049740,1.050626,-1.050592,-0.800066,-0.000180
cmd,16.865000,276.565000,0.462531,-1.049740,1.050626,-1.050592,-0.800066,-0.000180
cmd,16.870000,276.570000,0.463588,-1.049740,1.050626,-1.050592,-0.800066,-0.000180
cmd,16.875000,276.575000,0.464681,-1.049740,1.050626,-1.050592,-0.800066,-0.000180
cmd,16.880000,276.580000,0.465809,-1.049740,1.050626,-1.050592,-0.800066,-0.000180
cmd,16.885000,276.585000,0.466971,-1.049740,1.050626,-1.050592,-0.800066,-0.000180
cmd,16.890000,276.590000,0.468165,-1.049740,1.050626,-1.050592,-0.800066,-0.000180
cmd,16.895000,276.595000,0.469391,-1.049740,1.050626,-1.050592,-0.800066,-0.000180
cmd,16.900000,276.600000,0.470647,-1.049740,1.050626,-1.050592,-0.800066,-0.000180
cmd,16.905000,276.605000,0.471932,-1.049740,1.050626,-1.050592,-0.800066,-0.000180
cmd,16.910000,276.610000,0.473245,-1.049740,1.050626,-1.050592,-0.800066,-0.000180
cmd,16.915000,276.615000,0.474584,-1.049740,1.050626,-1.050592,-0.800066,-0.000180
cmd,16.920000,276.620000,0.475949,-1.049740,1.050626,-1.050592,-0.800066,-0.000180
cmd,16.925000,276.625000,0.477337,-1.049740,1.050626,-1.050592,-0.800066,-0.000180
cmd,16.930000,276.630000,0.478747,-1.049740,1.050626,-1.050592,-0.800066,-0.000180
cmd,16.935000,276.635000,0.480179,-1.049740,1.050626,-1.050592,-0.800066,-0.000180
cmd,16.940000,276.640000,0.481630,-1.049740,1.050626,-1.050592,-0.800066,-0.000180
cmd,16.945000,276.645000,0.483100,-1.049740,1.050626,-1.050592,-0.800066,-0.000180
cmd,16.950000,276.650000,0.484586,-1.049740,1.050626,-1.050592,-0.800066,-0.000180
cmd,16.955000,276.655000,0.486087,-1.049740,1.050626,-1.050592,-0.800066,-0.000180
cmd,16.960000,276.660000,0.487602,-1.049740,1.050626,-1.050592,-0.800066,-0.000180
cmd,16.965000,276.665000,0.489129,-1.049740,1.050626,-1.050592,-0.800066,-0.000180
cmd,16.970000,276.670000,0.490667,-1.049740,1.050626,-1.050592,-0.800066,-0.000180
cmd,16.975000,276.675000,0.492215,-1.049740,1.050626,-1.050592,-0.800066,-0.000180
cmd,16.980000,276.680000,0.493770,-1.049740,1.050626,-1.050592,-0.800066,-0.000180
cmd,16.985000,276.685000,0.495331,-1.049740,1.050626,-1.050592,-0.800066,-0.000180
cmd,16.990000,276.690000,0.496897,-1.049740,1.050626,-1.050592,-0.800066,-0.000180
cmd,16.995000,276.695000,0.498466,-1.049740,1.050626,-1.050592,-0.800066,-0.000180
cmd,17.000000,276.700000,0.500036,-1.049740,1.050626,-1.050592,-0.800066,-0.000180
cmd,17.005000,276.705000,0.501607,-1.049740,1.050626,-1.050592,-0.800066,-0.000180
cmd,17.010000,276.710000,0.503176,-1.049740,1.050626,-1.050592,-0.800066,-0.000180
cmd,17.015000,276.715000,0.504742,-1.049740,1.050626,-1.050592,-0.800066,-0.000180
cmd,17.020000,276.720000,0.506303,-1.049740,1.050626,-1.050592,-0.800066,-0.000180
cmd,17.025000,276.725000,0.507858,-1.049740,1.050626,-1.050592,-0.800066,-0.000180
cmd,17.030000,276.730000,0.509405,-1.049740,1.050626,-1.050592,-0.800066,-0.000180
cmd,17.035000,276.735000,0.510944,-1.049740,1.050626,-1.050592,-0.800066,-0.000180
cmd,17.040000,276.740000,0.512471,-1.049740,1.050626,-1.050592,-0.800066,-0.000180
cmd,17.045000,276.745000,0.513986,-1.049740,1.050626,-1.050592,-0.800066,-0.000180
cmd,17.050000,276.750000,0.515487,-1.049740,1.050626,-1.050592,-0.800066,-0.000180
cmd,17.055000,276.755000,0.516973,-1.049740,1.050626,-1.050592,-0.800066,-0.000180
cmd,17.060000,276.760000,0.518443,-1.049740,1.050626,-1.050592,-0.800066,-0.000180
cmd,17.065000,276.765000,0.519894,-1.049740,1.050626,-1.050592,-0.800066,-0.000180
cmd,17.070000,276.770000,0.521325,-1.049740,1.050626,-1.050592,-0.800066,-0.000180
cmd,17.075000,276.775000,0.522736,-1.049740,1.050626,-1.050592,-0.800066,-0.000180
cmd,17.080000,276.780000,0.524124,-1.049740,1.050626,-1.050592,-0.800066,-0.000180
cmd,17.085000,276.785000,0.525489,-1.049740,1.050626,-1.050592,-0.800066,-0.000180
cmd,17.090000,276.790000,0.526828,-1.049740,1.050626,-1.050592,-0.800066,-0.000180
cmd,17.095000,276.795000,0.528141,-1.049740,1.050626,-1.050592,-0.800066,-0.000180
cmd,17.100000,276.800000,0.529426,-1.049740,1.050626,-1.050592,-0.800066,-0.000180
cmd,17.105000,276.805000,0.530682,-1.049740,1.050626,-1.050592,-0.800066,-0.000180
cmd,17.110000,276.810000,0.531908,-1.049740,1.050626,-1.050592,-0.800066,-0.000180
cmd,17.115000,276.815000,0.533102,-1.049740,1.050626,-1.050592,-0.800066,-0.000180
cmd,17.120000,276.820000,0.534264,-1.049740,1.050626,-1.050592,-0.800066,-0.000180
cmd,17.125000,276.825000,0.535392,-1.049740,1.050626,-1.050592,-0.800066,-0.000180
cmd,17.130000,276.830000,0.536485,-1.049740,1.050626,-1.050592,-0.800066,-0.000180
cmd,17.135000,276.835000,0.537542,-1.049740,1.050626,-1.050592,-0.800066,-0.000180
cmd,17.140000,276.840000,0.538562,-1.049740,1.050626,-1.050592,-0.800066,-0.000180
cmd,17.145000,276.845000,0.539544,-1.049740,1.050626,-1.050592,-0.800066,-0.000180
cmd,17.150000,276.850000,0.540487,-1.049740,1.050626,-1.050592,-0.800066,-0.000180
cmd,17.155000,276.855000,0.541390,-1.049740,1.050626,-1.050592,-0.800066,-0.000180
cmd,17.160000,276.860000,0.542253,-1.049740,1.050626,-1.050592,-0.800066,-0.000180
cmd,17.165000,276.865000,0.543074,-1.049740,1.050626,-1.050592,-0.800066,-0.000180
cmd,17.170000,276.870000,0.543852,-1.049740,1.050626,-1.050592,-0.800066,-0.000180
cmd,17.175000,276.875000,0.544587,-1.049740,1.050626,-1.050592,-0.800066,-0.000180
cmd,17.180000,276.880000,0.545278,-1.049740,1.050626,-1.050592,-0.800066,-0.000180
cmd,17.185000,276.885000,0.545924,-1.049740,1.050626,-1.050592,-0.800066,-0.000180
cmd,17.190000,276.890000,0.546525,-1.049740,1.050626,-1.050592,-0.800066,-0.000180
cmd,17.195000,276.895000,0.547080,-1.049740,1.050626,-1.050592,-0.800066,-0.000180
cmd,17.200000,276.900000,0.547589,-1.049740,1.050626,-1.050592,-0.800066,-0.000180
cmd,17.205000,276.905000,0.548051,-1.049740,1.050626,-1.050592,-0.800066,-0.000180
cmd,17.210000,276.910000,0.548466,-1.049740,1.050626,-1.050592,-0.800066,-0.000180
cmd,17.215000,276.915000,0.548832,-1.049740,1.050626,-1.050592,-0.800066,-0.000180
cmd,17.220000,276.920000,0.549151,-1.049740,1.050626,-1.050592,-0.800066,-0.000180
cmd,17.225000,276.925000,0.549421,-1.049740,1.050626,-1.050592,-0.800066,-0.000180
cmd,17.230000,276.930000,0.549642,-1.049740,1.050626,-1.050592,-0.800066,-0.000180
cmd,17.235000,276.935000,0.549815,-1.049740,1.050626,-1.050592,-0.800066,-0.000180
cmd,17.240000,276.940000,0.549938,-1.049740,1.050626,-1.050592,-0.800066,-0.000180
cmd,17.245000,276.945000,0.550012,-1.049740,1.050626,-1.050592,-0.800066,-0.000180
cmd,17.250000,276.950000,0.550036,-1.049740,1.050626,-1.050592,-0.800066,-0.000180
cmd,17.255000,276.955000,0.550012,-1.049740,1.050626,-1.050592,-0.800066,-0.000180
cmd,17.260000,276.960000,0.549938,-1.049740,1.050626,-1.050592,-0.800066,-0.000180
cmd,17.265000,276.965000,0.549815,-1.049740,1.050626,-1.050592,-0.800066,-0.000180
cmd,17.270000,276.970000,0.549642,-1.049740,1.050626,-1.050592,-0.800066,-0.000180
cmd,17.275000,276.975000,0.549421,-1.049740,1.050626,-1.050592,-0.800066,-0.000180
cmd,17.280000,276.980000,0.549151,-1.049740,1.050626,-1.050592,-0.800066,-0.000180
cmd,17.285000,276.985000,0.548832,-1.049740,1.050626,-1.050592,-0.800066,-0.000180
cmd,17.290000,276.990000,0.548466,-1.049740,1.050626,-1.050592,-0.800066,-0.000180
cmd,17.295000,276.995000,0.548051,-1.049740,1.050626,-1.050592,-0.800066,-0.000180
cmd,17.300000,277.000000,0.547589,-1.049740,1.050626,-1.050592,-0.800066,-0.000180
cmd,17.305000,277.005000,0.547080,-1.049740,1.050626,-1.050592,-0.800066,-0.000180
cmd,17.310000,277.010000,0.546525,-1.049740,1.050626,-1.050592,-0.800066,-0.000180
cmd,17.315000,277.015000,0.545924,-1.049740,1.050626,-1.050592,-0.800066,-0.000180
cmd,17.320000,277.020000,0.545278,-1.049740,1.050626,-1.050592,-0.800066,-0.000180
cmd,17.325000,277.025000,0.544587,-1.049740,1.050626,-1.050592,-0.800066,-0.000180
cmd,17.330000,277.030000,0.543852,-1.049740,1.050626,-1.050592,-0.800066,-0.000180
cmd,17.335000,277.035000,0.543074,-1.049740,1.050626,-1.050592,-0.800066,-0.000180
cmd,17.340000,277.040000,0.542253,-1.049740,1.050626,-1.050592,-0.800066,-0.000180
cmd,17.345000,277.045000,0.541390,-1.049740,1.050626,-1.050592,-0.800066,-0.000180
cmd,17.350000,277.050000,0.540487,-1.049740,1.050626,-1.050592,-0.800066,-0.000180
cmd,17.355000,277.055000,0.539544,-1.049740,1.050626,-1.050592,-0.800066,-0.000180
cmd,17.360000,277.060000,0.538562,-1.049740,1.050626,-1.050592,-0.800066,-0.000180
cmd,17.365000,277.065000,0.537542,-1.049740,1.050626,-1.050592,-0.800066,-0.000180
cmd,17.370000,277.070000,0.536485,-1.049740,1.050626,-1.050592,-0.800066,-0.000180
cmd,17.375000,277.075000,0.535392,-1.049740,1.050626,-1.050592,-0.800066,-0.000180
cmd,17.380000,277.080000,0.534264,-1.049740,1.050626,-1.050592,-0.800066,-0.000180
cmd,17.385000,277.085000,0.533102,-1.049740,1.050626,-1.050592,-0.800066,-0.000180
cmd,17.390000,277.090000,0.531908,-1.049740,1.050626,-1.050592,-0.800066,-0.000180
cmd,17.395000,277.095000,0.530682,-1.049740,1.050626,-1.050592,-0.800066,-0.000180
cmd,17.400000,277.100000,0.529426,-1.049740,1.050626,-1.050592,-0.800066,-0.000180
cmd,17.405000,277.105000,0.528141,-1.049740,1.050626,-1.050592,-0.800066,-0.000180
cmd,17.410000,277.110000,0.526828,-1.049740,1.050626,-1.050592,-0.800066,-0.000180
cmd,17.415000,277.115000,0.525489,-1.049740,1.050626,-1.050592,-0.800066,-0.000180
cmd,17.420000,277.120000,0.524124,-1.049740,1.050626,-1.050592,-0.800066,-0.000180
cmd,17.425000,277.125000,0.522736,-1.049740,1.050626,-1.050592,-0.800066,-0.000180
cmd,17.430000,277.130000,0.521325,-1.049740,1.050626,-1.050592,-0.800066,-0.000180
cmd,17.435000,277.135000,0.519894,-1.049740,1.050626,-1.050592,-0.800066,-0.000180
cmd,17.440000,277.140000,0.518443,-1.049740,1.050626,-1.050592,-0.800066,-0.000180
cmd,17.445000,277.145000,0.516973,-1.049740,1.050626,-1.050592,-0.800066,-0.000180
cmd,17.450000,277.150000,0.515487,-1.049740,1.050626,-1.050592,-0.800066,-0.000180
cmd,17.455000,277.155000,0.513986,-1.049740,1.050626,-1.050592,-0.800066,-0.000180
cmd,17.460000,277.160000,0.512471,-1.049740,1.050626,-1.050592,-0.800066,-0.000180
cmd,17.465000,277.165000,0.510944,-1.049740,1.050626,-1.050592,-0.800066,-0.000180
cmd,17.470000,277.170000,0.509405,-1.049740,1.050626,-1.050592,-0.800066,-0.000180
cmd,17.475000,277.175000,0.507858,-1.049740,1.050626,-1.050592,-0.800066,-0.000180
cmd,17.480000,277.180000,0.506303,-1.049740,1.050626,-1.050592,-0.800066,-0.000180
cmd,17.485000,277.185000,0.504742,-1.049740,1.050626,-1.050592,-0.800066,-0.000180
cmd,17.490000,277.190000,0.503176,-1.049740,1.050626,-1.050592,-0.800066,-0.000180
cmd,17.495000,277.195000,0.501607,-1.049740,1.050626,-1.050592,-0.800066,-0.000180
cmd,17.500000,277.200000,0.500036,-1.049740,1.050626,-1.050592,-0.800066,-0.000180
cmd,17.505000,277.205000,0.498466,-1.049740,1.050626,-1.050592,-0.800066,-0.000180
cmd,17.510000,277.210000,0.496897,-1.049740,1.050626,-1.050592,-0.800066,-0.000180
cmd,17.515000,277.215000,0.495331,-1.049740,1.050626,-1.050592,-0.800066,-0.000180
cmd,17.520000,277.220000,0.493770,-1.049740,1.050626,-1.050592,-0.800066,-0.000180
cmd,17.525000,277.225000,0.492215,-1.049740,1.050626,-1.050592,-0.800066,-0.000180
cmd,17.530000,277.230000,0.490667,-1.049740,1.050626,-1.050592,-0.800066,-0.000180
cmd,17.535000,277.235000,0.489129,-1.049740,1.050626,-1.050592,-0.800066,-0.000180
cmd,17.540000,277.240000,0.487602,-1.049740,1.050626,-1.050592,-0.800066,-0.000180
cmd,17.545000,277.245000,0.486087,-1.049740,1.050626,-1.050592,-0.800066,-0.000180
cmd,17.550000,277.250000,0.484586,-1.049740,1.050626,-1.050592,-0.800066,-0.000180
cmd,17.555000,277.255000,0.483100,-1.049740,1.050626,-1.050592,-0.800066,-0.000180
cmd,17.560000,277.260000,0.481630,-1.049740,1.050626,-1.050592,-0.800066,-0.000180
cmd,17.565000,277.265000,0.480179,-1.049740,1.050626,-1.050592,-0.800066,-0.000180
cmd,17.570000,277.270000,0.478747,-1.049740,1.050626,-1.050592,-0.800066,-0.000180
cmd,17.575000,277.275000,0.477337,-1.049740,1.050626,-1.050592,-0.800066,-0.000180
cmd,17.580000,277.280000,0.475949,-1.049740,1.050626,-1.050592,-0.800066,-0.000180
cmd,17.585000,277.285000,0.474584,-1.049740,1.050626,-1.050592,-0.800066,-0.000180
cmd,17.590000,277.290000,0.473245,-1.049740,1.050626,-1.050592,-0.800066,-0.000180
cmd,17.595000,277.295000,0.471932,-1.049740,1.050626,-1.050592,-0.800066,-0.000180
cmd,17.600000,277.300000,0.470647,-1.049740,1.050626,-1.050592,-0.800066,-0.000180
cmd,17.605000,277.305000,0.469391,-1.049740,1.050626,-1.050592,-0.800066,-0.000180
cmd,17.610000,277.310000,0.468165,-1.049740,1.050626,-1.050592,-0.800066,-0.000180
cmd,17.615000,277.315000,0.466971,-1.049740,1.050626,-1.050592,-0.800066,-0.000180
cmd,17.620000,277.320000,0.465809,-1.049740,1.050626,-1.050592,-0.800066,-0.000180
cmd,17.625000,277.325000,0.464681,-1.049740,1.050626,-1.050592,-0.800066,-0.000180
cmd,17.630000,277.330000,0.463588,-1.049740,1.050626,-1.050592,-0.800066,-0.000180
cmd,17.635000,277.335000,0.462531,-1.049740,1.050626,-1.050592,-0.800066,-0.000180
cmd,17.640000,277.340000,0.461511,-1.049740,1.050626,-1.050592,-0.800066,-0.000180
cmd,17.645000,277.345000,0.460529,-1.049740,1.050626,-1.050592,-0.800066,-0.000180
cmd,17.650000,277.350000,0.459586,-1.049740,1.050626,-1.050592,-0.800066,-0.000180
cmd,17.655000,277.355000,0.458682,-1.049740,1.050626,-1.050592,-0.800066,-0.000180
cmd,17.660000,277.360000,0.457820,-1.049740,1.050626,-1.050592,-0.800066,-0.000180
cmd,17.665000,277.365000,0.456999,-1.049740,1.050626,-1.050592,-0.800066,-0.000180
cmd,17.670000,277.370000,0.456221,-1.049740,1.050626,-1.050592,-0.800066,-0.000180
cmd,17.675000,277.375000,0.455486,-1.049740,1.050626,-1.050592,-0.800066,-0.000180
cmd,17.680000,277.380000,0.454795,-1.049740,1.050626,-1.050592,-0.800066,-0.000180
cmd,17.685000,277.385000,0.454149,-1.049740,1.050626,-1.050592,-0.800066,-0.000180
cmd,17.690000,277.390000,0.453548,-1.049740,1.050626,-1.050592,-0.800066,-0.000180
cmd,17.695000,277.395000,0.452992,-1.049740,1.050626,-1.050592,-0.800066,-0.000180
cmd,17.700000,277.400000,0.452484,-1.049740,1.050626,-1.050592,-0.800066,-0.000180
cmd,17.705000,277.405000,0.452022,-1.049740,1.050626,-1.050592,-0.800066,-0.000180
cmd,17.710000,277.410000,0.451607,-1.049740,1.050626,-1.050592,-0.800066,-0.000180
cmd,17.715000,277.415000,0.451241,-1.049740,1.050626,-1.050592,-0.800066,-0.000180
cmd,17.720000,277.420000,0.450922,-1.049740,1.050626,-1.050592,-0.800066,-0.000180
cmd,17.725000,277.425000,0.450652,-1.049740,1.050626,-1.050592,-0.800066,-0.000180
cmd,17.730000,277.430000,0.450431,-1.049740,1.050626,-1.050592,-0.800066,-0.000180
cmd,17.735000,277.435000,0.450258,-1.049740,1.050626,-1.050592,-0.800066,-0.000180
cmd,17.740000,277.440000,0.450135,-1.049740,1.050626,-1.050592,-0.800066,-0.000180
cmd,17.745000,277.445000,0.450061,-1.049740,1.050626,-1.050592,-0.800066,-0.000180
cmd,17.750000,277.450000,0.450036,-1.049740,1.050626,-1.050592,-0.800066,-0.000180
cmd,17.755000,277.455000,0.450061,-1.049740,1.050626,-1.050592,-0.800066,-0.000180
cmd,17.760000,277.460000,0.450135,-1.049740,1.050626,-1.050592,-0.800066,-0.000180
cmd,17.765000,277.465000,0.450258,-1.049740,1.050626,-1.050592,-0.800066,-0.000180
cmd,17.770000,277.470000,0.450431,-1.049740,1.050626,-1.050592,-0.800066,-0.000180
cmd,17.775000,277.475000,0.450652,-1.049740,1.050626,-1.050592,-0.800066,-0.000180
cmd,17.780000,277.480000,0.450922,-1.049740,1.050626,-1.050592,-0.800066,-0.000180
cmd,17.785000,277.485000,0.451241,-1.049740,1.050626,-1.050592,-0.800066,-0.000180
cmd,17.790000,277.490000,0.451607,-1.049740,1.050626,-1.050592,-0.800066,-0.000180
cmd,17.795000,277.495000,0.452022,-1.049740,1.050626,-1.050592,-0.800066,-0.000180
cmd,17.800000,277.500000,0.452484,-1.049740,1.050626,-1.050592,-0.800066,-0.000180
cmd,17.805000,277.505000,0.452992,-1.049740,1.050626,-1.050592,-0.800066,-0.000180
cmd,17.810000,277.510000,0.453548,-1.049740,1.050626,-1.050592,-0.800066,-0.000180
cmd,17.815000,277.515000,0.454149,-1.049740,1.050626,-1.050592,-0.800066,-0.000180
cmd,17.820000,277.520000,0.454795,-1.049740,1.050626,-1.050592,-0.800066,-0.000180
cmd,17.825000,277.525000,0.455486,-1.049740,1.050626,-1.050592,-0.800066,-0.000180
cmd,17.830000,277.530000,0.456221,-1.049740,1.050626,-1.050592,-0.800066,-0.000180
cmd,17.835000,277.535000,0.456999,-1.049740,1.050626,-1.050592,-0.800066,-0.000180
cmd,17.840000,277.540000,0.457820,-1.049740,1.050626,-1.050592,-0.800066,-0.000180
cmd,17.845000,277.545000,0.458682,-1.049740,1.050626,-1.050592,-0.800066,-0.000180
cmd,17.850000,277.550000,0.459586,-1.049740,1.050626,-1.050592,-0.800066,-0.000180
cmd,17.855000,277.555000,0.460529,-1.049740,1.050626,-1.050592,-0.800066,-0.000180
cmd,17.860000,277.560000,0.461511,-1.049740,1.050626,-1.050592,-0.800066,-0.000180
cmd,17.865000,277.565000,0.462531,-1.049740,1.050626,-1.050592,-0.800066,-0.000180
cmd,17.870000,277.570000,0.463588,-1.049740,1.050626,-1.050592,-0.800066,-0.000180
cmd,17.875000,277.575000,0.464681,-1.049740,1.050626,-1.050592,-0.800066,-0.000180
cmd,17.880000,277.580000,0.465809,-1.049740,1.050626,-1.050592,-0.800066,-0.000180
cmd,17.885000,277.585000,0.466971,-1.049740,1.050626,-1.050592,-0.800066,-0.000180
cmd,17.890000,277.590000,0.468165,-1.049740,1.050626,-1.050592,-0.800066,-0.000180
cmd,17.895000,277.595000,0.469391,-1.049740,1.050626,-1.050592,-0.800066,-0.000180
cmd,17.900000,277.600000,0.470647,-1.049740,1.050626,-1.050592,-0.800066,-0.000180
cmd,17.905000,277.605000,0.471932,-1.049740,1.050626,-1.050592,-0.800066,-0.000180
cmd,17.910000,277.610000,0.473245,-1.049740,1.050626,-1.050592,-0.800066,-0.000180
cmd,17.915000,277.615000,0.474584,-1.049740,1.050626,-1.050592,-0.800066,-0.000180
cmd,17.920000,277.620000,0.475949,-1.049740,1.050626,-1.050592,-0.800066,-0.000180
cmd,17.925000,277.625000,0.477337,-1.049740,1.050626,-1.050592,-0.800066,-0.000180
cmd,17.930000,277.630000,0.478747,-1.049740,1.050626,-1.050592,-0.800066,-0.000180
cmd,17.935000,277.635000,0.480179,-1.049740,1.050626,-1.050592,-0.800066,-0.000180
cmd,17.940000,277.640000,0.481630,-1.049740,1.050626,-1.050592,-0.800066,-0.000180
cmd,17.945000,277.645000,0.483100,-1.049740,1.050626,-1.050592,-0.800066,-0.000180
cmd,17.950000,277.650000,0.484586,-1.049740,1.050626,-1.050592,-0.800066,-0.000180
cmd,17.955000,277.655000,0.486087,-1.049740,1.050626,-1.050592,-0.800066,-0.000180
cmd,17.960000,277.660000,0.487602,-1.049740,1.050626,-1.050592,-0.800066,-0.000180
cmd,17.965000,277.665000,0.489129,-1.049740,1.050626,-1.050592,-0.800066,-0.000180
cmd,17.970000,277.670000,0.490667,-1.049740,1.050626,-1.050592,-0.800066,-0.000180
cmd,17.975000,277.675000,0.492215,-1.049740,1.050626,-1.050592,-0.800066,-0.000180
cmd,17.980000,277.680000,0.493770,-1.049740,1.050626,-1.050592,-0.800066,-0.000180
cmd,17.985000,277.685000,0.495331,-1.049740,1.050626,-1.050592,-0.800066,-0.000180
cmd,17.990000,277.690000,0.496897,-1.049740,1.050626,-1.050592,-0.800066,-0.000180
cmd,17.995000,277.695000,0.498466,-1.049740,1.050626,-1.050592,-0.800066,-0.000180
cmd,18.000000,277.700000,0.500036,-1.049740,1.050626,-1.050592,-0.800066,-0.000180
cmd,18.005000,277.705000,0.501607,-1.049740,1.050626,-1.050592,-0.800066,-0.000180
cmd,18.010000,277.710000,0.503176,-1.049740,1.050626,-1.050592,-0.800066,-0.000180
cmd,18.015000,277.715000,0.504742,-1.049740,1.050626,-1.050592,-0.800066,-0.000180
cmd,18.020000,277.720000,0.506303,-1.049740,1.050626,-1.050592,-0.800066,-0.000180
cmd,18.025000,277.725000,0.507858,-1.049740,1.050626,-1.050592,-0.800066,-0.000180
cmd,18.030000,277.730000,0.509405,-1.049740,1.050626,-1.050592,-0.800066,-0.000180
cmd,18.035000,277.735000,0.510944,-1.049740,1.050626,-1.050592,-0.800066,-0.000180
cmd,18.040000,277.740000,0.512471,-1.049740,1.050626,-1.050592,-0.800066,-0.000180
cmd,18.045000,277.745000,0.513986,-1.049740,1.050626,-1.050592,-0.800066,-0.000180
cmd,18.050000,277.750000,0.515487,-1.049740,1.050626,-1.050592,-0.800066,-0.000180
cmd,18.055000,277.755000,0.516973,-1.049740,1.050626,-1.050592,-0.800066,-0.000180
cmd,18.060000,277.760000,0.518443,-1.049740,1.050626,-1.050592,-0.800066,-0.000180
cmd,18.065000,277.765000,0.519894,-1.049740,1.050626,-1.050592,-0.800066,-0.000180
cmd,18.070000,277.770000,0.521325,-1.049740,1.050626,-1.050592,-0.800066,-0.000180
cmd,18.075000,277.775000,0.522736,-1.049740,1.050626,-1.050592,-0.800066,-0.000180
cmd,18.080000,277.780000,0.524124,-1.049740,1.050626,-1.050592,-0.800066,-0.000180
cmd,18.085000,277.785000,0.525489,-1.049740,1.050626,-1.050592,-0.800066,-0.000180
cmd,18.090000,277.790000,0.526828,-1.049740,1.050626,-1.050592,-0.800066,-0.000180
cmd,18.095000,277.795000,0.528141,-1.049740,1.050626,-1.050592,-0.800066,-0.000180
cmd,18.100000,277.800000,0.529426,-1.049740,1.050626,-1.050592,-0.800066,-0.000180
cmd,18.105000,277.805000,0.530682,-1.049740,1.050626,-1.050592,-0.800066,-0.000180
cmd,18.110000,277.810000,0.531908,-1.049740,1.050626,-1.050592,-0.800066,-0.000180
cmd,18.115000,277.815000,0.533102,-1.049740,1.050626,-1.050592,-0.800066,-0.000180
cmd,18.120000,277.820000,0.534264,-1.049740,1.050626,-1.050592,-0.800066,-0.000180
cmd,18.125000,277.825000,0.535392,-1.049740,1.050626,-1.050592,-0.800066,-0.000180
cmd,18.130000,277.830000,0.536485,-1.049740,1.050626,-1.050592,-0.800066,-0.000180
cmd,18.135000,277.835000,0.537542,-1.049740,1.050626,-1.050592,-0.800066,-0.000180
cmd,18.140000,277.840000,0.538562,-1.049740,1.050626,-1.050592,-0.800066,-0.000180
cmd,18.145000,277.845000,0.539544,-1.049740,1.050626,-1.050592,-0.800066,-0.000180
cmd,18.150000,277.850000,0.540487,-1.049740,1.050626,-1.050592,-0.800066,-0.000180
cmd,18.155000,277.855000,0.541390,-1.049740,1.050626,-1.050592,-0.800066,-0.000180
cmd,18.160000,277.860000,0.542253,-1.049740,1.050626,-1.050592,-0.800066,-0.000180
cmd,18.165000,277.865000,0.543074,-1.049740,1.050626,-1.050592,-0.800066,-0.000180
cmd,18.170000,277.870000,0.543852,-1.049740,1.050626,-1.050592,-0.800066,-0.000180
cmd,18.175000,277.875000,0.544587,-1.049740,1.050626,-1.050592,-0.800066,-0.000180
cmd,18.180000,277.880000,0.545278,-1.049740,1.050626,-1.050592,-0.800066,-0.000180
cmd,18.185000,277.885000,0.545924,-1.049740,1.050626,-1.050592,-0.800066,-0.000180
cmd,18.190000,277.890000,0.546525,-1.049740,1.050626,-1.050592,-0.800066,-0.000180
cmd,18.195000,277.895000,0.547080,-1.049740,1.050626,-1.050592,-0.800066,-0.000180
cmd,18.200000,277.900000,0.547589,-1.049740,1.050626,-1.050592,-0.800066,-0.000180
cmd,18.205000,277.905000,0.548051,-1.049740,1.050626,-1.050592,-0.800066,-0.000180
cmd,18.210000,277.910000,0.548466,-1.049740,1.050626,-1.050592,-0.800066,-0.000180
cmd,18.215000,277.915000,0.548832,-1.049740,1.050626,-1.050592,-0.800066,-0.000180
cmd,18.220000,277.920000,0.549151,-1.049740,1.050626,-1.050592,-0.800066,-0.000180
cmd,18.225000,277.925000,0.549421,-1.049740,1.050626,-1.050592,-0.800066,-0.000180
cmd,18.230000,277.930000,0.549642,-1.049740,1.050626,-1.050592,-0.800066,-0.000180
cmd,18.235000,277.935000,0.549815,-1.049740,1.050626,-1.050592,-0.800066,-0.000180
cmd,18.240000,277.940000,0.549938,-1.049740,1.050626,-1.050592,-0.800066,-0.000180
cmd,18.245000,277.945000,0.550012,-1.049740,1.050626,-1.050592,-0.800066,-0.000180
cmd,18.250000,277.950000,0.550036,-1.049740,1.050626,-1.050592,-0.800066,-0.000180
cmd,18.255000,277.955000,0.550012,-1.049740,1.050626,-1.050592,-0.800066,-0.000180
cmd,18.260000,277.960000,0.549938,-1.049740,1.050626,-1.050592,-0.800066,-0.000180
cmd,18.265000,277.965000,0.549815,-1.049740,1.050626,-1.050592,-0.800066,-0.000180
cmd,18.270000,277.970000,0.549642,-1.049740,1.050626,-1.050592,-0.800066,-0.000180
cmd,18.275000,277.975000,0.549421,-1.049740,1.050626,-1.050592,-0.800066,-0.000180
cmd,18.280000,277.980000,0.549151,-1.049740,1.050626,-1.050592,-0.800066,-0.000180
cmd,18.285000,277.985000,0.548832,-1.049740,1.050626,-1.050592,-0.800066,-0.000180
cmd,18.290000,277.990000,0.548466,-1.049740,1.050626,-1.050592,-0.800066,-0.000180
cmd,18.295000,277.995000,0.548051,-1.049740,1.050626,-1.050592,-0.800066,-0.000180
cmd,18.300000,278.000000,0.547589,-1.049740,1.050626,-1.050592,-0.800066,-0.000180
cmd,18.305000,278.005000,0.547080,-1.049740,1.050626,-1.050592,-0.800066,-0.000180
cmd,18.310000,278.010000,0.546525,-1.049740,1.050626,-1.050592,-0.800066,-0.000180
cmd,18.315000,278.015000,0.545924,-1.049740,1.050626,-1.050592,-0.800066,-0.000180
cmd,18.320000,278.020000,0.545278,-1.049740,1.050626,-1.050592,-0.800066,-0.000180
cmd,18.325000,278.025000,0.544587,-1.049740,1.050626,-1.050592,-0.800066,-0.000180
cmd,18.330000,278.030000,0.543852,-1.049740,1.050626,-1.050592,-0.800066,-0.000180
cmd,18.335000,278.035000,0.543074,-1.049740,1.050626,-1.050592,-0.800066,-0.000180
cmd,18.340000,278.040000,0.542253,-1.049740,1.050626,-1.050592,-0.800066,-0.000180
cmd,18.345000,278.045000,0.541390,-1.049740,1.050626,-1.050592,-0.800066,-0.000180
cmd,18.350000,278.050000,0.540487,-1.049740,1.050626,-1.050592,-0.800066,-0.000180
cmd,18.355000,278.055000,0.539544,-1.049740,1.050626,-1.050592,-0.800066,-0.000180
cmd,18.360000,278.060000,0.538562,-1.049740,1.050626,-1.050592,-0.800066,-0.000180
cmd,18.365000,278.065000,0.537542,-1.049740,1.050626,-1.050592,-0.800066,-0.000180
cmd,18.370000,278.070000,0.536485,-1.049740,1.050626,-1.050592,-0.800066,-0.000180
cmd,18.375000,278.075000,0.535392,-1.049740,1.050626,-1.050592,-0.800066,-0.000180
cmd,18.380000,278.080000,0.534264,-1.049740,1.050626,-1.050592,-0.800066,-0.000180
cmd,18.385000,278.085000,0.533102,-1.049740,1.050626,-1.050592,-0.800066,-0.000180
cmd,18.390000,278.090000,0.531908,-1.049740,1.050626,-1.050592,-0.800066,-0.000180
cmd,18.395000,278.095000,0.530682,-1.049740,1.050626,-1.050592,-0.800066,-0.000180
cmd,18.400000,278.100000,0.529426,-1.049740,1.050626,-1.050592,-0.800066,-0.000180
cmd,18.405000,278.105000,0.528141,-1.049740,1.050626,-1.050592,-0.800066,-0.000180
cmd,18.410000,278.110000,0.526828,-1.049740,1.050626,-1.050592,-0.800066,-0.000180
cmd,18.415000,278.115000,0.525489,-1.049740,1.050626,-1.050592,-0.800066,-0.000180
cmd,18.420000,278.120000,0.524124,-1.049740,1.050626,-1.050592,-0.800066,-0.000180
cmd,18.425000,278.125000,0.522736,-1.049740,1.050626,-1.050592,-0.800066,-0.000180
cmd,18.430000,278.130000,0.521325,-1.049740,1.050626,-1.050592,-0.800066,-0.000180
cmd,18.435000,278.135000,0.519894,-1.049740,1.050626,-1.050592,-0.800066,-0.000180
cmd,18.440000,278.140000,0.518443,-1.049740,1.050626,-1.050592,-0.800066,-0.000180
cmd,18.445000,278.145000,0.516973,-1.049740,1.050626,-1.050592,-0.800066,-0.000180
cmd,18.450000,278.150000,0.515487,-1.049740,1.050626,-1.050592,-0.800066,-0.000180
cmd,18.455000,278.155000,0.513986,-1.049740,1.050626,-1.050592,-0.800066,-0.000180
cmd,18.460000,278.160000,0.512471,-1.049740,1.050626,-1.050592,-0.800066,-0.000180
cmd,18.465000,278.165000,0.510944,-1.049740,1.050626,-1.050592,-0.800066,-0.000180
cmd,18.470000,278.170000,0.509405,-1.049740,1.050626,-1.050592,-0.800066,-0.000180
cmd,18.475000,278.175000,0.507858,-1.049740,1.050626,-1.050592,-0.800066,-0.000180
cmd,18.480000,278.180000,0.506303,-1.049740,1.050626,-1.050592,-0.800066,-0.000180
cmd,18.485000,278.185000,0.504742,-1.049740,1.050626,-1.050592,-0.800066,-0.000180
cmd,18.490000,278.190000,0.503176,-1.049740,1.050626,-1.050592,-0.800066,-0.000180
cmd,18.495000,278.195000,0.501607,-1.049740,1.050626,-1.050592,-0.800066,-0.000180
cmd,18.500000,278.200000,0.500036,-1.049740,1.050626,-1.050592,-0.800066,-0.000180
cmd,18.505000,278.205000,0.498466,-1.049740,1.050626,-1.050592,-0.800066,-0.000180
cmd,18.510000,278.210000,0.496897,-1.049740,1.050626,-1.050592,-0.800066,-0.000180
cmd,18.515000,278.215000,0.495331,-1.049740,1.050626,-1.050592,-0.800066,-0.000180
cmd,18.520000,278.220000,0.493770,-1.049740,1.050626,-1.050592,-0.800066,-0.000180
cmd,18.525000,278.225000,0.492215,-1.049740,1.050626,-1.050592,-0.800066,-0.000180
cmd,18.530000,278.230000,0.490667,-1.049740,1.050626,-1.050592,-0.800066,-0.000180
cmd,18.535000,278.235000,0.489129,-1.049740,1.050626,-1.050592,-0.800066,-0.000180
cmd,18.540000,278.240000,0.487602,-1.049740,1.050626,-1.050592,-0.800066,-0.000180
cmd,18.545000,278.245000,0.486087,-1.049740,1.050626,-1.050592,-0.800066,-0.000180
cmd,18.550000,278.250000,0.484586,-1.049740,1.050626,-1.050592,-0.800066,-0.000180
cmd,18.555000,278.255000,0.483100,-1.049740,1.050626,-1.050592,-0.800066,-0.000180
cmd,18.560000,278.260000,0.481630,-1.049740,1.050626,-1.050592,-0.800066,-0.000180
cmd,18.565000,278.265000,0.480179,-1.049740,1.050626,-1.050592,-0.800066,-0.000180
cmd,18.570000,278.270000,0.478747,-1.049740,1.050626,-1.050592,-0.800066,-0.000180
cmd,18.575000,278.275000,0.477337,-1.049740,1.050626,-1.050592,-0.800066,-0.000180
cmd,18.580000,278.280000,0.475949,-1.049740,1.050626,-1.050592,-0.800066,-0.000180
cmd,18.585000,278.285000,0.474584,-1.049740,1.050626,-1.050592,-0.800066,-0.000180
cmd,18.590000,278.290000,0.473245,-1.049740,1.050626,-1.050592,-0.800066,-0.000180
cmd,18.595000,278.295000,0.471932,-1.049740,1.050626,-1.050592,-0.800066,-0.000180
cmd,18.600000,278.300000,0.470647,-1.049740,1.050626,-1.050592,-0.800066,-0.000180
cmd,18.605000,278.305000,0.469391,-1.049740,1.050626,-1.050592,-0.800066,-0.000180
cmd,18.610000,278.310000,0.468165,-1.049740,1.050626,-1.050592,-0.800066,-0.000180
cmd,18.615000,278.315000,0.466971,-1.049740,1.050626,-1.050592,-0.800066,-0.000180
cmd,18.620000,278.320000,0.465809,-1.049740,1.050626,-1.050592,-0.800066,-0.000180
cmd,18.625000,278.325000,0.464681,-1.049740,1.050626,-1.050592,-0.800066,-0.000180
cmd,18.630000,278.330000,0.463588,-1.049740,1.050626,-1.050592,-0.800066,-0.000180
cmd,18.635000,278.335000,0.462531,-1.049740,1.050626,-1.050592,-0.800066,-0.000180
cmd,18.640000,278.340000,0.461511,-1.049740,1.050626,-1.050592,-0.800066,-0.000180
cmd,18.645000,278.345000,0.460529,-1.049740,1.050626,-1.050592,-0.800066,-0.000180
cmd,18.650000,278.350000,0.459586,-1.049740,1.050626,-1.050592,-0.800066,-0.000180
cmd,18.655000,278.355000,0.458682,-1.049740,1.050626,-1.050592,-0.800066,-0.000180
cmd,18.660000,278.360000,0.457820,-1.049740,1.050626,-1.050592,-0.800066,-0.000180
cmd,18.665000,278.365000,0.456999,-1.049740,1.050626,-1.050592,-0.800066,-0.000180
cmd,18.670000,278.370000,0.456221,-1.049740,1.050626,-1.050592,-0.800066,-0.000180
cmd,18.675000,278.375000,0.455486,-1.049740,1.050626,-1.050592,-0.800066,-0.000180
cmd,18.680000,278.380000,0.454795,-1.049740,1.050626,-1.050592,-0.800066,-0.000180
cmd,18.685000,278.385000,0.454149,-1.049740,1.050626,-1.050592,-0.800066,-0.000180
cmd,18.690000,278.390000,0.453548,-1.049740,1.050626,-1.050592,-0.800066,-0.000180
cmd,18.695000,278.395000,0.452992,-1.049740,1.050626,-1.050592,-0.800066,-0.000180
cmd,18.700000,278.400000,0.452484,-1.049740,1.050626,-1.050592,-0.800066,-0.000180
cmd,18.705000,278.405000,0.452022,-1.049740,1.050626,-1.050592,-0.800066,-0.000180
cmd,18.710000,278.410000,0.451607,-1.049740,1.050626,-1.050592,-0.800066,-0.000180
cmd,18.715000,278.415000,0.451241,-1.049740,1.050626,-1.050592,-0.800066,-0.000180
cmd,18.720000,278.420000,0.450922,-1.049740,1.050626,-1.050592,-0.800066,-0.000180
cmd,18.725000,278.425000,0.450652,-1.049740,1.050626,-1.050592,-0.800066,-0.000180
cmd,18.730000,278.430000,0.450431,-1.049740,1.050626,-1.050592,-0.800066,-0.000180
cmd,18.735000,278.435000,0.450258,-1.049740,1.050626,-1.050592,-0.800066,-0.000180
cmd,18.740000,278.440000,0.450135,-1.049740,1.050626,-1.050592,-0.800066,-0.000180
cmd,18.745000,278.445000,0.450061,-1.049740,1.050626,-1.050592,-0.800066,-0.000180
cmd,18.750000,278.450000,0.450036,-1.049740,1.050626,-1.050592,-0.800066,-0.000180
cmd,18.755000,278.455000,0.450061,-1.049740,1.050626,-1.050592,-0.800066,-0.000180
cmd,18.760000,278.460000,0.450135,-1.049740,1.050626,-1.050592,-0.800066,-0.000180
cmd,18.765000,278.465000,0.450258,-1.049740,1.050626,-1.050592,-0.800066,-0.000180
cmd,18.770000,278.470000,0.450431,-1.049740,1.050626,-1.050592,-0.800066,-0.000180
cmd,18.775000,278.475000,0.450652,-1.049740,1.050626,-1.050592,-0.800066,-0.000180
cmd,18.780000,278.480000,0.450922,-1.049740,1.050626,-1.050592,-0.800066,-0.000180
cmd,18.785000,278.485000,0.451241,-1.049740,1.050626,-1.050592,-0.800066,-0.000180
cmd,18.790000,278.490000,0.451607,-1.049740,1.050626,-1.050592,-0.800066,-0.000180
cmd,18.795000,278.495000,0.452022,-1.049740,1.050626,-1.050592,-0.800066,-0.000180
cmd,18.800000,278.500000,0.452484,-1.049740,1.050626,-1.050592,-0.800066,-0.000180
cmd,18.805000,278.505000,0.452992,-1.049740,1.050626,-1.050592,-0.800066,-0.000180
cmd,18.810000,278.510000,0.453548,-1.049740,1.050626,-1.050592,-0.800066,-0.000180
cmd,18.815000,278.515000,0.454149,-1.049740,1.050626,-1.050592,-0.800066,-0.000180
cmd,18.820000,278.520000,0.454795,-1.049740,1.050626,-1.050592,-0.800066,-0.000180
cmd,18.825000,278.525000,0.455486,-1.049740,1.050626,-1.050592,-0.800066,-0.000180
cmd,18.830000,278.530000,0.456221,-1.049740,1.050626,-1.050592,-0.800066,-0.000180
cmd,18.835000,278.535000,0.456999,-1.049740,1.050626,-1.050592,-0.800066,-0.000180
cmd,18.840000,278.540000,0.457820,-1.049740,1.050626,-1.050592,-0.800066,-0.000180
cmd,18.845000,278.545000,0.458682,-1.049740,1.050626,-1.050592,-0.800066,-0.000180
cmd,18.850000,278.550000,0.459586,-1.049740,1.050626,-1.050592,-0.800066,-0.000180
cmd,18.855000,278.555000,0.460529,-1.049740,1.050626,-1.050592,-0.800066,-0.000180
cmd,18.860000,278.560000,0.461511,-1.049740,1.050626,-1.050592,-0.800066,-0.000180
cmd,18.865000,278.565000,0.462531,-1.049740,1.050626,-1.050592,-0.800066,-0.000180
cmd,18.870000,278.570000,0.463588,-1.049740,1.050626,-1.050592,-0.800066,-0.000180
cmd,18.875000,278.575000,0.464681,-1.049740,1.050626,-1.050592,-0.800066,-0.000180
cmd,18.880000,278.580000,0.465809,-1.049740,1.050626,-1.050592,-0.800066,-0.000180
cmd,18.885000,278.585000,0.466971,-1.049740,1.050626,-1.050592,-0.800066,-0.000180
cmd,18.890000,278.590000,0.468165,-1.049740,1.050626,-1.050592,-0.800066,-0.000180
cmd,18.895000,278.595000,0.469391,-1.049740,1.050626,-1.050592,-0.800066,-0.000180
cmd,18.900000,278.600000,0.470647,-1.049740,1.050626,-1.050592,-0.800066,-0.000180
cmd,18.905000,278.605000,0.471932,-1.049740,1.050626,-1.050592,-0.800066,-0.000180
cmd,18.910000,278.610000,0.473245,-1.049740,1.050626,-1.050592,-0.800066,-0.000180
cmd,18.915000,278.615000,0.474584,-1.049740,1.050626,-1.050592,-0.800066,-0.000180
cmd,18.920000,278.620000,0.475949,-1.049740,1.050626,-1.050592,-0.800066,-0.000180
cmd,18.925000,278.625000,0.477337,-1.049740,1.050626,-1.050592,-0.800066,-0.000180
cmd,18.930000,278.630000,0.478747,-1.049740,1.050626,-1.050592,-0.800066,-0.000180
cmd,18.935000,278.635000,0.480179,-1.049740,1.050626,-1.050592,-0.800066,-0.000180
cmd,18.940000,278.640000,0.481630,-1.049740,1.050626,-1.050592,-0.800066,-0.000180
cmd,18.945000,278.645000,0.483100,-1.049740,1.050626,-1.050592,-0.800066,-0.000180
cmd,18.950000,278.650000,0.484586,-1.049740,1.050626,-1.050592,-0.800066,-0.000180
cmd,18.955000,278.655000,0.486087,-1.049740,1.050626,-1.050592,-0.800066,-0.000180
cmd,18.960000,278.660000,0.487602,-1.049740,1.050626,-1.050592,-0.800066,-0.000180
cmd,18.965000,278.665000,0.489129,-1.049740,1.050626,-1.050592,-0.800066,-0.000180
cmd,18.970000,278.670000,0.490667,-1.049740,1.050626,-1.050592,-0.800066,-0.000180
cmd,18.975000,278.675000,0.492215,-1.049740,1.050626,-1.050592,-0.800066,-0.000180
cmd,18.980000,278.680000,0.493770,-1.049740,1.050626,-1.050592,-0.800066,-0.000180
cmd,18.985000,278.685000,0.495331,-1.049740,1.050626,-1.050592,-0.800066,-0.000180
cmd,18.990000,278.690000,0.496897,-1.049740,1.050626,-1.050592,-0.800066,-0.000180
cmd,18.995000,278.695000,0.498466,-1.049740,1.050626,-1.050592,-0.800066,-0.000180
cmd,19.000000,278.700000,0.500036,-1.049740,1.050626,-1.050592,-0.800066,-0.000180
cmd,19.005000,278.705000,0.501607,-1.049740,1.050626,-1.050592,-0.800066,-0.000180
cmd,19.010000,278.710000,0.503176,-1.049740,1.050626,-1.050592,-0.800066,-0.000180
cmd,19.015000,278.715000,0.504742,-1.049740,1.050626,-1.050592,-0.800066,-0.000180
cmd,19.020000,278.720000,0.506303,-1.049740,1.050626,-1.050592,-0.800066,-0.000180
cmd,19.025000,278.725000,0.507858,-1.049740,1.050626,-1.050592,-0.800066,-0.000180
cmd,19.030000,278.730000,0.509405,-1.049740,1.050626,-1.050592,-0.800066,-0.000180
cmd,19.035000,278.735000,0.510944,-1.049740,1.050626,-1.050592,-0.800066,-0.000180
cmd,19.040000,278.740000,0.512471,-1.049740,1.050626,-1.050592,-0.800066,-0.000180
cmd,19.045000,278.745000,0.513986,-1.049740,1.050626,-1.050592,-0.800066,-0.000180
cmd,19.050000,278.750000,0.515487,-1.049740,1.050626,-1.050592,-0.800066,-0.000180
cmd,19.055000,278.755000,0.516973,-1.049740,1.050626,-1.050592,-0.800066,-0.000180
cmd,19.060000,278.760000,0.518443,-1.049740,1.050626,-1.050592,-0.800066,-0.000180
cmd,19.065000,278.765000,0.519894,-1.049740,1.050626,-1.050592,-0.800066,-0.000180
cmd,19.070000,278.770000,0.521325,-1.049740,1.050626,-1.050592,-0.800066,-0.000180
cmd,19.075000,278.775000,0.522736,-1.049740,1.050626,-1.050592,-0.800066,-0.000180
cmd,19.080000,278.780000,0.524124,-1.049740,1.050626,-1.050592,-0.800066,-0.000180
cmd,19.085000,278.785000,0.525489,-1.049740,1.050626,-1.050592,-0.800066,-0.000180
cmd,19.090000,278.790000,0.526828,-1.049740,1.050626,-1.050592,-0.800066,-0.000180
cmd,19.095000,278.795000,0.528141,-1.049740,1.050626,-1.050592,-0.800066,-0.000180
cmd,19.100000,278.800000,0.529426,-1.049740,1.050626,-1.050592,-0.800066,-0.000180
cmd,19.105000,278.805000,0.530682,-1.049740,1.050626,-1.050592,-0.800066,-0.000180
cmd,19.110000,278.810000,0.531908,-1.049740,1.050626,-1.050592,-0.800066,-0.000180
cmd,19.115000,278.815000,0.533102,-1.049740,1.050626,-1.050592,-0.800066,-0.000180
cmd,19.120000,278.820000,0.534264,-1.049740,1.050626,-1.050592,-0.800066,-0.000180
cmd,19.125000,278.825000,0.535392,-1.049740,1.050626,-1.050592,-0.800066,-0.000180
cmd,19.130000,278.830000,0.536485,-1.049740,1.050626,-1.050592,-0.800066,-0.000180
cmd,19.135000,278.835000,0.537542,-1.049740,1.050626,-1.050592,-0.800066,-0.000180
cmd,19.140000,278.840000,0.538562,-1.049740,1.050626,-1.050592,-0.800066,-0.000180
cmd,19.145000,278.845000,0.539544,-1.049740,1.050626,-1.050592,-0.800066,-0.000180
cmd,19.150000,278.850000,0.540487,-1.049740,1.050626,-1.050592,-0.800066,-0.000180
cmd,19.155000,278.855000,0.541390,-1.049740,1.050626,-1.050592,-0.800066,-0.000180
cmd,19.160000,278.860000,0.542253,-1.049740,1.050626,-1.050592,-0.800066,-0.000180
cmd,19.165000,278.865000,0.543074,-1.049740,1.050626,-1.050592,-0.800066,-0.000180
cmd,19.170000,278.870000,0.543852,-1.049740,1.050626,-1.050592,-0.800066,-0.000180
cmd,19.175000,278.875000,0.544587,-1.049740,1.050626,-1.050592,-0.800066,-0.000180
cmd,19.180000,278.880000,0.545278,-1.049740,1.050626,-1.050592,-0.800066,-0.000180
cmd,19.185000,278.885000,0.545924,-1.049740,1.050626,-1.050592,-0.800066,-0.000180
cmd,19.190000,278.890000,0.546525,-1.049740,1.050626,-1.050592,-0.800066,-0.000180
cmd,19.195000,278.895000,0.547080,-1.049740,1.050626,-1.050592,-0.800066,-0.000180
cmd,19.200000,278.900000,0.547589,-1.049740,1.050626,-1.050592,-0.800066,-0.000180
cmd,19.205000,278.905000,0.548051,-1.049740,1.050626,-1.050592,-0.800066,-0.000180
cmd,19.210000,278.910000,0.548466,-1.049740,1.050626,-1.050592,-0.800066,-0.000180
cmd,19.215000,278.915000,0.548832,-1.049740,1.050626,-1.050592,-0.800066,-0.000180
cmd,19.220000,278.920000,0.549151,-1.049740,1.050626,-1.050592,-0.800066,-0.000180
cmd,19.225000,278.925000,0.549421,-1.049740,1.050626,-1.050592,-0.800066,-0.000180
cmd,19.230000,278.930000,0.549642,-1.049740,1.050626,-1.050592,-0.800066,-0.000180
cmd,19.235000,278.935000,0.549815,-1.049740,1.050626,-1.050592,-0.800066,-0.000180
cmd,19.240000,278.940000,0.549938,-1.049740,1.050626,-1.050592,-0.800066,-0.000180
cmd,19.245000,278.945000,0.550012,-1.049740,1.050626,-1.050592,-0.800066,-0.000180
cmd,19.250000,278.950000,0.550036,-1.049740,1.050626,-1.050592,-0.800066,-0.000180
cmd,19.255000,278.955000,0.550012,-1.049740,1.050626,-1.050592,-0.800066,-0.000180
cmd,19.260000,278.960000,0.549938,-1.049740,1.050626,-1.050592,-0.800066,-0.000180
cmd,19.265000,278.965000,0.549815,-1.049740,1.050626,-1.050592,-0.800066,-0.000180
cmd,19.270000,278.970000,0.549642,-1.049740,1.050626,-1.050592,-0.800066,-0.000180
cmd,19.275000,278.975000,0.549421,-1.049740,1.050626,-1.050592,-0.800066,-0.000180
cmd,19.280000,278.980000,0.549151,-1.049740,1.050626,-1.050592,-0.800066,-0.000180
cmd,19.285000,278.985000,0.548832,-1.049740,1.050626,-1.050592,-0.800066,-0.000180
cmd,19.290000,278.990000,0.548466,-1.049740,1.050626,-1.050592,-0.800066,-0.000180
cmd,19.295000,278.995000,0.548051,-1.049740,1.050626,-1.050592,-0.800066,-0.000180
cmd,19.300000,279.000000,0.547589,-1.049740,1.050626,-1.050592,-0.800066,-0.000180
cmd,19.305000,279.005000,0.547080,-1.049740,1.050626,-1.050592,-0.800066,-0.000180
cmd,19.310000,279.010000,0.546525,-1.049740,1.050626,-1.050592,-0.800066,-0.000180
cmd,19.315000,279.015000,0.545924,-1.049740,1.050626,-1.050592,-0.800066,-0.000180
cmd,19.320000,279.020000,0.545278,-1.049740,1.050626,-1.050592,-0.800066,-0.000180
cmd,19.325000,279.025000,0.544587,-1.049740,1.050626,-1.050592,-0.800066,-0.000180
cmd,19.330000,279.030000,0.543852,-1.049740,1.050626,-1.050592,-0.800066,-0.000180
cmd,19.335000,279.035000,0.543074,-1.049740,1.050626,-1.050592,-0.800066,-0.000180
cmd,19.340000,279.040000,0.542253,-1.049740,1.050626,-1.050592,-0.800066,-0.000180
cmd,19.345000,279.045000,0.541390,-1.049740,1.050626,-1.050592,-0.800066,-0.000180
cmd,19.350000,279.050000,0.540487,-1.049740,1.050626,-1.050592,-0.800066,-0.000180
cmd,19.355000,279.055000,0.539544,-1.049740,1.050626,-1.050592,-0.800066,-0.000180
cmd,19.360000,279.060000,0.538562,-1.049740,1.050626,-1.050592,-0.800066,-0.000180
cmd,19.365000,279.065000,0.537542,-1.049740,1.050626,-1.050592,-0.800066,-0.000180
cmd,19.370000,279.070000,0.536485,-1.049740,1.050626,-1.050592,-0.800066,-0.000180
cmd,19.375000,279.075000,0.535392,-1.049740,1.050626,-1.050592,-0.800066,-0.000180
cmd,19.380000,279.080000,0.534264,-1.049740,1.050626,-1.050592,-0.800066,-0.000180
cmd,19.385000,279.085000,0.533102,-1.049740,1.050626,-1.050592,-0.800066,-0.000180
cmd,19.390000,279.090000,0.531908,-1.049740,1.050626,-1.050592,-0.800066,-0.000180
cmd,19.395000,279.095000,0.530682,-1.049740,1.050626,-1.050592,-0.800066,-0.000180
cmd,19.400000,279.100000,0.529426,-1.049740,1.050626,-1.050592,-0.800066,-0.000180
cmd,19.405000,279.105000,0.528141,-1.049740,1.050626,-1.050592,-0.800066,-0.000180
cmd,19.410000,279.110000,0.526828,-1.049740,1.050626,-1.050592,-0.800066,-0.000180
cmd,19.415000,279.115000,0.525489,-1.049740,1.050626,-1.050592,-0.800066,-0.000180
cmd,19.420000,279.120000,0.524124,-1.049740,1.050626,-1.050592,-0.800066,-0.000180
cmd,19.425000,279.125000,0.522736,-1.049740,1.050626,-1.050592,-0.800066,-0.000180
cmd,19.430000,279.130000,0.521325,-1.049740,1.050626,-1.050592,-0.800066,-0.000180
cmd,19.435000,279.135000,0.519894,-1.049740,1.050626,-1.050592,-0.800066,-0.000180
cmd,19.440000,279.140000,0.518443,-1.049740,1.050626,-1.050592,-0.800066,-0.000180
cmd,19.445000,279.145000,0.516973,-1.049740,1.050626,-1.050592,-0.800066,-0.000180
cmd,19.450000,279.150000,0.515487,-1.049740,1.050626,-1.050592,-0.800066,-0.000180
cmd,19.455000,279.155000,0.513986,-1.049740,1.050626,-1.050592,-0.800066,-0.000180
cmd,19.460000,279.160000,0.512471,-1.049740,1.050626,-1.050592,-0.800066,-0.000180
cmd,19.465000,279.165000,0.510944,-1.049740,1.050626,-1.050592,-0.800066,-0.000180
cmd,19.470000,279.170000,0.509405,-1.049740,1.050626,-1.050592,-0.800066,-0.000180
cmd,19.475000,279.175000,0.507858,-1.049740,1.050626,-1.050592,-0.800066,-0.000180
cmd,19.480000,279.180000,0.506303,-1.049740,1.050626,-1.050592,-0.800066,-0.000180
cmd,19.485000,279.185000,0.504742,-1.049740,1.050626,-1.050592,-0.800066,-0.000180
cmd,19.490000,279.190000,0.503176,-1.049740,1.050626,-1.050592,-0.800066,-0.000180
cmd,19.495000,279.195000,0.501607,-1.049740,1.050626,-1.050592,-0.800066,-0.000180
cmd,19.500000,279.200000,0.500036,-1.049740,1.050626,-1.050592,-0.800066,-0.000180
cmd,19.505000,279.205000,0.498466,-1.049740,1.050626,-1.050592,-0.800066,-0.000180
cmd,19.510000,279.210000,0.496897,-1.049740,1.050626,-1.050592,-0.800066,-0.000180
cmd,19.515000,279.215000,0.495331,-1.049740,1.050626,-1.050592,-0.800066,-0.000180
cmd,19.520000,279.220000,0.493770,-1.049740,1.050626,-1.050592,-0.800066,-0.000180
cmd,19.525000,279.225000,0.492215,-1.049740,1.050626,-1.050592,-0.800066,-0.000180
cmd,19.530000,279.230000,0.490667,-1.049740,1.050626,-1.050592,-0.800066,-0.000180
cmd,19.535000,279.235000,0.489129,-1.049740,1.050626,-1.050592,-0.800066,-0.000180
cmd,19.540000,279.240000,0.487602,-1.049740,1.050626,-1.050592,-0.800066,-0.000180
cmd,19.545000,279.245000,0.486087,-1.049740,1.050626,-1.050592,-0.800066,-0.000180
cmd,19.550000,279.250000,0.484586,-1.049740,1.050626,-1.050592,-0.800066,-0.000180
cmd,19.555000,279.255000,0.483100,-1.049740,1.050626,-1.050592,-0.800066,-0.000180
cmd,19.560000,279.260000,0.481630,-1.049740,1.050626,-1.050592,-0.800066,-0.000180
cmd,19.565000,279.265000,0.480179,-1.049740,1.050626,-1.050592,-0.800066,-0.000180
cmd,19.570000,279.270000,0.478747,-1.049740,1.050626,-1.050592,-0.800066,-0.000180
cmd,19.575000,279.275000,0.477337,-1.049740,1.050626,-1.050592,-0.800066,-0.000180
cmd,19.580000,279.280000,0.475949,-1.049740,1.050626,-1.050592,-0.800066,-0.000180
cmd,19.585000,279.285000,0.474584,-1.049740,1.050626,-1.050592,-0.800066,-0.000180
cmd,19.590000,279.290000,0.473245,-1.049740,1.050626,-1.050592,-0.800066,-0.000180
cmd,19.595000,279.295000,0.471932,-1.049740,1.050626,-1.050592,-0.800066,-0.000180
cmd,19.600000,279.300000,0.470647,-1.049740,1.050626,-1.050592,-0.800066,-0.000180
cmd,19.605000,279.305000,0.469391,-1.049740,1.050626,-1.050592,-0.800066,-0.000180
cmd,19.610000,279.310000,0.468165,-1.049740,1.050626,-1.050592,-0.800066,-0.000180
cmd,19.615000,279.315000,0.466971,-1.049740,1.050626,-1.050592,-0.800066,-0.000180
cmd,19.620000,279.320000,0.465809,-1.049740,1.050626,-1.050592,-0.800066,-0.000180
cmd,19.625000,279.325000,0.464681,-1.049740,1.050626,-1.050592,-0.800066,-0.000180
cmd,19.630000,279.330000,0.463588,-1.049740,1.050626,-1.050592,-0.800066,-0.000180
cmd,19.635000,279.335000,0.462531,-1.049740,1.050626,-1.050592,-0.800066,-0.000180
cmd,19.640000,279.340000,0.461511,-1.049740,1.050626,-1.050592,-0.800066,-0.000180
cmd,19.645000,279.345000,0.460529,-1.049740,1.050626,-1.050592,-0.800066,-0.000180
cmd,19.650000,279.350000,0.459586,-1.049740,1.050626,-1.050592,-0.800066,-0.000180
cmd,19.655000,279.355000,0.458682,-1.049740,1.050626,-1.050592,-0.800066,-0.000180
cmd,19.660000,279.360000,0.457820,-1.049740,1.050626,-1.050592,-0.800066,-0.000180
cmd,19.665000,279.365000,0.456999,-1.049740,1.050626,-1.050592,-0.800066,-0.000180
cmd,19.670000,279.370000,0.456221,-1.049740,1.050626,-1.050592,-0.800066,-0.000180
cmd,19.675000,279.375000,0.455486,-1.049740,1.050626,-1.050592,-0.800066,-0.000180
cmd,19.680000,279.380000,0.454795,-1.049740,1.050626,-1.050592,-0.800066,-0.000180
cmd,19.685000,279.385000,0.454149,-1.049740,1.050626,-1.050592,-0.800066,-0.000180
cmd,19.690000,279.390000,0.453548,-1.049740,1.050626,-1.050592,-0.800066,-0.000180
cmd,19.695000,279.395000,0.452992,-1.049740,1.050626,-1.050592,-0.800066,-0.000180
cmd,19.700000,279.400000,0.452484,-1.049740,1.050626,-1.050592,-0.800066,-0.000180
cmd,19.705000,279.405000,0.452022,-1.049740,1.050626,-1.050592,-0.800066,-0.000180
cmd,19.710000,279.410000,0.451607,-1.049740,1.050626,-1.050592,-0.800066,-0.000180
cmd,19.715000,279.415000,0.451241,-1.049740,1.050626,-1.050592,-0.800066,-0.000180
cmd,19.720000,279.420000,0.450922,-1.049740,1.050626,-1.050592,-0.800066,-0.000180
cmd,19.725000,279.425000,0.450652,-1.049740,1.050626,-1.050592,-0.800066,-0.000180
cmd,19.730000,279.430000,0.450431,-1.049740,1.050626,-1.050592,-0.800066,-0.000180
cmd,19.735000,279.435000,0.450258,-1.049740,1.050626,-1.050592,-0.800066,-0.000180
cmd,19.740000,279.440000,0.450135,-1.049740,1.050626,-1.050592,-0.800066,-0.000180
cmd,19.745000,279.445000,0.450061,-1.049740,1.050626,-1.050592,-0.800066,-0.000180
cmd,19.750000,279.450000,0.450036,-1.049740,1.050626,-1.050592,-0.800066,-0.000180
cmd,19.755000,279.455000,0.450061,-1.049740,1.050626,-1.050592,-0.800066,-0.000180
cmd,19.760000,279.460000,0.450135,-1.049740,1.050626,-1.050592,-0.800066,-0.000180
cmd,19.765000,279.465000,0.450258,-1.049740,1.050626,-1.050592,-0.800066,-0.000180
cmd,19.770000,279.470000,0.450431,-1.049740,1.050626,-1.050592,-0.800066,-0.000180
cmd,19.775000,279.475000,0.450652,-1.049740,1.050626,-1.050592,-0.800066,-0.000180
cmd,19.780000,279.480000,0.450922,-1.049740,1.050626,-1.050592,-0.800066,-0.000180
cmd,19.785000,279.485000,0.451241,-1.049740,1.050626,-1.050592,-0.800066,-0.000180
cmd,19.790000,279.490000,0.451607,-1.049740,1.050626,-1.050592,-0.800066,-0.000180
cmd,19.795000,279.495000,0.452022,-1.049740,1.050626,-1.050592,-0.800066,-0.000180
cmd,19.800000,279.500000,0.452484,-1.049740,1.050626,-1.050592,-0.800066,-0.000180
cmd,19.805000,279.505000,0.452992,-1.049740,1.050626,-1.050592,-0.800066,-0.000180
cmd,19.810000,279.510000,0.453548,-1.049740,1.050626,-1.050592,-0.800066,-0.000180
cmd,19.815000,279.515000,0.454149,-1.049740,1.050626,-1.050592,-0.800066,-0.000180
cmd,19.820000,279.520000,0.454795,-1.049740,1.050626,-1.050592,-0.800066,-0.000180
cmd,19.825000,279.525000,0.455486,-1.049740,1.050626,-1.050592,-0.800066,-0.000180
cmd,19.830000,279.530000,0.456221,-1.049740,1.050626,-1.050592,-0.800066,-0.000180
cmd,19.835000,279.535000,0.456999,-1.049740,1.050626,-1.050592,-0.800066,-0.000180
cmd,19.840000,279.540000,0.457820,-1.049740,1.050626,-1.050592,-0.800066,-0.000180
cmd,19.845000,279.545000,0.458682,-1.049740,1.050626,-1.050592,-0.800066,-0.000180
cmd,19.850000,279.550000,0.459586,-1.049740,1.050626,-1.050592,-0.800066,-0.000180
cmd,19.855000,279.555000,0.460529,-1.049740,1.050626,-1.050592,-0.800066,-0.000180
cmd,19.860000,279.560000,0.461511,-1.049740,1.050626,-1.050592,-0.800066,-0.000180
cmd,19.865000,279.565000,0.462531,-1.049740,1.050626,-1.050592,-0.800066,-0.000180
cmd,19.870000,279.570000,0.463588,-1.049740,1.050626,-1.050592,-0.800066,-0.000180
cmd,19.875000,279.575000,0.464681,-1.049740,1.050626,-1.050592,-0.800066,-0.000180
cmd,19.880000,279.580000,0.465809,-1.049740,1.050626,-1.050592,-0.800066,-0.000180
cmd,19.885000,279.585000,0.466971,-1.049740,1.050626,-1.050592,-0.800066,-0.000180
cmd,19.890000,279.590000,0.468165,-1.049740,1.050626,-1.050592,-0.800066,-0.000180
cmd,19.895000,279.595000,0.469391,-1.049740,1.050626,-1.050592,-0.800066,-0.000180
cmd,19.900000,279.600000,0.470647,-1.049740,1.050626,-1.050592,-0.800066,-0.000180
cmd,19.905000,279.605000,0.471932,-1.049740,1.050626,-1.050592,-0.800066,-0.000180
cmd,19.910000,279.610000,0.473245,-1.049740,1.050626,-1.050592,-0.800066,-0.000180
cmd,19.915000,279.615000,0.474584,-1.049740,1.050626,-1.050592,-0.800066,-0.000180
cmd,19.920000,279.620000,0.475949,-1.049740,1.050626,-1.050592,-0.800066,-0.000180
cmd,19.925000,279.625000,0.477337,-1.049740,1.050626,-1.050592,-0.800066,-0.000180
cmd,19.930000,279.630000,0.478747,-1.049740,1.050626,-1.050592,-0.800066,-0.000180
cmd,19.935000,279.635000,0.480179,-1.049740,1.050626,-1.050592,-0.800066,-0.000180
cmd,19.940000,279.640000,0.481630,-1.049740,1.050626,-1.050592,-0.800066,-0.000180
cmd,19.945000,279.645000,0.483100,-1.049740,1.050626,-1.050592,-0.800066,-0.000180
cmd,19.950000,279.650000,0.484586,-1.049740,1.050626,-1.050592,-0.800066,-0.000180
cmd,19.955000,279.655000,0.486087,-1.049740,1.050626,-1.050592,-0.800066,-0.000180
cmd,19.960000,279.660000,0.487602,-1.049740,1.050626,-1.050592,-0.800066,-0.000180
cmd,19.965000,279.665000,0.489129,-1.049740,1.050626,-1.050592,-0.800066,-0.000180
cmd,19.970000,279.670000,0.490667,-1.049740,1.050626,-1.050592,-0.800066,-0.000180
cmd,19.975000,279.675000,0.492215,-1.049740,1.050626,-1.050592,-0.800066,-0.000180
cmd,19.980000,279.680000,0.493770,-1.049740,1.050626,-1.050592,-0.800066,-0.000180
cmd,19.985000,279.685000,0.495331,-1.049740,1.050626,-1.050592,-0.800066,-0.000180
cmd,19.990000,279.690000,0.496897,-1.049740,1.050626,-1.050592,-0.800066,-0.000180
cmd,19.995000,279.695000,0.498466,-1.049740,1.050626,-1.050592,-0.800066,-0.000180
cmd,20.000000,279.700000,0.500036,-1.049740,1.050626,-1.050592,-0.800066,-0.000180
actual,-0.095000,259.605000,0.500036,-1.049740,1.050626,-1.050592,-0.800066,-0.000180
actual,-0.090000,259.610000,0.500036,-1.049740,1.050626,-1.050592,-0.800066,-0.000180
actual,-0.085000,259.615000,0.500036,-1.049740,1.050626,-1.050592,-0.800066,-0.000180
actual,-0.080000,259.620000,0.500036,-1.049740,1.050626,-1.050592,-0.800066,-0.000180
actual,-0.075000,259.625000,0.500036,-1.049740,1.050626,-1.050592,-0.800066,-0.000180
actual,-0.070000,259.630000,0.500036,-1.049740,1.050626,-1.050592,-0.800066,-0.000180
actual,-0.065000,259.635000,0.500036,-1.049740,1.050626,-1.050592,-0.800066,-0.000180
actual,-0.060000,259.640000,0.500036,-1.049740,1.050626,-1.050592,-0.800066,-0.000180
actual,-0.055000,259.645000,0.500036,-1.049740,1.050626,-1.050592,-0.800066,-0.000180
actual,-0.050000,259.650000,0.500036,-1.049740,1.050626,-1.050592,-0.800066,-0.000180
actual,-0.045000,259.655000,0.500036,-1.049740,1.050626,-1.050592,-0.800066,-0.000180
actual,-0.040000,259.660000,0.500036,-1.049740,1.050626,-1.050592,-0.800066,-0.000180
actual,-0.035000,259.665000,0.500036,-1.049740,1.050626,-1.050592,-0.800066,-0.000180
actual,-0.030000,259.670000,0.500036,-1.049740,1.050626,-1.050592,-0.800066,-0.000180
actual,-0.025000,259.675000,0.500036,-1.049740,1.050626,-1.050592,-0.800066,-0.000180
actual,-0.020000,259.680000,0.500036,-1.049740,1.050626,-1.050592,-0.800066,-0.000180
actual,-0.015000,259.685000,0.500036,-1.049740,1.050626,-1.050592,-0.800066,-0.000180
actual,-0.010000,259.690000,0.500036,-1.049740,1.050626,-1.050592,-0.800066,-0.000180
actual,-0.005000,259.695000,0.500036,-1.049740,1.050626,-1.050592,-0.800066,-0.000180
actual,0.000000,259.700000,0.500036,-1.049740,1.050626,-1.050592,-0.800066,-0.000180
actual,0.005000,259.705000,0.500036,-1.049740,1.050626,-1.050592,-0.800066,-0.000180
actual,0.010000,259.710000,0.500036,-1.049740,1.050626,-1.050592,-0.800066,-0.000180
actual,0.015000,259.715000,0.500036,-1.049740,1.050626,-1.050592,-0.800066,-0.000180
actual,0.020000,259.720000,0.500036,-1.049740,1.050626,-1.050592,-0.800066,-0.000180
actual,0.025000,259.725000,0.500036,-1.049740,1.050626,-1.050592,-0.800066,-0.000180
actual,0.030000,259.730000,0.500036,-1.049740,1.050626,-1.050592,-0.800066,-0.000180
actual,0.035000,259.735000,0.500036,-1.049740,1.050626,-1.050592,-0.800066,-0.000180
actual,0.040000,259.740000,0.500036,-1.049740,1.050626,-1.050592,-0.800066,-0.000180
actual,0.045000,259.745000,0.500036,-1.049740,1.050626,-1.050592,-0.800066,-0.000180
actual,0.050000,259.750000,0.500036,-1.049740,1.050626,-1.050592,-0.800066,-0.000180
actual,0.055000,259.755000,0.500036,-1.049740,1.050626,-1.050592,-0.800066,-0.000180
actual,0.060000,259.760000,0.500036,-1.049740,1.050626,-1.050592,-0.800066,-0.000180
actual,0.065000,259.765000,0.500036,-1.049740,1.050626,-1.050592,-0.800066,-0.000180
actual,0.070000,259.770000,0.500036,-1.049740,1.050626,-1.050592,-0.800066,-0.000180
actual,0.075000,259.775000,0.500036,-1.049740,1.050626,-1.050592,-0.800066,-0.000180
actual,0.080000,259.780000,0.500036,-1.049740,1.050626,-1.050592,-0.800066,-0.000180
actual,0.085000,259.785000,0.500036,-1.049740,1.050626,-1.050592,-0.800066,-0.000180
actual,0.090000,259.790000,0.500036,-1.049740,1.050626,-1.050592,-0.800066,-0.000180
actual,0.095000,259.795000,0.500036,-1.049740,1.050626,-1.050592,-0.800066,-0.000180
actual,0.100000,259.800000,0.500036,-1.049740,1.050626,-1.050592,-0.800066,-0.000180
actual,0.105000,259.805000,0.500036,-1.049740,1.050626,-1.050592,-0.800066,-0.000180
actual,0.110000,259.810000,0.500036,-1.049740,1.050626,-1.050592,-0.800066,-0.000180
actual,0.115000,259.815000,0.500036,-1.049740,1.050626,-1.050592,-0.800066,-0.000180
actual,0.120000,259.820000,0.500036,-1.049740,1.050626,-1.050592,-0.800066,-0.000180
actual,0.125000,259.825000,0.500036,-1.049740,1.050626,-1.050592,-0.800066,-0.000180
actual,0.130000,259.830000,0.500036,-1.049740,1.050626,-1.050592,-0.800066,-0.000180
actual,0.135000,259.835000,0.500036,-1.049740,1.050626,-1.050592,-0.800066,-0.000180
actual,0.140000,259.840000,0.500036,-1.049740,1.050626,-1.050592,-0.800066,-0.000180
actual,0.145000,259.845000,0.500036,-1.049740,1.050626,-1.050592,-0.800066,-0.000180
actual,0.150000,259.850000,0.500036,-1.049740,1.050626,-1.050592,-0.800066,-0.000180
actual,0.155000,259.855000,0.500036,-1.049740,1.050626,-1.050592,-0.800066,-0.000180
actual,0.160000,259.860000,0.500036,-1.049740,1.050626,-1.050592,-0.800066,-0.000180
actual,0.165000,259.865000,0.500036,-1.049740,1.050626,-1.050592,-0.800066,-0.000180
actual,0.170000,259.870000,0.500036,-1.049740,1.050626,-1.050592,-0.800066,-0.000180
actual,0.175000,259.875000,0.500036,-1.049740,1.050626,-1.050592,-0.800066,-0.000180
actual,0.180000,259.880000,0.500036,-1.049740,1.050626,-1.050592,-0.800066,-0.000180
actual,0.185000,259.885000,0.500036,-1.049740,1.050626,-1.050592,-0.800066,-0.000180
actual,0.190000,259.890000,0.500036,-1.049740,1.050626,-1.050592,-0.800066,-0.000180
actual,0.195000,259.895000,0.500036,-1.049740,1.050626,-1.050592,-0.800066,-0.000180
actual,0.200000,259.900000,0.500036,-1.049740,1.050626,-1.050592,-0.800066,-0.000180
actual,0.205000,259.905000,0.500036,-1.049740,1.050626,-1.050592,-0.800066,-0.000180
actual,0.210000,259.910000,0.501921,-1.049740,1.050626,-1.050592,-0.800066,-0.000180
actual,0.215000,259.915000,0.503418,-1.049740,1.050626,-1.050592,-0.800066,-0.000180
actual,0.220000,259.920000,0.504990,-1.049740,1.050626,-1.050592,-0.800066,-0.000180
actual,0.225000,259.925000,0.506542,-1.049740,1.050626,-1.050592,-0.800066,-0.000180
actual,0.230000,259.930000,0.508090,-1.049740,1.050626,-1.050592,-0.800066,-0.000180
actual,0.235000,259.935000,0.509630,-1.049740,1.050626,-1.050592,-0.800066,-0.000180
actual,0.240000,259.940000,0.511161,-1.049740,1.050626,-1.050592,-0.800066,-0.000180
actual,0.245000,259.945000,0.512681,-1.049740,1.050626,-1.050592,-0.800066,-0.000180
actual,0.250000,259.950000,0.514189,-1.049740,1.050626,-1.050592,-0.800066,-0.000180
actual,0.255000,259.955000,0.515683,-1.049740,1.050626,-1.050592,-0.800066,-0.000180
actual,0.260000,259.960000,0.517162,-1.049740,1.050626,-1.050592,-0.800066,-0.000180
actual,0.265000,259.965000,0.518623,-1.049740,1.050626,-1.050592,-0.800066,-0.000180
actual,0.270000,259.970000,0.520067,-1.049740,1.050626,-1.050592,-0.800066,-0.000180
actual,0.275000,259.975000,0.521491,-1.049740,1.050626,-1.050592,-0.800066,-0.000180
actual,0.280000,259.980000,0.522894,-1.049740,1.050626,-1.050592,-0.800066,-0.000180
actual,0.285000,259.985000,0.524274,-1.049740,1.050626,-1.050592,-0.800066,-0.000180
actual,0.290000,259.990000,0.525631,-1.049740,1.050626,-1.050592,-0.800066,-0.000180
actual,0.295000,259.995000,0.526963,-1.049740,1.050626,-1.050592,-0.800066,-0.000180
actual,0.300000,260.000000,0.528268,-1.049740,1.050626,-1.050592,-0.800066,-0.000180
actual,0.305000,260.005000,0.529545,-1.049740,1.050626,-1.050592,-0.800066,-0.000180
actual,0.310000,260.010000,0.530793,-1.049740,1.050626,-1.050592,-0.800066,-0.000180
actual,0.315000,260.015000,0.532011,-1.049740,1.050626,-1.050592,-0.800066,-0.000180
actual,0.320000,260.020000,0.533198,-1.049740,1.050626,-1.050592,-0.800066,-0.000180
actual,0.325000,260.025000,0.534352,-1.049740,1.050626,-1.050592,-0.800066,-0.000180
actual,0.330000,260.030000,0.535472,-1.049740,1.050626,-1.050592,-0.800066,-0.000180
actual,0.335000,260.035000,0.536557,-1.049740,1.050626,-1.050592,-0.800066,-0.000180
actual,0.340000,260.040000,0.537606,-1.049740,1.050626,-1.050592,-0.800066,-0.000180
actual,0.345000,260.045000,0.538619,-1.049740,1.050626,-1.050592,-0.800066,-0.000180
actual,0.350000,260.050000,0.539593,-1.049740,1.050626,-1.050592,-0.800066,-0.000180
actual,0.355000,260.055000,0.540529,-1.049740,1.050626,-1.050592,-0.800066,-0.000180
actual,0.360000,260.060000,0.541424,-1.049740,1.050626,-1.050592,-0.800066,-0.000180
actual,0.365000,260.065000,0.542279,-1.049740,1.050626,-1.050592,-0.800066,-0.000180
actual,0.370000,260.070000,0.543092,-1.049740,1.050626,-1.050592,-0.800066,-0.000180
actual,0.375000,260.075000,0.543863,-1.049740,1.050626,-1.050592,-0.800066,-0.000180
actual,0.380000,260.080000,0.544590,-1.049740,1.050626,-1.050592,-0.800066,-0.000180
actual,0.385000,260.085000,0.545274,-1.049740,1.050626,-1.050592,-0.800066,-0.000180
actual,0.390000,260.090000,0.545913,-1.049740,1.050626,-1.050592,-0.800066,-0.000180
actual,0.395000,260.095000,0.546507,-1.049740,1.050626,-1.050592,-0.800066,-0.000180
actual,0.400000,260.100000,0.547055,-1.049740,1.050626,-1.050592,-0.800066,-0.000180
actual,0.405000,260.105000,0.547556,-1.049740,1.050626,-1.050592,-0.800066,-0.000180
actual,0.410000,260.110000,0.548011,-1.049740,1.050626,-1.050592,-0.800066,-0.000180
actual,0.415000,260.115000,0.548419,-1.049740,1.050626,-1.050592,-0.800066,-0.000180
actual,0.420000,260.120000,0.548779,-1.049740,1.050626,-1.050592,-0.800066,-0.000180
actual,0.425000,260.125000,0.549091,-1.049740,1.050626,-1.050592,-0.800066,-0.000180
actual,0.430000,260.130000,0.549354,-1.049740,1.050626,-1.050592,-0.800066,-0.000180
actual,0.435000,260.135000,0.549569,-1.049740,1.050626,-1.050592,-0.800066,-0.000180
actual,0.440000,260.140000,0.549735,-1.049740,1.050626,-1.050592,-0.800066,-0.000180
actual,0.445000,260.145000,0.549852,-1.049740,1.050626,-1.050592,-0.800066,-0.000180
actual,0.450000,260.150000,0.549920,-1.049740,1.050626,-1.050592,-0.800066,-0.000180
actual,0.455000,260.155000,0.549939,-1.049740,1.050626,-1.050592,-0.800066,-0.000180
actual,0.460000,260.160000,0.549908,-1.049740,1.050626,-1.050592,-0.800066,-0.000180
actual,0.465000,260.165000,0.549829,-1.049740,1.050626,-1.050592,-0.800066,-0.000180
actual,0.470000,260.170000,0.549700,-1.049740,1.050626,-1.050592,-0.800066,-0.000180
actual,0.475000,260.175000,0.549522,-1.049740,1.050626,-1.050592,-0.800066,-0.000180
actual,0.480000,260.180000,0.549296,-1.049740,1.050626,-1.050592,-0.800066,-0.000180
actual,0.485000,260.185000,0.549021,-1.049740,1.050626,-1.050592,-0.800066,-0.000180
actual,0.490000,260.190000,0.548698,-1.049740,1.050626,-1.050592,-0.800066,-0.000180
actual,0.495000,260.195000,0.548326,-1.049740,1.050626,-1.050592,-0.800066,-0.000180
actual,0.500000,260.200000,0.547907,-1.049740,1.050626,-1.050592,-0.800066,-0.000180
actual,0.505000,260.205000,0.547441,-1.049740,1.050626,-1.050592,-0.800066,-0.000180
actual,0.510000,260.210000,0.546928,-1.049740,1.050626,-1.050592,-0.800066,-0.000180
actual,0.515000,260.215000,0.546369,-1.049740,1.050626,-1.050592,-0.800066,-0.000180
actual,0.520000,260.220000,0.545764,-1.049740,1.050626,-1.050592,-0.800066,-0.000180
actual,0.525000,260.225000,0.545115,-1.049740,1.050626,-1.050592,-0.800066,-0.000180
actual,0.530000,260.230000,0.544420,-1.049740,1.050626,-1.050592,-0.800066,-0.000180
actual,0.535000,260.235000,0.543682,-1.049740,1.050626,-1.050592,-0.800066,-0.000180
actual,0.540000,260.240000,0.542901,-1.049740,1.050626,-1.050592,-0.800066,-0.000180
actual,0.545000,260.245000,0.542077,-1.049740,1.050626,-1.050592,-0.800066,-0.000180
actual,0.550000,260.250000,0.541213,-1.049740,1.050626,-1.050592,-0.800066,-0.000180
actual,0.555000,260.255000,0.540307,-1.049740,1.050626,-1.050592,-0.800066,-0.000180
actual,0.560000,260.260000,0.539362,-1.049740,1.050626,-1.050592,-0.800066,-0.000180
actual,0.565000,260.265000,0.538378,-1.049740,1.050626,-1.050592,-0.800066,-0.000180
actual,0.570000,260.270000,0.537356,-1.049740,1.050626,-1.050592,-0.800066,-0.000180
actual,0.575000,260.275000,0.536297,-1.049740,1.050626,-1.050592,-0.800066,-0.000180
actual,0.580000,260.280000,0.535203,-1.049740,1.050626,-1.050592,-0.800066,-0.000180
actual,0.585000,260.285000,0.534074,-1.049740,1.050626,-1.050592,-0.800066,-0.000180
actual,0.590000,260.290000,0.532911,-1.049740,1.050626,-1.050592,-0.800066,-0.000180
actual,0.595000,260.295000,0.531716,-1.049740,1.050626,-1.050592,-0.800066,-0.000180
actual,0.600000,260.300000,0.530490,-1.049740,1.050626,-1.050592,-0.800066,-0.000180
actual,0.605000,260.305000,0.529234,-1.049740,1.050626,-1.050592,-0.800066,-0.000180
actual,0.610000,260.310000,0.527949,-1.049740,1.050626,-1.050592,-0.800066,-0.000180
actual,0.615000,260.315000,0.526636,-1.049740,1.050626,-1.050592,-0.800066,-0.000180
actual,0.620000,260.320000,0.525297,-1.049740,1.050626,-1.050592,-0.800066,-0.000180
actual,0.625000,260.325000,0.523933,-1.049740,1.050626,-1.050592,-0.800066,-0.000180
actual,0.630000,260.330000,0.522546,-1.049740,1.050626,-1.050592,-0.800066,-0.000180
actual,0.635000,260.335000,0.521137,-1.049740,1.050626,-1.050592,-0.800066,-0.000180
actual,0.640000,260.340000,0.519706,-1.049740,1.050626,-1.050592,-0.800066,-0.000180
actual,0.645000,260.345000,0.518257,-1.049740,1.050626,-1.050592,-0.800066,-0.000180
actual,0.650000,260.350000,0.516789,-1.049740,1.050626,-1.050592,-0.800066,-0.000180
actual,0.655000,260.355000,0.515305,-1.049740,1.050626,-1.050592,-0.800066,-0.000180
actual,0.660000,260.360000,0.513806,-1.049740,1.050626,-1.050592,-0.800066,-0.000180
actual,0.665000,260.365000,0.512293,-1.049740,1.050626,-1.050592,-0.800066,-0.000180
actual,0.670000,260.370000,0.510768,-1.049740,1.050626,-1.050592,-0.800066,-0.000180
actual,0.675000,260.375000,0.509232,-1.049740,1.050626,-1.050592,-0.800066,-0.000180
actual,0.680000,260.380000,0.507688,-1.049740,1.050626,-1.050592,-0.800066,-0.000180
actual,0.685000,260.385000,0.506136,-1.049740,1.050626,-1.050592,-0.800066,-0.000180
actual,0.690000,260.390000,0.504578,-1.049740,1.050626,-1.050592,-0.800066,-0.000180
actual,0.695000,260.395000,0.503015,-1.049740,1.050626,-1.050592,-0.800066,-0.000180
actual,0.700000,260.400000,0.501450,-1.049740,1.050626,-1.050592,-0.800066,-0.000180
actual,0.705000,260.405000,0.499883,-1.049740,1.050626,-1.050592,-0.800066,-0.000180
actual,0.710000,260.410000,0.498316,-1.049740,1.050626,-1.050592,-0.800066,-0.000180
actual,0.715000,260.415000,0.496751,-1.049740,1.050626,-1.050592,-0.800066,-0.000180
actual,0.720000,260.420000,0.495190,-1.049740,1.050626,-1.050592,-0.800066,-0.000180
actual,0.725000,260.425000,0.493633,-1.049740,1.050626,-1.050592,-0.800066,-0.000180
actual,0.730000,260.430000,0.492082,-1.049740,1.050626,-1.050592,-0.800066,-0.000180
actual,0.735000,260.435000,0.490539,-1.049740,1.050626,-1.050592,-0.800066,-0.000180
actual,0.740000,260.440000,0.489006,-1.049740,1.050626,-1.050592,-0.800066,-0.000180
actual,0.745000,260.445000,0.487484,-1.049740,1.050626,-1.050592,-0.800066,-0.000180
actual,0.750000,260.450000,0.485974,-1.049740,1.050626,-1.050592,-0.800066,-0.000180
actual,0.755000,260.455000,0.484477,-1.049740,1.050626,-1.050592,-0.800066,-0.000180
actual,0.760000,260.460000,0.482997,-1.049740,1.050626,-1.050592,-0.800066,-0.000180
actual,0.765000,260.465000,0.481533,-1.049740,1.050626,-1.050592,-0.800066,-0.000180
actual,0.770000,260.470000,0.480087,-1.049740,1.050626,-1.050592,-0.800066,-0.000180
actual,0.775000,260.475000,0.478661,-1.049740,1.050626,-1.050592,-0.800066,-0.000180
actual,0.780000,260.480000,0.477256,-1.049740,1.050626,-1.050592,-0.800066,-0.000180
actual,0.785000,260.485000,0.475874,-1.049740,1.050626,-1.050592,-0.800066,-0.000180
actual,0.790000,260.490000,0.474515,-1.049740,1.050626,-1.050592,-0.800066,-0.000180
actual,0.795000,260.495000,0.473182,-1.049740,1.050626,-1.050592,-0.800066,-0.000180
actual,0.800000,260.500000,0.471875,-1.049740,1.050626,-1.050592,-0.800066,-0.000180
actual,0.805000,260.505000,0.470596,-1.049740,1.050626,-1.050592,-0.800066,-0.000180
actual,0.810000,260.510000,0.469346,-1.049740,1.050626,-1.050592,-0.800066,-0.000180
actual,0.815000,260.515000,0.468126,-1.049740,1.050626,-1.050592,-0.800066,-0.000180
actual,0.820000,260.520000,0.466938,-1.049740,1.050626,-1.050592,-0.800066,-0.000180
actual,0.825000,260.525000,0.465783,-1.049740,1.050626,-1.050592,-0.800066,-0.000180
actual,0.830000,260.530000,0.464661,-1.049740,1.050626,-1.050592,-0.800066,-0.000180
actual,0.835000,260.535000,0.463574,-1.049740,1.050626,-1.050592,-0.800066,-0.000180
actual,0.840000,260.540000,0.462523,-1.049740,1.050626,-1.050592,-0.800066,-0.000180
actual,0.845000,260.545000,0.461510,-1.049740,1.050626,-1.050592,-0.800066,-0.000180
actual,0.850000,260.550000,0.460534,-1.049740,1.050626,-1.050592,-0.800066,-0.000180
actual,0.855000,260.555000,0.459597,-1.049740,1.050626,-1.050592,-0.800066,-0.000180
actual,0.860000,260.560000,0.458700,-1.049740,1.050626,-1.050592,-0.800066,-0.000180
actual,0.865000,260.565000,0.457844,-1.049740,1.050626,-1.050592,-0.800066,-0.000180
actual,0.870000,260.570000,0.457030,-1.049740,1.050626,-1.050592,-0.800066,-0.000180
actual,0.875000,260.575000,0.456258,-1.049740,1.050626,-1.050592,-0.800066,-0.000180
actual,0.880000,260.580000,0.455529,-1.049740,1.050626,-1.050592,-0.800066,-0.000180
actual,0.885000,260.585000,0.454845,-1.049740,1.050626,-1.050592,-0.800066,-0.000180
actual,0.890000,260.590000,0.454204,-1.049740,1.050626,-1.050592,-0.800066,-0.000180
actual,0.895000,260.595000,0.453609,-1.049740,1.050626,-1.050592,-0.800066,-0.000180
actual,0.900000,260.600000,0.453060,-1.049740,1.050626,-1.050592,-0.800066,-0.000180
actual,0.905000,260.605000,0.452558,-1.049740,1.050626,-1.050592,-0.800066,-0.000180
actual,0.910000,260.610000,0.452102,-1.049740,1.050626,-1.050592,-0.800066,-0.000180
actual,0.915000,260.615000,0.451693,-1.049740,1.050626,-1.050592,-0.800066,-0.000180
actual,0.920000,260.620000,0.451332,-1.049740,1.050626,-1.050592,-0.800066,-0.000180
actual,0.925000,260.625000,0.451019,-1.049740,1.050626,-1.050592,-0.800066,-0.000180
actual,0.930000,260.630000,0.450755,-1.049740,1.050626,-1.050592,-0.800066,-0.000180
actual,0.935000,260.635000,0.450539,-1.049740,1.050626,-1.050592,-0.800066,-0.000180
actual,0.940000,260.640000,0.450372,-1.049740,1.050626,-1.050592,-0.800066,-0.000180
actual,0.945000,260.645000,0.450254,-1.049740,1.050626,-1.050592,-0.800066,-0.000180
actual,0.950000,260.650000,0.450186,-1.049740,1.050626,-1.050592,-0.800066,-0.000180
actual,0.955000,260.655000,0.450166,-1.049740,1.050626,-1.050592,-0.800066,-0.000180
actual,0.960000,260.660000,0.450196,-1.049740,1.050626,-1.050592,-0.800066,-0.000180
actual,0.965000,260.665000,0.450274,-1.049740,1.050626,-1.050592,-0.800066,-0.000180
actual,0.970000,260.670000,0.450402,-1.049740,1.050626,-1.050592,-0.800066,-0.000180
actual,0.975000,260.675000,0.450579,-1.049740,1.050626,-1.050592,-0.800066,-0.000180
actual,0.980000,260.680000,0.450805,-1.049740,1.050626,-1.050592,-0.800066,-0.000180
actual,0.985000,260.685000,0.451079,-1.049740,1.050626,-1.050592,-0.800066,-0.000180
actual,0.990000,260.690000,0.451402,-1.049740,1.050626,-1.050592,-0.800066,-0.000180
actual,0.995000,260.695000,0.451773,-1.049740,1.050626,-1.050592,-0.800066,-0.000180
actual,1.000000,260.700000,0.452191,-1.049740,1.050626,-1.050592,-0.800066,-0.000180
actual,1.005000,260.705000,0.452656,-1.049740,1.050626,-1.050592,-0.800066,-0.000180
actual,1.010000,260.710000,0.453169,-1.049740,1.050626,-1.050592,-0.800066,-0.000180
actual,1.015000,260.715000,0.453727,-1.049740,1.050626,-1.050592,-0.800066,-0.000180
actual,1.020000,260.720000,0.454331,-1.049740,1.050626,-1.050592,-0.800066,-0.000180
actual,1.025000,260.725000,0.454981,-1.049740,1.050626,-1.050592,-0.800066,-0.000180
actual,1.030000,260.730000,0.455675,-1.049740,1.050626,-1.050592,-0.800066,-0.000180
actual,1.035000,260.735000,0.456412,-1.049740,1.050626,-1.050592,-0.800066,-0.000180
actual,1.040000,260.740000,0.457193,-1.049740,1.050626,-1.050592,-0.800066,-0.000180
actual,1.045000,260.745000,0.458016,-1.049740,1.050626,-1.050592,-0.800066,-0.000180
actual,1.050000,260.750000,0.458880,-1.049740,1.050626,-1.050592,-0.800066,-0.000180
actual,1.055000,260.755000,0.459785,-1.049740,1.050626,-1.050592,-0.800066,-0.000180
actual,1.060000,260.760000,0.460730,-1.049740,1.050626,-1.050592,-0.800066,-0.000180
actual,1.065000,260.765000,0.461713,-1.049740,1.050626,-1.050592,-0.800066,-0.000180
actual,1.070000,260.770000,0.462735,-1.049740,1.050626,-1.050592,-0.800066,-0.000180
actual,1.075000,260.775000,0.463793,-1.049740,1.050626,-1.050592,-0.800066,-0.000180
actual,1.080000,260.780000,0.464887,-1.049740,1.050626,-1.050592,-0.800066,-0.000180
actual,1.085000,260.785000,0.466015,-1.049740,1.050626,-1.050592,-0.800066,-0.000180
actual,1.090000,260.790000,0.467178,-1.049740,1.050626,-1.050592,-0.800066,-0.000180
actual,1.095000,260.795000,0.468372,-1.049740,1.050626,-1.050592,-0.800066,-0.000180
actual,1.100000,260.800000,0.469598,-1.049740,1.050626,-1.050592,-0.800066,-0.000180
actual,1.105000,260.805000,0.470854,-1.049740,1.050626,-1.050592,-0.800066,-0.000180
actual,1.110000,260.810000,0.472139,-1.049740,1.050626,-1.050592,-0.800066,-0.000180
actual,1.115000,260.815000,0.473451,-1.049740,1.050626,-1.050592,-0.800066,-0.000180
actual,1.120000,260.820000,0.474790,-1.049740,1.050626,-1.050592,-0.800066,-0.000180
actual,1.125000,260.825000,0.476153,-1.049740,1.050626,-1.050592,-0.800066,-0.000180
actual,1.130000,260.830000,0.477540,-1.049740,1.050626,-1.050592,-0.800066,-0.000180
actual,1.135000,260.835000,0.478949,-1.049740,1.050626,-1.050592,-0.800066,-0.000180
actual,1.140000,260.840000,0.480379,-1.049740,1.050626,-1.050592,-0.800066,-0.000180
actual,1.145000,260.845000,0.481828,-1.049740,1.050626,-1.050592,-0.800066,-0.000180
actual,1.150000,260.850000,0.483296,-1.049740,1.050626,-1.050592,-0.800066,-0.000180
actual,1.155000,260.855000,0.484780,-1.049740,1.050626,-1.050592,-0.800066,-0.000180
actual,1.160000,260.860000,0.486279,-1.049740,1.050626,-1.050592,-0.800066,-0.000180
actual,1.165000,260.865000,0.487791,-1.049740,1.050626,-1.050592,-0.800066,-0.000180
actual,1.170000,260.870000,0.489316,-1.049740,1.050626,-1.050592,-0.800066,-0.000180
actual,1.175000,260.875000,0.490851,-1.049740,1.050626,-1.050592,-0.800066,-0.000180
actual,1.180000,260.880000,0.492395,-1.049740,1.050626,-1.050592,-0.800066,-0.000180
actual,1.185000,260.885000,0.493947,-1.049740,1.050626,-1.050592,-0.800066,-0.000180
actual,1.190000,260.890000,0.495505,-1.049740,1.050626,-1.050592,-0.800066,-0.000180
actual,1.195000,260.895000,0.497067,-1.049740,1.050626,-1.050592,-0.800066,-0.000180
actual,1.200000,260.900000,0.498632,-1.049740,1.050626,-1.050592,-0.800066,-0.000180
actual,1.205000,260.905000,0.500199,-1.049740,1.050626,-1.050592,-0.800066,-0.000180
actual,1.210000,260.910000,0.501765,-1.049740,1.050626,-1.050592,-0.800066,-0.000180
actual,1.215000,260.915000,0.503330,-1.049740,1.050626,-1.050592,-0.800066,-0.000180
actual,1.220000,260.920000,0.504892,-1.049740,1.050626,-1.050592,-0.800066,-0.000180
actual,1.225000,260.925000,0.506448,-1.049740,1.050626,-1.050592,-0.800066,-0.000180
actual,1.230000,260.930000,0.507999,-1.049740,1.050626,-1.050592,-0.800066,-0.000180
actual,1.235000,260.935000,0.509541,-1.049740,1.050626,-1.050592,-0.800066,-0.000180
actual,1.240000,260.940000,0.511074,-1.049740,1.050626,-1.050592,-0.800066,-0.000180
actual,1.245000,260.945000,0.512597,-1.049740,1.050626,-1.050592,-0.800066,-0.000180
actual,1.250000,260.950000,0.514107,-1.049740,1.050626,-1.050592,-0.800066,-0.000180
actual,1.255000,260.955000,0.515603,-1.049740,1.050626,-1.050592,-0.800066,-0.000180
actual,1.260000,260.960000,0.517083,-1.049740,1.050626,-1.050592,-0.800066,-0.000180
actual,1.265000,260.965000,0.518547,-1.049740,1.050626,-1.050592,-0.800066,-0.000180
actual,1.270000,260.970000,0.519992,-1.049740,1.050626,-1.050592,-0.800066,-0.000180
actual,1.275000,260.975000,0.521418,-1.049740,1.050626,-1.050592,-0.800066,-0.000180
actual,1.280000,260.980000,0.522823,-1.049740,1.050626,-1.050592,-0.800066,-0.000180
actual,1.285000,260.985000,0.524205,-1.049740,1.050626,-1.050592,-0.800066,-0.000180
actual,1.290000,260.990000,0.525564,-1.049740,1.050626,-1.050592,-0.800066,-0.000180
actual,1.295000,260.995000,0.526897,-1.049740,1.050626,-1.050592,-0.800066,-0.000180
actual,1.300000,261.000000,0.528203,-1.049740,1.050626,-1.050592,-0.800066,-0.000180
actual,1.305000,261.005000,0.529482,-1.049740,1.050626,-1.050592,-0.800066,-0.000180
actual,1.310000,261.010000,0.530732,-1.049740,1.050626,-1.050592,-0.800066,-0.000180
actual,1.315000,261.015000,0.531952,-1.049740,1.050626,-1.050592,-0.800066,-0.000180
actual,1.320000,261.020000,0.533140,-1.049740,1.050626,-1.050592,-0.800066,-0.000180
actual,1.325000,261.025000,0.534295,-1.049740,1.050626,-1.050592,-0.800066,-0.000180
actual,1.330000,261.030000,0.535417,-1.049740,1.050626,-1.050592,-0.800066,-0.000180
actual,1.335000,261.035000,0.536503,-1.049740,1.050626,-1.050592,-0.800066,-0.000180
actual,1.340000,261.040000,0.537554,-1.049740,1.050626,-1.050592,-0.800066,-0.000180
actual,1.345000,261.045000,0.538568,-1.049740,1.050626,-1.050592,-0.800066,-0.000180
actual,1.350000,261.050000,0.539543,-1.049740,1.050626,-1.050592,-0.800066,-0.000180
actual,1.355000,261.055000,0.540480,-1.049740,1.050626,-1.050592,-0.800066,-0.000180
actual,1.360000,261.060000,0.541377,-1.049740,1.050626,-1.050592,-0.800066,-0.000180
actual,1.365000,261.065000,0.542233,-1.049740,1.050626,-1.050592,-0.800066,-0.000180
actual,1.370000,261.070000,0.543047,-1.049740,1.050626,-1.050592,-0.800066,-0.000180
actual,1.375000,261.075000,0.543819,-1.049740,1.050626,-1.050592,-0.800066,-0.000180
actual,1.380000,261.080000,0.544547,-1.049740,1.050626,-1.050592,-0.800066,-0.000180
actual,1.385000,261.085000,0.545232,-1.049740,1.050626,-1.050592,-0.800066,-0.000180
actual,1.390000,261.090000,0.545872,-1.049740,1.050626,-1.050592,-0.800066,-0.000180
actual,1.395000,261.095000,0.546467,-1.049740,1.050626,-1.050592,-0.800066,-0.000180
actual,1.400000,261.100000,0.547016,-1.049740,1.050626,-1.050592,-0.800066,-0.000180
actual,1.405000,261.105000,0.547519,-1.049740,1.050626,-1.050592,-0.800066,-0.000180
actual,1.410000,261.110000,0.547974,-1.049740,1.050626,-1.050592,-0.800066,-0.000180
actual,1.415000,261.115000,0.548383,-1.049740,1.050626,-1.050592,-0.800066,-0.000180
actual,1.420000,261.120000,0.548744,-1.049740,1.050626,-1.050592,-0.800066,-0.000180
actual,1.425000,261.125000,0.549056,-1.049740,1.050626,-1.050592,-0.800066,-0.000180
actual,1.430000,261.130000,0.549321,-1.049740,1.050626,-1.050592,-0.800066,-0.000180
actual,1.435000,261.135000,0.549536,-1.049740,1.050626,-1.050592,-0.800066,-0.000180
actual,1.440000,261.140000,0.549703,-1.049740,1.050626,-1.050592,-0.800066,-0.000180
actual,1.445000,261.145000,0.549821,-1.049740,1.050626,-1.050592,-0.800066,-0.000180
actual,1.450000,261.150000,0.549890,-1.049740,1.050626,-1.050592,-0.800066,-0.000180
actual,1.455000,261.155000,0.549909,-1.049740,1.050626,-1.050592,-0.800066,-0.000180
actual,1.460000,261.160000,0.549880,-1.049740,1.050626,-1.050592,-0.800066,-0.000180
actual,1.465000,261.165000,0.549801,-1.049740,1.050626,-1.050592,-0.800066,-0.000180
actual,1.470000,261.170000,0.549673,-1.049740,1.050626,-1.050592,-0.800066,-0.000180
actual,1.475000,261.175000,0.549496,-1.049740,1.050626,-1.050592,-0.800066,-0.000180
actual,1.480000,261.180000,0.549270,-1.049740,1.050626,-1.050592,-0.800066,-0.000180
actual,1.485000,261.185000,0.548996,-1.049740,1.050626,-1.050592,-0.800066,-0.000180
actual,1.490000,261.190000,0.548673,-1.049740,1.050626,-1.050592,-0.800066,-0.000180
actual,1.495000,261.195000,0.548302,-1.049740,1.050626,-1.050592,-0.800066,-0.000180
actual,1.500000,261.200000,0.547884,-1.049740,1.050626,-1.050592,-0.800066,-0.000180
actual,1.505000,261.205000,0.547418,-1.049740,1.050626,-1.050592,-0.800066,-0.000180
actual,1.510000,261.210000,0.546906,-1.049740,1.050626,-1.050592,-0.800066,-0.000180
actual,1.515000,261.215000,0.546348,-1.049740,1.050626,-1.050592,-0.800066,-0.000180
actual,1.520000,261.220000,0.545743,-1.049740,1.050626,-1.050592,-0.800066,-0.000180
actual,1.525000,261.225000,0.545094,-1.049740,1.050626,-1.050592,-0.800066,-0.000180
actual,1.530000,261.230000,0.544400,-1.049740,1.050626,-1.050592,-0.800066,-0.000180
actual,1.535000,261.235000,0.543662,-1.049740,1.050626,-1.050592,-0.800066,-0.000180
actual,1.540000,261.240000,0.542882,-1.049740,1.050626,-1.050592,-0.800066,-0.000180
actual,1.545000,261.245000,0.542059,-1.049740,1.050626,-1.050592,-0.800066,-0.000180
actual,1.550000,261.250000,0.541194,-1.049740,1.050626,-1.050592,-0.800066,-0.000180
actual,1.555000,261.255000,0.540289,-1.049740,1.050626,-1.050592,-0.800066,-0.000180
actual,1.560000,261.260000,0.539345,-1.049740,1.050626,-1.050592,-0.800066,-0.000180
actual,1.565000,261.265000,0.538361,-1.049740,1.050626,-1.050592,-0.800066,-0.000180
actual,1.570000,261.270000,0.537340,-1.049740,1.050626,-1.050592,-0.800066,-0.000180
actual,1.575000,261.275000,0.536281,-1.049740,1.050626,-1.050592,-0.800066,-0.000180
actual,1.580000,261.280000,0.535187,-1.049740,1.050626,-1.050592,-0.800066,-0.000180
actual,1.585000,261.285000,0.534059,-1.049740,1.050626,-1.050592,-0.800066,-0.000180
actual,1.590000,261.290000,0.532897,-1.049740,1.050626,-1.050592,-0.800066,-0.000180
actual,1.595000,261.295000,0.531702,-1.049740,1.050626,-1.050592,-0.800066,-0.000180
actual,1.600000,261.300000,0.530476,-1.049740,1.050626,-1.050592,-0.800066,-0.000180
actual,1.605000,261.305000,0.529220,-1.049740,1.050626,-1.050592,-0.800066,-0.000180
actual,1.610000,261.310000,0.527935,-1.049740,1.050626,-1.050592,-0.800066,-0.000180
actual,1.615000,261.315000,0.526623,-1.049740,1.050626,-1.050592,-0.800066,-0.000180
actual,1.620000,261.320000,0.525284,-1.049740,1.050626,-1.050592,-0.800066,-0.000180
actual,1.625000,261.325000,0.523921,-1.049740,1.050626,-1.050592,-0.800066,-0.000180
actual,1.630000,261.330000,0.522534,-1.049740,1.050626,-1.050592,-0.800066,-0.000180
actual,1.635000,261.335000,0.521125,-1.049740,1.050626,-1.050592,-0.800066,-0.000180
actual,1.640000,261.340000,0.519695,-1.049740,1.050626,-1.050592,-0.800066,-0.000180
actual,1.645000,261.345000,0.518245,-1.049740,1.050626,-1.050592,-0.800066,-0.000180
actual,1.650000,261.350000,0.516778,-1.049740,1.050626,-1.050592,-0.800066,-0.000180
actual,1.655000,261.355000,0.515294,-1.049740,1.050626,-1.050592,-0.800066,-0.000180
actual,1.660000,261.360000,0.513795,-1.049740,1.050626,-1.050592,-0.800066,-0.000180
actual,1.665000,261.365000,0.512283,-1.049740,1.050626,-1.050592,-0.800066,-0.000180
actual,1.670000,261.370000,0.510758,-1.049740,1.050626,-1.050592,-0.800066,-0.000180
actual,1.675000,261.375000,0.509223,-1.049740,1.050626,-1.050592,-0.800066,-0.000180
actual,1.680000,261.380000,0.507678,-1.049740,1.050626,-1.050592,-0.800066,-0.000180
actual,1.685000,261.385000,0.506127,-1.049740,1.050626,-1.050592,-0.800066,-0.000180
actual,1.690000,261.390000,0.504569,-1.049740,1.050626,-1.050592,-0.800066,-0.000180
actual,1.695000,261.395000,0.503006,-1.049740,1.050626,-1.050592,-0.800066,-0.000180
actual,1.700000,261.400000,0.501441,-1.049740,1.050626,-1.050592,-0.800066,-0.000180
actual,1.705000,261.405000,0.499875,-1.049740,1.050626,-1.050592,-0.800066,-0.000180
actual,1.710000,261.410000,0.498308,-1.049740,1.050626,-1.050592,-0.800066,-0.000180
actual,1.715000,261.415000,0.496743,-1.049740,1.050626,-1.050592,-0.800066,-0.000180
actual,1.720000,261.420000,0.495182,-1.049740,1.050626,-1.050592,-0.800066,-0.000180
actual,1.725000,261.425000,0.493625,-1.049740,1.050626,-1.050592,-0.800066,-0.000180
actual,1.730000,261.430000,0.492075,-1.049740,1.050626,-1.050592,-0.800066,-0.000180
actual,1.735000,261.435000,0.490532,-1.049740,1.050626,-1.050592,-0.800066,-0.000180
actual,1.740000,261.440000,0.488999,-1.049740,1.050626,-1.050592,-0.800066,-0.000180
actual,1.745000,261.445000,0.487477,-1.049740,1.050626,-1.050592,-0.800066,-0.000180
actual,1.750000,261.450000,0.485967,-1.049740,1.050626,-1.050592,-0.800066,-0.000180
actual,1.755000,261.455000,0.484471,-1.049740,1.050626,-1.050592,-0.800066,-0.000180
actual,1.760000,261.460000,0.482990,-1.049740,1.050626,-1.050592,-0.800066,-0.000180
actual,1.765000,261.465000,0.481527,-1.049740,1.050626,-1.050592,-0.800066,-0.000180
actual,1.770000,261.470000,0.480081,-1.049740,1.050626,-1.050592,-0.800066,-0.000180
actual,1.775000,261.475000,0.478655,-1.049740,1.050626,-1.050592,-0.800066,-0.000180
actual,1.780000,261.480000,0.477250,-1.049740,1.050626,-1.050592,-0.800066,-0.000180
actual,1.785000,261.485000,0.475868,-1.049740,1.050626,-1.050592,-0.800066,-0.000180
actual,1.790000,261.490000,0.474510,-1.049740,1.050626,-1.050592,-0.800066,-0.000180
actual,1.795000,261.495000,0.473177,-1.049740,1.050626,-1.050592,-0.800066,-0.000180
actual,1.800000,261.500000,0.471870,-1.049740,1.050626,-1.050592,-0.800066,-0.000180
actual,1.805000,261.505000,0.470591,-1.049740,1.050626,-1.050592,-0.800066,-0.000180
actual,1.810000,261.510000,0.469341,-1.049740,1.050626,-1.050592,-0.800066,-0.000180
actual,1.815000,261.515000,0.468122,-1.049740,1.050626,-1.050592,-0.800066,-0.000180
actual,1.820000,261.520000,0.466934,-1.049740,1.050626,-1.050592,-0.800066,-0.000180
actual,1.825000,261.525000,0.465778,-1.049740,1.050626,-1.050592,-0.800066,-0.000180
actual,1.830000,261.530000,0.464657,-1.049740,1.050626,-1.050592,-0.800066,-0.000180
actual,1.835000,261.535000,0.463570,-1.049740,1.050626,-1.050592,-0.800066,-0.000180
actual,1.840000,261.540000,0.462519,-1.049740,1.050626,-1.050592,-0.800066,-0.000180
actual,1.845000,261.545000,0.461506,-1.049740,1.050626,-1.050592,-0.800066,-0.000180
actual,1.850000,261.550000,0.460530,-1.049740,1.050626,-1.050592,-0.800066,-0.000180
actual,1.855000,261.555000,0.459593,-1.049740,1.050626,-1.050592,-0.800066,-0.000180
actual,1.860000,261.560000,0.458697,-1.049740,1.050626,-1.050592,-0.800066,-0.000180
actual,1.865000,261.565000,0.457841,-1.049740,1.050626,-1.050592,-0.800066,-0.000180
actual,1.870000,261.570000,0.457026,-1.049740,1.050626,-1.050592,-0.800066,-0.000180
actual,1.875000,261.575000,0.456255,-1.049740,1.050626,-1.050592,-0.800066,-0.000180
actual,1.880000,261.580000,0.455526,-1.049740,1.050626,-1.050592,-0.800066,-0.000180
actual,1.885000,261.585000,0.454841,-1.049740,1.050626,-1.050592,-0.800066,-0.000180
actual,1.890000,261.590000,0.454201,-1.049740,1.050626,-1.050592,-0.800066,-0.000180
actual,1.895000,261.595000,0.453606,-1.049740,1.050626,-1.050592,-0.800066,-0.000180
actual,1.900000,261.600000,0.453057,-1.049740,1.050626,-1.050592,-0.800066,-0.000180
actual,1.905000,261.605000,0.452555,-1.049740,1.050626,-1.050592,-0.800066,-0.000180
actual,1.910000,261.610000,0.452099,-1.049740,1.050626,-1.050592,-0.800066,-0.000180
actual,1.915000,261.615000,0.451690,-1.049740,1.050626,-1.050592,-0.800066,-0.000180
actual,1.920000,261.620000,0.451329,-1.049740,1.050626,-1.050592,-0.800066,-0.000180
actual,1.925000,261.625000,0.451017,-1.049740,1.050626,-1.050592,-0.800066,-0.000180
actual,1.930000,261.630000,0.450752,-1.049740,1.050626,-1.050592,-0.800066,-0.000180
actual,1.935000,261.635000,0.450537,-1.049740,1.050626,-1.050592,-0.800066,-0.000180
actual,1.940000,261.640000,0.450370,-1.049740,1.050626,-1.050592,-0.800066,-0.000180
actual,1.945000,261.645000,0.450252,-1.049740,1.050626,-1.050592,-0.800066,-0.000180
actual,1.950000,261.650000,0.450183,-1.049740,1.050626,-1.050592,-0.800066,-0.000180
actual,1.955000,261.655000,0.450164,-1.049740,1.050626,-1.050592,-0.800066,-0.000180
actual,1.960000,261.660000,0.450193,-1.049740,1.050626,-1.050592,-0.800066,-0.000180
actual,1.965000,261.665000,0.450272,-1.049740,1.050626,-1.050592,-0.800066,-0.000180
actual,1.970000,261.670000,0.450400,-1.049740,1.050626,-1.050592,-0.800066,-0.000180
actual,1.975000,261.675000,0.450577,-1.049740,1.050626,-1.050592,-0.800066,-0.000180
actual,1.980000,261.680000,0.450803,-1.049740,1.050626,-1.050592,-0.800066,-0.000180
actual,1.985000,261.685000,0.451077,-1.049740,1.050626,-1.050592,-0.800066,-0.000180
actual,1.990000,261.690000,0.451400,-1.049740,1.050626,-1.050592,-0.800066,-0.000180
actual,1.995000,261.695000,0.451771,-1.049740,1.050626,-1.050592,-0.800066,-0.000180
actual,2.000000,261.700000,0.452189,-1.049740,1.050626,-1.050592,-0.800066,-0.000180
actual,2.005000,261.705000,0.452655,-1.049740,1.050626,-1.050592,-0.800066,-0.000180
actual,2.010000,261.710000,0.453167,-1.049740,1.050626,-1.050592,-0.800066,-0.000180
actual,2.015000,261.715000,0.453725,-1.049740,1.050626,-1.050592,-0.800066,-0.000180
actual,2.020000,261.720000,0.454330,-1.049740,1.050626,-1.050592,-0.800066,-0.000180
actual,2.025000,261.725000,0.454979,-1.049740,1.050626,-1.050592,-0.800066,-0.000180
actual,2.030000,261.730000,0.455673,-1.049740,1.050626,-1.050592,-0.800066,-0.000180
actual,2.035000,261.735000,0.456411,-1.049740,1.050626,-1.050592,-0.800066,-0.000180
actual,2.040000,261.740000,0.457191,-1.049740,1.050626,-1.050592,-0.800066,-0.000180
actual,2.045000,261.745000,0.458014,-1.049740,1.050626,-1.050592,-0.800066,-0.000180
actual,2.050000,261.750000,0.458879,-1.049740,1.050626,-1.050592,-0.800066,-0.000180
actual,2.055000,261.755000,0.459784,-1.049740,1.050626,-1.050592,-0.800066,-0.000180
actual,2.060000,261.760000,0.460728,-1.049740,1.050626,-1.050592,-0.800066,-0.000180
actual,2.065000,261.765000,0.461712,-1.049740,1.050626,-1.050592,-0.800066,-0.000180
actual,2.070000,261.770000,0.462733,-1.049740,1.050626,-1.050592,-0.800066,-0.000180
actual,2.075000,261.775000,0.463792,-1.049740,1.050626,-1.050592,-0.800066,-0.000180
actual,2.080000,261.780000,0.464886,-1.049740,1.050626,-1.050592,-0.800066,-0.000180
actual,2.085000,261.785000,0.466014,-1.049740,1.050626,-1.050592,-0.800066,-0.000180
actual,2.090000,261.790000,0.467176,-1.049740,1.050626,-1.050592,-0.800066,-0.000180
actual,2.095000,261.795000,0.468371,-1.049740,1.050626,-1.050592,-0.800066,-0.000180
actual,2.100000,261.800000,0.469597,-1.049740,1.050626,-1.050592,-0.800066,-0.000180
actual,2.105000,261.805000,0.470853,-1.049740,1.050626,-1.050592,-0.800066,-0.000180
actual,2.110000,261.810000,0.472138,-1.049740,1.050626,-1.050592,-0.800066,-0.000180
actual,2.115000,261.815000,0.473450,-1.049740,1.050626,-1.050592,-0.800066,-0.000180
actual,2.120000,261.820000,0.474788,-1.049740,1.050626,-1.050592,-0.800066,-0.000180
actual,2.125000,261.825000,0.476152,-1.049740,1.050626,-1.050592,-0.800066,-0.000180
actual,2.130000,261.830000,0.477539,-1.049740,1.050626,-1.050592,-0.800066,-0.000180
actual,2.135000,261.835000,0.478948,-1.049740,1.050626,-1.050592,-0.800066,-0.000180
actual,2.140000,261.840000,0.480378,-1.049740,1.050626,-1.050592,-0.800066,-0.000180
actual,2.145000,261.845000,0.481828,-1.049740,1.050626,-1.050592,-0.800066,-0.000180
actual,2.150000,261.850000,0.483295,-1.049740,1.050626,-1.050592,-0.800066,-0.000180
actual,2.155000,261.855000,0.484779,-1.049740,1.050626,-1.050592,-0.800066,-0.000180
actual,2.160000,261.860000,0.486278,-1.049740,1.050626,-1.050592,-0.800066,-0.000180
actual,2.165000,261.865000,0.487790,-1.049740,1.050626,-1.050592,-0.800066,-0.000180
actual,2.170000,261.870000,0.489315,-1.049740,1.050626,-1.050592,-0.800066,-0.000180
actual,2.175000,261.875000,0.490850,-1.049740,1.050626,-1.050592,-0.800066,-0.000180
actual,2.180000,261.880000,0.492395,-1.049740,1.050626,-1.050592,-0.800066,-0.000180
actual,2.185000,261.885000,0.493946,-1.049740,1.050626,-1.050592,-0.800066,-0.000180
actual,2.190000,261.890000,0.495504,-1.049740,1.050626,-1.050592,-0.800066,-0.000180
actual,2.195000,261.895000,0.497067,-1.049740,1.050626,-1.050592,-0.800066,-0.000180
actual,2.200000,261.900000,0.498632,-1.049740,1.050626,-1.050592,-0.800066,-0.000180
actual,2.205000,261.905000,0.500198,-1.049740,1.050626,-1.050592,-0.800066,-0.000180
actual,2.210000,261.910000,0.501765,-1.049740,1.050626,-1.050592,-0.800066,-0.000180
actual,2.215000,261.915000,0.503330,-1.049740,1.050626,-1.050592,-0.800066,-0.000180
actual,2.220000,261.920000,0.504891,-1.049740,1.050626,-1.050592,-0.800066,-0.000180
actual,2.225000,261.925000,0.506448,-1.049740,1.050626,-1.050592,-0.800066,-0.000180
actual,2.230000,261.930000,0.507998,-1.049740,1.050626,-1.050592,-0.800066,-0.000180
actual,2.235000,261.935000,0.509541,-1.049740,1.050626,-1.050592,-0.800066,-0.000180
actual,2.240000,261.940000,0.511074,-1.049740,1.050626,-1.050592,-0.800066,-0.000180
actual,2.245000,261.945000,0.512596,-1.049740,1.050626,-1.050592,-0.800066,-0.000180
actual,2.250000,261.950000,0.514106,-1.049740,1.050626,-1.050592,-0.800066,-0.000180
actual,2.255000,261.955000,0.515602,-1.049740,1.050626,-1.050592,-0.800066,-0.000180
actual,2.260000,261.960000,0.517083,-1.049740,1.050626,-1.050592,-0.800066,-0.000180
actual,2.265000,261.965000,0.518546,-1.049740,1.050626,-1.050592,-0.800066,-0.000180
actual,2.270000,261.970000,0.519992,-1.049740,1.050626,-1.050592,-0.800066,-0.000180
actual,2.275000,261.975000,0.521418,-1.049740,1.050626,-1.050592,-0.800066,-0.000180
actual,2.280000,261.980000,0.522822,-1.049740,1.050626,-1.050592,-0.800066,-0.000180
actual,2.285000,261.985000,0.524205,-1.049740,1.050626,-1.050592,-0.800066,-0.000180
actual,2.290000,261.990000,0.525563,-1.049740,1.050626,-1.050592,-0.800066,-0.000180
actual,2.295000,261.995000,0.526896,-1.049740,1.050626,-1.050592,-0.800066,-0.000180
actual,2.300000,262.000000,0.528203,-1.049740,1.050626,-1.050592,-0.800066,-0.000180
actual,2.305000,262.005000,0.529482,-1.049740,1.050626,-1.050592,-0.800066,-0.000180
actual,2.310000,262.010000,0.530732,-1.049740,1.050626,-1.050592,-0.800066,-0.000180
actual,2.315000,262.015000,0.531951,-1.049740,1.050626,-1.050592,-0.800066,-0.000180
actual,2.320000,262.020000,0.533139,-1.049740,1.050626,-1.050592,-0.800066,-0.000180
actual,2.325000,262.025000,0.534295,-1.049740,1.050626,-1.050592,-0.800066,-0.000180
actual,2.330000,262.030000,0.535416,-1.049740,1.050626,-1.050592,-0.800066,-0.000180
actual,2.335000,262.035000,0.536503,-1.049740,1.050626,-1.050592,-0.800066,-0.000180
actual,2.340000,262.040000,0.537554,-1.049740,1.050626,-1.050592,-0.800066,-0.000180
actual,2.345000,262.045000,0.538567,-1.049740,1.050626,-1.050592,-0.800066,-0.000180
actual,2.350000,262.050000,0.539543,-1.049740,1.050626,-1.050592,-0.800066,-0.000180
actual,2.355000,262.055000,0.540480,-1.049740,1.050626,-1.050592,-0.800066,-0.000180
actual,2.360000,262.060000,0.541376,-1.049740,1.050626,-1.050592,-0.800066,-0.000180
actual,2.365000,262.065000,0.542232,-1.049740,1.050626,-1.050592,-0.800066,-0.000180
actual,2.370000,262.070000,0.543046,-1.049740,1.050626,-1.050592,-0.800066,-0.000180
actual,2.375000,262.075000,0.543818,-1.049740,1.050626,-1.050592,-0.800066,-0.000180
actual,2.380000,262.080000,0.544547,-1.049740,1.050626,-1.050592,-0.800066,-0.000180
actual,2.385000,262.085000,0.545232,-1.049740,1.050626,-1.050592,-0.800066,-0.000180
actual,2.390000,262.090000,0.545872,-1.049740,1.050626,-1.050592,-0.800066,-0.000180
actual,2.395000,262.095000,0.546467,-1.049740,1.050626,-1.050592,-0.800066,-0.000180
actual,2.400000,262.100000,0.547016,-1.049740,1.050626,-1.050592,-0.800066,-0.000180
actual,2.405000,262.105000,0.547518,-1.049740,1.050626,-1.050592,-0.800066,-0.000180
actual,2.410000,262.110000,0.547974,-1.049740,1.050626,-1.050592,-0.800066,-0.000180
actual,2.415000,262.115000,0.548383,-1.049740,1.050626,-1.050592,-0.800066,-0.000180
actual,2.420000,262.120000,0.548743,-1.049740,1.050626,-1.050592,-0.800066,-0.000180
actual,2.425000,262.125000,0.549056,-1.049740,1.050626,-1.050592,-0.800066,-0.000180
actual,2.430000,262.130000,0.549321,-1.049740,1.050626,-1.050592,-0.800066,-0.000180
actual,2.435000,262.135000,0.549536,-1.049740,1.050626,-1.050592,-0.800066,-0.000180
actual,2.440000,262.140000,0.549703,-1.049740,1.050626,-1.050592,-0.800066,-0.000180
actual,2.445000,262.145000,0.549821,-1.049740,1.050626,-1.050592,-0.800066,-0.000180
actual,2.450000,262.150000,0.549890,-1.049740,1.050626,-1.050592,-0.800066,-0.000180
actual,2.455000,262.155000,0.549909,-1.049740,1.050626,-1.050592,-0.800066,-0.000180
actual,2.460000,262.160000,0.549880,-1.049740,1.050626,-1.050592,-0.800066,-0.000180
actual,2.465000,262.165000,0.549801,-1.049740,1.050626,-1.050592,-0.800066,-0.000180
actual,2.470000,262.170000,0.549673,-1.049740,1.050626,-1.050592,-0.800066,-0.000180
actual,2.475000,262.175000,0.549496,-1.049740,1.050626,-1.050592,-0.800066,-0.000180
actual,2.480000,262.180000,0.549270,-1.049740,1.050626,-1.050592,-0.800066,-0.000180
actual,2.485000,262.185000,0.548996,-1.049740,1.050626,-1.050592,-0.800066,-0.000180
actual,2.490000,262.190000,0.548673,-1.049740,1.050626,-1.050592,-0.800066,-0.000180
actual,2.495000,262.195000,0.548302,-1.049740,1.050626,-1.050592,-0.800066,-0.000180
actual,2.500000,262.200000,0.547884,-1.049740,1.050626,-1.050592,-0.800066,-0.000180
actual,2.505000,262.205000,0.547418,-1.049740,1.050626,-1.050592,-0.800066,-0.000180
actual,2.510000,262.210000,0.546906,-1.049740,1.050626,-1.050592,-0.800066,-0.000180
actual,2.515000,262.215000,0.546347,-1.049740,1.050626,-1.050592,-0.800066,-0.000180
actual,2.520000,262.220000,0.545743,-1.049740,1.050626,-1.050592,-0.800066,-0.000180
actual,2.525000,262.225000,0.545094,-1.049740,1.050626,-1.050592,-0.800066,-0.000180
actual,2.530000,262.230000,0.544400,-1.049740,1.050626,-1.050592,-0.800066,-0.000180
actual,2.535000,262.235000,0.543662,-1.049740,1.050626,-1.050592,-0.800066,-0.000180
actual,2.540000,262.240000,0.542882,-1.049740,1.050626,-1.050592,-0.800066,-0.000180
actual,2.545000,262.245000,0.542059,-1.049740,1.050626,-1.050592,-0.800066,-0.000180
actual,2.550000,262.250000,0.541194,-1.049740,1.050626,-1.050592,-0.800066,-0.000180
actual,2.555000,262.255000,0.540289,-1.049740,1.050626,-1.050592,-0.800066,-0.000180
actual,2.560000,262.260000,0.539344,-1.049740,1.050626,-1.050592,-0.800066,-0.000180
actual,2.565000,262.265000,0.538361,-1.049740,1.050626,-1.050592,-0.800066,-0.000180
actual,2.570000,262.270000,0.537339,-1.049740,1.050626,-1.050592,-0.800066,-0.000180
actual,2.575000,262.275000,0.536281,-1.049740,1.050626,-1.050592,-0.800066,-0.000180
actual,2.580000,262.280000,0.535187,-1.049740,1.050626,-1.050592,-0.800066,-0.000180
actual,2.585000,262.285000,0.534059,-1.049740,1.050626,-1.050592,-0.800066,-0.000180
actual,2.590000,262.290000,0.532896,-1.049740,1.050626,-1.050592,-0.800066,-0.000180
actual,2.595000,262.295000,0.531702,-1.049740,1.050626,-1.050592,-0.800066,-0.000180
actual,2.600000,262.300000,0.530476,-1.049740,1.050626,-1.050592,-0.800066,-0.000180
actual,2.605000,262.305000,0.529220,-1.049740,1.050626,-1.050592,-0.800066,-0.000180
actual,2.610000,262.310000,0.527935,-1.049740,1.050626,-1.050592,-0.800066,-0.000180
actual,2.615000,262.315000,0.526623,-1.049740,1.050626,-1.050592,-0.800066,-0.000180
actual,2.620000,262.320000,0.525284,-1.049740,1.050626,-1.050592,-0.800066,-0.000180
actual,2.625000,262.325000,0.523921,-1.049740,1.050626,-1.050592,-0.800066,-0.000180
actual,2.630000,262.330000,0.522534,-1.049740,1.050626,-1.050592,-0.800066,-0.000180
actual,2.635000,262.335000,0.521125,-1.049740,1.050626,-1.050592,-0.800066,-0.000180
actual,2.640000,262.340000,0.519695,-1.049740,1.050626,-1.050592,-0.800066,-0.000180
actual,2.645000,262.345000,0.518245,-1.049740,1.050626,-1.050592,-0.800066,-0.000180
actual,2.650000,262.350000,0.516778,-1.049740,1.050626,-1.050592,-0.800066,-0.000180
actual,2.655000,262.355000,0.515294,-1.049740,1.050626,-1.050592,-0.800066,-0.000180
actual,2.660000,262.360000,0.513795,-1.049740,1.050626,-1.050592,-0.800066,-0.000180
actual,2.665000,262.365000,0.512282,-1.049740,1.050626,-1.050592,-0.800066,-0.000180
actual,2.670000,262.370000,0.510758,-1.049740,1.050626,-1.050592,-0.800066,-0.000180
actual,2.675000,262.375000,0.509223,-1.049740,1.050626,-1.050592,-0.800066,-0.000180
actual,2.680000,262.380000,0.507678,-1.049740,1.050626,-1.050592,-0.800066,-0.000180
actual,2.685000,262.385000,0.506127,-1.049740,1.050626,-1.050592,-0.800066,-0.000180
actual,2.690000,262.390000,0.504569,-1.049740,1.050626,-1.050592,-0.800066,-0.000180
actual,2.695000,262.395000,0.503006,-1.049740,1.050626,-1.050592,-0.800066,-0.000180
actual,2.700000,262.400000,0.501441,-1.049740,1.050626,-1.050592,-0.800066,-0.000180
actual,2.705000,262.405000,0.499875,-1.049740,1.050626,-1.050592,-0.800066,-0.000180
actual,2.710000,262.410000,0.498308,-1.049740,1.050626,-1.050592,-0.800066,-0.000180
actual,2.715000,262.415000,0.496743,-1.049740,1.050626,-1.050592,-0.800066,-0.000180
actual,2.720000,262.420000,0.495182,-1.049740,1.050626,-1.050592,-0.800066,-0.000180
actual,2.725000,262.425000,0.493625,-1.049740,1.050626,-1.050592,-0.800066,-0.000180
actual,2.730000,262.430000,0.492075,-1.049740,1.050626,-1.050592,-0.800066,-0.000180
actual,2.735000,262.435000,0.490532,-1.049740,1.050626,-1.050592,-0.800066,-0.000180
actual,2.740000,262.440000,0.488999,-1.049740,1.050626,-1.050592,-0.800066,-0.000180
actual,2.745000,262.445000,0.487477,-1.049740,1.050626,-1.050592,-0.800066,-0.000180
actual,2.750000,262.450000,0.485967,-1.049740,1.050626,-1.050592,-0.800066,-0.000180
actual,2.755000,262.455000,0.484471,-1.049740,1.050626,-1.050592,-0.800066,-0.000180
actual,2.760000,262.460000,0.482990,-1.049740,1.050626,-1.050592,-0.800066,-0.000180
actual,2.765000,262.465000,0.481526,-1.049740,1.050626,-1.050592,-0.800066,-0.000180
actual,2.770000,262.470000,0.480081,-1.049740,1.050626,-1.050592,-0.800066,-0.000180
actual,2.775000,262.475000,0.478655,-1.049740,1.050626,-1.050592,-0.800066,-0.000180
actual,2.780000,262.480000,0.477250,-1.049740,1.050626,-1.050592,-0.800066,-0.000180
actual,2.785000,262.485000,0.475868,-1.049740,1.050626,-1.050592,-0.800066,-0.000180
actual,2.790000,262.490000,0.474510,-1.049740,1.050626,-1.050592,-0.800066,-0.000180
actual,2.795000,262.495000,0.473177,-1.049740,1.050626,-1.050592,-0.800066,-0.000180
actual,2.800000,262.500000,0.471870,-1.049740,1.050626,-1.050592,-0.800066,-0.000180
actual,2.805000,262.505000,0.470591,-1.049740,1.050626,-1.050592,-0.800066,-0.000180
actual,2.810000,262.510000,0.469341,-1.049740,1.050626,-1.050592,-0.800066,-0.000180
actual,2.815000,262.515000,0.468122,-1.049740,1.050626,-1.050592,-0.800066,-0.000180
actual,2.820000,262.520000,0.466933,-1.049740,1.050626,-1.050592,-0.800066,-0.000180
actual,2.825000,262.525000,0.465778,-1.049740,1.050626,-1.050592,-0.800066,-0.000180
actual,2.830000,262.530000,0.464657,-1.049740,1.050626,-1.050592,-0.800066,-0.000180
actual,2.835000,262.535000,0.463570,-1.049740,1.050626,-1.050592,-0.800066,-0.000180
actual,2.840000,262.540000,0.462519,-1.049740,1.050626,-1.050592,-0.800066,-0.000180
actual,2.845000,262.545000,0.461506,-1.049740,1.050626,-1.050592,-0.800066,-0.000180
actual,2.850000,262.550000,0.460530,-1.049740,1.050626,-1.050592,-0.800066,-0.000180
actual,2.855000,262.555000,0.459593,-1.049740,1.050626,-1.050592,-0.800066,-0.000180
actual,2.860000,262.560000,0.458697,-1.049740,1.050626,-1.050592,-0.800066,-0.000180
actual,2.865000,262.565000,0.457841,-1.049740,1.050626,-1.050592,-0.800066,-0.000180
actual,2.870000,262.570000,0.457026,-1.049740,1.050626,-1.050592,-0.800066,-0.000180
actual,2.875000,262.575000,0.456255,-1.049740,1.050626,-1.050592,-0.800066,-0.000180
actual,2.880000,262.580000,0.455526,-1.049740,1.050626,-1.050592,-0.800066,-0.000180
actual,2.885000,262.585000,0.454841,-1.049740,1.050626,-1.050592,-0.800066,-0.000180
actual,2.890000,262.590000,0.454201,-1.049740,1.050626,-1.050592,-0.800066,-0.000180
actual,2.895000,262.595000,0.453606,-1.049740,1.050626,-1.050592,-0.800066,-0.000180
actual,2.900000,262.600000,0.453057,-1.049740,1.050626,-1.050592,-0.800066,-0.000180
actual,2.905000,262.605000,0.452555,-1.049740,1.050626,-1.050592,-0.800066,-0.000180
actual,2.910000,262.610000,0.452099,-1.049740,1.050626,-1.050592,-0.800066,-0.000180
actual,2.915000,262.615000,0.451690,-1.049740,1.050626,-1.050592,-0.800066,-0.000180
actual,2.920000,262.620000,0.451329,-1.049740,1.050626,-1.050592,-0.800066,-0.000180
actual,2.925000,262.625000,0.451017,-1.049740,1.050626,-1.050592,-0.800066,-0.000180
actual,2.930000,262.630000,0.450752,-1.049740,1.050626,-1.050592,-0.800066,-0.000180
actual,2.935000,262.635000,0.450537,-1.049740,1.050626,-1.050592,-0.800066,-0.000180
actual,2.940000,262.640000,0.450370,-1.049740,1.050626,-1.050592,-0.800066,-0.000180
actual,2.945000,262.645000,0.450252,-1.049740,1.050626,-1.050592,-0.800066,-0.000180
actual,2.950000,262.650000,0.450183,-1.049740,1.050626,-1.050592,-0.800066,-0.000180
actual,2.955000,262.655000,0.450164,-1.049740,1.050626,-1.050592,-0.800066,-0.000180
actual,2.960000,262.660000,0.450193,-1.049740,1.050626,-1.050592,-0.800066,-0.000180
actual,2.965000,262.665000,0.450272,-1.049740,1.050626,-1.050592,-0.800066,-0.000180
actual,2.970000,262.670000,0.450400,-1.049740,1.050626,-1.050592,-0.800066,-0.000180
actual,2.975000,262.675000,0.450577,-1.049740,1.050626,-1.050592,-0.800066,-0.000180
actual,2.980000,262.680000,0.450803,-1.049740,1.050626,-1.050592,-0.800066,-0.000180
actual,2.985000,262.685000,0.451077,-1.049740,1.050626,-1.050592,-0.800066,-0.000180
actual,2.990000,262.690000,0.451400,-1.049740,1.050626,-1.050592,-0.800066,-0.000180
actual,2.995000,262.695000,0.451771,-1.049740,1.050626,-1.050592,-0.800066,-0.000180
actual,3.000000,262.700000,0.452189,-1.049740,1.050626,-1.050592,-0.800066,-0.000180
actual,3.005000,262.705000,0.452655,-1.049740,1.050626,-1.050592,-0.800066,-0.000180
actual,3.010000,262.710000,0.453167,-1.049740,1.050626,-1.050592,-0.800066,-0.000180
actual,3.015000,262.715000,0.453725,-1.049740,1.050626,-1.050592,-0.800066,-0.000180
actual,3.020000,262.720000,0.454330,-1.049740,1.050626,-1.050592,-0.800066,-0.000180
actual,3.025000,262.725000,0.454979,-1.049740,1.050626,-1.050592,-0.800066,-0.000180
actual,3.030000,262.730000,0.455673,-1.049740,1.050626,-1.050592,-0.800066,-0.000180
actual,3.035000,262.735000,0.456411,-1.049740,1.050626,-1.050592,-0.800066,-0.000180
actual,3.040000,262.740000,0.457191,-1.049740,1.050626,-1.050592,-0.800066,-0.000180
actual,3.045000,262.745000,0.458014,-1.049740,1.050626,-1.050592,-0.800066,-0.000180
actual,3.050000,262.750000,0.458879,-1.049740,1.050626,-1.050592,-0.800066,-0.000180
actual,3.055000,262.755000,0.459784,-1.049740,1.050626,-1.050592,-0.800066,-0.000180
actual,3.060000,262.760000,0.460728,-1.049740,1.050626,-1.050592,-0.800066,-0.000180
actual,3.065000,262.765000,0.461712,-1.049740,1.050626,-1.050592,-0.800066,-0.000180
actual,3.070000,262.770000,0.462733,-1.049740,1.050626,-1.050592,-0.800066,-0.000180
actual,3.075000,262.775000,0.463792,-1.049740,1.050626,-1.050592,-0.800066,-0.000180
actual,3.080000,262.780000,0.464886,-1.049740,1.050626,-1.050592,-0.800066,-0.000180
actual,3.085000,262.785000,0.466014,-1.049740,1.050626,-1.050592,-0.800066,-0.000180
actual,3.090000,262.790000,0.467176,-1.049740,1.050626,-1.050592,-0.800066,-0.000180
actual,3.095000,262.795000,0.468371,-1.049740,1.050626,-1.050592,-0.800066,-0.000180
actual,3.100000,262.800000,0.469597,-1.049740,1.050626,-1.050592,-0.800066,-0.000180
actual,3.105000,262.805000,0.470853,-1.049740,1.050626,-1.050592,-0.800066,-0.000180
actual,3.110000,262.810000,0.472138,-1.049740,1.050626,-1.050592,-0.800066,-0.000180
actual,3.115000,262.815000,0.473450,-1.049740,1.050626,-1.050592,-0.800066,-0.000180
actual,3.120000,262.820000,0.474788,-1.049740,1.050626,-1.050592,-0.800066,-0.000180
actual,3.125000,262.825000,0.476152,-1.049740,1.050626,-1.050592,-0.800066,-0.000180
actual,3.130000,262.830000,0.477539,-1.049740,1.050626,-1.050592,-0.800066,-0.000180
actual,3.135000,262.835000,0.478948,-1.049740,1.050626,-1.050592,-0.800066,-0.000180
actual,3.140000,262.840000,0.480378,-1.049740,1.050626,-1.050592,-0.800066,-0.000180
actual,3.145000,262.845000,0.481828,-1.049740,1.050626,-1.050592,-0.800066,-0.000180
actual,3.150000,262.850000,0.483295,-1.049740,1.050626,-1.050592,-0.800066,-0.000180
actual,3.155000,262.855000,0.484779,-1.049740,1.050626,-1.050592,-0.800066,-0.000180
actual,3.160000,262.860000,0.486278,-1.049740,1.050626,-1.050592,-0.800066,-0.000180
actual,3.165000,262.865000,0.487790,-1.049740,1.050626,-1.050592,-0.800066,-0.000180
actual,3.170000,262.870000,0.489315,-1.049740,1.050626,-1.050592,-0.800066,-0.000180
actual,3.175000,262.875000,0.490850,-1.049740,1.050626,-1.050592,-0.800066,-0.000180
actual,3.180000,262.880000,0.492395,-1.049740,1.050626,-1.050592,-0.800066,-0.000180
actual,3.185000,262.885000,0.493946,-1.049740,1.050626,-1.050592,-0.800066,-0.000180
actual,3.190000,262.890000,0.495504,-1.049740,1.050626,-1.050592,-0.800066,-0.000180
actual,3.195000,262.895000,0.497066,-1.049740,1.050626,-1.050592,-0.800066,-0.000180
actual,3.200000,262.900000,0.498632,-1.049740,1.050626,-1.050592,-0.800066,-0.000180
actual,3.205000,262.905000,0.500198,-1.049740,1.050626,-1.050592,-0.800066,-0.000180
actual,3.210000,262.910000,0.501765,-1.049740,1.050626,-1.050592,-0.800066,-0.000180
actual,3.215000,262.915000,0.503330,-1.049740,1.050626,-1.050592,-0.800066,-0.000180
actual,3.220000,262.920000,0.504891,-1.049740,1.050626,-1.050592,-0.800066,-0.000180
actual,3.225000,262.925000,0.506448,-1.049740,1.050626,-1.050592,-0.800066,-0.000180
actual,3.230000,262.930000,0.507998,-1.049740,1.050626,-1.050592,-0.800066,-0.000180
actual,3.235000,262.935000,0.509541,-1.049740,1.050626,-1.050592,-0.800066,-0.000180
actual,3.240000,262.940000,0.511074,-1.049740,1.050626,-1.050592,-0.800066,-0.000180
actual,3.245000,262.945000,0.512596,-1.049740,1.050626,-1.050592,-0.800066,-0.000180
actual,3.250000,262.950000,0.514106,-1.049740,1.050626,-1.050592,-0.800066,-0.000180
actual,3.255000,262.955000,0.515602,-1.049740,1.050626,-1.050592,-0.800066,-0.000180
actual,3.260000,262.960000,0.517083,-1.049740,1.050626,-1.050592,-0.800066,-0.000180
actual,3.265000,262.965000,0.518546,-1.049740,1.050626,-1.050592,-0.800066,-0.000180
actual,3.270000,262.970000,0.519992,-1.049740,1.050626,-1.050592,-0.800066,-0.000180
actual,3.275000,262.975000,0.521418,-1.049740,1.050626,-1.050592,-0.800066,-0.000180
actual,3.280000,262.980000,0.522822,-1.049740,1.050626,-1.050592,-0.800066,-0.000180
actual,3.285000,262.985000,0.524205,-1.049740,1.050626,-1.050592,-0.800066,-0.000180
actual,3.290000,262.990000,0.525563,-1.049740,1.050626,-1.050592,-0.800066,-0.000180
actual,3.295000,262.995000,0.526896,-1.049740,1.050626,-1.050592,-0.800066,-0.000180
actual,3.300000,263.000000,0.528203,-1.049740,1.050626,-1.050592,-0.800066,-0.000180
actual,3.305000,263.005000,0.529482,-1.049740,1.050626,-1.050592,-0.800066,-0.000180
actual,3.310000,263.010000,0.530732,-1.049740,1.050626,-1.050592,-0.800066,-0.000180
actual,3.315000,263.015000,0.531951,-1.049740,1.050626,-1.050592,-0.800066,-0.000180
actual,3.320000,263.020000,0.533139,-1.049740,1.050626,-1.050592,-0.800066,-0.000180
actual,3.325000,263.025000,0.534295,-1.049740,1.050626,-1.050592,-0.800066,-0.000180
actual,3.330000,263.030000,0.535416,-1.049740,1.050626,-1.050592,-0.800066,-0.000180
actual,3.335000,263.035000,0.536503,-1.049740,1.050626,-1.050592,-0.800066,-0.000180
actual,3.340000,263.040000,0.537554,-1.049740,1.050626,-1.050592,-0.800066,-0.000180
actual,3.345000,263.045000,0.538567,-1.049740,1.050626,-1.050592,-0.800066,-0.000180
actual,3.350000,263.050000,0.539543,-1.049740,1.050626,-1.050592,-0.800066,-0.000180
actual,3.355000,263.055000,0.540480,-1.049740,1.050626,-1.050592,-0.800066,-0.000180
actual,3.360000,263.060000,0.541376,-1.049740,1.050626,-1.050592,-0.800066,-0.000180
actual,3.365000,263.065000,0.542232,-1.049740,1.050626,-1.050592,-0.800066,-0.000180
actual,3.370000,263.070000,0.543046,-1.049740,1.050626,-1.050592,-0.800066,-0.000180
actual,3.375000,263.075000,0.543818,-1.049740,1.050626,-1.050592,-0.800066,-0.000180
actual,3.380000,263.080000,0.544547,-1.049740,1.050626,-1.050592,-0.800066,-0.000180
actual,3.385000,263.085000,0.545232,-1.049740,1.050626,-1.050592,-0.800066,-0.000180
actual,3.390000,263.090000,0.545872,-1.049740,1.050626,-1.050592,-0.800066,-0.000180
actual,3.395000,263.095000,0.546467,-1.049740,1.050626,-1.050592,-0.800066,-0.000180
actual,3.400000,263.100000,0.547016,-1.049740,1.050626,-1.050592,-0.800066,-0.000180
actual,3.405000,263.105000,0.547518,-1.049740,1.050626,-1.050592,-0.800066,-0.000180
actual,3.410000,263.110000,0.547974,-1.049740,1.050626,-1.050592,-0.800066,-0.000180
actual,3.415000,263.115000,0.548383,-1.049740,1.050626,-1.050592,-0.800066,-0.000180
actual,3.420000,263.120000,0.548743,-1.049740,1.050626,-1.050592,-0.800066,-0.000180
actual,3.425000,263.125000,0.549056,-1.049740,1.050626,-1.050592,-0.800066,-0.000180
actual,3.430000,263.130000,0.549321,-1.049740,1.050626,-1.050592,-0.800066,-0.000180
actual,3.435000,263.135000,0.549536,-1.049740,1.050626,-1.050592,-0.800066,-0.000180
actual,3.440000,263.140000,0.549703,-1.049740,1.050626,-1.050592,-0.800066,-0.000180
actual,3.445000,263.145000,0.549821,-1.049740,1.050626,-1.050592,-0.800066,-0.000180
actual,3.450000,263.150000,0.549890,-1.049740,1.050626,-1.050592,-0.800066,-0.000180
actual,3.455000,263.155000,0.549909,-1.049740,1.050626,-1.050592,-0.800066,-0.000180
actual,3.460000,263.160000,0.549880,-1.049740,1.050626,-1.050592,-0.800066,-0.000180
actual,3.465000,263.165000,0.549801,-1.049740,1.050626,-1.050592,-0.800066,-0.000180
actual,3.470000,263.170000,0.549673,-1.049740,1.050626,-1.050592,-0.800066,-0.000180
actual,3.475000,263.175000,0.549496,-1.049740,1.050626,-1.050592,-0.800066,-0.000180
actual,3.480000,263.180000,0.549270,-1.049740,1.050626,-1.050592,-0.800066,-0.000180
actual,3.485000,263.185000,0.548996,-1.049740,1.050626,-1.050592,-0.800066,-0.000180
actual,3.490000,263.190000,0.548673,-1.049740,1.050626,-1.050592,-0.800066,-0.000180
actual,3.495000,263.195000,0.548302,-1.049740,1.050626,-1.050592,-0.800066,-0.000180
actual,3.500000,263.200000,0.547884,-1.049740,1.050626,-1.050592,-0.800066,-0.000180
actual,3.505000,263.205000,0.547418,-1.049740,1.050626,-1.050592,-0.800066,-0.000180
actual,3.510000,263.210000,0.546906,-1.049740,1.050626,-1.050592,-0.800066,-0.000180
actual,3.515000,263.215000,0.546347,-1.049740,1.050626,-1.050592,-0.800066,-0.000180
actual,3.520000,263.220000,0.545743,-1.049740,1.050626,-1.050592,-0.800066,-0.000180
actual,3.525000,263.225000,0.545094,-1.049740,1.050626,-1.050592,-0.800066,-0.000180
actual,3.530000,263.230000,0.544400,-1.049740,1.050626,-1.050592,-0.800066,-0.000180
actual,3.535000,263.235000,0.543662,-1.049740,1.050626,-1.050592,-0.800066,-0.000180
actual,3.540000,263.240000,0.542882,-1.049740,1.050626,-1.050592,-0.800066,-0.000180
actual,3.545000,263.245000,0.542059,-1.049740,1.050626,-1.050592,-0.800066,-0.000180
actual,3.550000,263.250000,0.541194,-1.049740,1.050626,-1.050592,-0.800066,-0.000180
actual,3.555000,263.255000,0.540289,-1.049740,1.050626,-1.050592,-0.800066,-0.000180
actual,3.560000,263.260000,0.539344,-1.049740,1.050626,-1.050592,-0.800066,-0.000180
actual,3.565000,263.265000,0.538361,-1.049740,1.050626,-1.050592,-0.800066,-0.000180
actual,3.570000,263.270000,0.537339,-1.049740,1.050626,-1.050592,-0.800066,-0.000180
actual,3.575000,263.275000,0.536281,-1.049740,1.050626,-1.050592,-0.800066,-0.000180
actual,3.580000,263.280000,0.535187,-1.049740,1.050626,-1.050592,-0.800066,-0.000180
actual,3.585000,263.285000,0.534059,-1.049740,1.050626,-1.050592,-0.800066,-0.000180
actual,3.590000,263.290000,0.532896,-1.049740,1.050626,-1.050592,-0.800066,-0.000180
actual,3.595000,263.295000,0.531702,-1.049740,1.050626,-1.050592,-0.800066,-0.000180
actual,3.600000,263.300000,0.530476,-1.049740,1.050626,-1.050592,-0.800066,-0.000180
actual,3.605000,263.305000,0.529220,-1.049740,1.050626,-1.050592,-0.800066,-0.000180
actual,3.610000,263.310000,0.527935,-1.049740,1.050626,-1.050592,-0.800066,-0.000180
actual,3.615000,263.315000,0.526623,-1.049740,1.050626,-1.050592,-0.800066,-0.000180
actual,3.620000,263.320000,0.525284,-1.049740,1.050626,-1.050592,-0.800066,-0.000180
actual,3.625000,263.325000,0.523921,-1.049740,1.050626,-1.050592,-0.800066,-0.000180
actual,3.630000,263.330000,0.522534,-1.049740,1.050626,-1.050592,-0.800066,-0.000180
actual,3.635000,263.335000,0.521125,-1.049740,1.050626,-1.050592,-0.800066,-0.000180
actual,3.640000,263.340000,0.519695,-1.049740,1.050626,-1.050592,-0.800066,-0.000180
actual,3.645000,263.345000,0.518245,-1.049740,1.050626,-1.050592,-0.800066,-0.000180
actual,3.650000,263.350000,0.516778,-1.049740,1.050626,-1.050592,-0.800066,-0.000180
actual,3.655000,263.355000,0.515294,-1.049740,1.050626,-1.050592,-0.800066,-0.000180
actual,3.660000,263.360000,0.513795,-1.049740,1.050626,-1.050592,-0.800066,-0.000180
actual,3.665000,263.365000,0.512282,-1.049740,1.050626,-1.050592,-0.800066,-0.000180
actual,3.670000,263.370000,0.510758,-1.049740,1.050626,-1.050592,-0.800066,-0.000180
actual,3.675000,263.375000,0.509223,-1.049740,1.050626,-1.050592,-0.800066,-0.000180
actual,3.680000,263.380000,0.507678,-1.049740,1.050626,-1.050592,-0.800066,-0.000180
actual,3.685000,263.385000,0.506127,-1.049740,1.050626,-1.050592,-0.800066,-0.000180
actual,3.690000,263.390000,0.504569,-1.049740,1.050626,-1.050592,-0.800066,-0.000180
actual,3.695000,263.395000,0.503006,-1.049740,1.050626,-1.050592,-0.800066,-0.000180
actual,3.700000,263.400000,0.501441,-1.049740,1.050626,-1.050592,-0.800066,-0.000180
actual,3.705000,263.405000,0.499875,-1.049740,1.050626,-1.050592,-0.800066,-0.000180
actual,3.710000,263.410000,0.498308,-1.049740,1.050626,-1.050592,-0.800066,-0.000180
actual,3.715000,263.415000,0.496743,-1.049740,1.050626,-1.050592,-0.800066,-0.000180
actual,3.720000,263.420000,0.495182,-1.049740,1.050626,-1.050592,-0.800066,-0.000180
actual,3.725000,263.425000,0.493625,-1.049740,1.050626,-1.050592,-0.800066,-0.000180
actual,3.730000,263.430000,0.492075,-1.049740,1.050626,-1.050592,-0.800066,-0.000180
actual,3.735000,263.435000,0.490532,-1.049740,1.050626,-1.050592,-0.800066,-0.000180
actual,3.740000,263.440000,0.488999,-1.049740,1.050626,-1.050592,-0.800066,-0.000180
actual,3.745000,263.445000,0.487477,-1.049740,1.050626,-1.050592,-0.800066,-0.000180
actual,3.750000,263.450000,0.485967,-1.049740,1.050626,-1.050592,-0.800066,-0.000180
actual,3.755000,263.455000,0.484471,-1.049740,1.050626,-1.050592,-0.800066,-0.000180
actual,3.760000,263.460000,0.482990,-1.049740,1.050626,-1.050592,-0.800066,-0.000180
actual,3.765000,263.465000,0.481526,-1.049740,1.050626,-1.050592,-0.800066,-0.000180
actual,3.770000,263.470000,0.480081,-1.049740,1.050626,-1.050592,-0.800066,-0.000180
actual,3.775000,263.475000,0.478655,-1.049740,1.050626,-1.050592,-0.800066,-0.000180
actual,3.780000,263.480000,0.477250,-1.049740,1.050626,-1.050592,-0.800066,-0.000180
actual,3.785000,263.485000,0.475868,-1.049740,1.050626,-1.050592,-0.800066,-0.000180
actual,3.790000,263.490000,0.474510,-1.049740,1.050626,-1.050592,-0.800066,-0.000180
actual,3.795000,263.495000,0.473177,-1.049740,1.050626,-1.050592,-0.800066,-0.000180
actual,3.800000,263.500000,0.471870,-1.049740,1.050626,-1.050592,-0.800066,-0.000180
actual,3.805000,263.505000,0.470591,-1.049740,1.050626,-1.050592,-0.800066,-0.000180
actual,3.810000,263.510000,0.469341,-1.049740,1.050626,-1.050592,-0.800066,-0.000180
actual,3.815000,263.515000,0.468122,-1.049740,1.050626,-1.050592,-0.800066,-0.000180
actual,3.820000,263.520000,0.466933,-1.049740,1.050626,-1.050592,-0.800066,-0.000180
actual,3.825000,263.525000,0.465778,-1.049740,1.050626,-1.050592,-0.800066,-0.000180
actual,3.830000,263.530000,0.464657,-1.049740,1.050626,-1.050592,-0.800066,-0.000180
actual,3.835000,263.535000,0.463570,-1.049740,1.050626,-1.050592,-0.800066,-0.000180
actual,3.840000,263.540000,0.462519,-1.049740,1.050626,-1.050592,-0.800066,-0.000180
actual,3.845000,263.545000,0.461506,-1.049740,1.050626,-1.050592,-0.800066,-0.000180
actual,3.850000,263.550000,0.460530,-1.049740,1.050626,-1.050592,-0.800066,-0.000180
actual,3.855000,263.555000,0.459593,-1.049740,1.050626,-1.050592,-0.800066,-0.000180
actual,3.860000,263.560000,0.458697,-1.049740,1.050626,-1.050592,-0.800066,-0.000180
actual,3.865000,263.565000,0.457841,-1.049740,1.050626,-1.050592,-0.800066,-0.000180
actual,3.870000,263.570000,0.457026,-1.049740,1.050626,-1.050592,-0.800066,-0.000180
actual,3.875000,263.575000,0.456255,-1.049740,1.050626,-1.050592,-0.800066,-0.000180
actual,3.880000,263.580000,0.455526,-1.049740,1.050626,-1.050592,-0.800066,-0.000180
actual,3.885000,263.585000,0.454841,-1.049740,1.050626,-1.050592,-0.800066,-0.000180
actual,3.890000,263.590000,0.454201,-1.049740,1.050626,-1.050592,-0.800066,-0.000180
actual,3.895000,263.595000,0.453606,-1.049740,1.050626,-1.050592,-0.800066,-0.000180
actual,3.900000,263.600000,0.453057,-1.049740,1.050626,-1.050592,-0.800066,-0.000180
actual,3.905000,263.605000,0.452555,-1.049740,1.050626,-1.050592,-0.800066,-0.000180
actual,3.910000,263.610000,0.452099,-1.049740,1.050626,-1.050592,-0.800066,-0.000180
actual,3.915000,263.615000,0.451690,-1.049740,1.050626,-1.050592,-0.800066,-0.000180
actual,3.920000,263.620000,0.451329,-1.049740,1.050626,-1.050592,-0.800066,-0.000180
actual,3.925000,263.625000,0.451017,-1.049740,1.050626,-1.050592,-0.800066,-0.000180
actual,3.930000,263.630000,0.450752,-1.049740,1.050626,-1.050592,-0.800066,-0.000180
actual,3.935000,263.635000,0.450537,-1.049740,1.050626,-1.050592,-0.800066,-0.000180
actual,3.940000,263.640000,0.450370,-1.049740,1.050626,-1.050592,-0.800066,-0.000180
actual,3.945000,263.645000,0.450252,-1.049740,1.050626,-1.050592,-0.800066,-0.000180
actual,3.950000,263.650000,0.450183,-1.049740,1.050626,-1.050592,-0.800066,-0.000180
actual,3.955000,263.655000,0.450164,-1.049740,1.050626,-1.050592,-0.800066,-0.000180
actual,3.960000,263.660000,0.450193,-1.049740,1.050626,-1.050592,-0.800066,-0.000180
actual,3.965000,263.665000,0.450272,-1.049740,1.050626,-1.050592,-0.800066,-0.000180
actual,3.970000,263.670000,0.450400,-1.049740,1.050626,-1.050592,-0.800066,-0.000180
actual,3.975000,263.675000,0.450577,-1.049740,1.050626,-1.050592,-0.800066,-0.000180
actual,3.980000,263.680000,0.450803,-1.049740,1.050626,-1.050592,-0.800066,-0.000180
actual,3.985000,263.685000,0.451077,-1.049740,1.050626,-1.050592,-0.800066,-0.000180
actual,3.990000,263.690000,0.451400,-1.049740,1.050626,-1.050592,-0.800066,-0.000180
actual,3.995000,263.695000,0.451771,-1.049740,1.050626,-1.050592,-0.800066,-0.000180
actual,4.000000,263.700000,0.452189,-1.049740,1.050626,-1.050592,-0.800066,-0.000180
actual,4.005000,263.705000,0.452655,-1.049740,1.050626,-1.050592,-0.800066,-0.000180
actual,4.010000,263.710000,0.453167,-1.049740,1.050626,-1.050592,-0.800066,-0.000180
actual,4.015000,263.715000,0.453725,-1.049740,1.050626,-1.050592,-0.800066,-0.000180
actual,4.020000,263.720000,0.454330,-1.049740,1.050626,-1.050592,-0.800066,-0.000180
actual,4.025000,263.725000,0.454979,-1.049740,1.050626,-1.050592,-0.800066,-0.000180
actual,4.030000,263.730000,0.455673,-1.049740,1.050626,-1.050592,-0.800066,-0.000180
actual,4.035000,263.735000,0.456411,-1.049740,1.050626,-1.050592,-0.800066,-0.000180
actual,4.040000,263.740000,0.457191,-1.049740,1.050626,-1.050592,-0.800066,-0.000180
actual,4.045000,263.745000,0.458014,-1.049740,1.050626,-1.050592,-0.800066,-0.000180
actual,4.050000,263.750000,0.458879,-1.049740,1.050626,-1.050592,-0.800066,-0.000180
actual,4.055000,263.755000,0.459784,-1.049740,1.050626,-1.050592,-0.800066,-0.000180
actual,4.060000,263.760000,0.460728,-1.049740,1.050626,-1.050592,-0.800066,-0.000180
actual,4.065000,263.765000,0.461712,-1.049740,1.050626,-1.050592,-0.800066,-0.000180
actual,4.070000,263.770000,0.462733,-1.049740,1.050626,-1.050592,-0.800066,-0.000180
actual,4.075000,263.775000,0.463792,-1.049740,1.050626,-1.050592,-0.800066,-0.000180
actual,4.080000,263.780000,0.464886,-1.049740,1.050626,-1.050592,-0.800066,-0.000180
actual,4.085000,263.785000,0.466014,-1.049740,1.050626,-1.050592,-0.800066,-0.000180
actual,4.090000,263.790000,0.467176,-1.049740,1.050626,-1.050592,-0.800066,-0.000180
actual,4.095000,263.795000,0.468371,-1.049740,1.050626,-1.050592,-0.800066,-0.000180
actual,4.100000,263.800000,0.469597,-1.049740,1.050626,-1.050592,-0.800066,-0.000180
actual,4.105000,263.805000,0.470853,-1.049740,1.050626,-1.050592,-0.800066,-0.000180
actual,4.110000,263.810000,0.472138,-1.049740,1.050626,-1.050592,-0.800066,-0.000180
actual,4.115000,263.815000,0.473450,-1.049740,1.050626,-1.050592,-0.800066,-0.000180
actual,4.120000,263.820000,0.474788,-1.049740,1.050626,-1.050592,-0.800066,-0.000180
actual,4.125000,263.825000,0.476152,-1.049740,1.050626,-1.050592,-0.800066,-0.000180
actual,4.130000,263.830000,0.477539,-1.049740,1.050626,-1.050592,-0.800066,-0.000180
actual,4.135000,263.835000,0.478948,-1.049740,1.050626,-1.050592,-0.800066,-0.000180
actual,4.140000,263.840000,0.480378,-1.049740,1.050626,-1.050592,-0.800066,-0.000180
actual,4.145000,263.845000,0.481828,-1.049740,1.050626,-1.050592,-0.800066,-0.000180
actual,4.155000,263.855000,0.484779,-1.049740,1.050626,-1.050592,-0.800066,-0.000180
actual,4.160000,263.860000,0.486278,-1.049740,1.050626,-1.050592,-0.800066,-0.000180
actual,4.165000,263.865000,0.487790,-1.049740,1.050626,-1.050592,-0.800066,-0.000180
actual,4.170000,263.870000,0.489315,-1.049740,1.050626,-1.050592,-0.800066,-0.000180
actual,4.175000,263.875000,0.490850,-1.049740,1.050626,-1.050592,-0.800066,-0.000180
actual,4.180000,263.880000,0.492395,-1.049740,1.050626,-1.050592,-0.800066,-0.000180
actual,4.185000,263.885000,0.493946,-1.049740,1.050626,-1.050592,-0.800066,-0.000180
actual,4.190000,263.890000,0.495504,-1.049740,1.050626,-1.050592,-0.800066,-0.000180
actual,4.195000,263.895000,0.497066,-1.049740,1.050626,-1.050592,-0.800066,-0.000180
actual,4.200000,263.900000,0.498632,-1.049740,1.050626,-1.050592,-0.800066,-0.000180
actual,4.205000,263.905000,0.500198,-1.049740,1.050626,-1.050592,-0.800066,-0.000180
actual,4.210000,263.910000,0.501765,-1.049740,1.050626,-1.050592,-0.800066,-0.000180
actual,4.215000,263.915000,0.503330,-1.049740,1.050626,-1.050592,-0.800066,-0.000180
actual,4.220000,263.920000,0.504891,-1.049740,1.050626,-1.050592,-0.800066,-0.000180
actual,4.225000,263.925000,0.506448,-1.049740,1.050626,-1.050592,-0.800066,-0.000180
actual,4.230000,263.930000,0.507998,-1.049740,1.050626,-1.050592,-0.800066,-0.000180
actual,4.235000,263.935000,0.509541,-1.049740,1.050626,-1.050592,-0.800066,-0.000180
actual,4.240000,263.940000,0.511074,-1.049740,1.050626,-1.050592,-0.800066,-0.000180
actual,4.245000,263.945000,0.512596,-1.049740,1.050626,-1.050592,-0.800066,-0.000180
actual,4.250000,263.950000,0.514106,-1.049740,1.050626,-1.050592,-0.800066,-0.000180
actual,4.255000,263.955000,0.515602,-1.049740,1.050626,-1.050592,-0.800066,-0.000180
actual,4.260000,263.960000,0.517083,-1.049740,1.050626,-1.050592,-0.800066,-0.000180
actual,4.265000,263.965000,0.518546,-1.049740,1.050626,-1.050592,-0.800066,-0.000180
actual,4.270000,263.970000,0.519992,-1.049740,1.050626,-1.050592,-0.800066,-0.000180
actual,4.275000,263.975000,0.521418,-1.049740,1.050626,-1.050592,-0.800066,-0.000180
actual,4.280000,263.980000,0.522822,-1.049740,1.050626,-1.050592,-0.800066,-0.000180
actual,4.285000,263.985000,0.524205,-1.049740,1.050626,-1.050592,-0.800066,-0.000180
actual,4.290000,263.990000,0.525563,-1.049740,1.050626,-1.050592,-0.800066,-0.000180
actual,4.295000,263.995000,0.526896,-1.049740,1.050626,-1.050592,-0.800066,-0.000180
actual,4.300000,264.000000,0.528203,-1.049740,1.050626,-1.050592,-0.800066,-0.000180
actual,4.305000,264.005000,0.529482,-1.049740,1.050626,-1.050592,-0.800066,-0.000180
actual,4.310000,264.010000,0.530732,-1.049740,1.050626,-1.050592,-0.800066,-0.000180
actual,4.315000,264.015000,0.531951,-1.049740,1.050626,-1.050592,-0.800066,-0.000180
actual,4.320000,264.020000,0.533139,-1.049740,1.050626,-1.050592,-0.800066,-0.000180
actual,4.325000,264.025000,0.534295,-1.049740,1.050626,-1.050592,-0.800066,-0.000180
actual,4.330000,264.030000,0.535416,-1.049740,1.050626,-1.050592,-0.800066,-0.000180
actual,4.335000,264.035000,0.536503,-1.049740,1.050626,-1.050592,-0.800066,-0.000180
actual,4.340000,264.040000,0.537554,-1.049740,1.050626,-1.050592,-0.800066,-0.000180
actual,4.345000,264.045000,0.538567,-1.049740,1.050626,-1.050592,-0.800066,-0.000180
actual,4.350000,264.050000,0.539543,-1.049740,1.050626,-1.050592,-0.800066,-0.000180
actual,4.355000,264.055000,0.540480,-1.049740,1.050626,-1.050592,-0.800066,-0.000180
actual,4.360000,264.060000,0.541376,-1.049740,1.050626,-1.050592,-0.800066,-0.000180
actual,4.365000,264.065000,0.542232,-1.049740,1.050626,-1.050592,-0.800066,-0.000180
actual,4.370000,264.070000,0.543046,-1.049740,1.050626,-1.050592,-0.800066,-0.000180
actual,4.375000,264.075000,0.543818,-1.049740,1.050626,-1.050592,-0.800066,-0.000180
actual,4.380000,264.080000,0.544547,-1.049740,1.050626,-1.050592,-0.800066,-0.000180
actual,4.385000,264.085000,0.545232,-1.049740,1.050626,-1.050592,-0.800066,-0.000180
actual,4.390000,264.090000,0.545872,-1.049740,1.050626,-1.050592,-0.800066,-0.000180
actual,4.395000,264.095000,0.546467,-1.049740,1.050626,-1.050592,-0.800066,-0.000180
actual,4.400000,264.100000,0.547016,-1.049740,1.050626,-1.050592,-0.800066,-0.000180
actual,4.405000,264.105000,0.547518,-1.049740,1.050626,-1.050592,-0.800066,-0.000180
actual,4.410000,264.110000,0.547974,-1.049740,1.050626,-1.050592,-0.800066,-0.000180
actual,4.415000,264.115000,0.548383,-1.049740,1.050626,-1.050592,-0.800066,-0.000180
actual,4.420000,264.120000,0.548743,-1.049740,1.050626,-1.050592,-0.800066,-0.000180
actual,4.425000,264.125000,0.549056,-1.049740,1.050626,-1.050592,-0.800066,-0.000180
actual,4.430000,264.130000,0.549321,-1.049740,1.050626,-1.050592,-0.800066,-0.000180
actual,4.435000,264.135000,0.549536,-1.049740,1.050626,-1.050592,-0.800066,-0.000180
actual,4.440000,264.140000,0.549703,-1.049740,1.050626,-1.050592,-0.800066,-0.000180
actual,4.445000,264.145000,0.549821,-1.049740,1.050626,-1.050592,-0.800066,-0.000180
actual,4.450000,264.150000,0.549890,-1.049740,1.050626,-1.050592,-0.800066,-0.000180
actual,4.455000,264.155000,0.549909,-1.049740,1.050626,-1.050592,-0.800066,-0.000180
actual,4.460000,264.160000,0.549880,-1.049740,1.050626,-1.050592,-0.800066,-0.000180
actual,4.465000,264.165000,0.549801,-1.049740,1.050626,-1.050592,-0.800066,-0.000180
actual,4.470000,264.170000,0.549673,-1.049740,1.050626,-1.050592,-0.800066,-0.000180
actual,4.475000,264.175000,0.549496,-1.049740,1.050626,-1.050592,-0.800066,-0.000180
actual,4.480000,264.180000,0.549270,-1.049740,1.050626,-1.050592,-0.800066,-0.000180
actual,4.485000,264.185000,0.548996,-1.049740,1.050626,-1.050592,-0.800066,-0.000180
actual,4.490000,264.190000,0.548673,-1.049740,1.050626,-1.050592,-0.800066,-0.000180
actual,4.495000,264.195000,0.548302,-1.049740,1.050626,-1.050592,-0.800066,-0.000180
actual,4.500000,264.200000,0.547884,-1.049740,1.050626,-1.050592,-0.800066,-0.000180
actual,4.505000,264.205000,0.547418,-1.049740,1.050626,-1.050592,-0.800066,-0.000180
actual,4.510000,264.210000,0.546906,-1.049740,1.050626,-1.050592,-0.800066,-0.000180
actual,4.515000,264.215000,0.546347,-1.049740,1.050626,-1.050592,-0.800066,-0.000180
actual,4.520000,264.220000,0.545743,-1.049740,1.050626,-1.050592,-0.800066,-0.000180
actual,4.525000,264.225000,0.545094,-1.049740,1.050626,-1.050592,-0.800066,-0.000180
actual,4.530000,264.230000,0.544400,-1.049740,1.050626,-1.050592,-0.800066,-0.000180
actual,4.535000,264.235000,0.543662,-1.049740,1.050626,-1.050592,-0.800066,-0.000180
actual,4.540000,264.240000,0.542882,-1.049740,1.050626,-1.050592,-0.800066,-0.000180
actual,4.545000,264.245000,0.542059,-1.049740,1.050626,-1.050592,-0.800066,-0.000180
actual,4.550000,264.250000,0.541194,-1.049740,1.050626,-1.050592,-0.800066,-0.000180
actual,4.555000,264.255000,0.540289,-1.049740,1.050626,-1.050592,-0.800066,-0.000180
actual,4.560000,264.260000,0.539344,-1.049740,1.050626,-1.050592,-0.800066,-0.000180
actual,4.565000,264.265000,0.538361,-1.049740,1.050626,-1.050592,-0.800066,-0.000180
actual,4.570000,264.270000,0.537339,-1.049740,1.050626,-1.050592,-0.800066,-0.000180
actual,4.575000,264.275000,0.536281,-1.049740,1.050626,-1.050592,-0.800066,-0.000180
actual,4.580000,264.280000,0.535187,-1.049740,1.050626,-1.050592,-0.800066,-0.000180
actual,4.585000,264.285000,0.534059,-1.049740,1.050626,-1.050592,-0.800066,-0.000180
actual,4.590000,264.290000,0.532896,-1.049740,1.050626,-1.050592,-0.800066,-0.000180
actual,4.595000,264.295000,0.531702,-1.049740,1.050626,-1.050592,-0.800066,-0.000180
actual,4.600000,264.300000,0.530476,-1.049740,1.050626,-1.050592,-0.800066,-0.000180
actual,4.605000,264.305000,0.529220,-1.049740,1.050626,-1.050592,-0.800066,-0.000180
actual,4.610000,264.310000,0.527935,-1.049740,1.050626,-1.050592,-0.800066,-0.000180
actual,4.615000,264.315000,0.526623,-1.049740,1.050626,-1.050592,-0.800066,-0.000180
actual,4.620000,264.320000,0.525284,-1.049740,1.050626,-1.050592,-0.800066,-0.000180
actual,4.625000,264.325000,0.523921,-1.049740,1.050626,-1.050592,-0.800066,-0.000180
actual,4.630000,264.330000,0.522534,-1.049740,1.050626,-1.050592,-0.800066,-0.000180
actual,4.635000,264.335000,0.521125,-1.049740,1.050626,-1.050592,-0.800066,-0.000180
actual,4.640000,264.340000,0.519695,-1.049740,1.050626,-1.050592,-0.800066,-0.000180
actual,4.645000,264.345000,0.518245,-1.049740,1.050626,-1.050592,-0.800066,-0.000180
actual,4.650000,264.350000,0.516778,-1.049740,1.050626,-1.050592,-0.800066,-0.000180
actual,4.655000,264.355000,0.515294,-1.049740,1.050626,-1.050592,-0.800066,-0.000180
actual,4.660000,264.360000,0.513795,-1.049740,1.050626,-1.050592,-0.800066,-0.000180
actual,4.665000,264.365000,0.512282,-1.049740,1.050626,-1.050592,-0.800066,-0.000180
actual,4.670000,264.370000,0.510758,-1.049740,1.050626,-1.050592,-0.800066,-0.000180
actual,4.675000,264.375000,0.509223,-1.049740,1.050626,-1.050592,-0.800066,-0.000180
actual,4.680000,264.380000,0.507678,-1.049740,1.050626,-1.050592,-0.800066,-0.000180
actual,4.685000,264.385000,0.506127,-1.049740,1.050626,-1.050592,-0.800066,-0.000180
actual,4.690000,264.390000,0.504569,-1.049740,1.050626,-1.050592,-0.800066,-0.000180
actual,4.695000,264.395000,0.503006,-1.049740,1.050626,-1.050592,-0.800066,-0.000180
actual,4.700000,264.400000,0.501441,-1.049740,1.050626,-1.050592,-0.800066,-0.000180
actual,4.705000,264.405000,0.499875,-1.049740,1.050626,-1.050592,-0.800066,-0.000180
actual,4.710000,264.410000,0.498308,-1.049740,1.050626,-1.050592,-0.800066,-0.000180
actual,4.715000,264.415000,0.496743,-1.049740,1.050626,-1.050592,-0.800066,-0.000180
actual,4.720000,264.420000,0.495182,-1.049740,1.050626,-1.050592,-0.800066,-0.000180
actual,4.725000,264.425000,0.493625,-1.049740,1.050626,-1.050592,-0.800066,-0.000180
actual,4.730000,264.430000,0.492075,-1.049740,1.050626,-1.050592,-0.800066,-0.000180
actual,4.735000,264.435000,0.490532,-1.049740,1.050626,-1.050592,-0.800066,-0.000180
actual,4.740000,264.440000,0.488999,-1.049740,1.050626,-1.050592,-0.800066,-0.000180
actual,4.745000,264.445000,0.487477,-1.049740,1.050626,-1.050592,-0.800066,-0.000180
actual,4.750000,264.450000,0.485967,-1.049740,1.050626,-1.050592,-0.800066,-0.000180
actual,4.755000,264.455000,0.484471,-1.049740,1.050626,-1.050592,-0.800066,-0.000180
actual,4.760000,264.460000,0.482990,-1.049740,1.050626,-1.050592,-0.800066,-0.000180
actual,4.765000,264.465000,0.481526,-1.049740,1.050626,-1.050592,-0.800066,-0.000180
actual,4.770000,264.470000,0.480081,-1.049740,1.050626,-1.050592,-0.800066,-0.000180
actual,4.775000,264.475000,0.478655,-1.049740,1.050626,-1.050592,-0.800066,-0.000180
actual,4.780000,264.480000,0.477250,-1.049740,1.050626,-1.050592,-0.800066,-0.000180
actual,4.785000,264.485000,0.475868,-1.049740,1.050626,-1.050592,-0.800066,-0.000180
actual,4.790000,264.490000,0.474510,-1.049740,1.050626,-1.050592,-0.800066,-0.000180
actual,4.795000,264.495000,0.473177,-1.049740,1.050626,-1.050592,-0.800066,-0.000180
actual,4.800000,264.500000,0.471870,-1.049740,1.050626,-1.050592,-0.800066,-0.000180
actual,4.805000,264.505000,0.470591,-1.049740,1.050626,-1.050592,-0.800066,-0.000180
actual,4.810000,264.510000,0.469341,-1.049740,1.050626,-1.050592,-0.800066,-0.000180
actual,4.815000,264.515000,0.468122,-1.049740,1.050626,-1.050592,-0.800066,-0.000180
actual,4.820000,264.520000,0.466933,-1.049740,1.050626,-1.050592,-0.800066,-0.000180
actual,4.825000,264.525000,0.465778,-1.049740,1.050626,-1.050592,-0.800066,-0.000180
actual,4.830000,264.530000,0.464657,-1.049740,1.050626,-1.050592,-0.800066,-0.000180
actual,4.835000,264.535000,0.463570,-1.049740,1.050626,-1.050592,-0.800066,-0.000180
actual,4.840000,264.540000,0.462519,-1.049740,1.050626,-1.050592,-0.800066,-0.000180
actual,4.845000,264.545000,0.461506,-1.049740,1.050626,-1.050592,-0.800066,-0.000180
actual,4.850000,264.550000,0.460530,-1.049740,1.050626,-1.050592,-0.800066,-0.000180
actual,4.855000,264.555000,0.459593,-1.049740,1.050626,-1.050592,-0.800066,-0.000180
actual,4.860000,264.560000,0.458697,-1.049740,1.050626,-1.050592,-0.800066,-0.000180
actual,4.865000,264.565000,0.457841,-1.049740,1.050626,-1.050592,-0.800066,-0.000180
actual,4.870000,264.570000,0.457026,-1.049740,1.050626,-1.050592,-0.800066,-0.000180
actual,4.875000,264.575000,0.456255,-1.049740,1.050626,-1.050592,-0.800066,-0.000180
actual,4.880000,264.580000,0.455526,-1.049740,1.050626,-1.050592,-0.800066,-0.000180
actual,4.885000,264.585000,0.454841,-1.049740,1.050626,-1.050592,-0.800066,-0.000180
actual,4.890000,264.590000,0.454201,-1.049740,1.050626,-1.050592,-0.800066,-0.000180
actual,4.895000,264.595000,0.453606,-1.049740,1.050626,-1.050592,-0.800066,-0.000180
actual,4.900000,264.600000,0.453057,-1.049740,1.050626,-1.050592,-0.800066,-0.000180
actual,4.905000,264.605000,0.452555,-1.049740,1.050626,-1.050592,-0.800066,-0.000180
actual,4.910000,264.610000,0.452099,-1.049740,1.050626,-1.050592,-0.800066,-0.000180
actual,4.915000,264.615000,0.451690,-1.049740,1.050626,-1.050592,-0.800066,-0.000180
actual,4.920000,264.620000,0.451329,-1.049740,1.050626,-1.050592,-0.800066,-0.000180
actual,4.925000,264.625000,0.451017,-1.049740,1.050626,-1.050592,-0.800066,-0.000180
actual,4.935000,264.635000,0.450537,-1.049740,1.050626,-1.050592,-0.800066,-0.000180
actual,4.940000,264.640000,0.450370,-1.049740,1.050626,-1.050592,-0.800066,-0.000180
actual,4.945000,264.645000,0.450252,-1.049740,1.050626,-1.050592,-0.800066,-0.000180
actual,4.950000,264.650000,0.450183,-1.049740,1.050626,-1.050592,-0.800066,-0.000180
actual,4.955000,264.655000,0.450164,-1.049740,1.050626,-1.050592,-0.800066,-0.000180
actual,4.960000,264.660000,0.450193,-1.049740,1.050626,-1.050592,-0.800066,-0.000180
actual,4.965000,264.665000,0.450272,-1.049740,1.050626,-1.050592,-0.800066,-0.000180
actual,4.970000,264.670000,0.450400,-1.049740,1.050626,-1.050592,-0.800066,-0.000180
actual,4.975000,264.675000,0.450577,-1.049740,1.050626,-1.050592,-0.800066,-0.000180
actual,4.980000,264.680000,0.450803,-1.049740,1.050626,-1.050592,-0.800066,-0.000180
actual,4.985000,264.685000,0.451077,-1.049740,1.050626,-1.050592,-0.800066,-0.000180
actual,4.990000,264.690000,0.451400,-1.049740,1.050626,-1.050592,-0.800066,-0.000180
actual,4.995000,264.695000,0.451771,-1.049740,1.050626,-1.050592,-0.800066,-0.000180
actual,5.000000,264.700000,0.452189,-1.049740,1.050626,-1.050592,-0.800066,-0.000180
actual,5.005000,264.705000,0.452655,-1.049740,1.050626,-1.050592,-0.800066,-0.000180
actual,5.010000,264.710000,0.453167,-1.049740,1.050626,-1.050592,-0.800066,-0.000180
actual,5.015000,264.715000,0.453725,-1.049740,1.050626,-1.050592,-0.800066,-0.000180
actual,5.020000,264.720000,0.454330,-1.049740,1.050626,-1.050592,-0.800066,-0.000180
actual,5.025000,264.725000,0.454979,-1.049740,1.050626,-1.050592,-0.800066,-0.000180
actual,5.030000,264.730000,0.455673,-1.049740,1.050626,-1.050592,-0.800066,-0.000180
actual,5.035000,264.735000,0.456411,-1.049740,1.050626,-1.050592,-0.800066,-0.000180
actual,5.040000,264.740000,0.457191,-1.049740,1.050626,-1.050592,-0.800066,-0.000180
actual,5.045000,264.745000,0.458014,-1.049740,1.050626,-1.050592,-0.800066,-0.000180
actual,5.050000,264.750000,0.458879,-1.049740,1.050626,-1.050592,-0.800066,-0.000180
actual,5.055000,264.755000,0.459784,-1.049740,1.050626,-1.050592,-0.800066,-0.000180
actual,5.060000,264.760000,0.460728,-1.049740,1.050626,-1.050592,-0.800066,-0.000180
actual,5.065000,264.765000,0.461712,-1.049740,1.050626,-1.050592,-0.800066,-0.000180
actual,5.070000,264.770000,0.462733,-1.049740,1.050626,-1.050592,-0.800066,-0.000180
actual,5.075000,264.775000,0.463792,-1.049740,1.050626,-1.050592,-0.800066,-0.000180
actual,5.080000,264.780000,0.464886,-1.049740,1.050626,-1.050592,-0.800066,-0.000180
actual,5.085000,264.785000,0.466014,-1.049740,1.050626,-1.050592,-0.800066,-0.000180
actual,5.090000,264.790000,0.467176,-1.049740,1.050626,-1.050592,-0.800066,-0.000180
actual,5.095000,264.795000,0.468371,-1.049740,1.050626,-1.050592,-0.800066,-0.000180
actual,5.100000,264.800000,0.469597,-1.049740,1.050626,-1.050592,-0.800066,-0.000180
actual,5.105000,264.805000,0.470853,-1.049740,1.050626,-1.050592,-0.800066,-0.000180
actual,5.110000,264.810000,0.472138,-1.049740,1.050626,-1.050592,-0.800066,-0.000180
actual,5.115000,264.815000,0.473450,-1.049740,1.050626,-1.050592,-0.800066,-0.000180
actual,5.120000,264.820000,0.474788,-1.049740,1.050626,-1.050592,-0.800066,-0.000180
actual,5.125000,264.825000,0.476152,-1.049740,1.050626,-1.050592,-0.800066,-0.000180
actual,5.130000,264.830000,0.477539,-1.049740,1.050626,-1.050592,-0.800066,-0.000180
actual,5.135000,264.835000,0.478948,-1.049740,1.050626,-1.050592,-0.800066,-0.000180
actual,5.140000,264.840000,0.480378,-1.049740,1.050626,-1.050592,-0.800066,-0.000180
actual,5.145000,264.845000,0.481828,-1.049740,1.050626,-1.050592,-0.800066,-0.000180
actual,5.150000,264.850000,0.483295,-1.049740,1.050626,-1.050592,-0.800066,-0.000180
actual,5.155000,264.855000,0.484779,-1.049740,1.050626,-1.050592,-0.800066,-0.000180
actual,5.160000,264.860000,0.486278,-1.049740,1.050626,-1.050592,-0.800066,-0.000180
actual,5.165000,264.865000,0.487790,-1.049740,1.050626,-1.050592,-0.800066,-0.000180
actual,5.170000,264.870000,0.489315,-1.049740,1.050626,-1.050592,-0.800066,-0.000180
actual,5.175000,264.875000,0.490850,-1.049740,1.050626,-1.050592,-0.800066,-0.000180
actual,5.180000,264.880000,0.492395,-1.049740,1.050626,-1.050592,-0.800066,-0.000180
actual,5.185000,264.885000,0.493946,-1.049740,1.050626,-1.050592,-0.800066,-0.000180
actual,5.190000,264.890000,0.495504,-1.049740,1.050626,-1.050592,-0.800066,-0.000180
actual,5.195000,264.895000,0.497066,-1.049740,1.050626,-1.050592,-0.800066,-0.000180
actual,5.200000,264.900000,0.498632,-1.049740,1.050626,-1.050592,-0.800066,-0.000180
actual,5.205000,264.905000,0.500198,-1.049740,1.050626,-1.050592,-0.800066,-0.000180
actual,5.210000,264.910000,0.501765,-1.049740,1.050626,-1.050592,-0.800066,-0.000180
actual,5.215000,264.915000,0.503330,-1.049740,1.050626,-1.050592,-0.800066,-0.000180
actual,5.220000,264.920000,0.504891,-1.049740,1.050626,-1.050592,-0.800066,-0.000180
actual,5.225000,264.925000,0.506448,-1.049740,1.050626,-1.050592,-0.800066,-0.000180
actual,5.230000,264.930000,0.507998,-1.049740,1.050626,-1.050592,-0.800066,-0.000180
actual,5.235000,264.935000,0.509541,-1.049740,1.050626,-1.050592,-0.800066,-0.000180
actual,5.240000,264.940000,0.511074,-1.049740,1.050626,-1.050592,-0.800066,-0.000180
actual,5.245000,264.945000,0.512596,-1.049740,1.050626,-1.050592,-0.800066,-0.000180
actual,5.250000,264.950000,0.514106,-1.049740,1.050626,-1.050592,-0.800066,-0.000180
actual,5.255000,264.955000,0.515602,-1.049740,1.050626,-1.050592,-0.800066,-0.000180
actual,5.260000,264.960000,0.517083,-1.049740,1.050626,-1.050592,-0.800066,-0.000180
actual,5.265000,264.965000,0.518546,-1.049740,1.050626,-1.050592,-0.800066,-0.000180
actual,5.270000,264.970000,0.519992,-1.049740,1.050626,-1.050592,-0.800066,-0.000180
actual,5.275000,264.975000,0.521418,-1.049740,1.050626,-1.050592,-0.800066,-0.000180
actual,5.280000,264.980000,0.522822,-1.049740,1.050626,-1.050592,-0.800066,-0.000180
actual,5.285000,264.985000,0.524205,-1.049740,1.050626,-1.050592,-0.800066,-0.000180
actual,5.290000,264.990000,0.525563,-1.049740,1.050626,-1.050592,-0.800066,-0.000180
actual,5.295000,264.995000,0.526896,-1.049740,1.050626,-1.050592,-0.800066,-0.000180
actual,5.300000,265.000000,0.528203,-1.049740,1.050626,-1.050592,-0.800066,-0.000180
actual,5.305000,265.005000,0.529482,-1.049740,1.050626,-1.050592,-0.800066,-0.000180
actual,5.310000,265.010000,0.530732,-1.049740,1.050626,-1.050592,-0.800066,-0.000180
actual,5.315000,265.015000,0.531951,-1.049740,1.050626,-1.050592,-0.800066,-0.000180
actual,5.320000,265.020000,0.533139,-1.049740,1.050626,-1.050592,-0.800066,-0.000180
actual,5.325000,265.025000,0.534295,-1.049740,1.050626,-1.050592,-0.800066,-0.000180
actual,5.330000,265.030000,0.535416,-1.049740,1.050626,-1.050592,-0.800066,-0.000180
actual,5.335000,265.035000,0.536503,-1.049740,1.050626,-1.050592,-0.800066,-0.000180
actual,5.340000,265.040000,0.537554,-1.049740,1.050626,-1.050592,-0.800066,-0.000180
actual,5.345000,265.045000,0.538567,-1.049740,1.050626,-1.050592,-0.800066,-0.000180
actual,5.350000,265.050000,0.539543,-1.049740,1.050626,-1.050592,-0.800066,-0.000180
actual,5.355000,265.055000,0.540480,-1.049740,1.050626,-1.050592,-0.800066,-0.000180
actual,5.360000,265.060000,0.541376,-1.049740,1.050626,-1.050592,-0.800066,-0.000180
actual,5.365000,265.065000,0.542232,-1.049740,1.050626,-1.050592,-0.800066,-0.000180
actual,5.370000,265.070000,0.543046,-1.049740,1.050626,-1.050592,-0.800066,-0.000180
actual,5.375000,265.075000,0.543818,-1.049740,1.050626,-1.050592,-0.800066,-0.000180
actual,5.380000,265.080000,0.544547,-1.049740,1.050626,-1.050592,-0.800066,-0.000180
actual,5.385000,265.085000,0.545232,-1.049740,1.050626,-1.050592,-0.800066,-0.000180
actual,5.390000,265.090000,0.545872,-1.049740,1.050626,-1.050592,-0.800066,-0.000180
actual,5.395000,265.095000,0.546467,-1.049740,1.050626,-1.050592,-0.800066,-0.000180
actual,5.400000,265.100000,0.547016,-1.049740,1.050626,-1.050592,-0.800066,-0.000180
actual,5.405000,265.105000,0.547518,-1.049740,1.050626,-1.050592,-0.800066,-0.000180
actual,5.410000,265.110000,0.547974,-1.049740,1.050626,-1.050592,-0.800066,-0.000180
actual,5.415000,265.115000,0.548383,-1.049740,1.050626,-1.050592,-0.800066,-0.000180
actual,5.420000,265.120000,0.548743,-1.049740,1.050626,-1.050592,-0.800066,-0.000180
actual,5.425000,265.125000,0.549056,-1.049740,1.050626,-1.050592,-0.800066,-0.000180
actual,5.430000,265.130000,0.549321,-1.049740,1.050626,-1.050592,-0.800066,-0.000180
actual,5.435000,265.135000,0.549536,-1.049740,1.050626,-1.050592,-0.800066,-0.000180
actual,5.440000,265.140000,0.549703,-1.049740,1.050626,-1.050592,-0.800066,-0.000180
actual,5.445000,265.145000,0.549821,-1.049740,1.050626,-1.050592,-0.800066,-0.000180
actual,5.450000,265.150000,0.549890,-1.049740,1.050626,-1.050592,-0.800066,-0.000180
actual,5.455000,265.155000,0.549909,-1.049740,1.050626,-1.050592,-0.800066,-0.000180
actual,5.460000,265.160000,0.549880,-1.049740,1.050626,-1.050592,-0.800066,-0.000180
actual,5.465000,265.165000,0.549801,-1.049740,1.050626,-1.050592,-0.800066,-0.000180
actual,5.470000,265.170000,0.549673,-1.049740,1.050626,-1.050592,-0.800066,-0.000180
actual,5.475000,265.175000,0.549496,-1.049740,1.050626,-1.050592,-0.800066,-0.000180
actual,5.480000,265.180000,0.549270,-1.049740,1.050626,-1.050592,-0.800066,-0.000180
actual,5.485000,265.185000,0.548996,-1.049740,1.050626,-1.050592,-0.800066,-0.000180
actual,5.490000,265.190000,0.548673,-1.049740,1.050626,-1.050592,-0.800066,-0.000180
actual,5.495000,265.195000,0.548302,-1.049740,1.050626,-1.050592,-0.800066,-0.000180
actual,5.500000,265.200000,0.547884,-1.049740,1.050626,-1.050592,-0.800066,-0.000180
actual,5.505000,265.205000,0.547418,-1.049740,1.050626,-1.050592,-0.800066,-0.000180
actual,5.510000,265.210000,0.546906,-1.049740,1.050626,-1.050592,-0.800066,-0.000180
actual,5.515000,265.215000,0.546347,-1.049740,1.050626,-1.050592,-0.800066,-0.000180
actual,5.520000,265.220000,0.545743,-1.049740,1.050626,-1.050592,-0.800066,-0.000180
actual,5.525000,265.225000,0.545094,-1.049740,1.050626,-1.050592,-0.800066,-0.000180
actual,5.530000,265.230000,0.544400,-1.049740,1.050626,-1.050592,-0.800066,-0.000180
actual,5.535000,265.235000,0.543662,-1.049740,1.050626,-1.050592,-0.800066,-0.000180
actual,5.540000,265.240000,0.542882,-1.049740,1.050626,-1.050592,-0.800066,-0.000180
actual,5.545000,265.245000,0.542059,-1.049740,1.050626,-1.050592,-0.800066,-0.000180
actual,5.550000,265.250000,0.541194,-1.049740,1.050626,-1.050592,-0.800066,-0.000180
actual,5.555000,265.255000,0.540289,-1.049740,1.050626,-1.050592,-0.800066,-0.000180
actual,5.560000,265.260000,0.539344,-1.049740,1.050626,-1.050592,-0.800066,-0.000180
actual,5.565000,265.265000,0.538361,-1.049740,1.050626,-1.050592,-0.800066,-0.000180
actual,5.570000,265.270000,0.537339,-1.049740,1.050626,-1.050592,-0.800066,-0.000180
actual,5.575000,265.275000,0.536281,-1.049740,1.050626,-1.050592,-0.800066,-0.000180
actual,5.580000,265.280000,0.535187,-1.049740,1.050626,-1.050592,-0.800066,-0.000180
actual,5.585000,265.285000,0.534059,-1.049740,1.050626,-1.050592,-0.800066,-0.000180
actual,5.590000,265.290000,0.532896,-1.049740,1.050626,-1.050592,-0.800066,-0.000180
actual,5.595000,265.295000,0.531702,-1.049740,1.050626,-1.050592,-0.800066,-0.000180
actual,5.600000,265.300000,0.530476,-1.049740,1.050626,-1.050592,-0.800066,-0.000180
actual,5.605000,265.305000,0.529220,-1.049740,1.050626,-1.050592,-0.800066,-0.000180
actual,5.610000,265.310000,0.527935,-1.049740,1.050626,-1.050592,-0.800066,-0.000180
actual,5.615000,265.315000,0.526623,-1.049740,1.050626,-1.050592,-0.800066,-0.000180
actual,5.620000,265.320000,0.525284,-1.049740,1.050626,-1.050592,-0.800066,-0.000180
actual,5.625000,265.325000,0.523921,-1.049740,1.050626,-1.050592,-0.800066,-0.000180
actual,5.630000,265.330000,0.522534,-1.049740,1.050626,-1.050592,-0.800066,-0.000180
actual,5.635000,265.335000,0.521125,-1.049740,1.050626,-1.050592,-0.800066,-0.000180
actual,5.640000,265.340000,0.519695,-1.049740,1.050626,-1.050592,-0.800066,-0.000180
actual,5.645000,265.345000,0.518245,-1.049740,1.050626,-1.050592,-0.800066,-0.000180
actual,5.650000,265.350000,0.516778,-1.049740,1.050626,-1.050592,-0.800066,-0.000180
actual,5.655000,265.355000,0.515294,-1.049740,1.050626,-1.050592,-0.800066,-0.000180
actual,5.660000,265.360000,0.513795,-1.049740,1.050626,-1.050592,-0.800066,-0.000180
actual,5.665000,265.365000,0.512282,-1.049740,1.050626,-1.050592,-0.800066,-0.000180
actual,5.670000,265.370000,0.510758,-1.049740,1.050626,-1.050592,-0.800066,-0.000180
actual,5.675000,265.375000,0.509223,-1.049740,1.050626,-1.050592,-0.800066,-0.000180
actual,5.680000,265.380000,0.507678,-1.049740,1.050626,-1.050592,-0.800066,-0.000180
actual,5.685000,265.385000,0.506127,-1.049740,1.050626,-1.050592,-0.800066,-0.000180
actual,5.690000,265.390000,0.504569,-1.049740,1.050626,-1.050592,-0.800066,-0.000180
actual,5.695000,265.395000,0.503006,-1.049740,1.050626,-1.050592,-0.800066,-0.000180
actual,5.700000,265.400000,0.501441,-1.049740,1.050626,-1.050592,-0.800066,-0.000180
actual,5.705000,265.405000,0.499875,-1.049740,1.050626,-1.050592,-0.800066,-0.000180
actual,5.710000,265.410000,0.498308,-1.049740,1.050626,-1.050592,-0.800066,-0.000180
actual,5.715000,265.415000,0.496743,-1.049740,1.050626,-1.050592,-0.800066,-0.000180
actual,5.720000,265.420000,0.495182,-1.049740,1.050626,-1.050592,-0.800066,-0.000180
actual,5.725000,265.425000,0.493625,-1.049740,1.050626,-1.050592,-0.800066,-0.000180
actual,5.730000,265.430000,0.492075,-1.049740,1.050626,-1.050592,-0.800066,-0.000180
actual,5.735000,265.435000,0.490532,-1.049740,1.050626,-1.050592,-0.800066,-0.000180
actual,5.740000,265.440000,0.488999,-1.049740,1.050626,-1.050592,-0.800066,-0.000180
actual,5.745000,265.445000,0.487477,-1.049740,1.050626,-1.050592,-0.800066,-0.000180
actual,5.750000,265.450000,0.485967,-1.049740,1.050626,-1.050592,-0.800066,-0.000180
actual,5.755000,265.455000,0.484471,-1.049740,1.050626,-1.050592,-0.800066,-0.000180
actual,5.760000,265.460000,0.482990,-1.049740,1.050626,-1.050592,-0.800066,-0.000180
actual,5.765000,265.465000,0.481526,-1.049740,1.050626,-1.050592,-0.800066,-0.000180
actual,5.770000,265.470000,0.480081,-1.049740,1.050626,-1.050592,-0.800066,-0.000180
actual,5.775000,265.475000,0.478655,-1.049740,1.050626,-1.050592,-0.800066,-0.000180
actual,5.780000,265.480000,0.477250,-1.049740,1.050626,-1.050592,-0.800066,-0.000180
actual,5.785000,265.485000,0.475868,-1.049740,1.050626,-1.050592,-0.800066,-0.000180
actual,5.790000,265.490000,0.474510,-1.049740,1.050626,-1.050592,-0.800066,-0.000180
actual,5.795000,265.495000,0.473177,-1.049740,1.050626,-1.050592,-0.800066,-0.000180
actual,5.800000,265.500000,0.471870,-1.049740,1.050626,-1.050592,-0.800066,-0.000180
actual,5.805000,265.505000,0.470591,-1.049740,1.050626,-1.050592,-0.800066,-0.000180
actual,5.810000,265.510000,0.469341,-1.049740,1.050626,-1.050592,-0.800066,-0.000180
actual,5.815000,265.515000,0.468122,-1.049740,1.050626,-1.050592,-0.800066,-0.000180
actual,5.820000,265.520000,0.466933,-1.049740,1.050626,-1.050592,-0.800066,-0.000180
actual,5.825000,265.525000,0.465778,-1.049740,1.050626,-1.050592,-0.800066,-0.000180
actual,5.830000,265.530000,0.464657,-1.049740,1.050626,-1.050592,-0.800066,-0.000180
actual,5.835000,265.535000,0.463570,-1.049740,1.050626,-1.050592,-0.800066,-0.000180
actual,5.840000,265.540000,0.462519,-1.049740,1.050626,-1.050592,-0.800066,-0.000180
actual,5.845000,265.545000,0.461506,-1.049740,1.050626,-1.050592,-0.800066,-0.000180
actual,5.850000,265.550000,0.460530,-1.049740,1.050626,-1.050592,-0.800066,-0.000180
actual,5.855000,265.555000,0.459593,-1.049740,1.050626,-1.050592,-0.800066,-0.000180
actual,5.860000,265.560000,0.458697,-1.049740,1.050626,-1.050592,-0.800066,-0.000180
actual,5.865000,265.565000,0.457841,-1.049740,1.050626,-1.050592,-0.800066,-0.000180
actual,5.870000,265.570000,0.457026,-1.049740,1.050626,-1.050592,-0.800066,-0.000180
actual,5.875000,265.575000,0.456255,-1.049740,1.050626,-1.050592,-0.800066,-0.000180
actual,5.880000,265.580000,0.455526,-1.049740,1.050626,-1.050592,-0.800066,-0.000180
actual,5.885000,265.585000,0.454841,-1.049740,1.050626,-1.050592,-0.800066,-0.000180
actual,5.890000,265.590000,0.454201,-1.049740,1.050626,-1.050592,-0.800066,-0.000180
actual,5.895000,265.595000,0.453606,-1.049740,1.050626,-1.050592,-0.800066,-0.000180
actual,5.900000,265.600000,0.453057,-1.049740,1.050626,-1.050592,-0.800066,-0.000180
actual,5.905000,265.605000,0.452555,-1.049740,1.050626,-1.050592,-0.800066,-0.000180
actual,5.910000,265.610000,0.452099,-1.049740,1.050626,-1.050592,-0.800066,-0.000180
actual,5.915000,265.615000,0.451690,-1.049740,1.050626,-1.050592,-0.800066,-0.000180
actual,5.920000,265.620000,0.451329,-1.049740,1.050626,-1.050592,-0.800066,-0.000180
actual,5.925000,265.625000,0.451017,-1.049740,1.050626,-1.050592,-0.800066,-0.000180
actual,5.930000,265.630000,0.450752,-1.049740,1.050626,-1.050592,-0.800066,-0.000180
actual,5.935000,265.635000,0.450537,-1.049740,1.050626,-1.050592,-0.800066,-0.000180
actual,5.940000,265.640000,0.450370,-1.049740,1.050626,-1.050592,-0.800066,-0.000180
actual,5.945000,265.645000,0.450252,-1.049740,1.050626,-1.050592,-0.800066,-0.000180
actual,5.950000,265.650000,0.450183,-1.049740,1.050626,-1.050592,-0.800066,-0.000180
actual,5.955000,265.655000,0.450164,-1.049740,1.050626,-1.050592,-0.800066,-0.000180
actual,5.960000,265.660000,0.450193,-1.049740,1.050626,-1.050592,-0.800066,-0.000180
actual,5.965000,265.665000,0.450272,-1.049740,1.050626,-1.050592,-0.800066,-0.000180
actual,5.970000,265.670000,0.450400,-1.049740,1.050626,-1.050592,-0.800066,-0.000180
actual,5.975000,265.675000,0.450577,-1.049740,1.050626,-1.050592,-0.800066,-0.000180
actual,5.980000,265.680000,0.450803,-1.049740,1.050626,-1.050592,-0.800066,-0.000180
actual,5.985000,265.685000,0.451077,-1.049740,1.050626,-1.050592,-0.800066,-0.000180
actual,5.990000,265.690000,0.451400,-1.049740,1.050626,-1.050592,-0.800066,-0.000180
actual,5.995000,265.695000,0.451771,-1.049740,1.050626,-1.050592,-0.800066,-0.000180
actual,6.000000,265.700000,0.452189,-1.049740,1.050626,-1.050592,-0.800066,-0.000180
actual,6.005000,265.705000,0.452655,-1.049740,1.050626,-1.050592,-0.800066,-0.000180
actual,6.010000,265.710000,0.453167,-1.049740,1.050626,-1.050592,-0.800066,-0.000180
actual,6.015000,265.715000,0.453725,-1.049740,1.050626,-1.050592,-0.800066,-0.000180
actual,6.020000,265.720000,0.454330,-1.049740,1.050626,-1.050592,-0.800066,-0.000180
actual,6.025000,265.725000,0.454979,-1.049740,1.050626,-1.050592,-0.800066,-0.000180
actual,6.030000,265.730000,0.455673,-1.049740,1.050626,-1.050592,-0.800066,-0.000180
actual,6.035000,265.735000,0.456411,-1.049740,1.050626,-1.050592,-0.800066,-0.000180
actual,6.040000,265.740000,0.457191,-1.049740,1.050626,-1.050592,-0.800066,-0.000180
actual,6.045000,265.745000,0.458014,-1.049740,1.050626,-1.050592,-0.800066,-0.000180
actual,6.050000,265.750000,0.458879,-1.049740,1.050626,-1.050592,-0.800066,-0.000180
actual,6.055000,265.755000,0.459784,-1.049740,1.050626,-1.050592,-0.800066,-0.000180
actual,6.060000,265.760000,0.460728,-1.049740,1.050626,-1.050592,-0.800066,-0.000180
actual,6.065000,265.765000,0.461712,-1.049740,1.050626,-1.050592,-0.800066,-0.000180
actual,6.070000,265.770000,0.462733,-1.049740,1.050626,-1.050592,-0.800066,-0.000180
actual,6.075000,265.775000,0.463792,-1.049740,1.050626,-1.050592,-0.800066,-0.000180
actual,6.080000,265.780000,0.464886,-1.049740,1.050626,-1.050592,-0.800066,-0.000180
actual,6.085000,265.785000,0.466014,-1.049740,1.050626,-1.050592,-0.800066,-0.000180
actual,6.090000,265.790000,0.467176,-1.049740,1.050626,-1.050592,-0.800066,-0.000180
actual,6.095000,265.795000,0.468371,-1.049740,1.050626,-1.050592,-0.800066,-0.000180
actual,6.100000,265.800000,0.469597,-1.049740,1.050626,-1.050592,-0.800066,-0.000180
actual,6.105000,265.805000,0.470853,-1.049740,1.050626,-1.050592,-0.800066,-0.000180
actual,6.110000,265.810000,0.472138,-1.049740,1.050626,-1.050592,-0.800066,-0.000180
actual,6.115000,265.815000,0.473450,-1.049740,1.050626,-1.050592,-0.800066,-0.000180
actual,6.120000,265.820000,0.474788,-1.049740,1.050626,-1.050592,-0.800066,-0.000180
actual,6.125000,265.825000,0.476152,-1.049740,1.050626,-1.050592,-0.800066,-0.000180
actual,6.130000,265.830000,0.477539,-1.049740,1.050626,-1.050592,-0.800066,-0.000180
actual,6.135000,265.835000,0.478948,-1.049740,1.050626,-1.050592,-0.800066,-0.000180
actual,6.140000,265.840000,0.480378,-1.049740,1.050626,-1.050592,-0.800066,-0.000180
actual,6.145000,265.845000,0.481828,-1.049740,1.050626,-1.050592,-0.800066,-0.000180
actual,6.150000,265.850000,0.483295,-1.049740,1.050626,-1.050592,-0.800066,-0.000180
actual,6.155000,265.855000,0.484779,-1.049740,1.050626,-1.050592,-0.800066,-0.000180
actual,6.160000,265.860000,0.486278,-1.049740,1.050626,-1.050592,-0.800066,-0.000180
actual,6.165000,265.865000,0.487790,-1.049740,1.050626,-1.050592,-0.800066,-0.000180
actual,6.170000,265.870000,0.489315,-1.049740,1.050626,-1.050592,-0.800066,-0.000180
actual,6.175000,265.875000,0.490850,-1.049740,1.050626,-1.050592,-0.800066,-0.000180
actual,6.180000,265.880000,0.492395,-1.049740,1.050626,-1.050592,-0.800066,-0.000180
actual,6.185000,265.885000,0.493946,-1.049740,1.050626,-1.050592,-0.800066,-0.000180
actual,6.190000,265.890000,0.495504,-1.049740,1.050626,-1.050592,-0.800066,-0.000180
actual,6.195000,265.895000,0.497066,-1.049740,1.050626,-1.050592,-0.800066,-0.000180
actual,6.200000,265.900000,0.498632,-1.049740,1.050626,-1.050592,-0.800066,-0.000180
actual,6.205000,265.905000,0.500198,-1.049740,1.050626,-1.050592,-0.800066,-0.000180
actual,6.210000,265.910000,0.501765,-1.049740,1.050626,-1.050592,-0.800066,-0.000180
actual,6.215000,265.915000,0.503330,-1.049740,1.050626,-1.050592,-0.800066,-0.000180
actual,6.220000,265.920000,0.504891,-1.049740,1.050626,-1.050592,-0.800066,-0.000180
actual,6.225000,265.925000,0.506448,-1.049740,1.050626,-1.050592,-0.800066,-0.000180
actual,6.230000,265.930000,0.507998,-1.049740,1.050626,-1.050592,-0.800066,-0.000180
actual,6.235000,265.935000,0.509541,-1.049740,1.050626,-1.050592,-0.800066,-0.000180
actual,6.240000,265.940000,0.511074,-1.049740,1.050626,-1.050592,-0.800066,-0.000180
actual,6.245000,265.945000,0.512596,-1.049740,1.050626,-1.050592,-0.800066,-0.000180
actual,6.250000,265.950000,0.514106,-1.049740,1.050626,-1.050592,-0.800066,-0.000180
actual,6.255000,265.955000,0.515602,-1.049740,1.050626,-1.050592,-0.800066,-0.000180
actual,6.260000,265.960000,0.517083,-1.049740,1.050626,-1.050592,-0.800066,-0.000180
actual,6.265000,265.965000,0.518546,-1.049740,1.050626,-1.050592,-0.800066,-0.000180
actual,6.270000,265.970000,0.519992,-1.049740,1.050626,-1.050592,-0.800066,-0.000180
actual,6.275000,265.975000,0.521418,-1.049740,1.050626,-1.050592,-0.800066,-0.000180
actual,6.280000,265.980000,0.522822,-1.049740,1.050626,-1.050592,-0.800066,-0.000180
actual,6.285000,265.985000,0.524205,-1.049740,1.050626,-1.050592,-0.800066,-0.000180
actual,6.290000,265.990000,0.525563,-1.049740,1.050626,-1.050592,-0.800066,-0.000180
actual,6.295000,265.995000,0.526896,-1.049740,1.050626,-1.050592,-0.800066,-0.000180
actual,6.300000,266.000000,0.528203,-1.049740,1.050626,-1.050592,-0.800066,-0.000180
actual,6.305000,266.005000,0.529482,-1.049740,1.050626,-1.050592,-0.800066,-0.000180
actual,6.310000,266.010000,0.530732,-1.049740,1.050626,-1.050592,-0.800066,-0.000180
actual,6.315000,266.015000,0.531951,-1.049740,1.050626,-1.050592,-0.800066,-0.000180
actual,6.320000,266.020000,0.533139,-1.049740,1.050626,-1.050592,-0.800066,-0.000180
actual,6.325000,266.025000,0.534295,-1.049740,1.050626,-1.050592,-0.800066,-0.000180
actual,6.330000,266.030000,0.535416,-1.049740,1.050626,-1.050592,-0.800066,-0.000180
actual,6.335000,266.035000,0.536503,-1.049740,1.050626,-1.050592,-0.800066,-0.000180
actual,6.340000,266.040000,0.537554,-1.049740,1.050626,-1.050592,-0.800066,-0.000180
actual,6.345000,266.045000,0.538567,-1.049740,1.050626,-1.050592,-0.800066,-0.000180
actual,6.350000,266.050000,0.539543,-1.049740,1.050626,-1.050592,-0.800066,-0.000180
actual,6.355000,266.055000,0.540480,-1.049740,1.050626,-1.050592,-0.800066,-0.000180
actual,6.360000,266.060000,0.541376,-1.049740,1.050626,-1.050592,-0.800066,-0.000180
actual,6.365000,266.065000,0.542232,-1.049740,1.050626,-1.050592,-0.800066,-0.000180
actual,6.370000,266.070000,0.543046,-1.049740,1.050626,-1.050592,-0.800066,-0.000180
actual,6.375000,266.075000,0.543818,-1.049740,1.050626,-1.050592,-0.800066,-0.000180
actual,6.380000,266.080000,0.544547,-1.049740,1.050626,-1.050592,-0.800066,-0.000180
actual,6.385000,266.085000,0.545232,-1.049740,1.050626,-1.050592,-0.800066,-0.000180
actual,6.390000,266.090000,0.545872,-1.049740,1.050626,-1.050592,-0.800066,-0.000180
actual,6.395000,266.095000,0.546467,-1.049740,1.050626,-1.050592,-0.800066,-0.000180
actual,6.405000,266.105000,0.547518,-1.049740,1.050626,-1.050592,-0.800066,-0.000180
actual,6.410000,266.110000,0.547974,-1.049740,1.050626,-1.050592,-0.800066,-0.000180
actual,6.415000,266.115000,0.548383,-1.049740,1.050626,-1.050592,-0.800066,-0.000180
actual,6.420000,266.120000,0.548743,-1.049740,1.050626,-1.050592,-0.800066,-0.000180
actual,6.425000,266.125000,0.549056,-1.049740,1.050626,-1.050592,-0.800066,-0.000180
actual,6.430000,266.130000,0.549321,-1.049740,1.050626,-1.050592,-0.800066,-0.000180
actual,6.435000,266.135000,0.549536,-1.049740,1.050626,-1.050592,-0.800066,-0.000180
actual,6.440000,266.140000,0.549703,-1.049740,1.050626,-1.050592,-0.800066,-0.000180
actual,6.445000,266.145000,0.549821,-1.049740,1.050626,-1.050592,-0.800066,-0.000180
actual,6.450000,266.150000,0.549890,-1.049740,1.050626,-1.050592,-0.800066,-0.000180
actual,6.455000,266.155000,0.549909,-1.049740,1.050626,-1.050592,-0.800066,-0.000180
actual,6.460000,266.160000,0.549880,-1.049740,1.050626,-1.050592,-0.800066,-0.000180
actual,6.465000,266.165000,0.549801,-1.049740,1.050626,-1.050592,-0.800066,-0.000180
actual,6.470000,266.170000,0.549673,-1.049740,1.050626,-1.050592,-0.800066,-0.000180
actual,6.475000,266.175000,0.549496,-1.049740,1.050626,-1.050592,-0.800066,-0.000180
actual,6.480000,266.180000,0.549270,-1.049740,1.050626,-1.050592,-0.800066,-0.000180
actual,6.485000,266.185000,0.548996,-1.049740,1.050626,-1.050592,-0.800066,-0.000180
actual,6.490000,266.190000,0.548673,-1.049740,1.050626,-1.050592,-0.800066,-0.000180
actual,6.495000,266.195000,0.548302,-1.049740,1.050626,-1.050592,-0.800066,-0.000180
actual,6.500000,266.200000,0.547884,-1.049740,1.050626,-1.050592,-0.800066,-0.000180
actual,6.505000,266.205000,0.547418,-1.049740,1.050626,-1.050592,-0.800066,-0.000180
actual,6.510000,266.210000,0.546906,-1.049740,1.050626,-1.050592,-0.800066,-0.000180
actual,6.515000,266.215000,0.546347,-1.049740,1.050626,-1.050592,-0.800066,-0.000180
actual,6.520000,266.220000,0.545743,-1.049740,1.050626,-1.050592,-0.800066,-0.000180
actual,6.525000,266.225000,0.545094,-1.049740,1.050626,-1.050592,-0.800066,-0.000180
actual,6.530000,266.230000,0.544400,-1.049740,1.050626,-1.050592,-0.800066,-0.000180
actual,6.535000,266.235000,0.543662,-1.049740,1.050626,-1.050592,-0.800066,-0.000180
actual,6.540000,266.240000,0.542882,-1.049740,1.050626,-1.050592,-0.800066,-0.000180
actual,6.545000,266.245000,0.542059,-1.049740,1.050626,-1.050592,-0.800066,-0.000180
actual,6.550000,266.250000,0.541194,-1.049740,1.050626,-1.050592,-0.800066,-0.000180
actual,6.555000,266.255000,0.540289,-1.049740,1.050626,-1.050592,-0.800066,-0.000180
actual,6.560000,266.260000,0.539344,-1.049740,1.050626,-1.050592,-0.800066,-0.000180
actual,6.565000,266.265000,0.538361,-1.049740,1.050626,-1.050592,-0.800066,-0.000180
actual,6.570000,266.270000,0.537339,-1.049740,1.050626,-1.050592,-0.800066,-0.000180
actual,6.575000,266.275000,0.536281,-1.049740,1.050626,-1.050592,-0.800066,-0.000180
actual,6.580000,266.280000,0.535187,-1.049740,1.050626,-1.050592,-0.800066,-0.000180
actual,6.585000,266.285000,0.534059,-1.049740,1.050626,-1.050592,-0.800066,-0.000180
actual,6.590000,266.290000,0.532896,-1.049740,1.050626,-1.050592,-0.800066,-0.000180
actual,6.595000,266.295000,0.531702,-1.049740,1.050626,-1.050592,-0.800066,-0.000180
actual,6.600000,266.300000,0.530476,-1.049740,1.050626,-1.050592,-0.800066,-0.000180
actual,6.605000,266.305000,0.529220,-1.049740,1.050626,-1.050592,-0.800066,-0.000180
actual,6.610000,266.310000,0.527935,-1.049740,1.050626,-1.050592,-0.800066,-0.000180
actual,6.615000,266.315000,0.526623,-1.049740,1.050626,-1.050592,-0.800066,-0.000180
actual,6.620000,266.320000,0.525284,-1.049740,1.050626,-1.050592,-0.800066,-0.000180
actual,6.625000,266.325000,0.523921,-1.049740,1.050626,-1.050592,-0.800066,-0.000180
actual,6.630000,266.330000,0.522534,-1.049740,1.050626,-1.050592,-0.800066,-0.000180
actual,6.635000,266.335000,0.521125,-1.049740,1.050626,-1.050592,-0.800066,-0.000180
actual,6.640000,266.340000,0.519695,-1.049740,1.050626,-1.050592,-0.800066,-0.000180
actual,6.645000,266.345000,0.518245,-1.049740,1.050626,-1.050592,-0.800066,-0.000180
actual,6.650000,266.350000,0.516778,-1.049740,1.050626,-1.050592,-0.800066,-0.000180
actual,6.655000,266.355000,0.515294,-1.049740,1.050626,-1.050592,-0.800066,-0.000180
actual,6.660000,266.360000,0.513795,-1.049740,1.050626,-1.050592,-0.800066,-0.000180
actual,6.665000,266.365000,0.512282,-1.049740,1.050626,-1.050592,-0.800066,-0.000180
actual,6.670000,266.370000,0.510758,-1.049740,1.050626,-1.050592,-0.800066,-0.000180
actual,6.675000,266.375000,0.509223,-1.049740,1.050626,-1.050592,-0.800066,-0.000180
actual,6.680000,266.380000,0.507678,-1.049740,1.050626,-1.050592,-0.800066,-0.000180
actual,6.685000,266.385000,0.506127,-1.049740,1.050626,-1.050592,-0.800066,-0.000180
actual,6.690000,266.390000,0.504569,-1.049740,1.050626,-1.050592,-0.800066,-0.000180
actual,6.695000,266.395000,0.503006,-1.049740,1.050626,-1.050592,-0.800066,-0.000180
actual,6.700000,266.400000,0.501441,-1.049740,1.050626,-1.050592,-0.800066,-0.000180
actual,6.705000,266.405000,0.499875,-1.049740,1.050626,-1.050592,-0.800066,-0.000180
actual,6.710000,266.410000,0.498308,-1.049740,1.050626,-1.050592,-0.800066,-0.000180
actual,6.715000,266.415000,0.496743,-1.049740,1.050626,-1.050592,-0.800066,-0.000180
actual,6.720000,266.420000,0.495182,-1.049740,1.050626,-1.050592,-0.800066,-0.000180
actual,6.725000,266.425000,0.493625,-1.049740,1.050626,-1.050592,-0.800066,-0.000180
actual,6.730000,266.430000,0.492075,-1.049740,1.050626,-1.050592,-0.800066,-0.000180
actual,6.735000,266.435000,0.490532,-1.049740,1.050626,-1.050592,-0.800066,-0.000180
actual,6.740000,266.440000,0.488999,-1.049740,1.050626,-1.050592,-0.800066,-0.000180
actual,6.745000,266.445000,0.487477,-1.049740,1.050626,-1.050592,-0.800066,-0.000180
actual,6.750000,266.450000,0.485967,-1.049740,1.050626,-1.050592,-0.800066,-0.000180
actual,6.755000,266.455000,0.484471,-1.049740,1.050626,-1.050592,-0.800066,-0.000180
actual,6.760000,266.460000,0.482990,-1.049740,1.050626,-1.050592,-0.800066,-0.000180
actual,6.765000,266.465000,0.481526,-1.049740,1.050626,-1.050592,-0.800066,-0.000180
actual,6.770000,266.470000,0.480081,-1.049740,1.050626,-1.050592,-0.800066,-0.000180
actual,6.775000,266.475000,0.478655,-1.049740,1.050626,-1.050592,-0.800066,-0.000180
actual,6.780000,266.480000,0.477250,-1.049740,1.050626,-1.050592,-0.800066,-0.000180
actual,6.785000,266.485000,0.475868,-1.049740,1.050626,-1.050592,-0.800066,-0.000180
actual,6.790000,266.490000,0.474510,-1.049740,1.050626,-1.050592,-0.800066,-0.000180
actual,6.795000,266.495000,0.473177,-1.049740,1.050626,-1.050592,-0.800066,-0.000180
actual,6.800000,266.500000,0.471870,-1.049740,1.050626,-1.050592,-0.800066,-0.000180
actual,6.805000,266.505000,0.470591,-1.049740,1.050626,-1.050592,-0.800066,-0.000180
actual,6.810000,266.510000,0.469341,-1.049740,1.050626,-1.050592,-0.800066,-0.000180
actual,6.815000,266.515000,0.468122,-1.049740,1.050626,-1.050592,-0.800066,-0.000180
actual,6.820000,266.520000,0.466933,-1.049740,1.050626,-1.050592,-0.800066,-0.000180
actual,6.825000,266.525000,0.465778,-1.049740,1.050626,-1.050592,-0.800066,-0.000180
actual,6.830000,266.530000,0.464657,-1.049740,1.050626,-1.050592,-0.800066,-0.000180
actual,6.835000,266.535000,0.463570,-1.049740,1.050626,-1.050592,-0.800066,-0.000180
actual,6.840000,266.540000,0.462519,-1.049740,1.050626,-1.050592,-0.800066,-0.000180
actual,6.845000,266.545000,0.461506,-1.049740,1.050626,-1.050592,-0.800066,-0.000180
actual,6.850000,266.550000,0.460530,-1.049740,1.050626,-1.050592,-0.800066,-0.000180
actual,6.855000,266.555000,0.459593,-1.049740,1.050626,-1.050592,-0.800066,-0.000180
actual,6.860000,266.560000,0.458697,-1.049740,1.050626,-1.050592,-0.800066,-0.000180
actual,6.865000,266.565000,0.457841,-1.049740,1.050626,-1.050592,-0.800066,-0.000180
actual,6.870000,266.570000,0.457026,-1.049740,1.050626,-1.050592,-0.800066,-0.000180
actual,6.875000,266.575000,0.456255,-1.049740,1.050626,-1.050592,-0.800066,-0.000180
actual,6.880000,266.580000,0.455526,-1.049740,1.050626,-1.050592,-0.800066,-0.000180
actual,6.885000,266.585000,0.454841,-1.049740,1.050626,-1.050592,-0.800066,-0.000180
actual,6.890000,266.590000,0.454201,-1.049740,1.050626,-1.050592,-0.800066,-0.000180
actual,6.895000,266.595000,0.453606,-1.049740,1.050626,-1.050592,-0.800066,-0.000180
actual,6.900000,266.600000,0.453057,-1.049740,1.050626,-1.050592,-0.800066,-0.000180
actual,6.905000,266.605000,0.452555,-1.049740,1.050626,-1.050592,-0.800066,-0.000180
actual,6.910000,266.610000,0.452099,-1.049740,1.050626,-1.050592,-0.800066,-0.000180
actual,6.915000,266.615000,0.451690,-1.049740,1.050626,-1.050592,-0.800066,-0.000180
actual,6.920000,266.620000,0.451329,-1.049740,1.050626,-1.050592,-0.800066,-0.000180
actual,6.925000,266.625000,0.451017,-1.049740,1.050626,-1.050592,-0.800066,-0.000180
actual,6.930000,266.630000,0.450752,-1.049740,1.050626,-1.050592,-0.800066,-0.000180
actual,6.935000,266.635000,0.450537,-1.049740,1.050626,-1.050592,-0.800066,-0.000180
actual,6.940000,266.640000,0.450370,-1.049740,1.050626,-1.050592,-0.800066,-0.000180
actual,6.950000,266.650000,0.450183,-1.049740,1.050626,-1.050592,-0.800066,-0.000180
actual,6.955000,266.655000,0.450164,-1.049740,1.050626,-1.050592,-0.800066,-0.000180
actual,6.960000,266.660000,0.450193,-1.049740,1.050626,-1.050592,-0.800066,-0.000180
actual,6.965000,266.665000,0.450272,-1.049740,1.050626,-1.050592,-0.800066,-0.000180
actual,6.970000,266.670000,0.450400,-1.049740,1.050626,-1.050592,-0.800066,-0.000180
actual,6.975000,266.675000,0.450577,-1.049740,1.050626,-1.050592,-0.800066,-0.000180
actual,6.980000,266.680000,0.450803,-1.049740,1.050626,-1.050592,-0.800066,-0.000180
actual,6.985000,266.685000,0.451077,-1.049740,1.050626,-1.050592,-0.800066,-0.000180
actual,6.990000,266.690000,0.451400,-1.049740,1.050626,-1.050592,-0.800066,-0.000180
actual,6.995000,266.695000,0.451771,-1.049740,1.050626,-1.050592,-0.800066,-0.000180
actual,7.000000,266.700000,0.452189,-1.049740,1.050626,-1.050592,-0.800066,-0.000180
actual,7.005000,266.705000,0.452655,-1.049740,1.050626,-1.050592,-0.800066,-0.000180
actual,7.010000,266.710000,0.453167,-1.049740,1.050626,-1.050592,-0.800066,-0.000180
actual,7.015000,266.715000,0.453725,-1.049740,1.050626,-1.050592,-0.800066,-0.000180
actual,7.020000,266.720000,0.454330,-1.049740,1.050626,-1.050592,-0.800066,-0.000180
actual,7.025000,266.725000,0.454979,-1.049740,1.050626,-1.050592,-0.800066,-0.000180
actual,7.030000,266.730000,0.455673,-1.049740,1.050626,-1.050592,-0.800066,-0.000180
actual,7.035000,266.735000,0.456411,-1.049740,1.050626,-1.050592,-0.800066,-0.000180
actual,7.040000,266.740000,0.457191,-1.049740,1.050626,-1.050592,-0.800066,-0.000180
actual,7.045000,266.745000,0.458014,-1.049740,1.050626,-1.050592,-0.800066,-0.000180
actual,7.050000,266.750000,0.458879,-1.049740,1.050626,-1.050592,-0.800066,-0.000180
actual,7.055000,266.755000,0.459784,-1.049740,1.050626,-1.050592,-0.800066,-0.000180
actual,7.060000,266.760000,0.460728,-1.049740,1.050626,-1.050592,-0.800066,-0.000180
actual,7.065000,266.765000,0.461712,-1.049740,1.050626,-1.050592,-0.800066,-0.000180
actual,7.070000,266.770000,0.462733,-1.049740,1.050626,-1.050592,-0.800066,-0.000180
actual,7.075000,266.775000,0.463792,-1.049740,1.050626,-1.050592,-0.800066,-0.000180
actual,7.080000,266.780000,0.464886,-1.049740,1.050626,-1.050592,-0.800066,-0.000180
actual,7.085000,266.785000,0.466014,-1.049740,1.050626,-1.050592,-0.800066,-0.000180
actual,7.090000,266.790000,0.467176,-1.049740,1.050626,-1.050592,-0.800066,-0.000180
actual,7.095000,266.795000,0.468371,-1.049740,1.050626,-1.050592,-0.800066,-0.000180
actual,7.100000,266.800000,0.469597,-1.049740,1.050626,-1.050592,-0.800066,-0.000180
actual,7.105000,266.805000,0.470853,-1.049740,1.050626,-1.050592,-0.800066,-0.000180
actual,7.110000,266.810000,0.472138,-1.049740,1.050626,-1.050592,-0.800066,-0.000180
actual,7.115000,266.815000,0.473450,-1.049740,1.050626,-1.050592,-0.800066,-0.000180
actual,7.120000,266.820000,0.474788,-1.049740,1.050626,-1.050592,-0.800066,-0.000180
actual,7.125000,266.825000,0.476152,-1.049740,1.050626,-1.050592,-0.800066,-0.000180
actual,7.130000,266.830000,0.477539,-1.049740,1.050626,-1.050592,-0.800066,-0.000180
actual,7.135000,266.835000,0.478948,-1.049740,1.050626,-1.050592,-0.800066,-0.000180
actual,7.140000,266.840000,0.480378,-1.049740,1.050626,-1.050592,-0.800066,-0.000180
actual,7.145000,266.845000,0.481828,-1.049740,1.050626,-1.050592,-0.800066,-0.000180
actual,7.150000,266.850000,0.483295,-1.049740,1.050626,-1.050592,-0.800066,-0.000180
actual,7.155000,266.855000,0.484779,-1.049740,1.050626,-1.050592,-0.800066,-0.000180
actual,7.160000,266.860000,0.486278,-1.049740,1.050626,-1.050592,-0.800066,-0.000180
actual,7.165000,266.865000,0.487790,-1.049740,1.050626,-1.050592,-0.800066,-0.000180
actual,7.170000,266.870000,0.489315,-1.049740,1.050626,-1.050592,-0.800066,-0.000180
actual,7.175000,266.875000,0.490850,-1.049740,1.050626,-1.050592,-0.800066,-0.000180
actual,7.180000,266.880000,0.492395,-1.049740,1.050626,-1.050592,-0.800066,-0.000180
actual,7.185000,266.885000,0.493946,-1.049740,1.050626,-1.050592,-0.800066,-0.000180
actual,7.190000,266.890000,0.495504,-1.049740,1.050626,-1.050592,-0.800066,-0.000180
actual,7.195000,266.895000,0.497066,-1.049740,1.050626,-1.050592,-0.800066,-0.000180
actual,7.200000,266.900000,0.498632,-1.049740,1.050626,-1.050592,-0.800066,-0.000180
actual,7.205000,266.905000,0.500198,-1.049740,1.050626,-1.050592,-0.800066,-0.000180
actual,7.210000,266.910000,0.501765,-1.049740,1.050626,-1.050592,-0.800066,-0.000180
actual,7.215000,266.915000,0.503330,-1.049740,1.050626,-1.050592,-0.800066,-0.000180
actual,7.220000,266.920000,0.504891,-1.049740,1.050626,-1.050592,-0.800066,-0.000180
actual,7.225000,266.925000,0.506448,-1.049740,1.050626,-1.050592,-0.800066,-0.000180
actual,7.230000,266.930000,0.507998,-1.049740,1.050626,-1.050592,-0.800066,-0.000180
actual,7.235000,266.935000,0.509541,-1.049740,1.050626,-1.050592,-0.800066,-0.000180
actual,7.240000,266.940000,0.511074,-1.049740,1.050626,-1.050592,-0.800066,-0.000180
actual,7.245000,266.945000,0.512596,-1.049740,1.050626,-1.050592,-0.800066,-0.000180
actual,7.250000,266.950000,0.514106,-1.049740,1.050626,-1.050592,-0.800066,-0.000180
actual,7.255000,266.955000,0.515602,-1.049740,1.050626,-1.050592,-0.800066,-0.000180
actual,7.260000,266.960000,0.517083,-1.049740,1.050626,-1.050592,-0.800066,-0.000180
actual,7.265000,266.965000,0.518546,-1.049740,1.050626,-1.050592,-0.800066,-0.000180
actual,7.270000,266.970000,0.519992,-1.049740,1.050626,-1.050592,-0.800066,-0.000180
actual,7.275000,266.975000,0.521418,-1.049740,1.050626,-1.050592,-0.800066,-0.000180
actual,7.280000,266.980000,0.522822,-1.049740,1.050626,-1.050592,-0.800066,-0.000180
actual,7.285000,266.985000,0.524205,-1.049740,1.050626,-1.050592,-0.800066,-0.000180
actual,7.290000,266.990000,0.525563,-1.049740,1.050626,-1.050592,-0.800066,-0.000180
actual,7.295000,266.995000,0.526896,-1.049740,1.050626,-1.050592,-0.800066,-0.000180
actual,7.300000,267.000000,0.528203,-1.049740,1.050626,-1.050592,-0.800066,-0.000180
actual,7.305000,267.005000,0.529482,-1.049740,1.050626,-1.050592,-0.800066,-0.000180
actual,7.310000,267.010000,0.530732,-1.049740,1.050626,-1.050592,-0.800066,-0.000180
actual,7.315000,267.015000,0.531951,-1.049740,1.050626,-1.050592,-0.800066,-0.000180
actual,7.320000,267.020000,0.533139,-1.049740,1.050626,-1.050592,-0.800066,-0.000180
actual,7.325000,267.025000,0.534295,-1.049740,1.050626,-1.050592,-0.800066,-0.000180
actual,7.335000,267.035000,0.536503,-1.049740,1.050626,-1.050592,-0.800066,-0.000180
actual,7.340000,267.040000,0.537554,-1.049740,1.050626,-1.050592,-0.800066,-0.000180
actual,7.345000,267.045000,0.538567,-1.049740,1.050626,-1.050592,-0.800066,-0.000180
actual,7.350000,267.050000,0.539543,-1.049740,1.050626,-1.050592,-0.800066,-0.000180
actual,7.355000,267.055000,0.540480,-1.049740,1.050626,-1.050592,-0.800066,-0.000180
actual,7.360000,267.060000,0.541376,-1.049740,1.050626,-1.050592,-0.800066,-0.000180
actual,7.365000,267.065000,0.542232,-1.049740,1.050626,-1.050592,-0.800066,-0.000180
actual,7.370000,267.070000,0.543046,-1.049740,1.050626,-1.050592,-0.800066,-0.000180
actual,7.375000,267.075000,0.543818,-1.049740,1.050626,-1.050592,-0.800066,-0.000180
actual,7.380000,267.080000,0.544547,-1.049740,1.050626,-1.050592,-0.800066,-0.000180
actual,7.385000,267.085000,0.545232,-1.049740,1.050626,-1.050592,-0.800066,-0.000180
actual,7.390000,267.090000,0.545872,-1.049740,1.050626,-1.050592,-0.800066,-0.000180
actual,7.395000,267.095000,0.546467,-1.049740,1.050626,-1.050592,-0.800066,-0.000180
actual,7.400000,267.100000,0.547016,-1.049740,1.050626,-1.050592,-0.800066,-0.000180
actual,7.405000,267.105000,0.547518,-1.049740,1.050626,-1.050592,-0.800066,-0.000180
actual,7.410000,267.110000,0.547974,-1.049740,1.050626,-1.050592,-0.800066,-0.000180
actual,7.415000,267.115000,0.548383,-1.049740,1.050626,-1.050592,-0.800066,-0.000180
actual,7.420000,267.120000,0.548743,-1.049740,1.050626,-1.050592,-0.800066,-0.000180
actual,7.425000,267.125000,0.549056,-1.049740,1.050626,-1.050592,-0.800066,-0.000180
actual,7.430000,267.130000,0.549321,-1.049740,1.050626,-1.050592,-0.800066,-0.000180
actual,7.435000,267.135000,0.549536,-1.049740,1.050626,-1.050592,-0.800066,-0.000180
actual,7.440000,267.140000,0.549703,-1.049740,1.050626,-1.050592,-0.800066,-0.000180
actual,7.445000,267.145000,0.549821,-1.049740,1.050626,-1.050592,-0.800066,-0.000180
actual,7.450000,267.150000,0.549890,-1.049740,1.050626,-1.050592,-0.800066,-0.000180
actual,7.455000,267.155000,0.549909,-1.049740,1.050626,-1.050592,-0.800066,-0.000180
actual,7.460000,267.160000,0.549880,-1.049740,1.050626,-1.050592,-0.800066,-0.000180
actual,7.465000,267.165000,0.549801,-1.049740,1.050626,-1.050592,-0.800066,-0.000180
actual,7.470000,267.170000,0.549673,-1.049740,1.050626,-1.050592,-0.800066,-0.000180
actual,7.475000,267.175000,0.549496,-1.049740,1.050626,-1.050592,-0.800066,-0.000180
actual,7.480000,267.180000,0.549270,-1.049740,1.050626,-1.050592,-0.800066,-0.000180
actual,7.485000,267.185000,0.548996,-1.049740,1.050626,-1.050592,-0.800066,-0.000180
actual,7.490000,267.190000,0.548673,-1.049740,1.050626,-1.050592,-0.800066,-0.000180
actual,7.495000,267.195000,0.548302,-1.049740,1.050626,-1.050592,-0.800066,-0.000180
actual,7.500000,267.200000,0.547884,-1.049740,1.050626,-1.050592,-0.800066,-0.000180
actual,7.505000,267.205000,0.547418,-1.049740,1.050626,-1.050592,-0.800066,-0.000180
actual,7.510000,267.210000,0.546906,-1.049740,1.050626,-1.050592,-0.800066,-0.000180
actual,7.515000,267.215000,0.546347,-1.049740,1.050626,-1.050592,-0.800066,-0.000180
actual,7.520000,267.220000,0.545743,-1.049740,1.050626,-1.050592,-0.800066,-0.000180
actual,7.525000,267.225000,0.545094,-1.049740,1.050626,-1.050592,-0.800066,-0.000180
actual,7.530000,267.230000,0.544400,-1.049740,1.050626,-1.050592,-0.800066,-0.000180
actual,7.535000,267.235000,0.543662,-1.049740,1.050626,-1.050592,-0.800066,-0.000180
actual,7.540000,267.240000,0.542882,-1.049740,1.050626,-1.050592,-0.800066,-0.000180
actual,7.545000,267.245000,0.542059,-1.049740,1.050626,-1.050592,-0.800066,-0.000180
actual,7.550000,267.250000,0.541194,-1.049740,1.050626,-1.050592,-0.800066,-0.000180
actual,7.555000,267.255000,0.540289,-1.049740,1.050626,-1.050592,-0.800066,-0.000180
actual,7.560000,267.260000,0.539344,-1.049740,1.050626,-1.050592,-0.800066,-0.000180
actual,7.565000,267.265000,0.538361,-1.049740,1.050626,-1.050592,-0.800066,-0.000180
actual,7.570000,267.270000,0.537339,-1.049740,1.050626,-1.050592,-0.800066,-0.000180
actual,7.575000,267.275000,0.536281,-1.049740,1.050626,-1.050592,-0.800066,-0.000180
actual,7.580000,267.280000,0.535187,-1.049740,1.050626,-1.050592,-0.800066,-0.000180
actual,7.585000,267.285000,0.534059,-1.049740,1.050626,-1.050592,-0.800066,-0.000180
actual,7.590000,267.290000,0.532896,-1.049740,1.050626,-1.050592,-0.800066,-0.000180
actual,7.595000,267.295000,0.531702,-1.049740,1.050626,-1.050592,-0.800066,-0.000180
actual,7.600000,267.300000,0.530476,-1.049740,1.050626,-1.050592,-0.800066,-0.000180
actual,7.605000,267.305000,0.529220,-1.049740,1.050626,-1.050592,-0.800066,-0.000180
actual,7.610000,267.310000,0.527935,-1.049740,1.050626,-1.050592,-0.800066,-0.000180
actual,7.615000,267.315000,0.526623,-1.049740,1.050626,-1.050592,-0.800066,-0.000180
actual,7.620000,267.320000,0.525284,-1.049740,1.050626,-1.050592,-0.800066,-0.000180
actual,7.625000,267.325000,0.523921,-1.049740,1.050626,-1.050592,-0.800066,-0.000180
actual,7.630000,267.330000,0.522534,-1.049740,1.050626,-1.050592,-0.800066,-0.000180
actual,7.635000,267.335000,0.521125,-1.049740,1.050626,-1.050592,-0.800066,-0.000180
actual,7.640000,267.340000,0.519695,-1.049740,1.050626,-1.050592,-0.800066,-0.000180
actual,7.645000,267.345000,0.518245,-1.049740,1.050626,-1.050592,-0.800066,-0.000180
actual,7.650000,267.350000,0.516778,-1.049740,1.050626,-1.050592,-0.800066,-0.000180
actual,7.655000,267.355000,0.515294,-1.049740,1.050626,-1.050592,-0.800066,-0.000180
actual,7.660000,267.360000,0.513795,-1.049740,1.050626,-1.050592,-0.800066,-0.000180
actual,7.665000,267.365000,0.512282,-1.049740,1.050626,-1.050592,-0.800066,-0.000180
actual,7.670000,267.370000,0.510758,-1.049740,1.050626,-1.050592,-0.800066,-0.000180
actual,7.675000,267.375000,0.509223,-1.049740,1.050626,-1.050592,-0.800066,-0.000180
actual,7.680000,267.380000,0.507678,-1.049740,1.050626,-1.050592,-0.800066,-0.000180
actual,7.685000,267.385000,0.506127,-1.049740,1.050626,-1.050592,-0.800066,-0.000180
actual,7.690000,267.390000,0.504569,-1.049740,1.050626,-1.050592,-0.800066,-0.000180
actual,7.695000,267.395000,0.503006,-1.049740,1.050626,-1.050592,-0.800066,-0.000180
actual,7.700000,267.400000,0.501441,-1.049740,1.050626,-1.050592,-0.800066,-0.000180
actual,7.705000,267.405000,0.499875,-1.049740,1.050626,-1.050592,-0.800066,-0.000180
actual,7.710000,267.410000,0.498308,-1.049740,1.050626,-1.050592,-0.800066,-0.000180
actual,7.715000,267.415000,0.496743,-1.049740,1.050626,-1.050592,-0.800066,-0.000180
actual,7.720000,267.420000,0.495182,-1.049740,1.050626,-1.050592,-0.800066,-0.000180
actual,7.725000,267.425000,0.493625,-1.049740,1.050626,-1.050592,-0.800066,-0.000180
actual,7.730000,267.430000,0.492075,-1.049740,1.050626,-1.050592,-0.800066,-0.000180
actual,7.735000,267.435000,0.490532,-1.049740,1.050626,-1.050592,-0.800066,-0.000180
actual,7.740000,267.440000,0.488999,-1.049740,1.050626,-1.050592,-0.800066,-0.000180
actual,7.745000,267.445000,0.487477,-1.049740,1.050626,-1.050592,-0.800066,-0.000180
actual,7.750000,267.450000,0.485967,-1.049740,1.050626,-1.050592,-0.800066,-0.000180
actual,7.755000,267.455000,0.484471,-1.049740,1.050626,-1.050592,-0.800066,-0.000180
actual,7.760000,267.460000,0.482990,-1.049740,1.050626,-1.050592,-0.800066,-0.000180
actual,7.765000,267.465000,0.481526,-1.049740,1.050626,-1.050592,-0.800066,-0.000180
actual,7.770000,267.470000,0.480081,-1.049740,1.050626,-1.050592,-0.800066,-0.000180
actual,7.775000,267.475000,0.478655,-1.049740,1.050626,-1.050592,-0.800066,-0.000180
actual,7.780000,267.480000,0.477250,-1.049740,1.050626,-1.050592,-0.800066,-0.000180
actual,7.785000,267.485000,0.475868,-1.049740,1.050626,-1.050592,-0.800066,-0.000180
actual,7.790000,267.490000,0.474510,-1.049740,1.050626,-1.050592,-0.800066,-0.000180
actual,7.795000,267.495000,0.473177,-1.049740,1.050626,-1.050592,-0.800066,-0.000180
actual,7.800000,267.500000,0.471870,-1.049740,1.050626,-1.050592,-0.800066,-0.000180
actual,7.805000,267.505000,0.470591,-1.049740,1.050626,-1.050592,-0.800066,-0.000180
actual,7.810000,267.510000,0.469341,-1.049740,1.050626,-1.050592,-0.800066,-0.000180
actual,7.815000,267.515000,0.468122,-1.049740,1.050626,-1.050592,-0.800066,-0.000180
actual,7.820000,267.520000,0.466933,-1.049740,1.050626,-1.050592,-0.800066,-0.000180
actual,7.825000,267.525000,0.465778,-1.049740,1.050626,-1.050592,-0.800066,-0.000180
actual,7.830000,267.530000,0.464657,-1.049740,1.050626,-1.050592,-0.800066,-0.000180
actual,7.835000,267.535000,0.463570,-1.049740,1.050626,-1.050592,-0.800066,-0.000180
actual,7.840000,267.540000,0.462519,-1.049740,1.050626,-1.050592,-0.800066,-0.000180
actual,7.845000,267.545000,0.461506,-1.049740,1.050626,-1.050592,-0.800066,-0.000180
actual,7.850000,267.550000,0.460530,-1.049740,1.050626,-1.050592,-0.800066,-0.000180
actual,7.855000,267.555000,0.459593,-1.049740,1.050626,-1.050592,-0.800066,-0.000180
actual,7.860000,267.560000,0.458697,-1.049740,1.050626,-1.050592,-0.800066,-0.000180
actual,7.865000,267.565000,0.457841,-1.049740,1.050626,-1.050592,-0.800066,-0.000180
actual,7.870000,267.570000,0.457026,-1.049740,1.050626,-1.050592,-0.800066,-0.000180
actual,7.875000,267.575000,0.456255,-1.049740,1.050626,-1.050592,-0.800066,-0.000180
actual,7.880000,267.580000,0.455526,-1.049740,1.050626,-1.050592,-0.800066,-0.000180
actual,7.885000,267.585000,0.454841,-1.049740,1.050626,-1.050592,-0.800066,-0.000180
actual,7.890000,267.590000,0.454201,-1.049740,1.050626,-1.050592,-0.800066,-0.000180
actual,7.895000,267.595000,0.453606,-1.049740,1.050626,-1.050592,-0.800066,-0.000180
actual,7.900000,267.600000,0.453057,-1.049740,1.050626,-1.050592,-0.800066,-0.000180
actual,7.905000,267.605000,0.452555,-1.049740,1.050626,-1.050592,-0.800066,-0.000180
actual,7.910000,267.610000,0.452099,-1.049740,1.050626,-1.050592,-0.800066,-0.000180
actual,7.915000,267.615000,0.451690,-1.049740,1.050626,-1.050592,-0.800066,-0.000180
actual,7.920000,267.620000,0.451329,-1.049740,1.050626,-1.050592,-0.800066,-0.000180
actual,7.925000,267.625000,0.451017,-1.049740,1.050626,-1.050592,-0.800066,-0.000180
actual,7.930000,267.630000,0.450752,-1.049740,1.050626,-1.050592,-0.800066,-0.000180
actual,7.935000,267.635000,0.450537,-1.049740,1.050626,-1.050592,-0.800066,-0.000180
actual,7.940000,267.640000,0.450370,-1.049740,1.050626,-1.050592,-0.800066,-0.000180
actual,7.945000,267.645000,0.450252,-1.049740,1.050626,-1.050592,-0.800066,-0.000180
actual,7.950000,267.650000,0.450183,-1.049740,1.050626,-1.050592,-0.800066,-0.000180
actual,7.955000,267.655000,0.450164,-1.049740,1.050626,-1.050592,-0.800066,-0.000180
actual,7.960000,267.660000,0.450193,-1.049740,1.050626,-1.050592,-0.800066,-0.000180
actual,7.965000,267.665000,0.450272,-1.049740,1.050626,-1.050592,-0.800066,-0.000180
actual,7.970000,267.670000,0.450400,-1.049740,1.050626,-1.050592,-0.800066,-0.000180
actual,7.975000,267.675000,0.450577,-1.049740,1.050626,-1.050592,-0.800066,-0.000180
actual,7.980000,267.680000,0.450803,-1.049740,1.050626,-1.050592,-0.800066,-0.000180
actual,7.985000,267.685000,0.451077,-1.049740,1.050626,-1.050592,-0.800066,-0.000180
actual,7.990000,267.690000,0.451400,-1.049740,1.050626,-1.050592,-0.800066,-0.000180
actual,7.995000,267.695000,0.451771,-1.049740,1.050626,-1.050592,-0.800066,-0.000180
actual,8.000000,267.700000,0.452189,-1.049740,1.050626,-1.050592,-0.800066,-0.000180
actual,8.005000,267.705000,0.452655,-1.049740,1.050626,-1.050592,-0.800066,-0.000180
actual,8.010000,267.710000,0.453167,-1.049740,1.050626,-1.050592,-0.800066,-0.000180
actual,8.015000,267.715000,0.453725,-1.049740,1.050626,-1.050592,-0.800066,-0.000180
actual,8.020000,267.720000,0.454330,-1.049740,1.050626,-1.050592,-0.800066,-0.000180
actual,8.025000,267.725000,0.454979,-1.049740,1.050626,-1.050592,-0.800066,-0.000180
actual,8.030000,267.730000,0.455673,-1.049740,1.050626,-1.050592,-0.800066,-0.000180
actual,8.035000,267.735000,0.456411,-1.049740,1.050626,-1.050592,-0.800066,-0.000180
actual,8.040000,267.740000,0.457191,-1.049740,1.050626,-1.050592,-0.800066,-0.000180
actual,8.045000,267.745000,0.458014,-1.049740,1.050626,-1.050592,-0.800066,-0.000180
actual,8.050000,267.750000,0.458879,-1.049740,1.050626,-1.050592,-0.800066,-0.000180
actual,8.055000,267.755000,0.459784,-1.049740,1.050626,-1.050592,-0.800066,-0.000180
actual,8.060000,267.760000,0.460728,-1.049740,1.050626,-1.050592,-0.800066,-0.000180
actual,8.065000,267.765000,0.461712,-1.049740,1.050626,-1.050592,-0.800066,-0.000180
actual,8.070000,267.770000,0.462733,-1.049740,1.050626,-1.050592,-0.800066,-0.000180
actual,8.075000,267.775000,0.463792,-1.049740,1.050626,-1.050592,-0.800066,-0.000180
actual,8.080000,267.780000,0.464886,-1.049740,1.050626,-1.050592,-0.800066,-0.000180
actual,8.085000,267.785000,0.466014,-1.049740,1.050626,-1.050592,-0.800066,-0.000180
actual,8.090000,267.790000,0.467176,-1.049740,1.050626,-1.050592,-0.800066,-0.000180
actual,8.095000,267.795000,0.468371,-1.049740,1.050626,-1.050592,-0.800066,-0.000180
actual,8.100000,267.800000,0.469597,-1.049740,1.050626,-1.050592,-0.800066,-0.000180
actual,8.105000,267.805000,0.470853,-1.049740,1.050626,-1.050592,-0.800066,-0.000180
actual,8.110000,267.810000,0.472138,-1.049740,1.050626,-1.050592,-0.800066,-0.000180
actual,8.115000,267.815000,0.473450,-1.049740,1.050626,-1.050592,-0.800066,-0.000180
actual,8.120000,267.820000,0.474788,-1.049740,1.050626,-1.050592,-0.800066,-0.000180
actual,8.125000,267.825000,0.476152,-1.049740,1.050626,-1.050592,-0.800066,-0.000180
actual,8.130000,267.830000,0.477539,-1.049740,1.050626,-1.050592,-0.800066,-0.000180
actual,8.135000,267.835000,0.478948,-1.049740,1.050626,-1.050592,-0.800066,-0.000180
actual,8.140000,267.840000,0.480378,-1.049740,1.050626,-1.050592,-0.800066,-0.000180
actual,8.145000,267.845000,0.481828,-1.049740,1.050626,-1.050592,-0.800066,-0.000180
actual,8.150000,267.850000,0.483295,-1.049740,1.050626,-1.050592,-0.800066,-0.000180
actual,8.155000,267.855000,0.484779,-1.049740,1.050626,-1.050592,-0.800066,-0.000180
actual,8.160000,267.860000,0.486278,-1.049740,1.050626,-1.050592,-0.800066,-0.000180
actual,8.165000,267.865000,0.487790,-1.049740,1.050626,-1.050592,-0.800066,-0.000180
actual,8.170000,267.870000,0.489315,-1.049740,1.050626,-1.050592,-0.800066,-0.000180
actual,8.175000,267.875000,0.490850,-1.049740,1.050626,-1.050592,-0.800066,-0.000180
actual,8.180000,267.880000,0.492395,-1.049740,1.050626,-1.050592,-0.800066,-0.000180
actual,8.185000,267.885000,0.493946,-1.049740,1.050626,-1.050592,-0.800066,-0.000180
actual,8.190000,267.890000,0.495504,-1.049740,1.050626,-1.050592,-0.800066,-0.000180
actual,8.195000,267.895000,0.497066,-1.049740,1.050626,-1.050592,-0.800066,-0.000180
actual,8.200000,267.900000,0.498632,-1.049740,1.050626,-1.050592,-0.800066,-0.000180
actual,8.205000,267.905000,0.500198,-1.049740,1.050626,-1.050592,-0.800066,-0.000180
actual,8.210000,267.910000,0.501765,-1.049740,1.050626,-1.050592,-0.800066,-0.000180
actual,8.215000,267.915000,0.503330,-1.049740,1.050626,-1.050592,-0.800066,-0.000180
actual,8.220000,267.920000,0.504891,-1.049740,1.050626,-1.050592,-0.800066,-0.000180
actual,8.225000,267.925000,0.506448,-1.049740,1.050626,-1.050592,-0.800066,-0.000180
actual,8.230000,267.930000,0.507998,-1.049740,1.050626,-1.050592,-0.800066,-0.000180
actual,8.235000,267.935000,0.509541,-1.049740,1.050626,-1.050592,-0.800066,-0.000180
actual,8.240000,267.940000,0.511074,-1.049740,1.050626,-1.050592,-0.800066,-0.000180
actual,8.245000,267.945000,0.512596,-1.049740,1.050626,-1.050592,-0.800066,-0.000180
actual,8.250000,267.950000,0.514106,-1.049740,1.050626,-1.050592,-0.800066,-0.000180
actual,8.255000,267.955000,0.515602,-1.049740,1.050626,-1.050592,-0.800066,-0.000180
actual,8.260000,267.960000,0.517083,-1.049740,1.050626,-1.050592,-0.800066,-0.000180
actual,8.265000,267.965000,0.518546,-1.049740,1.050626,-1.050592,-0.800066,-0.000180
actual,8.270000,267.970000,0.519992,-1.049740,1.050626,-1.050592,-0.800066,-0.000180
actual,8.275000,267.975000,0.521418,-1.049740,1.050626,-1.050592,-0.800066,-0.000180
actual,8.280000,267.980000,0.522822,-1.049740,1.050626,-1.050592,-0.800066,-0.000180
actual,8.285000,267.985000,0.524205,-1.049740,1.050626,-1.050592,-0.800066,-0.000180
actual,8.290000,267.990000,0.525563,-1.049740,1.050626,-1.050592,-0.800066,-0.000180
actual,8.295000,267.995000,0.526896,-1.049740,1.050626,-1.050592,-0.800066,-0.000180
actual,8.300000,268.000000,0.528203,-1.049740,1.050626,-1.050592,-0.800066,-0.000180
actual,8.305000,268.005000,0.529482,-1.049740,1.050626,-1.050592,-0.800066,-0.000180
actual,8.310000,268.010000,0.530732,-1.049740,1.050626,-1.050592,-0.800066,-0.000180
actual,8.315000,268.015000,0.531951,-1.049740,1.050626,-1.050592,-0.800066,-0.000180
actual,8.320000,268.020000,0.533139,-1.049740,1.050626,-1.050592,-0.800066,-0.000180
actual,8.325000,268.025000,0.534295,-1.049740,1.050626,-1.050592,-0.800066,-0.000180
actual,8.330000,268.030000,0.535416,-1.049740,1.050626,-1.050592,-0.800066,-0.000180
actual,8.335000,268.035000,0.536503,-1.049740,1.050626,-1.050592,-0.800066,-0.000180
actual,8.340000,268.040000,0.537554,-1.049740,1.050626,-1.050592,-0.800066,-0.000180
actual,8.345000,268.045000,0.538567,-1.049740,1.050626,-1.050592,-0.800066,-0.000180
actual,8.350000,268.050000,0.539543,-1.049740,1.050626,-1.050592,-0.800066,-0.000180
actual,8.355000,268.055000,0.540480,-1.049740,1.050626,-1.050592,-0.800066,-0.000180
actual,8.360000,268.060000,0.541376,-1.049740,1.050626,-1.050592,-0.800066,-0.000180
actual,8.365000,268.065000,0.542232,-1.049740,1.050626,-1.050592,-0.800066,-0.000180
actual,8.370000,268.070000,0.543046,-1.049740,1.050626,-1.050592,-0.800066,-0.000180
actual,8.375000,268.075000,0.543818,-1.049740,1.050626,-1.050592,-0.800066,-0.000180
actual,8.380000,268.080000,0.544547,-1.049740,1.050626,-1.050592,-0.800066,-0.000180
actual,8.385000,268.085000,0.545232,-1.049740,1.050626,-1.050592,-0.800066,-0.000180
actual,8.390000,268.090000,0.545872,-1.049740,1.050626,-1.050592,-0.800066,-0.000180
actual,8.395000,268.095000,0.546467,-1.049740,1.050626,-1.050592,-0.800066,-0.000180
actual,8.400000,268.100000,0.547016,-1.049740,1.050626,-1.050592,-0.800066,-0.000180
actual,8.405000,268.105000,0.547518,-1.049740,1.050626,-1.050592,-0.800066,-0.000180
actual,8.410000,268.110000,0.547974,-1.049740,1.050626,-1.050592,-0.800066,-0.000180
actual,8.415000,268.115000,0.548383,-1.049740,1.050626,-1.050592,-0.800066,-0.000180
actual,8.420000,268.120000,0.548743,-1.049740,1.050626,-1.050592,-0.800066,-0.000180
actual,8.425000,268.125000,0.549056,-1.049740,1.050626,-1.050592,-0.800066,-0.000180
actual,8.430000,268.130000,0.549321,-1.049740,1.050626,-1.050592,-0.800066,-0.000180
actual,8.435000,268.135000,0.549536,-1.049740,1.050626,-1.050592,-0.800066,-0.000180
actual,8.440000,268.140000,0.549703,-1.049740,1.050626,-1.050592,-0.800066,-0.000180
actual,8.445000,268.145000,0.549821,-1.049740,1.050626,-1.050592,-0.800066,-0.000180
actual,8.450000,268.150000,0.549890,-1.049740,1.050626,-1.050592,-0.800066,-0.000180
actual,8.455000,268.155000,0.549909,-1.049740,1.050626,-1.050592,-0.800066,-0.000180
actual,8.460000,268.160000,0.549880,-1.049740,1.050626,-1.050592,-0.800066,-0.000180
actual,8.465000,268.165000,0.549801,-1.049740,1.050626,-1.050592,-0.800066,-0.000180
actual,8.470000,268.170000,0.549673,-1.049740,1.050626,-1.050592,-0.800066,-0.000180
actual,8.475000,268.175000,0.549496,-1.049740,1.050626,-1.050592,-0.800066,-0.000180
actual,8.480000,268.180000,0.549270,-1.049740,1.050626,-1.050592,-0.800066,-0.000180
actual,8.485000,268.185000,0.548996,-1.049740,1.050626,-1.050592,-0.800066,-0.000180
actual,8.490000,268.190000,0.548673,-1.049740,1.050626,-1.050592,-0.800066,-0.000180
actual,8.495000,268.195000,0.548302,-1.049740,1.050626,-1.050592,-0.800066,-0.000180
actual,8.500000,268.200000,0.547884,-1.049740,1.050626,-1.050592,-0.800066,-0.000180
actual,8.505000,268.205000,0.547418,-1.049740,1.050626,-1.050592,-0.800066,-0.000180
actual,8.510000,268.210000,0.546906,-1.049740,1.050626,-1.050592,-0.800066,-0.000180
actual,8.515000,268.215000,0.546347,-1.049740,1.050626,-1.050592,-0.800066,-0.000180
actual,8.520000,268.220000,0.545743,-1.049740,1.050626,-1.050592,-0.800066,-0.000180
actual,8.525000,268.225000,0.545094,-1.049740,1.050626,-1.050592,-0.800066,-0.000180
actual,8.530000,268.230000,0.544400,-1.049740,1.050626,-1.050592,-0.800066,-0.000180
actual,8.535000,268.235000,0.543662,-1.049740,1.050626,-1.050592,-0.800066,-0.000180
actual,8.540000,268.240000,0.542882,-1.049740,1.050626,-1.050592,-0.800066,-0.000180
actual,8.545000,268.245000,0.542059,-1.049740,1.050626,-1.050592,-0.800066,-0.000180
actual,8.550000,268.250000,0.541194,-1.049740,1.050626,-1.050592,-0.800066,-0.000180
actual,8.555000,268.255000,0.540289,-1.049740,1.050626,-1.050592,-0.800066,-0.000180
actual,8.560000,268.260000,0.539344,-1.049740,1.050626,-1.050592,-0.800066,-0.000180
actual,8.565000,268.265000,0.538361,-1.049740,1.050626,-1.050592,-0.800066,-0.000180
actual,8.570000,268.270000,0.537339,-1.049740,1.050626,-1.050592,-0.800066,-0.000180
actual,8.575000,268.275000,0.536281,-1.049740,1.050626,-1.050592,-0.800066,-0.000180
actual,8.580000,268.280000,0.535187,-1.049740,1.050626,-1.050592,-0.800066,-0.000180
actual,8.585000,268.285000,0.534059,-1.049740,1.050626,-1.050592,-0.800066,-0.000180
actual,8.590000,268.290000,0.532896,-1.049740,1.050626,-1.050592,-0.800066,-0.000180
actual,8.595000,268.295000,0.531702,-1.049740,1.050626,-1.050592,-0.800066,-0.000180
actual,8.600000,268.300000,0.530476,-1.049740,1.050626,-1.050592,-0.800066,-0.000180
actual,8.605000,268.305000,0.529220,-1.049740,1.050626,-1.050592,-0.800066,-0.000180
actual,8.610000,268.310000,0.527935,-1.049740,1.050626,-1.050592,-0.800066,-0.000180
actual,8.615000,268.315000,0.526623,-1.049740,1.050626,-1.050592,-0.800066,-0.000180
actual,8.620000,268.320000,0.525284,-1.049740,1.050626,-1.050592,-0.800066,-0.000180
actual,8.625000,268.325000,0.523921,-1.049740,1.050626,-1.050592,-0.800066,-0.000180
actual,8.630000,268.330000,0.522534,-1.049740,1.050626,-1.050592,-0.800066,-0.000180
actual,8.635000,268.335000,0.521125,-1.049740,1.050626,-1.050592,-0.800066,-0.000180
actual,8.640000,268.340000,0.519695,-1.049740,1.050626,-1.050592,-0.800066,-0.000180
actual,8.645000,268.345000,0.518245,-1.049740,1.050626,-1.050592,-0.800066,-0.000180
actual,8.650000,268.350000,0.516778,-1.049740,1.050626,-1.050592,-0.800066,-0.000180
actual,8.655000,268.355000,0.515294,-1.049740,1.050626,-1.050592,-0.800066,-0.000180
actual,8.660000,268.360000,0.513795,-1.049740,1.050626,-1.050592,-0.800066,-0.000180
actual,8.665000,268.365000,0.512282,-1.049740,1.050626,-1.050592,-0.800066,-0.000180
actual,8.670000,268.370000,0.510758,-1.049740,1.050626,-1.050592,-0.800066,-0.000180
actual,8.675000,268.375000,0.509223,-1.049740,1.050626,-1.050592,-0.800066,-0.000180
actual,8.680000,268.380000,0.507678,-1.049740,1.050626,-1.050592,-0.800066,-0.000180
actual,8.685000,268.385000,0.506127,-1.049740,1.050626,-1.050592,-0.800066,-0.000180
actual,8.690000,268.390000,0.504569,-1.049740,1.050626,-1.050592,-0.800066,-0.000180
actual,8.695000,268.395000,0.503006,-1.049740,1.050626,-1.050592,-0.800066,-0.000180
actual,8.700000,268.400000,0.501441,-1.049740,1.050626,-1.050592,-0.800066,-0.000180
actual,8.705000,268.405000,0.499875,-1.049740,1.050626,-1.050592,-0.800066,-0.000180
actual,8.710000,268.410000,0.498308,-1.049740,1.050626,-1.050592,-0.800066,-0.000180
actual,8.715000,268.415000,0.496743,-1.049740,1.050626,-1.050592,-0.800066,-0.000180
actual,8.720000,268.420000,0.495182,-1.049740,1.050626,-1.050592,-0.800066,-0.000180
actual,8.725000,268.425000,0.493625,-1.049740,1.050626,-1.050592,-0.800066,-0.000180
actual,8.730000,268.430000,0.492075,-1.049740,1.050626,-1.050592,-0.800066,-0.000180
actual,8.735000,268.435000,0.490532,-1.049740,1.050626,-1.050592,-0.800066,-0.000180
actual,8.740000,268.440000,0.488999,-1.049740,1.050626,-1.050592,-0.800066,-0.000180
actual,8.745000,268.445000,0.487477,-1.049740,1.050626,-1.050592,-0.800066,-0.000180
actual,8.750000,268.450000,0.485967,-1.049740,1.050626,-1.050592,-0.800066,-0.000180
actual,8.755000,268.455000,0.484471,-1.049740,1.050626,-1.050592,-0.800066,-0.000180
actual,8.760000,268.460000,0.482990,-1.049740,1.050626,-1.050592,-0.800066,-0.000180
actual,8.765000,268.465000,0.481526,-1.049740,1.050626,-1.050592,-0.800066,-0.000180
actual,8.770000,268.470000,0.480081,-1.049740,1.050626,-1.050592,-0.800066,-0.000180
actual,8.775000,268.475000,0.478655,-1.049740,1.050626,-1.050592,-0.800066,-0.000180
actual,8.780000,268.480000,0.477250,-1.049740,1.050626,-1.050592,-0.800066,-0.000180
actual,8.785000,268.485000,0.475868,-1.049740,1.050626,-1.050592,-0.800066,-0.000180
actual,8.790000,268.490000,0.474510,-1.049740,1.050626,-1.050592,-0.800066,-0.000180
actual,8.795000,268.495000,0.473177,-1.049740,1.050626,-1.050592,-0.800066,-0.000180
actual,8.800000,268.500000,0.471870,-1.049740,1.050626,-1.050592,-0.800066,-0.000180
actual,8.805000,268.505000,0.470591,-1.049740,1.050626,-1.050592,-0.800066,-0.000180
actual,8.810000,268.510000,0.469341,-1.049740,1.050626,-1.050592,-0.800066,-0.000180
actual,8.815000,268.515000,0.468122,-1.049740,1.050626,-1.050592,-0.800066,-0.000180
actual,8.820000,268.520000,0.466933,-1.049740,1.050626,-1.050592,-0.800066,-0.000180
actual,8.825000,268.525000,0.465778,-1.049740,1.050626,-1.050592,-0.800066,-0.000180
actual,8.830000,268.530000,0.464657,-1.049740,1.050626,-1.050592,-0.800066,-0.000180
actual,8.835000,268.535000,0.463570,-1.049740,1.050626,-1.050592,-0.800066,-0.000180
actual,8.840000,268.540000,0.462519,-1.049740,1.050626,-1.050592,-0.800066,-0.000180
actual,8.845000,268.545000,0.461506,-1.049740,1.050626,-1.050592,-0.800066,-0.000180
actual,8.850000,268.550000,0.460530,-1.049740,1.050626,-1.050592,-0.800066,-0.000180
actual,8.855000,268.555000,0.459593,-1.049740,1.050626,-1.050592,-0.800066,-0.000180
actual,8.860000,268.560000,0.458697,-1.049740,1.050626,-1.050592,-0.800066,-0.000180
actual,8.865000,268.565000,0.457841,-1.049740,1.050626,-1.050592,-0.800066,-0.000180
actual,8.870000,268.570000,0.457026,-1.049740,1.050626,-1.050592,-0.800066,-0.000180
actual,8.875000,268.575000,0.456255,-1.049740,1.050626,-1.050592,-0.800066,-0.000180
actual,8.880000,268.580000,0.455526,-1.049740,1.050626,-1.050592,-0.800066,-0.000180
actual,8.885000,268.585000,0.454841,-1.049740,1.050626,-1.050592,-0.800066,-0.000180
actual,8.890000,268.590000,0.454201,-1.049740,1.050626,-1.050592,-0.800066,-0.000180
actual,8.895000,268.595000,0.453606,-1.049740,1.050626,-1.050592,-0.800066,-0.000180
actual,8.900000,268.600000,0.453057,-1.049740,1.050626,-1.050592,-0.800066,-0.000180
actual,8.905000,268.605000,0.452555,-1.049740,1.050626,-1.050592,-0.800066,-0.000180
actual,8.910000,268.610000,0.452099,-1.049740,1.050626,-1.050592,-0.800066,-0.000180
actual,8.915000,268.615000,0.451690,-1.049740,1.050626,-1.050592,-0.800066,-0.000180
actual,8.920000,268.620000,0.451329,-1.049740,1.050626,-1.050592,-0.800066,-0.000180
actual,8.925000,268.625000,0.451017,-1.049740,1.050626,-1.050592,-0.800066,-0.000180
actual,8.930000,268.630000,0.450752,-1.049740,1.050626,-1.050592,-0.800066,-0.000180
actual,8.935000,268.635000,0.450537,-1.049740,1.050626,-1.050592,-0.800066,-0.000180
actual,8.940000,268.640000,0.450370,-1.049740,1.050626,-1.050592,-0.800066,-0.000180
actual,8.945000,268.645000,0.450252,-1.049740,1.050626,-1.050592,-0.800066,-0.000180
actual,8.950000,268.650000,0.450183,-1.049740,1.050626,-1.050592,-0.800066,-0.000180
actual,8.955000,268.655000,0.450164,-1.049740,1.050626,-1.050592,-0.800066,-0.000180
actual,8.960000,268.660000,0.450193,-1.049740,1.050626,-1.050592,-0.800066,-0.000180
actual,8.965000,268.665000,0.450272,-1.049740,1.050626,-1.050592,-0.800066,-0.000180
actual,8.970000,268.670000,0.450400,-1.049740,1.050626,-1.050592,-0.800066,-0.000180
actual,8.975000,268.675000,0.450577,-1.049740,1.050626,-1.050592,-0.800066,-0.000180
actual,8.980000,268.680000,0.450803,-1.049740,1.050626,-1.050592,-0.800066,-0.000180
actual,8.985000,268.685000,0.451077,-1.049740,1.050626,-1.050592,-0.800066,-0.000180
actual,8.990000,268.690000,0.451400,-1.049740,1.050626,-1.050592,-0.800066,-0.000180
actual,8.995000,268.695000,0.451771,-1.049740,1.050626,-1.050592,-0.800066,-0.000180
actual,9.000000,268.700000,0.452189,-1.049740,1.050626,-1.050592,-0.800066,-0.000180
actual,9.005000,268.705000,0.452655,-1.049740,1.050626,-1.050592,-0.800066,-0.000180
actual,9.010000,268.710000,0.453167,-1.049740,1.050626,-1.050592,-0.800066,-0.000180
actual,9.015000,268.715000,0.453725,-1.049740,1.050626,-1.050592,-0.800066,-0.000180
actual,9.020000,268.720000,0.454330,-1.049740,1.050626,-1.050592,-0.800066,-0.000180
actual,9.025000,268.725000,0.454979,-1.049740,1.050626,-1.050592,-0.800066,-0.000180
actual,9.030000,268.730000,0.455673,-1.049740,1.050626,-1.050592,-0.800066,-0.000180
actual,9.035000,268.735000,0.456411,-1.049740,1.050626,-1.050592,-0.800066,-0.000180
actual,9.040000,268.740000,0.457191,-1.049740,1.050626,-1.050592,-0.800066,-0.000180
actual,9.045000,268.745000,0.458014,-1.049740,1.050626,-1.050592,-0.800066,-0.000180
actual,9.050000,268.750000,0.458879,-1.049740,1.050626,-1.050592,-0.800066,-0.000180
actual,9.055000,268.755000,0.459784,-1.049740,1.050626,-1.050592,-0.800066,-0.000180
actual,9.060000,268.760000,0.460728,-1.049740,1.050626,-1.050592,-0.800066,-0.000180
actual,9.065000,268.765000,0.461712,-1.049740,1.050626,-1.050592,-0.800066,-0.000180
actual,9.070000,268.770000,0.462733,-1.049740,1.050626,-1.050592,-0.800066,-0.000180
actual,9.075000,268.775000,0.463792,-1.049740,1.050626,-1.050592,-0.800066,-0.000180
actual,9.080000,268.780000,0.464886,-1.049740,1.050626,-1.050592,-0.800066,-0.000180
actual,9.085000,268.785000,0.466014,-1.049740,1.050626,-1.050592,-0.800066,-0.000180
actual,9.090000,268.790000,0.467176,-1.049740,1.050626,-1.050592,-0.800066,-0.000180
actual,9.095000,268.795000,0.468371,-1.049740,1.050626,-1.050592,-0.800066,-0.000180
actual,9.100000,268.800000,0.469597,-1.049740,1.050626,-1.050592,-0.800066,-0.000180
actual,9.105000,268.805000,0.470853,-1.049740,1.050626,-1.050592,-0.800066,-0.000180
actual,9.110000,268.810000,0.472138,-1.049740,1.050626,-1.050592,-0.800066,-0.000180
actual,9.115000,268.815000,0.473450,-1.049740,1.050626,-1.050592,-0.800066,-0.000180
actual,9.120000,268.820000,0.474788,-1.049740,1.050626,-1.050592,-0.800066,-0.000180
actual,9.125000,268.825000,0.476152,-1.049740,1.050626,-1.050592,-0.800066,-0.000180
actual,9.130000,268.830000,0.477539,-1.049740,1.050626,-1.050592,-0.800066,-0.000180
actual,9.135000,268.835000,0.478948,-1.049740,1.050626,-1.050592,-0.800066,-0.000180
actual,9.140000,268.840000,0.480378,-1.049740,1.050626,-1.050592,-0.800066,-0.000180
actual,9.145000,268.845000,0.481828,-1.049740,1.050626,-1.050592,-0.800066,-0.000180
actual,9.150000,268.850000,0.483295,-1.049740,1.050626,-1.050592,-0.800066,-0.000180
actual,9.155000,268.855000,0.484779,-1.049740,1.050626,-1.050592,-0.800066,-0.000180
actual,9.160000,268.860000,0.486278,-1.049740,1.050626,-1.050592,-0.800066,-0.000180
actual,9.165000,268.865000,0.487790,-1.049740,1.050626,-1.050592,-0.800066,-0.000180
actual,9.170000,268.870000,0.489315,-1.049740,1.050626,-1.050592,-0.800066,-0.000180
actual,9.175000,268.875000,0.490850,-1.049740,1.050626,-1.050592,-0.800066,-0.000180
actual,9.180000,268.880000,0.492395,-1.049740,1.050626,-1.050592,-0.800066,-0.000180
actual,9.185000,268.885000,0.493946,-1.049740,1.050626,-1.050592,-0.800066,-0.000180
actual,9.190000,268.890000,0.495504,-1.049740,1.050626,-1.050592,-0.800066,-0.000180
actual,9.195000,268.895000,0.497066,-1.049740,1.050626,-1.050592,-0.800066,-0.000180
actual,9.200000,268.900000,0.498632,-1.049740,1.050626,-1.050592,-0.800066,-0.000180
actual,9.205000,268.905000,0.500198,-1.049740,1.050626,-1.050592,-0.800066,-0.000180
actual,9.210000,268.910000,0.501765,-1.049740,1.050626,-1.050592,-0.800066,-0.000180
actual,9.220000,268.920000,0.504891,-1.049740,1.050626,-1.050592,-0.800066,-0.000180
actual,9.225000,268.925000,0.506448,-1.049740,1.050626,-1.050592,-0.800066,-0.000180
actual,9.230000,268.930000,0.507998,-1.049740,1.050626,-1.050592,-0.800066,-0.000180
actual,9.235000,268.935000,0.509541,-1.049740,1.050626,-1.050592,-0.800066,-0.000180
actual,9.240000,268.940000,0.511074,-1.049740,1.050626,-1.050592,-0.800066,-0.000180
actual,9.245000,268.945000,0.512596,-1.049740,1.050626,-1.050592,-0.800066,-0.000180
actual,9.250000,268.950000,0.514106,-1.049740,1.050626,-1.050592,-0.800066,-0.000180
actual,9.255000,268.955000,0.515602,-1.049740,1.050626,-1.050592,-0.800066,-0.000180
actual,9.260000,268.960000,0.517083,-1.049740,1.050626,-1.050592,-0.800066,-0.000180
actual,9.265000,268.965000,0.518546,-1.049740,1.050626,-1.050592,-0.800066,-0.000180
actual,9.270000,268.970000,0.519992,-1.049740,1.050626,-1.050592,-0.800066,-0.000180
actual,9.275000,268.975000,0.521418,-1.049740,1.050626,-1.050592,-0.800066,-0.000180
actual,9.280000,268.980000,0.522822,-1.049740,1.050626,-1.050592,-0.800066,-0.000180
actual,9.285000,268.985000,0.524205,-1.049740,1.050626,-1.050592,-0.800066,-0.000180
actual,9.290000,268.990000,0.525563,-1.049740,1.050626,-1.050592,-0.800066,-0.000180
actual,9.295000,268.995000,0.526896,-1.049740,1.050626,-1.050592,-0.800066,-0.000180
actual,9.300000,269.000000,0.528203,-1.049740,1.050626,-1.050592,-0.800066,-0.000180
actual,9.305000,269.005000,0.529482,-1.049740,1.050626,-1.050592,-0.800066,-0.000180
actual,9.310000,269.010000,0.530732,-1.049740,1.050626,-1.050592,-0.800066,-0.000180
actual,9.315000,269.015000,0.531951,-1.049740,1.050626,-1.050592,-0.800066,-0.000180
actual,9.320000,269.020000,0.533139,-1.049740,1.050626,-1.050592,-0.800066,-0.000180
actual,9.325000,269.025000,0.534295,-1.049740,1.050626,-1.050592,-0.800066,-0.000180
actual,9.330000,269.030000,0.535416,-1.049740,1.050626,-1.050592,-0.800066,-0.000180
actual,9.335000,269.035000,0.536503,-1.049740,1.050626,-1.050592,-0.800066,-0.000180
actual,9.340000,269.040000,0.537554,-1.049740,1.050626,-1.050592,-0.800066,-0.000180
actual,9.345000,269.045000,0.538567,-1.049740,1.050626,-1.050592,-0.800066,-0.000180
actual,9.355000,269.055000,0.540480,-1.049740,1.050626,-1.050592,-0.800066,-0.000180
actual,9.360000,269.060000,0.541376,-1.049740,1.050626,-1.050592,-0.800066,-0.000180
actual,9.365000,269.065000,0.542232,-1.049740,1.050626,-1.050592,-0.800066,-0.000180
actual,9.370000,269.070000,0.543046,-1.049740,1.050626,-1.050592,-0.800066,-0.000180
actual,9.375000,269.075000,0.543818,-1.049740,1.050626,-1.050592,-0.800066,-0.000180
actual,9.380000,269.080000,0.544547,-1.049740,1.050626,-1.050592,-0.800066,-0.000180
actual,9.385000,269.085000,0.545232,-1.049740,1.050626,-1.050592,-0.800066,-0.000180
actual,9.390000,269.090000,0.545872,-1.049740,1.050626,-1.050592,-0.800066,-0.000180
actual,9.395000,269.095000,0.546467,-1.049740,1.050626,-1.050592,-0.800066,-0.000180
actual,9.400000,269.100000,0.547016,-1.049740,1.050626,-1.050592,-0.800066,-0.000180
actual,9.405000,269.105000,0.547518,-1.049740,1.050626,-1.050592,-0.800066,-0.000180
actual,9.410000,269.110000,0.547974,-1.049740,1.050626,-1.050592,-0.800066,-0.000180
actual,9.415000,269.115000,0.548383,-1.049740,1.050626,-1.050592,-0.800066,-0.000180
actual,9.420000,269.120000,0.548743,-1.049740,1.050626,-1.050592,-0.800066,-0.000180
actual,9.425000,269.125000,0.549056,-1.049740,1.050626,-1.050592,-0.800066,-0.000180
actual,9.430000,269.130000,0.549321,-1.049740,1.050626,-1.050592,-0.800066,-0.000180
actual,9.435000,269.135000,0.549536,-1.049740,1.050626,-1.050592,-0.800066,-0.000180
actual,9.440000,269.140000,0.549703,-1.049740,1.050626,-1.050592,-0.800066,-0.000180
actual,9.445000,269.145000,0.549821,-1.049740,1.050626,-1.050592,-0.800066,-0.000180
actual,9.450000,269.150000,0.549890,-1.049740,1.050626,-1.050592,-0.800066,-0.000180
actual,9.455000,269.155000,0.549909,-1.049740,1.050626,-1.050592,-0.800066,-0.000180
actual,9.460000,269.160000,0.549880,-1.049740,1.050626,-1.050592,-0.800066,-0.000180
actual,9.465000,269.165000,0.549801,-1.049740,1.050626,-1.050592,-0.800066,-0.000180
actual,9.470000,269.170000,0.549673,-1.049740,1.050626,-1.050592,-0.800066,-0.000180
actual,9.475000,269.175000,0.549496,-1.049740,1.050626,-1.050592,-0.800066,-0.000180
actual,9.480000,269.180000,0.549270,-1.049740,1.050626,-1.050592,-0.800066,-0.000180
actual,9.485000,269.185000,0.548996,-1.049740,1.050626,-1.050592,-0.800066,-0.000180
actual,9.490000,269.190000,0.548673,-1.049740,1.050626,-1.050592,-0.800066,-0.000180
actual,9.495000,269.195000,0.548302,-1.049740,1.050626,-1.050592,-0.800066,-0.000180
actual,9.500000,269.200000,0.547884,-1.049740,1.050626,-1.050592,-0.800066,-0.000180
actual,9.505000,269.205000,0.547418,-1.049740,1.050626,-1.050592,-0.800066,-0.000180
actual,9.510000,269.210000,0.546906,-1.049740,1.050626,-1.050592,-0.800066,-0.000180
actual,9.515000,269.215000,0.546347,-1.049740,1.050626,-1.050592,-0.800066,-0.000180
actual,9.520000,269.220000,0.545743,-1.049740,1.050626,-1.050592,-0.800066,-0.000180
actual,9.525000,269.225000,0.545094,-1.049740,1.050626,-1.050592,-0.800066,-0.000180
actual,9.530000,269.230000,0.544400,-1.049740,1.050626,-1.050592,-0.800066,-0.000180
actual,9.535000,269.235000,0.543662,-1.049740,1.050626,-1.050592,-0.800066,-0.000180
actual,9.540000,269.240000,0.542882,-1.049740,1.050626,-1.050592,-0.800066,-0.000180
actual,9.545000,269.245000,0.542059,-1.049740,1.050626,-1.050592,-0.800066,-0.000180
actual,9.550000,269.250000,0.541194,-1.049740,1.050626,-1.050592,-0.800066,-0.000180
actual,9.555000,269.255000,0.540289,-1.049740,1.050626,-1.050592,-0.800066,-0.000180
actual,9.560000,269.260000,0.539344,-1.049740,1.050626,-1.050592,-0.800066,-0.000180
actual,9.565000,269.265000,0.538361,-1.049740,1.050626,-1.050592,-0.800066,-0.000180
actual,9.570000,269.270000,0.537339,-1.049740,1.050626,-1.050592,-0.800066,-0.000180
actual,9.575000,269.275000,0.536281,-1.049740,1.050626,-1.050592,-0.800066,-0.000180
actual,9.580000,269.280000,0.535187,-1.049740,1.050626,-1.050592,-0.800066,-0.000180
actual,9.585000,269.285000,0.534059,-1.049740,1.050626,-1.050592,-0.800066,-0.000180
actual,9.590000,269.290000,0.532896,-1.049740,1.050626,-1.050592,-0.800066,-0.000180
actual,9.595000,269.295000,0.531702,-1.049740,1.050626,-1.050592,-0.800066,-0.000180
actual,9.600000,269.300000,0.530476,-1.049740,1.050626,-1.050592,-0.800066,-0.000180
actual,9.605000,269.305000,0.529220,-1.049740,1.050626,-1.050592,-0.800066,-0.000180
actual,9.610000,269.310000,0.527935,-1.049740,1.050626,-1.050592,-0.800066,-0.000180
actual,9.615000,269.315000,0.526623,-1.049740,1.050626,-1.050592,-0.800066,-0.000180
actual,9.620000,269.320000,0.525284,-1.049740,1.050626,-1.050592,-0.800066,-0.000180
actual,9.625000,269.325000,0.523921,-1.049740,1.050626,-1.050592,-0.800066,-0.000180
actual,9.630000,269.330000,0.522534,-1.049740,1.050626,-1.050592,-0.800066,-0.000180
actual,9.635000,269.335000,0.521125,-1.049740,1.050626,-1.050592,-0.800066,-0.000180
actual,9.640000,269.340000,0.519695,-1.049740,1.050626,-1.050592,-0.800066,-0.000180
actual,9.645000,269.345000,0.518245,-1.049740,1.050626,-1.050592,-0.800066,-0.000180
actual,9.650000,269.350000,0.516778,-1.049740,1.050626,-1.050592,-0.800066,-0.000180
actual,9.655000,269.355000,0.515294,-1.049740,1.050626,-1.050592,-0.800066,-0.000180
actual,9.660000,269.360000,0.513795,-1.049740,1.050626,-1.050592,-0.800066,-0.000180
actual,9.665000,269.365000,0.512282,-1.049740,1.050626,-1.050592,-0.800066,-0.000180
actual,9.670000,269.370000,0.510758,-1.049740,1.050626,-1.050592,-0.800066,-0.000180
actual,9.675000,269.375000,0.509223,-1.049740,1.050626,-1.050592,-0.800066,-0.000180
actual,9.680000,269.380000,0.507678,-1.049740,1.050626,-1.050592,-0.800066,-0.000180
actual,9.685000,269.385000,0.506127,-1.049740,1.050626,-1.050592,-0.800066,-0.000180
actual,9.690000,269.390000,0.504569,-1.049740,1.050626,-1.050592,-0.800066,-0.000180
actual,9.695000,269.395000,0.503006,-1.049740,1.050626,-1.050592,-0.800066,-0.000180
actual,9.700000,269.400000,0.501441,-1.049740,1.050626,-1.050592,-0.800066,-0.000180
actual,9.705000,269.405000,0.499875,-1.049740,1.050626,-1.050592,-0.800066,-0.000180
actual,9.710000,269.410000,0.498308,-1.049740,1.050626,-1.050592,-0.800066,-0.000180
actual,9.715000,269.415000,0.496743,-1.049740,1.050626,-1.050592,-0.800066,-0.000180
actual,9.720000,269.420000,0.495182,-1.049740,1.050626,-1.050592,-0.800066,-0.000180
actual,9.725000,269.425000,0.493625,-1.049740,1.050626,-1.050592,-0.800066,-0.000180
actual,9.730000,269.430000,0.492075,-1.049740,1.050626,-1.050592,-0.800066,-0.000180
actual,9.735000,269.435000,0.490532,-1.049740,1.050626,-1.050592,-0.800066,-0.000180
actual,9.740000,269.440000,0.488999,-1.049740,1.050626,-1.050592,-0.800066,-0.000180
actual,9.745000,269.445000,0.487477,-1.049740,1.050626,-1.050592,-0.800066,-0.000180
actual,9.750000,269.450000,0.485967,-1.049740,1.050626,-1.050592,-0.800066,-0.000180
actual,9.755000,269.455000,0.484471,-1.049740,1.050626,-1.050592,-0.800066,-0.000180
actual,9.760000,269.460000,0.482990,-1.049740,1.050626,-1.050592,-0.800066,-0.000180
actual,9.765000,269.465000,0.481526,-1.049740,1.050626,-1.050592,-0.800066,-0.000180
actual,9.770000,269.470000,0.480081,-1.049740,1.050626,-1.050592,-0.800066,-0.000180
actual,9.775000,269.475000,0.478655,-1.049740,1.050626,-1.050592,-0.800066,-0.000180
actual,9.780000,269.480000,0.477250,-1.049740,1.050626,-1.050592,-0.800066,-0.000180
actual,9.785000,269.485000,0.475868,-1.049740,1.050626,-1.050592,-0.800066,-0.000180
actual,9.790000,269.490000,0.474510,-1.049740,1.050626,-1.050592,-0.800066,-0.000180
actual,9.795000,269.495000,0.473177,-1.049740,1.050626,-1.050592,-0.800066,-0.000180
actual,9.800000,269.500000,0.471870,-1.049740,1.050626,-1.050592,-0.800066,-0.000180
actual,9.805000,269.505000,0.470591,-1.049740,1.050626,-1.050592,-0.800066,-0.000180
actual,9.810000,269.510000,0.469341,-1.049740,1.050626,-1.050592,-0.800066,-0.000180
actual,9.815000,269.515000,0.468122,-1.049740,1.050626,-1.050592,-0.800066,-0.000180
actual,9.820000,269.520000,0.466933,-1.049740,1.050626,-1.050592,-0.800066,-0.000180
actual,9.825000,269.525000,0.465778,-1.049740,1.050626,-1.050592,-0.800066,-0.000180
actual,9.830000,269.530000,0.464657,-1.049740,1.050626,-1.050592,-0.800066,-0.000180
actual,9.835000,269.535000,0.463570,-1.049740,1.050626,-1.050592,-0.800066,-0.000180
actual,9.840000,269.540000,0.462519,-1.049740,1.050626,-1.050592,-0.800066,-0.000180
actual,9.845000,269.545000,0.461506,-1.049740,1.050626,-1.050592,-0.800066,-0.000180
actual,9.850000,269.550000,0.460530,-1.049740,1.050626,-1.050592,-0.800066,-0.000180
actual,9.855000,269.555000,0.459593,-1.049740,1.050626,-1.050592,-0.800066,-0.000180
actual,9.860000,269.560000,0.458697,-1.049740,1.050626,-1.050592,-0.800066,-0.000180
actual,9.865000,269.565000,0.457841,-1.049740,1.050626,-1.050592,-0.800066,-0.000180
actual,9.870000,269.570000,0.457026,-1.049740,1.050626,-1.050592,-0.800066,-0.000180
actual,9.875000,269.575000,0.456255,-1.049740,1.050626,-1.050592,-0.800066,-0.000180
actual,9.880000,269.580000,0.455526,-1.049740,1.050626,-1.050592,-0.800066,-0.000180
actual,9.885000,269.585000,0.454841,-1.049740,1.050626,-1.050592,-0.800066,-0.000180
actual,9.890000,269.590000,0.454201,-1.049740,1.050626,-1.050592,-0.800066,-0.000180
actual,9.895000,269.595000,0.453606,-1.049740,1.050626,-1.050592,-0.800066,-0.000180
actual,9.900000,269.600000,0.453057,-1.049740,1.050626,-1.050592,-0.800066,-0.000180
actual,9.905000,269.605000,0.452555,-1.049740,1.050626,-1.050592,-0.800066,-0.000180
actual,9.910000,269.610000,0.452099,-1.049740,1.050626,-1.050592,-0.800066,-0.000180
actual,9.915000,269.615000,0.451690,-1.049740,1.050626,-1.050592,-0.800066,-0.000180
actual,9.920000,269.620000,0.451329,-1.049740,1.050626,-1.050592,-0.800066,-0.000180
actual,9.925000,269.625000,0.451017,-1.049740,1.050626,-1.050592,-0.800066,-0.000180
actual,9.930000,269.630000,0.450752,-1.049740,1.050626,-1.050592,-0.800066,-0.000180
actual,9.935000,269.635000,0.450537,-1.049740,1.050626,-1.050592,-0.800066,-0.000180
actual,9.940000,269.640000,0.450370,-1.049740,1.050626,-1.050592,-0.800066,-0.000180
actual,9.945000,269.645000,0.450252,-1.049740,1.050626,-1.050592,-0.800066,-0.000180
actual,9.950000,269.650000,0.450183,-1.049740,1.050626,-1.050592,-0.800066,-0.000180
actual,9.955000,269.655000,0.450164,-1.049740,1.050626,-1.050592,-0.800066,-0.000180
actual,9.960000,269.660000,0.450193,-1.049740,1.050626,-1.050592,-0.800066,-0.000180
actual,9.965000,269.665000,0.450272,-1.049740,1.050626,-1.050592,-0.800066,-0.000180
actual,9.970000,269.670000,0.450400,-1.049740,1.050626,-1.050592,-0.800066,-0.000180
actual,9.975000,269.675000,0.450577,-1.049740,1.050626,-1.050592,-0.800066,-0.000180
actual,9.980000,269.680000,0.450803,-1.049740,1.050626,-1.050592,-0.800066,-0.000180
actual,9.985000,269.685000,0.451077,-1.049740,1.050626,-1.050592,-0.800066,-0.000180
actual,9.990000,269.690000,0.451400,-1.049740,1.050626,-1.050592,-0.800066,-0.000180
actual,9.995000,269.695000,0.451771,-1.049740,1.050626,-1.050592,-0.800066,-0.000180
actual,10.000000,269.700000,0.452189,-1.049740,1.050626,-1.050592,-0.800066,-0.000180
actual,10.005000,269.705000,0.452655,-1.049740,1.050626,-1.050592,-0.800066,-0.000180
actual,10.010000,269.710000,0.453167,-1.049740,1.050626,-1.050592,-0.800066,-0.000180
actual,10.015000,269.715000,0.453725,-1.049740,1.050626,-1.050592,-0.800066,-0.000180
actual,10.020000,269.720000,0.454330,-1.049740,1.050626,-1.050592,-0.800066,-0.000180
actual,10.025000,269.725000,0.454979,-1.049740,1.050626,-1.050592,-0.800066,-0.000180
actual,10.030000,269.730000,0.455673,-1.049740,1.050626,-1.050592,-0.800066,-0.000180
actual,10.035000,269.735000,0.456411,-1.049740,1.050626,-1.050592,-0.800066,-0.000180
actual,10.040000,269.740000,0.457191,-1.049740,1.050626,-1.050592,-0.800066,-0.000180
actual,10.045000,269.745000,0.458014,-1.049740,1.050626,-1.050592,-0.800066,-0.000180
actual,10.050000,269.750000,0.458879,-1.049740,1.050626,-1.050592,-0.800066,-0.000180
actual,10.055000,269.755000,0.459784,-1.049740,1.050626,-1.050592,-0.800066,-0.000180
actual,10.060000,269.760000,0.460728,-1.049740,1.050626,-1.050592,-0.800066,-0.000180
actual,10.065000,269.765000,0.461712,-1.049740,1.050626,-1.050592,-0.800066,-0.000180
actual,10.070000,269.770000,0.462733,-1.049740,1.050626,-1.050592,-0.800066,-0.000180
actual,10.075000,269.775000,0.463792,-1.049740,1.050626,-1.050592,-0.800066,-0.000180
actual,10.080000,269.780000,0.464886,-1.049740,1.050626,-1.050592,-0.800066,-0.000180
actual,10.085000,269.785000,0.466014,-1.049740,1.050626,-1.050592,-0.800066,-0.000180
actual,10.090000,269.790000,0.467176,-1.049740,1.050626,-1.050592,-0.800066,-0.000180
actual,10.095000,269.795000,0.468371,-1.049740,1.050626,-1.050592,-0.800066,-0.000180
actual,10.100000,269.800000,0.469597,-1.049740,1.050626,-1.050592,-0.800066,-0.000180
actual,10.105000,269.805000,0.470853,-1.049740,1.050626,-1.050592,-0.800066,-0.000180
actual,10.110000,269.810000,0.472138,-1.049740,1.050626,-1.050592,-0.800066,-0.000180
actual,10.115000,269.815000,0.473450,-1.049740,1.050626,-1.050592,-0.800066,-0.000180
actual,10.120000,269.820000,0.474788,-1.049740,1.050626,-1.050592,-0.800066,-0.000180
actual,10.125000,269.825000,0.476152,-1.049740,1.050626,-1.050592,-0.800066,-0.000180
actual,10.130000,269.830000,0.477539,-1.049740,1.050626,-1.050592,-0.800066,-0.000180
actual,10.135000,269.835000,0.478948,-1.049740,1.050626,-1.050592,-0.800066,-0.000180
actual,10.140000,269.840000,0.480378,-1.049740,1.050626,-1.050592,-0.800066,-0.000180
actual,10.145000,269.845000,0.481828,-1.049740,1.050626,-1.050592,-0.800066,-0.000180
actual,10.150000,269.850000,0.483295,-1.049740,1.050626,-1.050592,-0.800066,-0.000180
actual,10.155000,269.855000,0.484779,-1.049740,1.050626,-1.050592,-0.800066,-0.000180
actual,10.160000,269.860000,0.486278,-1.049740,1.050626,-1.050592,-0.800066,-0.000180
actual,10.165000,269.865000,0.487790,-1.049740,1.050626,-1.050592,-0.800066,-0.000180
actual,10.170000,269.870000,0.489315,-1.049740,1.050626,-1.050592,-0.800066,-0.000180
actual,10.175000,269.875000,0.490850,-1.049740,1.050626,-1.050592,-0.800066,-0.000180
actual,10.180000,269.880000,0.492395,-1.049740,1.050626,-1.050592,-0.800066,-0.000180
actual,10.185000,269.885000,0.493946,-1.049740,1.050626,-1.050592,-0.800066,-0.000180
actual,10.190000,269.890000,0.495504,-1.049740,1.050626,-1.050592,-0.800066,-0.000180
actual,10.195000,269.895000,0.497066,-1.049740,1.050626,-1.050592,-0.800066,-0.000180
actual,10.200000,269.900000,0.498632,-1.049740,1.050626,-1.050592,-0.800066,-0.000180
actual,10.205000,269.905000,0.500198,-1.049740,1.050626,-1.050592,-0.800066,-0.000180
actual,10.210000,269.910000,0.501765,-1.049740,1.050626,-1.050592,-0.800066,-0.000180
actual,10.215000,269.915000,0.503330,-1.049740,1.050626,-1.050592,-0.800066,-0.000180
actual,10.220000,269.920000,0.504891,-1.049740,1.050626,-1.050592,-0.800066,-0.000180
actual,10.225000,269.925000,0.506448,-1.049740,1.050626,-1.050592,-0.800066,-0.000180
actual,10.230000,269.930000,0.507998,-1.049740,1.050626,-1.050592,-0.800066,-0.000180
actual,10.235000,269.935000,0.509541,-1.049740,1.050626,-1.050592,-0.800066,-0.000180
actual,10.240000,269.940000,0.511074,-1.049740,1.050626,-1.050592,-0.800066,-0.000180
actual,10.245000,269.945000,0.512596,-1.049740,1.050626,-1.050592,-0.800066,-0.000180
actual,10.250000,269.950000,0.514106,-1.049740,1.050626,-1.050592,-0.800066,-0.000180
actual,10.255000,269.955000,0.515602,-1.049740,1.050626,-1.050592,-0.800066,-0.000180
actual,10.260000,269.960000,0.517083,-1.049740,1.050626,-1.050592,-0.800066,-0.000180
actual,10.265000,269.965000,0.518546,-1.049740,1.050626,-1.050592,-0.800066,-0.000180
actual,10.270000,269.970000,0.519992,-1.049740,1.050626,-1.050592,-0.800066,-0.000180
actual,10.275000,269.975000,0.521418,-1.049740,1.050626,-1.050592,-0.800066,-0.000180
actual,10.280000,269.980000,0.522822,-1.049740,1.050626,-1.050592,-0.800066,-0.000180
actual,10.285000,269.985000,0.524205,-1.049740,1.050626,-1.050592,-0.800066,-0.000180
actual,10.290000,269.990000,0.525563,-1.049740,1.050626,-1.050592,-0.800066,-0.000180
actual,10.295000,269.995000,0.526896,-1.049740,1.050626,-1.050592,-0.800066,-0.000180
actual,10.300000,270.000000,0.528203,-1.049740,1.050626,-1.050592,-0.800066,-0.000180
actual,10.305000,270.005000,0.529482,-1.049740,1.050626,-1.050592,-0.800066,-0.000180
actual,10.310000,270.010000,0.530732,-1.049740,1.050626,-1.050592,-0.800066,-0.000180
actual,10.315000,270.015000,0.531951,-1.049740,1.050626,-1.050592,-0.800066,-0.000180
actual,10.320000,270.020000,0.533139,-1.049740,1.050626,-1.050592,-0.800066,-0.000180
actual,10.325000,270.025000,0.534295,-1.049740,1.050626,-1.050592,-0.800066,-0.000180
actual,10.330000,270.030000,0.535416,-1.049740,1.050626,-1.050592,-0.800066,-0.000180
actual,10.335000,270.035000,0.536503,-1.049740,1.050626,-1.050592,-0.800066,-0.000180
actual,10.340000,270.040000,0.537554,-1.049740,1.050626,-1.050592,-0.800066,-0.000180
actual,10.345000,270.045000,0.538567,-1.049740,1.050626,-1.050592,-0.800066,-0.000180
actual,10.350000,270.050000,0.539543,-1.049740,1.050626,-1.050592,-0.800066,-0.000180
actual,10.355000,270.055000,0.540480,-1.049740,1.050626,-1.050592,-0.800066,-0.000180
actual,10.360000,270.060000,0.541376,-1.049740,1.050626,-1.050592,-0.800066,-0.000180
actual,10.365000,270.065000,0.542232,-1.049740,1.050626,-1.050592,-0.800066,-0.000180
actual,10.370000,270.070000,0.543046,-1.049740,1.050626,-1.050592,-0.800066,-0.000180
actual,10.375000,270.075000,0.543818,-1.049740,1.050626,-1.050592,-0.800066,-0.000180
actual,10.380000,270.080000,0.544547,-1.049740,1.050626,-1.050592,-0.800066,-0.000180
actual,10.385000,270.085000,0.545232,-1.049740,1.050626,-1.050592,-0.800066,-0.000180
actual,10.390000,270.090000,0.545872,-1.049740,1.050626,-1.050592,-0.800066,-0.000180
actual,10.395000,270.095000,0.546467,-1.049740,1.050626,-1.050592,-0.800066,-0.000180
actual,10.400000,270.100000,0.547016,-1.049740,1.050626,-1.050592,-0.800066,-0.000180
actual,10.405000,270.105000,0.547518,-1.049740,1.050626,-1.050592,-0.800066,-0.000180
actual,10.410000,270.110000,0.547974,-1.049740,1.050626,-1.050592,-0.800066,-0.000180
actual,10.415000,270.115000,0.548383,-1.049740,1.050626,-1.050592,-0.800066,-0.000180
actual,10.420000,270.120000,0.548743,-1.049740,1.050626,-1.050592,-0.800066,-0.000180
actual,10.425000,270.125000,0.549056,-1.049740,1.050626,-1.050592,-0.800066,-0.000180
actual,10.430000,270.130000,0.549321,-1.049740,1.050626,-1.050592,-0.800066,-0.000180
actual,10.435000,270.135000,0.549536,-1.049740,1.050626,-1.050592,-0.800066,-0.000180
actual,10.440000,270.140000,0.549703,-1.049740,1.050626,-1.050592,-0.800066,-0.000180
actual,10.445000,270.145000,0.549821,-1.049740,1.050626,-1.050592,-0.800066,-0.000180
actual,10.450000,270.150000,0.549890,-1.049740,1.050626,-1.050592,-0.800066,-0.000180
actual,10.455000,270.155000,0.549909,-1.049740,1.050626,-1.050592,-0.800066,-0.000180
actual,10.460000,270.160000,0.549880,-1.049740,1.050626,-1.050592,-0.800066,-0.000180
actual,10.465000,270.165000,0.549801,-1.049740,1.050626,-1.050592,-0.800066,-0.000180
actual,10.470000,270.170000,0.549673,-1.049740,1.050626,-1.050592,-0.800066,-0.000180
actual,10.475000,270.175000,0.549496,-1.049740,1.050626,-1.050592,-0.800066,-0.000180
actual,10.480000,270.180000,0.549270,-1.049740,1.050626,-1.050592,-0.800066,-0.000180
actual,10.485000,270.185000,0.548996,-1.049740,1.050626,-1.050592,-0.800066,-0.000180
actual,10.490000,270.190000,0.548673,-1.049740,1.050626,-1.050592,-0.800066,-0.000180
actual,10.495000,270.195000,0.548302,-1.049740,1.050626,-1.050592,-0.800066,-0.000180
actual,10.500000,270.200000,0.547884,-1.049740,1.050626,-1.050592,-0.800066,-0.000180
actual,10.505000,270.205000,0.547418,-1.049740,1.050626,-1.050592,-0.800066,-0.000180
actual,10.510000,270.210000,0.546906,-1.049740,1.050626,-1.050592,-0.800066,-0.000180
actual,10.515000,270.215000,0.546347,-1.049740,1.050626,-1.050592,-0.800066,-0.000180
actual,10.520000,270.220000,0.545743,-1.049740,1.050626,-1.050592,-0.800066,-0.000180
actual,10.525000,270.225000,0.545094,-1.049740,1.050626,-1.050592,-0.800066,-0.000180
actual,10.530000,270.230000,0.544400,-1.049740,1.050626,-1.050592,-0.800066,-0.000180
actual,10.535000,270.235000,0.543662,-1.049740,1.050626,-1.050592,-0.800066,-0.000180
actual,10.540000,270.240000,0.542882,-1.049740,1.050626,-1.050592,-0.800066,-0.000180
actual,10.545000,270.245000,0.542059,-1.049740,1.050626,-1.050592,-0.800066,-0.000180
actual,10.550000,270.250000,0.541194,-1.049740,1.050626,-1.050592,-0.800066,-0.000180
actual,10.555000,270.255000,0.540289,-1.049740,1.050626,-1.050592,-0.800066,-0.000180
actual,10.560000,270.260000,0.539344,-1.049740,1.050626,-1.050592,-0.800066,-0.000180
actual,10.565000,270.265000,0.538361,-1.049740,1.050626,-1.050592,-0.800066,-0.000180
actual,10.570000,270.270000,0.537339,-1.049740,1.050626,-1.050592,-0.800066,-0.000180
actual,10.575000,270.275000,0.536281,-1.049740,1.050626,-1.050592,-0.800066,-0.000180
actual,10.580000,270.280000,0.535187,-1.049740,1.050626,-1.050592,-0.800066,-0.000180
actual,10.585000,270.285000,0.534059,-1.049740,1.050626,-1.050592,-0.800066,-0.000180
actual,10.590000,270.290000,0.532896,-1.049740,1.050626,-1.050592,-0.800066,-0.000180
actual,10.595000,270.295000,0.531702,-1.049740,1.050626,-1.050592,-0.800066,-0.000180
actual,10.600000,270.300000,0.530476,-1.049740,1.050626,-1.050592,-0.800066,-0.000180
actual,10.605000,270.305000,0.529220,-1.049740,1.050626,-1.050592,-0.800066,-0.000180
actual,10.610000,270.310000,0.527935,-1.049740,1.050626,-1.050592,-0.800066,-0.000180
actual,10.615000,270.315000,0.526623,-1.049740,1.050626,-1.050592,-0.800066,-0.000180
actual,10.620000,270.320000,0.525284,-1.049740,1.050626,-1.050592,-0.800066,-0.000180
actual,10.625000,270.325000,0.523921,-1.049740,1.050626,-1.050592,-0.800066,-0.000180
actual,10.630000,270.330000,0.522534,-1.049740,1.050626,-1.050592,-0.800066,-0.000180
actual,10.635000,270.335000,0.521125,-1.049740,1.050626,-1.050592,-0.800066,-0.000180
actual,10.640000,270.340000,0.519695,-1.049740,1.050626,-1.050592,-0.800066,-0.000180
actual,10.645000,270.345000,0.518245,-1.049740,1.050626,-1.050592,-0.800066,-0.000180
actual,10.650000,270.350000,0.516778,-1.049740,1.050626,-1.050592,-0.800066,-0.000180
actual,10.655000,270.355000,0.515294,-1.049740,1.050626,-1.050592,-0.800066,-0.000180
actual,10.660000,270.360000,0.513795,-1.049740,1.050626,-1.050592,-0.800066,-0.000180
actual,10.665000,270.365000,0.512282,-1.049740,1.050626,-1.050592,-0.800066,-0.000180
actual,10.670000,270.370000,0.510758,-1.049740,1.050626,-1.050592,-0.800066,-0.000180
actual,10.675000,270.375000,0.509223,-1.049740,1.050626,-1.050592,-0.800066,-0.000180
actual,10.680000,270.380000,0.507678,-1.049740,1.050626,-1.050592,-0.800066,-0.000180
actual,10.685000,270.385000,0.506127,-1.049740,1.050626,-1.050592,-0.800066,-0.000180
actual,10.690000,270.390000,0.504569,-1.049740,1.050626,-1.050592,-0.800066,-0.000180
actual,10.695000,270.395000,0.503006,-1.049740,1.050626,-1.050592,-0.800066,-0.000180
actual,10.700000,270.400000,0.501441,-1.049740,1.050626,-1.050592,-0.800066,-0.000180
actual,10.705000,270.405000,0.499875,-1.049740,1.050626,-1.050592,-0.800066,-0.000180
actual,10.710000,270.410000,0.498308,-1.049740,1.050626,-1.050592,-0.800066,-0.000180
actual,10.715000,270.415000,0.496743,-1.049740,1.050626,-1.050592,-0.800066,-0.000180
actual,10.720000,270.420000,0.495182,-1.049740,1.050626,-1.050592,-0.800066,-0.000180
actual,10.725000,270.425000,0.493625,-1.049740,1.050626,-1.050592,-0.800066,-0.000180
actual,10.730000,270.430000,0.492075,-1.049740,1.050626,-1.050592,-0.800066,-0.000180
actual,10.735000,270.435000,0.490532,-1.049740,1.050626,-1.050592,-0.800066,-0.000180
actual,10.740000,270.440000,0.488999,-1.049740,1.050626,-1.050592,-0.800066,-0.000180
actual,10.745000,270.445000,0.487477,-1.049740,1.050626,-1.050592,-0.800066,-0.000180
actual,10.750000,270.450000,0.485967,-1.049740,1.050626,-1.050592,-0.800066,-0.000180
actual,10.755000,270.455000,0.484471,-1.049740,1.050626,-1.050592,-0.800066,-0.000180
actual,10.760000,270.460000,0.482990,-1.049740,1.050626,-1.050592,-0.800066,-0.000180
actual,10.765000,270.465000,0.481526,-1.049740,1.050626,-1.050592,-0.800066,-0.000180
actual,10.770000,270.470000,0.480081,-1.049740,1.050626,-1.050592,-0.800066,-0.000180
actual,10.775000,270.475000,0.478655,-1.049740,1.050626,-1.050592,-0.800066,-0.000180
actual,10.780000,270.480000,0.477250,-1.049740,1.050626,-1.050592,-0.800066,-0.000180
actual,10.785000,270.485000,0.475868,-1.049740,1.050626,-1.050592,-0.800066,-0.000180
actual,10.790000,270.490000,0.474510,-1.049740,1.050626,-1.050592,-0.800066,-0.000180
actual,10.795000,270.495000,0.473177,-1.049740,1.050626,-1.050592,-0.800066,-0.000180
actual,10.800000,270.500000,0.471870,-1.049740,1.050626,-1.050592,-0.800066,-0.000180
actual,10.805000,270.505000,0.470591,-1.049740,1.050626,-1.050592,-0.800066,-0.000180
actual,10.810000,270.510000,0.469341,-1.049740,1.050626,-1.050592,-0.800066,-0.000180
actual,10.815000,270.515000,0.468122,-1.049740,1.050626,-1.050592,-0.800066,-0.000180
actual,10.820000,270.520000,0.466933,-1.049740,1.050626,-1.050592,-0.800066,-0.000180
actual,10.825000,270.525000,0.465778,-1.049740,1.050626,-1.050592,-0.800066,-0.000180
actual,10.830000,270.530000,0.464657,-1.049740,1.050626,-1.050592,-0.800066,-0.000180
actual,10.835000,270.535000,0.463570,-1.049740,1.050626,-1.050592,-0.800066,-0.000180
actual,10.840000,270.540000,0.462519,-1.049740,1.050626,-1.050592,-0.800066,-0.000180
actual,10.845000,270.545000,0.461506,-1.049740,1.050626,-1.050592,-0.800066,-0.000180
actual,10.850000,270.550000,0.460530,-1.049740,1.050626,-1.050592,-0.800066,-0.000180
actual,10.855000,270.555000,0.459593,-1.049740,1.050626,-1.050592,-0.800066,-0.000180
actual,10.860000,270.560000,0.458697,-1.049740,1.050626,-1.050592,-0.800066,-0.000180
actual,10.865000,270.565000,0.457841,-1.049740,1.050626,-1.050592,-0.800066,-0.000180
actual,10.870000,270.570000,0.457026,-1.049740,1.050626,-1.050592,-0.800066,-0.000180
actual,10.875000,270.575000,0.456255,-1.049740,1.050626,-1.050592,-0.800066,-0.000180
actual,10.880000,270.580000,0.455526,-1.049740,1.050626,-1.050592,-0.800066,-0.000180
actual,10.885000,270.585000,0.454841,-1.049740,1.050626,-1.050592,-0.800066,-0.000180
actual,10.890000,270.590000,0.454201,-1.049740,1.050626,-1.050592,-0.800066,-0.000180
actual,10.895000,270.595000,0.453606,-1.049740,1.050626,-1.050592,-0.800066,-0.000180
actual,10.900000,270.600000,0.453057,-1.049740,1.050626,-1.050592,-0.800066,-0.000180
actual,10.905000,270.605000,0.452555,-1.049740,1.050626,-1.050592,-0.800066,-0.000180
actual,10.910000,270.610000,0.452099,-1.049740,1.050626,-1.050592,-0.800066,-0.000180
actual,10.915000,270.615000,0.451690,-1.049740,1.050626,-1.050592,-0.800066,-0.000180
actual,10.920000,270.620000,0.451329,-1.049740,1.050626,-1.050592,-0.800066,-0.000180
actual,10.925000,270.625000,0.451017,-1.049740,1.050626,-1.050592,-0.800066,-0.000180
actual,10.930000,270.630000,0.450752,-1.049740,1.050626,-1.050592,-0.800066,-0.000180
actual,10.935000,270.635000,0.450537,-1.049740,1.050626,-1.050592,-0.800066,-0.000180
actual,10.940000,270.640000,0.450370,-1.049740,1.050626,-1.050592,-0.800066,-0.000180
actual,10.945000,270.645000,0.450252,-1.049740,1.050626,-1.050592,-0.800066,-0.000180
actual,10.950000,270.650000,0.450183,-1.049740,1.050626,-1.050592,-0.800066,-0.000180
actual,10.955000,270.655000,0.450164,-1.049740,1.050626,-1.050592,-0.800066,-0.000180
actual,10.960000,270.660000,0.450193,-1.049740,1.050626,-1.050592,-0.800066,-0.000180
actual,10.965000,270.665000,0.450272,-1.049740,1.050626,-1.050592,-0.800066,-0.000180
actual,10.970000,270.670000,0.450400,-1.049740,1.050626,-1.050592,-0.800066,-0.000180
actual,10.975000,270.675000,0.450577,-1.049740,1.050626,-1.050592,-0.800066,-0.000180
actual,10.980000,270.680000,0.450803,-1.049740,1.050626,-1.050592,-0.800066,-0.000180
actual,10.985000,270.685000,0.451077,-1.049740,1.050626,-1.050592,-0.800066,-0.000180
actual,10.990000,270.690000,0.451400,-1.049740,1.050626,-1.050592,-0.800066,-0.000180
actual,10.995000,270.695000,0.451771,-1.049740,1.050626,-1.050592,-0.800066,-0.000180
actual,11.000000,270.700000,0.452189,-1.049740,1.050626,-1.050592,-0.800066,-0.000180
actual,11.005000,270.705000,0.452655,-1.049740,1.050626,-1.050592,-0.800066,-0.000180
actual,11.010000,270.710000,0.453167,-1.049740,1.050626,-1.050592,-0.800066,-0.000180
actual,11.015000,270.715000,0.453725,-1.049740,1.050626,-1.050592,-0.800066,-0.000180
actual,11.020000,270.720000,0.454330,-1.049740,1.050626,-1.050592,-0.800066,-0.000180
actual,11.025000,270.725000,0.454979,-1.049740,1.050626,-1.050592,-0.800066,-0.000180
actual,11.030000,270.730000,0.455673,-1.049740,1.050626,-1.050592,-0.800066,-0.000180
actual,11.035000,270.735000,0.456411,-1.049740,1.050626,-1.050592,-0.800066,-0.000180
actual,11.040000,270.740000,0.457191,-1.049740,1.050626,-1.050592,-0.800066,-0.000180
actual,11.045000,270.745000,0.458014,-1.049740,1.050626,-1.050592,-0.800066,-0.000180
actual,11.050000,270.750000,0.458879,-1.049740,1.050626,-1.050592,-0.800066,-0.000180
actual,11.055000,270.755000,0.459784,-1.049740,1.050626,-1.050592,-0.800066,-0.000180
actual,11.060000,270.760000,0.460728,-1.049740,1.050626,-1.050592,-0.800066,-0.000180
actual,11.065000,270.765000,0.461712,-1.049740,1.050626,-1.050592,-0.800066,-0.000180
actual,11.070000,270.770000,0.462733,-1.049740,1.050626,-1.050592,-0.800066,-0.000180
actual,11.075000,270.775000,0.463792,-1.049740,1.050626,-1.050592,-0.800066,-0.000180
actual,11.080000,270.780000,0.464886,-1.049740,1.050626,-1.050592,-0.800066,-0.000180
actual,11.085000,270.785000,0.466014,-1.049740,1.050626,-1.050592,-0.800066,-0.000180
actual,11.090000,270.790000,0.467176,-1.049740,1.050626,-1.050592,-0.800066,-0.000180
actual,11.095000,270.795000,0.468371,-1.049740,1.050626,-1.050592,-0.800066,-0.000180
actual,11.100000,270.800000,0.469597,-1.049740,1.050626,-1.050592,-0.800066,-0.000180
actual,11.105000,270.805000,0.470853,-1.049740,1.050626,-1.050592,-0.800066,-0.000180
actual,11.110000,270.810000,0.472138,-1.049740,1.050626,-1.050592,-0.800066,-0.000180
actual,11.115000,270.815000,0.473450,-1.049740,1.050626,-1.050592,-0.800066,-0.000180
actual,11.120000,270.820000,0.474788,-1.049740,1.050626,-1.050592,-0.800066,-0.000180
actual,11.125000,270.825000,0.476152,-1.049740,1.050626,-1.050592,-0.800066,-0.000180
actual,11.130000,270.830000,0.477539,-1.049740,1.050626,-1.050592,-0.800066,-0.000180
actual,11.135000,270.835000,0.478948,-1.049740,1.050626,-1.050592,-0.800066,-0.000180
actual,11.140000,270.840000,0.480378,-1.049740,1.050626,-1.050592,-0.800066,-0.000180
actual,11.145000,270.845000,0.481828,-1.049740,1.050626,-1.050592,-0.800066,-0.000180
actual,11.150000,270.850000,0.483295,-1.049740,1.050626,-1.050592,-0.800066,-0.000180
actual,11.155000,270.855000,0.484779,-1.049740,1.050626,-1.050592,-0.800066,-0.000180
actual,11.160000,270.860000,0.486278,-1.049740,1.050626,-1.050592,-0.800066,-0.000180
actual,11.165000,270.865000,0.487790,-1.049740,1.050626,-1.050592,-0.800066,-0.000180
actual,11.170000,270.870000,0.489315,-1.049740,1.050626,-1.050592,-0.800066,-0.000180
actual,11.175000,270.875000,0.490850,-1.049740,1.050626,-1.050592,-0.800066,-0.000180
actual,11.180000,270.880000,0.492395,-1.049740,1.050626,-1.050592,-0.800066,-0.000180
actual,11.185000,270.885000,0.493946,-1.049740,1.050626,-1.050592,-0.800066,-0.000180
actual,11.190000,270.890000,0.495504,-1.049740,1.050626,-1.050592,-0.800066,-0.000180
actual,11.195000,270.895000,0.497066,-1.049740,1.050626,-1.050592,-0.800066,-0.000180
actual,11.200000,270.900000,0.498632,-1.049740,1.050626,-1.050592,-0.800066,-0.000180
actual,11.205000,270.905000,0.500198,-1.049740,1.050626,-1.050592,-0.800066,-0.000180
actual,11.210000,270.910000,0.501765,-1.049740,1.050626,-1.050592,-0.800066,-0.000180
actual,11.215000,270.915000,0.503330,-1.049740,1.050626,-1.050592,-0.800066,-0.000180
actual,11.220000,270.920000,0.504891,-1.049740,1.050626,-1.050592,-0.800066,-0.000180
actual,11.225000,270.925000,0.506448,-1.049740,1.050626,-1.050592,-0.800066,-0.000180
actual,11.230000,270.930000,0.507998,-1.049740,1.050626,-1.050592,-0.800066,-0.000180
actual,11.235000,270.935000,0.509541,-1.049740,1.050626,-1.050592,-0.800066,-0.000180
actual,11.240000,270.940000,0.511074,-1.049740,1.050626,-1.050592,-0.800066,-0.000180
actual,11.245000,270.945000,0.512596,-1.049740,1.050626,-1.050592,-0.800066,-0.000180
actual,11.250000,270.950000,0.514106,-1.049740,1.050626,-1.050592,-0.800066,-0.000180
actual,11.255000,270.955000,0.515602,-1.049740,1.050626,-1.050592,-0.800066,-0.000180
actual,11.260000,270.960000,0.517083,-1.049740,1.050626,-1.050592,-0.800066,-0.000180
actual,11.265000,270.965000,0.518546,-1.049740,1.050626,-1.050592,-0.800066,-0.000180
actual,11.270000,270.970000,0.519992,-1.049740,1.050626,-1.050592,-0.800066,-0.000180
actual,11.275000,270.975000,0.521418,-1.049740,1.050626,-1.050592,-0.800066,-0.000180
actual,11.280000,270.980000,0.522822,-1.049740,1.050626,-1.050592,-0.800066,-0.000180
actual,11.285000,270.985000,0.524205,-1.049740,1.050626,-1.050592,-0.800066,-0.000180
actual,11.290000,270.990000,0.525563,-1.049740,1.050626,-1.050592,-0.800066,-0.000180
actual,11.295000,270.995000,0.526896,-1.049740,1.050626,-1.050592,-0.800066,-0.000180
actual,11.300000,271.000000,0.528203,-1.049740,1.050626,-1.050592,-0.800066,-0.000180
actual,11.305000,271.005000,0.529482,-1.049740,1.050626,-1.050592,-0.800066,-0.000180
actual,11.310000,271.010000,0.530732,-1.049740,1.050626,-1.050592,-0.800066,-0.000180
actual,11.315000,271.015000,0.531951,-1.049740,1.050626,-1.050592,-0.800066,-0.000180
actual,11.320000,271.020000,0.533139,-1.049740,1.050626,-1.050592,-0.800066,-0.000180
actual,11.325000,271.025000,0.534295,-1.049740,1.050626,-1.050592,-0.800066,-0.000180
actual,11.330000,271.030000,0.535416,-1.049740,1.050626,-1.050592,-0.800066,-0.000180
actual,11.335000,271.035000,0.536503,-1.049740,1.050626,-1.050592,-0.800066,-0.000180
actual,11.340000,271.040000,0.537554,-1.049740,1.050626,-1.050592,-0.800066,-0.000180
actual,11.345000,271.045000,0.538567,-1.049740,1.050626,-1.050592,-0.800066,-0.000180
actual,11.350000,271.050000,0.539543,-1.049740,1.050626,-1.050592,-0.800066,-0.000180
actual,11.355000,271.055000,0.540480,-1.049740,1.050626,-1.050592,-0.800066,-0.000180
actual,11.360000,271.060000,0.541376,-1.049740,1.050626,-1.050592,-0.800066,-0.000180
actual,11.365000,271.065000,0.542232,-1.049740,1.050626,-1.050592,-0.800066,-0.000180
actual,11.370000,271.070000,0.543046,-1.049740,1.050626,-1.050592,-0.800066,-0.000180
actual,11.375000,271.075000,0.543818,-1.049740,1.050626,-1.050592,-0.800066,-0.000180
actual,11.380000,271.080000,0.544547,-1.049740,1.050626,-1.050592,-0.800066,-0.000180
actual,11.385000,271.085000,0.545232,-1.049740,1.050626,-1.050592,-0.800066,-0.000180
actual,11.390000,271.090000,0.545872,-1.049740,1.050626,-1.050592,-0.800066,-0.000180
actual,11.395000,271.095000,0.546467,-1.049740,1.050626,-1.050592,-0.800066,-0.000180
actual,11.400000,271.100000,0.547016,-1.049740,1.050626,-1.050592,-0.800066,-0.000180
actual,11.405000,271.105000,0.547518,-1.049740,1.050626,-1.050592,-0.800066,-0.000180
actual,11.410000,271.110000,0.547974,-1.049740,1.050626,-1.050592,-0.800066,-0.000180
actual,11.415000,271.115000,0.548383,-1.049740,1.050626,-1.050592,-0.800066,-0.000180
actual,11.420000,271.120000,0.548743,-1.049740,1.050626,-1.050592,-0.800066,-0.000180
actual,11.425000,271.125000,0.549056,-1.049740,1.050626,-1.050592,-0.800066,-0.000180
actual,11.430000,271.130000,0.549321,-1.049740,1.050626,-1.050592,-0.800066,-0.000180
actual,11.435000,271.135000,0.549536,-1.049740,1.050626,-1.050592,-0.800066,-0.000180
actual,11.440000,271.140000,0.549703,-1.049740,1.050626,-1.050592,-0.800066,-0.000180
actual,11.445000,271.145000,0.549821,-1.049740,1.050626,-1.050592,-0.800066,-0.000180
actual,11.450000,271.150000,0.549890,-1.049740,1.050626,-1.050592,-0.800066,-0.000180
actual,11.455000,271.155000,0.549909,-1.049740,1.050626,-1.050592,-0.800066,-0.000180
actual,11.460000,271.160000,0.549880,-1.049740,1.050626,-1.050592,-0.800066,-0.000180
actual,11.465000,271.165000,0.549801,-1.049740,1.050626,-1.050592,-0.800066,-0.000180
actual,11.470000,271.170000,0.549673,-1.049740,1.050626,-1.050592,-0.800066,-0.000180
actual,11.475000,271.175000,0.549496,-1.049740,1.050626,-1.050592,-0.800066,-0.000180
actual,11.480000,271.180000,0.549270,-1.049740,1.050626,-1.050592,-0.800066,-0.000180
actual,11.485000,271.185000,0.548996,-1.049740,1.050626,-1.050592,-0.800066,-0.000180
actual,11.490000,271.190000,0.548673,-1.049740,1.050626,-1.050592,-0.800066,-0.000180
actual,11.495000,271.195000,0.548302,-1.049740,1.050626,-1.050592,-0.800066,-0.000180
actual,11.500000,271.200000,0.547884,-1.049740,1.050626,-1.050592,-0.800066,-0.000180
actual,11.505000,271.205000,0.547418,-1.049740,1.050626,-1.050592,-0.800066,-0.000180
actual,11.510000,271.210000,0.546906,-1.049740,1.050626,-1.050592,-0.800066,-0.000180
actual,11.515000,271.215000,0.546347,-1.049740,1.050626,-1.050592,-0.800066,-0.000180
actual,11.520000,271.220000,0.545743,-1.049740,1.050626,-1.050592,-0.800066,-0.000180
actual,11.525000,271.225000,0.545094,-1.049740,1.050626,-1.050592,-0.800066,-0.000180
actual,11.530000,271.230000,0.544400,-1.049740,1.050626,-1.050592,-0.800066,-0.000180
actual,11.535000,271.235000,0.543662,-1.049740,1.050626,-1.050592,-0.800066,-0.000180
actual,11.540000,271.240000,0.542882,-1.049740,1.050626,-1.050592,-0.800066,-0.000180
actual,11.545000,271.245000,0.542059,-1.049740,1.050626,-1.050592,-0.800066,-0.000180
actual,11.550000,271.250000,0.541194,-1.049740,1.050626,-1.050592,-0.800066,-0.000180
actual,11.555000,271.255000,0.540289,-1.049740,1.050626,-1.050592,-0.800066,-0.000180
actual,11.560000,271.260000,0.539344,-1.049740,1.050626,-1.050592,-0.800066,-0.000180
actual,11.565000,271.265000,0.538361,-1.049740,1.050626,-1.050592,-0.800066,-0.000180
actual,11.570000,271.270000,0.537339,-1.049740,1.050626,-1.050592,-0.800066,-0.000180
actual,11.575000,271.275000,0.536281,-1.049740,1.050626,-1.050592,-0.800066,-0.000180
actual,11.580000,271.280000,0.535187,-1.049740,1.050626,-1.050592,-0.800066,-0.000180
actual,11.585000,271.285000,0.534059,-1.049740,1.050626,-1.050592,-0.800066,-0.000180
actual,11.590000,271.290000,0.532896,-1.049740,1.050626,-1.050592,-0.800066,-0.000180
actual,11.595000,271.295000,0.531702,-1.049740,1.050626,-1.050592,-0.800066,-0.000180
actual,11.600000,271.300000,0.530476,-1.049740,1.050626,-1.050592,-0.800066,-0.000180
actual,11.605000,271.305000,0.529220,-1.049740,1.050626,-1.050592,-0.800066,-0.000180
actual,11.610000,271.310000,0.527935,-1.049740,1.050626,-1.050592,-0.800066,-0.000180
actual,11.615000,271.315000,0.526623,-1.049740,1.050626,-1.050592,-0.800066,-0.000180
actual,11.620000,271.320000,0.525284,-1.049740,1.050626,-1.050592,-0.800066,-0.000180
actual,11.625000,271.325000,0.523921,-1.049740,1.050626,-1.050592,-0.800066,-0.000180
actual,11.630000,271.330000,0.522534,-1.049740,1.050626,-1.050592,-0.800066,-0.000180
actual,11.635000,271.335000,0.521125,-1.049740,1.050626,-1.050592,-0.800066,-0.000180
actual,11.640000,271.340000,0.519695,-1.049740,1.050626,-1.050592,-0.800066,-0.000180
actual,11.645000,271.345000,0.518245,-1.049740,1.050626,-1.050592,-0.800066,-0.000180
actual,11.650000,271.350000,0.516778,-1.049740,1.050626,-1.050592,-0.800066,-0.000180
actual,11.655000,271.355000,0.515294,-1.049740,1.050626,-1.050592,-0.800066,-0.000180
actual,11.660000,271.360000,0.513795,-1.049740,1.050626,-1.050592,-0.800066,-0.000180
actual,11.665000,271.365000,0.512282,-1.049740,1.050626,-1.050592,-0.800066,-0.000180
actual,11.670000,271.370000,0.510758,-1.049740,1.050626,-1.050592,-0.800066,-0.000180
actual,11.675000,271.375000,0.509223,-1.049740,1.050626,-1.050592,-0.800066,-0.000180
actual,11.680000,271.380000,0.507678,-1.049740,1.050626,-1.050592,-0.800066,-0.000180
actual,11.685000,271.385000,0.506127,-1.049740,1.050626,-1.050592,-0.800066,-0.000180
actual,11.690000,271.390000,0.504569,-1.049740,1.050626,-1.050592,-0.800066,-0.000180
actual,11.695000,271.395000,0.503006,-1.049740,1.050626,-1.050592,-0.800066,-0.000180
actual,11.700000,271.400000,0.501441,-1.049740,1.050626,-1.050592,-0.800066,-0.000180
actual,11.705000,271.405000,0.499875,-1.049740,1.050626,-1.050592,-0.800066,-0.000180
actual,11.710000,271.410000,0.498308,-1.049740,1.050626,-1.050592,-0.800066,-0.000180
actual,11.715000,271.415000,0.496743,-1.049740,1.050626,-1.050592,-0.800066,-0.000180
actual,11.720000,271.420000,0.495182,-1.049740,1.050626,-1.050592,-0.800066,-0.000180
actual,11.725000,271.425000,0.493625,-1.049740,1.050626,-1.050592,-0.800066,-0.000180
actual,11.730000,271.430000,0.492075,-1.049740,1.050626,-1.050592,-0.800066,-0.000180
actual,11.735000,271.435000,0.490532,-1.049740,1.050626,-1.050592,-0.800066,-0.000180
actual,11.740000,271.440000,0.488999,-1.049740,1.050626,-1.050592,-0.800066,-0.000180
actual,11.745000,271.445000,0.487477,-1.049740,1.050626,-1.050592,-0.800066,-0.000180
actual,11.750000,271.450000,0.485967,-1.049740,1.050626,-1.050592,-0.800066,-0.000180
actual,11.755000,271.455000,0.484471,-1.049740,1.050626,-1.050592,-0.800066,-0.000180
actual,11.760000,271.460000,0.482990,-1.049740,1.050626,-1.050592,-0.800066,-0.000180
actual,11.765000,271.465000,0.481526,-1.049740,1.050626,-1.050592,-0.800066,-0.000180
actual,11.770000,271.470000,0.480081,-1.049740,1.050626,-1.050592,-0.800066,-0.000180
actual,11.775000,271.475000,0.478655,-1.049740,1.050626,-1.050592,-0.800066,-0.000180
actual,11.780000,271.480000,0.477250,-1.049740,1.050626,-1.050592,-0.800066,-0.000180
actual,11.785000,271.485000,0.475868,-1.049740,1.050626,-1.050592,-0.800066,-0.000180
actual,11.790000,271.490000,0.474510,-1.049740,1.050626,-1.050592,-0.800066,-0.000180
actual,11.795000,271.495000,0.473177,-1.049740,1.050626,-1.050592,-0.800066,-0.000180
actual,11.800000,271.500000,0.471870,-1.049740,1.050626,-1.050592,-0.800066,-0.000180
actual,11.805000,271.505000,0.470591,-1.049740,1.050626,-1.050592,-0.800066,-0.000180
actual,11.810000,271.510000,0.469341,-1.049740,1.050626,-1.050592,-0.800066,-0.000180
actual,11.815000,271.515000,0.468122,-1.049740,1.050626,-1.050592,-0.800066,-0.000180
actual,11.820000,271.520000,0.466933,-1.049740,1.050626,-1.050592,-0.800066,-0.000180
actual,11.825000,271.525000,0.465778,-1.049740,1.050626,-1.050592,-0.800066,-0.000180
actual,11.830000,271.530000,0.464657,-1.049740,1.050626,-1.050592,-0.800066,-0.000180
actual,11.835000,271.535000,0.463570,-1.049740,1.050626,-1.050592,-0.800066,-0.000180
actual,11.840000,271.540000,0.462519,-1.049740,1.050626,-1.050592,-0.800066,-0.000180
actual,11.845000,271.545000,0.461506,-1.049740,1.050626,-1.050592,-0.800066,-0.000180
actual,11.850000,271.550000,0.460530,-1.049740,1.050626,-1.050592,-0.800066,-0.000180
actual,11.855000,271.555000,0.459593,-1.049740,1.050626,-1.050592,-0.800066,-0.000180
actual,11.860000,271.560000,0.458697,-1.049740,1.050626,-1.050592,-0.800066,-0.000180
actual,11.865000,271.565000,0.457841,-1.049740,1.050626,-1.050592,-0.800066,-0.000180
actual,11.870000,271.570000,0.457026,-1.049740,1.050626,-1.050592,-0.800066,-0.000180
actual,11.875000,271.575000,0.456255,-1.049740,1.050626,-1.050592,-0.800066,-0.000180
actual,11.880000,271.580000,0.455526,-1.049740,1.050626,-1.050592,-0.800066,-0.000180
actual,11.885000,271.585000,0.454841,-1.049740,1.050626,-1.050592,-0.800066,-0.000180
actual,11.890000,271.590000,0.454201,-1.049740,1.050626,-1.050592,-0.800066,-0.000180
actual,11.895000,271.595000,0.453606,-1.049740,1.050626,-1.050592,-0.800066,-0.000180
actual,11.900000,271.600000,0.453057,-1.049740,1.050626,-1.050592,-0.800066,-0.000180
actual,11.905000,271.605000,0.452555,-1.049740,1.050626,-1.050592,-0.800066,-0.000180
actual,11.910000,271.610000,0.452099,-1.049740,1.050626,-1.050592,-0.800066,-0.000180
actual,11.915000,271.615000,0.451690,-1.049740,1.050626,-1.050592,-0.800066,-0.000180
actual,11.920000,271.620000,0.451329,-1.049740,1.050626,-1.050592,-0.800066,-0.000180
actual,11.925000,271.625000,0.451017,-1.049740,1.050626,-1.050592,-0.800066,-0.000180
actual,11.930000,271.630000,0.450752,-1.049740,1.050626,-1.050592,-0.800066,-0.000180
actual,11.935000,271.635000,0.450537,-1.049740,1.050626,-1.050592,-0.800066,-0.000180
actual,11.940000,271.640000,0.450370,-1.049740,1.050626,-1.050592,-0.800066,-0.000180
actual,11.945000,271.645000,0.450252,-1.049740,1.050626,-1.050592,-0.800066,-0.000180
actual,11.950000,271.650000,0.450183,-1.049740,1.050626,-1.050592,-0.800066,-0.000180
actual,11.955000,271.655000,0.450164,-1.049740,1.050626,-1.050592,-0.800066,-0.000180
actual,11.960000,271.660000,0.450193,-1.049740,1.050626,-1.050592,-0.800066,-0.000180
actual,11.965000,271.665000,0.450272,-1.049740,1.050626,-1.050592,-0.800066,-0.000180
actual,11.970000,271.670000,0.450400,-1.049740,1.050626,-1.050592,-0.800066,-0.000180
actual,11.975000,271.675000,0.450577,-1.049740,1.050626,-1.050592,-0.800066,-0.000180
actual,11.980000,271.680000,0.450803,-1.049740,1.050626,-1.050592,-0.800066,-0.000180
actual,11.985000,271.685000,0.451077,-1.049740,1.050626,-1.050592,-0.800066,-0.000180
actual,11.990000,271.690000,0.451400,-1.049740,1.050626,-1.050592,-0.800066,-0.000180
actual,11.995000,271.695000,0.451771,-1.049740,1.050626,-1.050592,-0.800066,-0.000180
actual,12.000000,271.700000,0.452189,-1.049740,1.050626,-1.050592,-0.800066,-0.000180
actual,12.005000,271.705000,0.452655,-1.049740,1.050626,-1.050592,-0.800066,-0.000180
actual,12.010000,271.710000,0.453167,-1.049740,1.050626,-1.050592,-0.800066,-0.000180
actual,12.015000,271.715000,0.453725,-1.049740,1.050626,-1.050592,-0.800066,-0.000180
actual,12.020000,271.720000,0.454330,-1.049740,1.050626,-1.050592,-0.800066,-0.000180
actual,12.025000,271.725000,0.454979,-1.049740,1.050626,-1.050592,-0.800066,-0.000180
actual,12.030000,271.730000,0.455673,-1.049740,1.050626,-1.050592,-0.800066,-0.000180
actual,12.035000,271.735000,0.456411,-1.049740,1.050626,-1.050592,-0.800066,-0.000180
actual,12.040000,271.740000,0.457191,-1.049740,1.050626,-1.050592,-0.800066,-0.000180
actual,12.045000,271.745000,0.458014,-1.049740,1.050626,-1.050592,-0.800066,-0.000180
actual,12.050000,271.750000,0.458879,-1.049740,1.050626,-1.050592,-0.800066,-0.000180
actual,12.055000,271.755000,0.459784,-1.049740,1.050626,-1.050592,-0.800066,-0.000180
actual,12.060000,271.760000,0.460728,-1.049740,1.050626,-1.050592,-0.800066,-0.000180
actual,12.065000,271.765000,0.461712,-1.049740,1.050626,-1.050592,-0.800066,-0.000180
actual,12.070000,271.770000,0.462733,-1.049740,1.050626,-1.050592,-0.800066,-0.000180
actual,12.075000,271.775000,0.463792,-1.049740,1.050626,-1.050592,-0.800066,-0.000180
actual,12.080000,271.780000,0.464886,-1.049740,1.050626,-1.050592,-0.800066,-0.000180
actual,12.085000,271.785000,0.466014,-1.049740,1.050626,-1.050592,-0.800066,-0.000180
actual,12.090000,271.790000,0.467176,-1.049740,1.050626,-1.050592,-0.800066,-0.000180
actual,12.095000,271.795000,0.468371,-1.049740,1.050626,-1.050592,-0.800066,-0.000180
actual,12.100000,271.800000,0.469597,-1.049740,1.050626,-1.050592,-0.800066,-0.000180
actual,12.105000,271.805000,0.470853,-1.049740,1.050626,-1.050592,-0.800066,-0.000180
actual,12.110000,271.810000,0.472138,-1.049740,1.050626,-1.050592,-0.800066,-0.000180
actual,12.115000,271.815000,0.473450,-1.049740,1.050626,-1.050592,-0.800066,-0.000180
actual,12.120000,271.820000,0.474788,-1.049740,1.050626,-1.050592,-0.800066,-0.000180
actual,12.125000,271.825000,0.476152,-1.049740,1.050626,-1.050592,-0.800066,-0.000180
actual,12.130000,271.830000,0.477539,-1.049740,1.050626,-1.050592,-0.800066,-0.000180
actual,12.135000,271.835000,0.478948,-1.049740,1.050626,-1.050592,-0.800066,-0.000180
actual,12.140000,271.840000,0.480378,-1.049740,1.050626,-1.050592,-0.800066,-0.000180
actual,12.145000,271.845000,0.481828,-1.049740,1.050626,-1.050592,-0.800066,-0.000180
actual,12.150000,271.850000,0.483295,-1.049740,1.050626,-1.050592,-0.800066,-0.000180
actual,12.155000,271.855000,0.484779,-1.049740,1.050626,-1.050592,-0.800066,-0.000180
actual,12.160000,271.860000,0.486278,-1.049740,1.050626,-1.050592,-0.800066,-0.000180
actual,12.165000,271.865000,0.487790,-1.049740,1.050626,-1.050592,-0.800066,-0.000180
actual,12.170000,271.870000,0.489315,-1.049740,1.050626,-1.050592,-0.800066,-0.000180
actual,12.175000,271.875000,0.490850,-1.049740,1.050626,-1.050592,-0.800066,-0.000180
actual,12.180000,271.880000,0.492395,-1.049740,1.050626,-1.050592,-0.800066,-0.000180
actual,12.185000,271.885000,0.493946,-1.049740,1.050626,-1.050592,-0.800066,-0.000180
actual,12.190000,271.890000,0.495504,-1.049740,1.050626,-1.050592,-0.800066,-0.000180
actual,12.195000,271.895000,0.497066,-1.049740,1.050626,-1.050592,-0.800066,-0.000180
actual,12.200000,271.900000,0.498632,-1.049740,1.050626,-1.050592,-0.800066,-0.000180
actual,12.205000,271.905000,0.500198,-1.049740,1.050626,-1.050592,-0.800066,-0.000180
actual,12.210000,271.910000,0.501765,-1.049740,1.050626,-1.050592,-0.800066,-0.000180
actual,12.215000,271.915000,0.503330,-1.049740,1.050626,-1.050592,-0.800066,-0.000180
actual,12.220000,271.920000,0.504891,-1.049740,1.050626,-1.050592,-0.800066,-0.000180
actual,12.225000,271.925000,0.506448,-1.049740,1.050626,-1.050592,-0.800066,-0.000180
actual,12.230000,271.930000,0.507998,-1.049740,1.050626,-1.050592,-0.800066,-0.000180
actual,12.235000,271.935000,0.509541,-1.049740,1.050626,-1.050592,-0.800066,-0.000180
actual,12.240000,271.940000,0.511074,-1.049740,1.050626,-1.050592,-0.800066,-0.000180
actual,12.245000,271.945000,0.512596,-1.049740,1.050626,-1.050592,-0.800066,-0.000180
actual,12.250000,271.950000,0.514106,-1.049740,1.050626,-1.050592,-0.800066,-0.000180
actual,12.255000,271.955000,0.515602,-1.049740,1.050626,-1.050592,-0.800066,-0.000180
actual,12.260000,271.960000,0.517083,-1.049740,1.050626,-1.050592,-0.800066,-0.000180
actual,12.265000,271.965000,0.518546,-1.049740,1.050626,-1.050592,-0.800066,-0.000180
actual,12.270000,271.970000,0.519992,-1.049740,1.050626,-1.050592,-0.800066,-0.000180
actual,12.275000,271.975000,0.521418,-1.049740,1.050626,-1.050592,-0.800066,-0.000180
actual,12.280000,271.980000,0.522822,-1.049740,1.050626,-1.050592,-0.800066,-0.000180
actual,12.285000,271.985000,0.524205,-1.049740,1.050626,-1.050592,-0.800066,-0.000180
actual,12.290000,271.990000,0.525563,-1.049740,1.050626,-1.050592,-0.800066,-0.000180
actual,12.295000,271.995000,0.526896,-1.049740,1.050626,-1.050592,-0.800066,-0.000180
actual,12.300000,272.000000,0.528203,-1.049740,1.050626,-1.050592,-0.800066,-0.000180
actual,12.305000,272.005000,0.529482,-1.049740,1.050626,-1.050592,-0.800066,-0.000180
actual,12.310000,272.010000,0.530732,-1.049740,1.050626,-1.050592,-0.800066,-0.000180
actual,12.315000,272.015000,0.531951,-1.049740,1.050626,-1.050592,-0.800066,-0.000180
actual,12.320000,272.020000,0.533139,-1.049740,1.050626,-1.050592,-0.800066,-0.000180
actual,12.325000,272.025000,0.534295,-1.049740,1.050626,-1.050592,-0.800066,-0.000180
actual,12.330000,272.030000,0.535416,-1.049740,1.050626,-1.050592,-0.800066,-0.000180
actual,12.340000,272.040000,0.537554,-1.049740,1.050626,-1.050592,-0.800066,-0.000180
actual,12.345000,272.045000,0.538567,-1.049740,1.050626,-1.050592,-0.800066,-0.000180
actual,12.350000,272.050000,0.539543,-1.049740,1.050626,-1.050592,-0.800066,-0.000180
actual,12.355000,272.055000,0.540480,-1.049740,1.050626,-1.050592,-0.800066,-0.000180
actual,12.360000,272.060000,0.541376,-1.049740,1.050626,-1.050592,-0.800066,-0.000180
actual,12.365000,272.065000,0.542232,-1.049740,1.050626,-1.050592,-0.800066,-0.000180
actual,12.370000,272.070000,0.543046,-1.049740,1.050626,-1.050592,-0.800066,-0.000180
actual,12.375000,272.075000,0.543818,-1.049740,1.050626,-1.050592,-0.800066,-0.000180
actual,12.380000,272.080000,0.544547,-1.049740,1.050626,-1.050592,-0.800066,-0.000180
actual,12.385000,272.085000,0.545232,-1.049740,1.050626,-1.050592,-0.800066,-0.000180
actual,12.390000,272.090000,0.545872,-1.049740,1.050626,-1.050592,-0.800066,-0.000180
actual,12.395000,272.095000,0.546467,-1.049740,1.050626,-1.050592,-0.800066,-0.000180
actual,12.400000,272.100000,0.547016,-1.049740,1.050626,-1.050592,-0.800066,-0.000180
actual,12.405000,272.105000,0.547518,-1.049740,1.050626,-1.050592,-0.800066,-0.000180
actual,12.410000,272.110000,0.547974,-1.049740,1.050626,-1.050592,-0.800066,-0.000180
actual,12.415000,272.115000,0.548383,-1.049740,1.050626,-1.050592,-0.800066,-0.000180
actual,12.420000,272.120000,0.548743,-1.049740,1.050626,-1.050592,-0.800066,-0.000180
actual,12.425000,272.125000,0.549056,-1.049740,1.050626,-1.050592,-0.800066,-0.000180
actual,12.430000,272.130000,0.549321,-1.049740,1.050626,-1.050592,-0.800066,-0.000180
actual,12.435000,272.135000,0.549536,-1.049740,1.050626,-1.050592,-0.800066,-0.000180
actual,12.440000,272.140000,0.549703,-1.049740,1.050626,-1.050592,-0.800066,-0.000180
actual,12.445000,272.145000,0.549821,-1.049740,1.050626,-1.050592,-0.800066,-0.000180
actual,12.450000,272.150000,0.549890,-1.049740,1.050626,-1.050592,-0.800066,-0.000180
actual,12.455000,272.155000,0.549909,-1.049740,1.050626,-1.050592,-0.800066,-0.000180
actual,12.460000,272.160000,0.549880,-1.049740,1.050626,-1.050592,-0.800066,-0.000180
actual,12.465000,272.165000,0.549801,-1.049740,1.050626,-1.050592,-0.800066,-0.000180
actual,12.470000,272.170000,0.549673,-1.049740,1.050626,-1.050592,-0.800066,-0.000180
actual,12.475000,272.175000,0.549496,-1.049740,1.050626,-1.050592,-0.800066,-0.000180
actual,12.480000,272.180000,0.549270,-1.049740,1.050626,-1.050592,-0.800066,-0.000180
actual,12.485000,272.185000,0.548996,-1.049740,1.050626,-1.050592,-0.800066,-0.000180
actual,12.490000,272.190000,0.548673,-1.049740,1.050626,-1.050592,-0.800066,-0.000180
actual,12.495000,272.195000,0.548302,-1.049740,1.050626,-1.050592,-0.800066,-0.000180
actual,12.500000,272.200000,0.547884,-1.049740,1.050626,-1.050592,-0.800066,-0.000180
actual,12.505000,272.205000,0.547418,-1.049740,1.050626,-1.050592,-0.800066,-0.000180
actual,12.510000,272.210000,0.546906,-1.049740,1.050626,-1.050592,-0.800066,-0.000180
actual,12.515000,272.215000,0.546347,-1.049740,1.050626,-1.050592,-0.800066,-0.000180
actual,12.520000,272.220000,0.545743,-1.049740,1.050626,-1.050592,-0.800066,-0.000180
actual,12.525000,272.225000,0.545094,-1.049740,1.050626,-1.050592,-0.800066,-0.000180
actual,12.530000,272.230000,0.544400,-1.049740,1.050626,-1.050592,-0.800066,-0.000180
actual,12.535000,272.235000,0.543662,-1.049740,1.050626,-1.050592,-0.800066,-0.000180
actual,12.540000,272.240000,0.542882,-1.049740,1.050626,-1.050592,-0.800066,-0.000180
actual,12.545000,272.245000,0.542059,-1.049740,1.050626,-1.050592,-0.800066,-0.000180
actual,12.550000,272.250000,0.541194,-1.049740,1.050626,-1.050592,-0.800066,-0.000180
actual,12.555000,272.255000,0.540289,-1.049740,1.050626,-1.050592,-0.800066,-0.000180
actual,12.560000,272.260000,0.539344,-1.049740,1.050626,-1.050592,-0.800066,-0.000180
actual,12.565000,272.265000,0.538361,-1.049740,1.050626,-1.050592,-0.800066,-0.000180
actual,12.570000,272.270000,0.537339,-1.049740,1.050626,-1.050592,-0.800066,-0.000180
actual,12.575000,272.275000,0.536281,-1.049740,1.050626,-1.050592,-0.800066,-0.000180
actual,12.580000,272.280000,0.535187,-1.049740,1.050626,-1.050592,-0.800066,-0.000180
actual,12.585000,272.285000,0.534059,-1.049740,1.050626,-1.050592,-0.800066,-0.000180
actual,12.590000,272.290000,0.532896,-1.049740,1.050626,-1.050592,-0.800066,-0.000180
actual,12.595000,272.295000,0.531702,-1.049740,1.050626,-1.050592,-0.800066,-0.000180
actual,12.600000,272.300000,0.530476,-1.049740,1.050626,-1.050592,-0.800066,-0.000180
actual,12.605000,272.305000,0.529220,-1.049740,1.050626,-1.050592,-0.800066,-0.000180
actual,12.610000,272.310000,0.527935,-1.049740,1.050626,-1.050592,-0.800066,-0.000180
actual,12.615000,272.315000,0.526623,-1.049740,1.050626,-1.050592,-0.800066,-0.000180
actual,12.620000,272.320000,0.525284,-1.049740,1.050626,-1.050592,-0.800066,-0.000180
actual,12.625000,272.325000,0.523921,-1.049740,1.050626,-1.050592,-0.800066,-0.000180
actual,12.630000,272.330000,0.522534,-1.049740,1.050626,-1.050592,-0.800066,-0.000180
actual,12.635000,272.335000,0.521125,-1.049740,1.050626,-1.050592,-0.800066,-0.000180
actual,12.640000,272.340000,0.519695,-1.049740,1.050626,-1.050592,-0.800066,-0.000180
actual,12.645000,272.345000,0.518245,-1.049740,1.050626,-1.050592,-0.800066,-0.000180
actual,12.650000,272.350000,0.516778,-1.049740,1.050626,-1.050592,-0.800066,-0.000180
actual,12.655000,272.355000,0.515294,-1.049740,1.050626,-1.050592,-0.800066,-0.000180
actual,12.660000,272.360000,0.513795,-1.049740,1.050626,-1.050592,-0.800066,-0.000180
actual,12.665000,272.365000,0.512282,-1.049740,1.050626,-1.050592,-0.800066,-0.000180
actual,12.670000,272.370000,0.510758,-1.049740,1.050626,-1.050592,-0.800066,-0.000180
actual,12.675000,272.375000,0.509223,-1.049740,1.050626,-1.050592,-0.800066,-0.000180
actual,12.680000,272.380000,0.507678,-1.049740,1.050626,-1.050592,-0.800066,-0.000180
actual,12.685000,272.385000,0.506127,-1.049740,1.050626,-1.050592,-0.800066,-0.000180
actual,12.690000,272.390000,0.504569,-1.049740,1.050626,-1.050592,-0.800066,-0.000180
actual,12.695000,272.395000,0.503006,-1.049740,1.050626,-1.050592,-0.800066,-0.000180
actual,12.700000,272.400000,0.501441,-1.049740,1.050626,-1.050592,-0.800066,-0.000180
actual,12.705000,272.405000,0.499875,-1.049740,1.050626,-1.050592,-0.800066,-0.000180
actual,12.710000,272.410000,0.498308,-1.049740,1.050626,-1.050592,-0.800066,-0.000180
actual,12.715000,272.415000,0.496743,-1.049740,1.050626,-1.050592,-0.800066,-0.000180
actual,12.720000,272.420000,0.495182,-1.049740,1.050626,-1.050592,-0.800066,-0.000180
actual,12.725000,272.425000,0.493625,-1.049740,1.050626,-1.050592,-0.800066,-0.000180
actual,12.730000,272.430000,0.492075,-1.049740,1.050626,-1.050592,-0.800066,-0.000180
actual,12.735000,272.435000,0.490532,-1.049740,1.050626,-1.050592,-0.800066,-0.000180
actual,12.740000,272.440000,0.488999,-1.049740,1.050626,-1.050592,-0.800066,-0.000180
actual,12.745000,272.445000,0.487477,-1.049740,1.050626,-1.050592,-0.800066,-0.000180
actual,12.750000,272.450000,0.485967,-1.049740,1.050626,-1.050592,-0.800066,-0.000180
actual,12.755000,272.455000,0.484471,-1.049740,1.050626,-1.050592,-0.800066,-0.000180
actual,12.760000,272.460000,0.482990,-1.049740,1.050626,-1.050592,-0.800066,-0.000180
actual,12.765000,272.465000,0.481526,-1.049740,1.050626,-1.050592,-0.800066,-0.000180
actual,12.770000,272.470000,0.480081,-1.049740,1.050626,-1.050592,-0.800066,-0.000180
actual,12.775000,272.475000,0.478655,-1.049740,1.050626,-1.050592,-0.800066,-0.000180
actual,12.780000,272.480000,0.477250,-1.049740,1.050626,-1.050592,-0.800066,-0.000180
actual,12.785000,272.485000,0.475868,-1.049740,1.050626,-1.050592,-0.800066,-0.000180
actual,12.790000,272.490000,0.474510,-1.049740,1.050626,-1.050592,-0.800066,-0.000180
actual,12.795000,272.495000,0.473177,-1.049740,1.050626,-1.050592,-0.800066,-0.000180
actual,12.800000,272.500000,0.471870,-1.049740,1.050626,-1.050592,-0.800066,-0.000180
actual,12.805000,272.505000,0.470591,-1.049740,1.050626,-1.050592,-0.800066,-0.000180
actual,12.810000,272.510000,0.469341,-1.049740,1.050626,-1.050592,-0.800066,-0.000180
actual,12.815000,272.515000,0.468122,-1.049740,1.050626,-1.050592,-0.800066,-0.000180
actual,12.820000,272.520000,0.466933,-1.049740,1.050626,-1.050592,-0.800066,-0.000180
actual,12.825000,272.525000,0.465778,-1.049740,1.050626,-1.050592,-0.800066,-0.000180
actual,12.830000,272.530000,0.464657,-1.049740,1.050626,-1.050592,-0.800066,-0.000180
actual,12.835000,272.535000,0.463570,-1.049740,1.050626,-1.050592,-0.800066,-0.000180
actual,12.840000,272.540000,0.462519,-1.049740,1.050626,-1.050592,-0.800066,-0.000180
actual,12.845000,272.545000,0.461506,-1.049740,1.050626,-1.050592,-0.800066,-0.000180
actual,12.850000,272.550000,0.460530,-1.049740,1.050626,-1.050592,-0.800066,-0.000180
actual,12.855000,272.555000,0.459593,-1.049740,1.050626,-1.050592,-0.800066,-0.000180
actual,12.860000,272.560000,0.458697,-1.049740,1.050626,-1.050592,-0.800066,-0.000180
actual,12.865000,272.565000,0.457841,-1.049740,1.050626,-1.050592,-0.800066,-0.000180
actual,12.870000,272.570000,0.457026,-1.049740,1.050626,-1.050592,-0.800066,-0.000180
actual,12.875000,272.575000,0.456255,-1.049740,1.050626,-1.050592,-0.800066,-0.000180
actual,12.880000,272.580000,0.455526,-1.049740,1.050626,-1.050592,-0.800066,-0.000180
actual,12.885000,272.585000,0.454841,-1.049740,1.050626,-1.050592,-0.800066,-0.000180
actual,12.890000,272.590000,0.454201,-1.049740,1.050626,-1.050592,-0.800066,-0.000180
actual,12.895000,272.595000,0.453606,-1.049740,1.050626,-1.050592,-0.800066,-0.000180
actual,12.900000,272.600000,0.453057,-1.049740,1.050626,-1.050592,-0.800066,-0.000180
actual,12.905000,272.605000,0.452555,-1.049740,1.050626,-1.050592,-0.800066,-0.000180
actual,12.910000,272.610000,0.452099,-1.049740,1.050626,-1.050592,-0.800066,-0.000180
actual,12.915000,272.615000,0.451690,-1.049740,1.050626,-1.050592,-0.800066,-0.000180
actual,12.920000,272.620000,0.451329,-1.049740,1.050626,-1.050592,-0.800066,-0.000180
actual,12.925000,272.625000,0.451017,-1.049740,1.050626,-1.050592,-0.800066,-0.000180
actual,12.930000,272.630000,0.450752,-1.049740,1.050626,-1.050592,-0.800066,-0.000180
actual,12.935000,272.635000,0.450537,-1.049740,1.050626,-1.050592,-0.800066,-0.000180
actual,12.940000,272.640000,0.450370,-1.049740,1.050626,-1.050592,-0.800066,-0.000180
actual,12.945000,272.645000,0.450252,-1.049740,1.050626,-1.050592,-0.800066,-0.000180
actual,12.950000,272.650000,0.450183,-1.049740,1.050626,-1.050592,-0.800066,-0.000180
actual,12.955000,272.655000,0.450164,-1.049740,1.050626,-1.050592,-0.800066,-0.000180
actual,12.960000,272.660000,0.450193,-1.049740,1.050626,-1.050592,-0.800066,-0.000180
actual,12.965000,272.665000,0.450272,-1.049740,1.050626,-1.050592,-0.800066,-0.000180
actual,12.970000,272.670000,0.450400,-1.049740,1.050626,-1.050592,-0.800066,-0.000180
actual,12.975000,272.675000,0.450577,-1.049740,1.050626,-1.050592,-0.800066,-0.000180
actual,12.980000,272.680000,0.450803,-1.049740,1.050626,-1.050592,-0.800066,-0.000180
actual,12.985000,272.685000,0.451077,-1.049740,1.050626,-1.050592,-0.800066,-0.000180
actual,12.990000,272.690000,0.451400,-1.049740,1.050626,-1.050592,-0.800066,-0.000180
actual,12.995000,272.695000,0.451771,-1.049740,1.050626,-1.050592,-0.800066,-0.000180
actual,13.000000,272.700000,0.452189,-1.049740,1.050626,-1.050592,-0.800066,-0.000180
actual,13.005000,272.705000,0.452655,-1.049740,1.050626,-1.050592,-0.800066,-0.000180
actual,13.010000,272.710000,0.453167,-1.049740,1.050626,-1.050592,-0.800066,-0.000180
actual,13.015000,272.715000,0.453725,-1.049740,1.050626,-1.050592,-0.800066,-0.000180
actual,13.020000,272.720000,0.454330,-1.049740,1.050626,-1.050592,-0.800066,-0.000180
actual,13.025000,272.725000,0.454979,-1.049740,1.050626,-1.050592,-0.800066,-0.000180
actual,13.030000,272.730000,0.455673,-1.049740,1.050626,-1.050592,-0.800066,-0.000180
actual,13.035000,272.735000,0.456411,-1.049740,1.050626,-1.050592,-0.800066,-0.000180
actual,13.040000,272.740000,0.457191,-1.049740,1.050626,-1.050592,-0.800066,-0.000180
actual,13.045000,272.745000,0.458014,-1.049740,1.050626,-1.050592,-0.800066,-0.000180
actual,13.050000,272.750000,0.458879,-1.049740,1.050626,-1.050592,-0.800066,-0.000180
actual,13.055000,272.755000,0.459784,-1.049740,1.050626,-1.050592,-0.800066,-0.000180
actual,13.060000,272.760000,0.460728,-1.049740,1.050626,-1.050592,-0.800066,-0.000180
actual,13.065000,272.765000,0.461712,-1.049740,1.050626,-1.050592,-0.800066,-0.000180
actual,13.070000,272.770000,0.462733,-1.049740,1.050626,-1.050592,-0.800066,-0.000180
actual,13.075000,272.775000,0.463792,-1.049740,1.050626,-1.050592,-0.800066,-0.000180
actual,13.080000,272.780000,0.464886,-1.049740,1.050626,-1.050592,-0.800066,-0.000180
actual,13.085000,272.785000,0.466014,-1.049740,1.050626,-1.050592,-0.800066,-0.000180
actual,13.090000,272.790000,0.467176,-1.049740,1.050626,-1.050592,-0.800066,-0.000180
actual,13.095000,272.795000,0.468371,-1.049740,1.050626,-1.050592,-0.800066,-0.000180
actual,13.100000,272.800000,0.469597,-1.049740,1.050626,-1.050592,-0.800066,-0.000180
actual,13.105000,272.805000,0.470853,-1.049740,1.050626,-1.050592,-0.800066,-0.000180
actual,13.110000,272.810000,0.472138,-1.049740,1.050626,-1.050592,-0.800066,-0.000180
actual,13.115000,272.815000,0.473450,-1.049740,1.050626,-1.050592,-0.800066,-0.000180
actual,13.120000,272.820000,0.474788,-1.049740,1.050626,-1.050592,-0.800066,-0.000180
actual,13.125000,272.825000,0.476152,-1.049740,1.050626,-1.050592,-0.800066,-0.000180
actual,13.130000,272.830000,0.477539,-1.049740,1.050626,-1.050592,-0.800066,-0.000180
actual,13.135000,272.835000,0.478948,-1.049740,1.050626,-1.050592,-0.800066,-0.000180
actual,13.140000,272.840000,0.480378,-1.049740,1.050626,-1.050592,-0.800066,-0.000180
actual,13.145000,272.845000,0.481828,-1.049740,1.050626,-1.050592,-0.800066,-0.000180
actual,13.150000,272.850000,0.483295,-1.049740,1.050626,-1.050592,-0.800066,-0.000180
actual,13.155000,272.855000,0.484779,-1.049740,1.050626,-1.050592,-0.800066,-0.000180
actual,13.160000,272.860000,0.486278,-1.049740,1.050626,-1.050592,-0.800066,-0.000180
actual,13.165000,272.865000,0.487790,-1.049740,1.050626,-1.050592,-0.800066,-0.000180
actual,13.170000,272.870000,0.489315,-1.049740,1.050626,-1.050592,-0.800066,-0.000180
actual,13.175000,272.875000,0.490850,-1.049740,1.050626,-1.050592,-0.800066,-0.000180
actual,13.180000,272.880000,0.492395,-1.049740,1.050626,-1.050592,-0.800066,-0.000180
actual,13.185000,272.885000,0.493946,-1.049740,1.050626,-1.050592,-0.800066,-0.000180
actual,13.190000,272.890000,0.495504,-1.049740,1.050626,-1.050592,-0.800066,-0.000180
actual,13.195000,272.895000,0.497066,-1.049740,1.050626,-1.050592,-0.800066,-0.000180
actual,13.200000,272.900000,0.498632,-1.049740,1.050626,-1.050592,-0.800066,-0.000180
actual,13.205000,272.905000,0.500198,-1.049740,1.050626,-1.050592,-0.800066,-0.000180
actual,13.210000,272.910000,0.501765,-1.049740,1.050626,-1.050592,-0.800066,-0.000180
actual,13.215000,272.915000,0.503330,-1.049740,1.050626,-1.050592,-0.800066,-0.000180
actual,13.220000,272.920000,0.504891,-1.049740,1.050626,-1.050592,-0.800066,-0.000180
actual,13.225000,272.925000,0.506448,-1.049740,1.050626,-1.050592,-0.800066,-0.000180
actual,13.230000,272.930000,0.507998,-1.049740,1.050626,-1.050592,-0.800066,-0.000180
actual,13.235000,272.935000,0.509541,-1.049740,1.050626,-1.050592,-0.800066,-0.000180
actual,13.240000,272.940000,0.511074,-1.049740,1.050626,-1.050592,-0.800066,-0.000180
actual,13.245000,272.945000,0.512596,-1.049740,1.050626,-1.050592,-0.800066,-0.000180
actual,13.250000,272.950000,0.514106,-1.049740,1.050626,-1.050592,-0.800066,-0.000180
actual,13.255000,272.955000,0.515602,-1.049740,1.050626,-1.050592,-0.800066,-0.000180
actual,13.260000,272.960000,0.517083,-1.049740,1.050626,-1.050592,-0.800066,-0.000180
actual,13.265000,272.965000,0.518546,-1.049740,1.050626,-1.050592,-0.800066,-0.000180
actual,13.270000,272.970000,0.519992,-1.049740,1.050626,-1.050592,-0.800066,-0.000180
actual,13.275000,272.975000,0.521418,-1.049740,1.050626,-1.050592,-0.800066,-0.000180
actual,13.280000,272.980000,0.522822,-1.049740,1.050626,-1.050592,-0.800066,-0.000180
actual,13.285000,272.985000,0.524205,-1.049740,1.050626,-1.050592,-0.800066,-0.000180
actual,13.290000,272.990000,0.525563,-1.049740,1.050626,-1.050592,-0.800066,-0.000180
actual,13.295000,272.995000,0.526896,-1.049740,1.050626,-1.050592,-0.800066,-0.000180
actual,13.300000,273.000000,0.528203,-1.049740,1.050626,-1.050592,-0.800066,-0.000180
actual,13.305000,273.005000,0.529482,-1.049740,1.050626,-1.050592,-0.800066,-0.000180
actual,13.310000,273.010000,0.530732,-1.049740,1.050626,-1.050592,-0.800066,-0.000180
actual,13.315000,273.015000,0.531951,-1.049740,1.050626,-1.050592,-0.800066,-0.000180
actual,13.320000,273.020000,0.533139,-1.049740,1.050626,-1.050592,-0.800066,-0.000180
actual,13.325000,273.025000,0.534295,-1.049740,1.050626,-1.050592,-0.800066,-0.000180
actual,13.330000,273.030000,0.535416,-1.049740,1.050626,-1.050592,-0.800066,-0.000180
actual,13.335000,273.035000,0.536503,-1.049740,1.050626,-1.050592,-0.800066,-0.000180
actual,13.340000,273.040000,0.537554,-1.049740,1.050626,-1.050592,-0.800066,-0.000180
actual,13.345000,273.045000,0.538567,-1.049740,1.050626,-1.050592,-0.800066,-0.000180
actual,13.350000,273.050000,0.539543,-1.049740,1.050626,-1.050592,-0.800066,-0.000180
actual,13.355000,273.055000,0.540480,-1.049740,1.050626,-1.050592,-0.800066,-0.000180
actual,13.360000,273.060000,0.541376,-1.049740,1.050626,-1.050592,-0.800066,-0.000180
actual,13.365000,273.065000,0.542232,-1.049740,1.050626,-1.050592,-0.800066,-0.000180
actual,13.370000,273.070000,0.543046,-1.049740,1.050626,-1.050592,-0.800066,-0.000180
actual,13.375000,273.075000,0.543818,-1.049740,1.050626,-1.050592,-0.800066,-0.000180
actual,13.380000,273.080000,0.544547,-1.049740,1.050626,-1.050592,-0.800066,-0.000180
actual,13.385000,273.085000,0.545232,-1.049740,1.050626,-1.050592,-0.800066,-0.000180
actual,13.390000,273.090000,0.545872,-1.049740,1.050626,-1.050592,-0.800066,-0.000180
actual,13.395000,273.095000,0.546467,-1.049740,1.050626,-1.050592,-0.800066,-0.000180
actual,13.400000,273.100000,0.547016,-1.049740,1.050626,-1.050592,-0.800066,-0.000180
actual,13.405000,273.105000,0.547518,-1.049740,1.050626,-1.050592,-0.800066,-0.000180
actual,13.410000,273.110000,0.547974,-1.049740,1.050626,-1.050592,-0.800066,-0.000180
actual,13.415000,273.115000,0.548383,-1.049740,1.050626,-1.050592,-0.800066,-0.000180
actual,13.420000,273.120000,0.548743,-1.049740,1.050626,-1.050592,-0.800066,-0.000180
actual,13.425000,273.125000,0.549056,-1.049740,1.050626,-1.050592,-0.800066,-0.000180
actual,13.430000,273.130000,0.549321,-1.049740,1.050626,-1.050592,-0.800066,-0.000180
actual,13.435000,273.135000,0.549536,-1.049740,1.050626,-1.050592,-0.800066,-0.000180
actual,13.440000,273.140000,0.549703,-1.049740,1.050626,-1.050592,-0.800066,-0.000180
actual,13.445000,273.145000,0.549821,-1.049740,1.050626,-1.050592,-0.800066,-0.000180
actual,13.450000,273.150000,0.549890,-1.049740,1.050626,-1.050592,-0.800066,-0.000180
actual,13.455000,273.155000,0.549909,-1.049740,1.050626,-1.050592,-0.800066,-0.000180
actual,13.460000,273.160000,0.549880,-1.049740,1.050626,-1.050592,-0.800066,-0.000180
actual,13.465000,273.165000,0.549801,-1.049740,1.050626,-1.050592,-0.800066,-0.000180
actual,13.470000,273.170000,0.549673,-1.049740,1.050626,-1.050592,-0.800066,-0.000180
actual,13.475000,273.175000,0.549496,-1.049740,1.050626,-1.050592,-0.800066,-0.000180
actual,13.480000,273.180000,0.549270,-1.049740,1.050626,-1.050592,-0.800066,-0.000180
actual,13.485000,273.185000,0.548996,-1.049740,1.050626,-1.050592,-0.800066,-0.000180
actual,13.490000,273.190000,0.548673,-1.049740,1.050626,-1.050592,-0.800066,-0.000180
actual,13.495000,273.195000,0.548302,-1.049740,1.050626,-1.050592,-0.800066,-0.000180
actual,13.500000,273.200000,0.547884,-1.049740,1.050626,-1.050592,-0.800066,-0.000180
actual,13.505000,273.205000,0.547418,-1.049740,1.050626,-1.050592,-0.800066,-0.000180
actual,13.510000,273.210000,0.546906,-1.049740,1.050626,-1.050592,-0.800066,-0.000180
actual,13.515000,273.215000,0.546347,-1.049740,1.050626,-1.050592,-0.800066,-0.000180
actual,13.520000,273.220000,0.545743,-1.049740,1.050626,-1.050592,-0.800066,-0.000180
actual,13.525000,273.225000,0.545094,-1.049740,1.050626,-1.050592,-0.800066,-0.000180
actual,13.530000,273.230000,0.544400,-1.049740,1.050626,-1.050592,-0.800066,-0.000180
actual,13.535000,273.235000,0.543662,-1.049740,1.050626,-1.050592,-0.800066,-0.000180
actual,13.540000,273.240000,0.542882,-1.049740,1.050626,-1.050592,-0.800066,-0.000180
actual,13.545000,273.245000,0.542059,-1.049740,1.050626,-1.050592,-0.800066,-0.000180
actual,13.550000,273.250000,0.541194,-1.049740,1.050626,-1.050592,-0.800066,-0.000180
actual,13.555000,273.255000,0.540289,-1.049740,1.050626,-1.050592,-0.800066,-0.000180
actual,13.560000,273.260000,0.539344,-1.049740,1.050626,-1.050592,-0.800066,-0.000180
actual,13.565000,273.265000,0.538361,-1.049740,1.050626,-1.050592,-0.800066,-0.000180
actual,13.570000,273.270000,0.537339,-1.049740,1.050626,-1.050592,-0.800066,-0.000180
actual,13.575000,273.275000,0.536281,-1.049740,1.050626,-1.050592,-0.800066,-0.000180
actual,13.580000,273.280000,0.535187,-1.049740,1.050626,-1.050592,-0.800066,-0.000180
actual,13.585000,273.285000,0.534059,-1.049740,1.050626,-1.050592,-0.800066,-0.000180
actual,13.590000,273.290000,0.532896,-1.049740,1.050626,-1.050592,-0.800066,-0.000180
actual,13.595000,273.295000,0.531702,-1.049740,1.050626,-1.050592,-0.800066,-0.000180
actual,13.600000,273.300000,0.530476,-1.049740,1.050626,-1.050592,-0.800066,-0.000180
actual,13.605000,273.305000,0.529220,-1.049740,1.050626,-1.050592,-0.800066,-0.000180
actual,13.610000,273.310000,0.527935,-1.049740,1.050626,-1.050592,-0.800066,-0.000180
actual,13.615000,273.315000,0.526623,-1.049740,1.050626,-1.050592,-0.800066,-0.000180
actual,13.620000,273.320000,0.525284,-1.049740,1.050626,-1.050592,-0.800066,-0.000180
actual,13.625000,273.325000,0.523921,-1.049740,1.050626,-1.050592,-0.800066,-0.000180
actual,13.630000,273.330000,0.522534,-1.049740,1.050626,-1.050592,-0.800066,-0.000180
actual,13.635000,273.335000,0.521125,-1.049740,1.050626,-1.050592,-0.800066,-0.000180
actual,13.640000,273.340000,0.519695,-1.049740,1.050626,-1.050592,-0.800066,-0.000180
actual,13.645000,273.345000,0.518245,-1.049740,1.050626,-1.050592,-0.800066,-0.000180
actual,13.650000,273.350000,0.516778,-1.049740,1.050626,-1.050592,-0.800066,-0.000180
actual,13.655000,273.355000,0.515294,-1.049740,1.050626,-1.050592,-0.800066,-0.000180
actual,13.660000,273.360000,0.513795,-1.049740,1.050626,-1.050592,-0.800066,-0.000180
actual,13.665000,273.365000,0.512282,-1.049740,1.050626,-1.050592,-0.800066,-0.000180
actual,13.670000,273.370000,0.510758,-1.049740,1.050626,-1.050592,-0.800066,-0.000180
actual,13.675000,273.375000,0.509223,-1.049740,1.050626,-1.050592,-0.800066,-0.000180
actual,13.680000,273.380000,0.507678,-1.049740,1.050626,-1.050592,-0.800066,-0.000180
actual,13.685000,273.385000,0.506127,-1.049740,1.050626,-1.050592,-0.800066,-0.000180
actual,13.690000,273.390000,0.504569,-1.049740,1.050626,-1.050592,-0.800066,-0.000180
actual,13.695000,273.395000,0.503006,-1.049740,1.050626,-1.050592,-0.800066,-0.000180
actual,13.700000,273.400000,0.501441,-1.049740,1.050626,-1.050592,-0.800066,-0.000180
actual,13.705000,273.405000,0.499875,-1.049740,1.050626,-1.050592,-0.800066,-0.000180
actual,13.710000,273.410000,0.498308,-1.049740,1.050626,-1.050592,-0.800066,-0.000180
actual,13.715000,273.415000,0.496743,-1.049740,1.050626,-1.050592,-0.800066,-0.000180
actual,13.720000,273.420000,0.495182,-1.049740,1.050626,-1.050592,-0.800066,-0.000180
actual,13.725000,273.425000,0.493625,-1.049740,1.050626,-1.050592,-0.800066,-0.000180
actual,13.730000,273.430000,0.492075,-1.049740,1.050626,-1.050592,-0.800066,-0.000180
actual,13.735000,273.435000,0.490532,-1.049740,1.050626,-1.050592,-0.800066,-0.000180
actual,13.740000,273.440000,0.488999,-1.049740,1.050626,-1.050592,-0.800066,-0.000180
actual,13.745000,273.445000,0.487477,-1.049740,1.050626,-1.050592,-0.800066,-0.000180
actual,13.750000,273.450000,0.485967,-1.049740,1.050626,-1.050592,-0.800066,-0.000180
actual,13.755000,273.455000,0.484471,-1.049740,1.050626,-1.050592,-0.800066,-0.000180
actual,13.760000,273.460000,0.482990,-1.049740,1.050626,-1.050592,-0.800066,-0.000180
actual,13.765000,273.465000,0.481526,-1.049740,1.050626,-1.050592,-0.800066,-0.000180
actual,13.770000,273.470000,0.480081,-1.049740,1.050626,-1.050592,-0.800066,-0.000180
actual,13.775000,273.475000,0.478655,-1.049740,1.050626,-1.050592,-0.800066,-0.000180
actual,13.780000,273.480000,0.477250,-1.049740,1.050626,-1.050592,-0.800066,-0.000180
actual,13.785000,273.485000,0.475868,-1.049740,1.050626,-1.050592,-0.800066,-0.000180
actual,13.790000,273.490000,0.474510,-1.049740,1.050626,-1.050592,-0.800066,-0.000180
actual,13.795000,273.495000,0.473177,-1.049740,1.050626,-1.050592,-0.800066,-0.000180
actual,13.800000,273.500000,0.471870,-1.049740,1.050626,-1.050592,-0.800066,-0.000180
actual,13.805000,273.505000,0.470591,-1.049740,1.050626,-1.050592,-0.800066,-0.000180
actual,13.810000,273.510000,0.469341,-1.049740,1.050626,-1.050592,-0.800066,-0.000180
actual,13.815000,273.515000,0.468122,-1.049740,1.050626,-1.050592,-0.800066,-0.000180
actual,13.820000,273.520000,0.466933,-1.049740,1.050626,-1.050592,-0.800066,-0.000180
actual,13.825000,273.525000,0.465778,-1.049740,1.050626,-1.050592,-0.800066,-0.000180
actual,13.830000,273.530000,0.464657,-1.049740,1.050626,-1.050592,-0.800066,-0.000180
actual,13.835000,273.535000,0.463570,-1.049740,1.050626,-1.050592,-0.800066,-0.000180
actual,13.840000,273.540000,0.462519,-1.049740,1.050626,-1.050592,-0.800066,-0.000180
actual,13.845000,273.545000,0.461506,-1.049740,1.050626,-1.050592,-0.800066,-0.000180
actual,13.850000,273.550000,0.460530,-1.049740,1.050626,-1.050592,-0.800066,-0.000180
actual,13.855000,273.555000,0.459593,-1.049740,1.050626,-1.050592,-0.800066,-0.000180
actual,13.860000,273.560000,0.458697,-1.049740,1.050626,-1.050592,-0.800066,-0.000180
actual,13.865000,273.565000,0.457841,-1.049740,1.050626,-1.050592,-0.800066,-0.000180
actual,13.870000,273.570000,0.457026,-1.049740,1.050626,-1.050592,-0.800066,-0.000180
actual,13.875000,273.575000,0.456255,-1.049740,1.050626,-1.050592,-0.800066,-0.000180
actual,13.880000,273.580000,0.455526,-1.049740,1.050626,-1.050592,-0.800066,-0.000180
actual,13.885000,273.585000,0.454841,-1.049740,1.050626,-1.050592,-0.800066,-0.000180
actual,13.890000,273.590000,0.454201,-1.049740,1.050626,-1.050592,-0.800066,-0.000180
actual,13.895000,273.595000,0.453606,-1.049740,1.050626,-1.050592,-0.800066,-0.000180
actual,13.900000,273.600000,0.453057,-1.049740,1.050626,-1.050592,-0.800066,-0.000180
actual,13.905000,273.605000,0.452555,-1.049740,1.050626,-1.050592,-0.800066,-0.000180
actual,13.910000,273.610000,0.452099,-1.049740,1.050626,-1.050592,-0.800066,-0.000180
actual,13.915000,273.615000,0.451690,-1.049740,1.050626,-1.050592,-0.800066,-0.000180
actual,13.920000,273.620000,0.451329,-1.049740,1.050626,-1.050592,-0.800066,-0.000180
actual,13.925000,273.625000,0.451017,-1.049740,1.050626,-1.050592,-0.800066,-0.000180
actual,13.930000,273.630000,0.450752,-1.049740,1.050626,-1.050592,-0.800066,-0.000180
actual,13.935000,273.635000,0.450537,-1.049740,1.050626,-1.050592,-0.800066,-0.000180
actual,13.940000,273.640000,0.450370,-1.049740,1.050626,-1.050592,-0.800066,-0.000180
actual,13.945000,273.645000,0.450252,-1.049740,1.050626,-1.050592,-0.800066,-0.000180
actual,13.950000,273.650000,0.450183,-1.049740,1.050626,-1.050592,-0.800066,-0.000180
actual,13.955000,273.655000,0.450164,-1.049740,1.050626,-1.050592,-0.800066,-0.000180
actual,13.960000,273.660000,0.450193,-1.049740,1.050626,-1.050592,-0.800066,-0.000180
actual,13.965000,273.665000,0.450272,-1.049740,1.050626,-1.050592,-0.800066,-0.000180
actual,13.970000,273.670000,0.450400,-1.049740,1.050626,-1.050592,-0.800066,-0.000180
actual,13.975000,273.675000,0.450577,-1.049740,1.050626,-1.050592,-0.800066,-0.000180
actual,13.980000,273.680000,0.450803,-1.049740,1.050626,-1.050592,-0.800066,-0.000180
actual,13.985000,273.685000,0.451077,-1.049740,1.050626,-1.050592,-0.800066,-0.000180
actual,13.990000,273.690000,0.451400,-1.049740,1.050626,-1.050592,-0.800066,-0.000180
actual,13.995000,273.695000,0.451771,-1.049740,1.050626,-1.050592,-0.800066,-0.000180
actual,14.000000,273.700000,0.452189,-1.049740,1.050626,-1.050592,-0.800066,-0.000180
actual,14.005000,273.705000,0.452655,-1.049740,1.050626,-1.050592,-0.800066,-0.000180
actual,14.010000,273.710000,0.453167,-1.049740,1.050626,-1.050592,-0.800066,-0.000180
actual,14.015000,273.715000,0.453725,-1.049740,1.050626,-1.050592,-0.800066,-0.000180
actual,14.020000,273.720000,0.454330,-1.049740,1.050626,-1.050592,-0.800066,-0.000180
actual,14.025000,273.725000,0.454979,-1.049740,1.050626,-1.050592,-0.800066,-0.000180
actual,14.030000,273.730000,0.455673,-1.049740,1.050626,-1.050592,-0.800066,-0.000180
actual,14.035000,273.735000,0.456411,-1.049740,1.050626,-1.050592,-0.800066,-0.000180
actual,14.040000,273.740000,0.457191,-1.049740,1.050626,-1.050592,-0.800066,-0.000180
actual,14.045000,273.745000,0.458014,-1.049740,1.050626,-1.050592,-0.800066,-0.000180
actual,14.050000,273.750000,0.458879,-1.049740,1.050626,-1.050592,-0.800066,-0.000180
actual,14.055000,273.755000,0.459784,-1.049740,1.050626,-1.050592,-0.800066,-0.000180
actual,14.060000,273.760000,0.460728,-1.049740,1.050626,-1.050592,-0.800066,-0.000180
actual,14.065000,273.765000,0.461712,-1.049740,1.050626,-1.050592,-0.800066,-0.000180
actual,14.070000,273.770000,0.462733,-1.049740,1.050626,-1.050592,-0.800066,-0.000180
actual,14.075000,273.775000,0.463792,-1.049740,1.050626,-1.050592,-0.800066,-0.000180
actual,14.080000,273.780000,0.464886,-1.049740,1.050626,-1.050592,-0.800066,-0.000180
actual,14.085000,273.785000,0.466014,-1.049740,1.050626,-1.050592,-0.800066,-0.000180
actual,14.090000,273.790000,0.467176,-1.049740,1.050626,-1.050592,-0.800066,-0.000180
actual,14.095000,273.795000,0.468371,-1.049740,1.050626,-1.050592,-0.800066,-0.000180
actual,14.100000,273.800000,0.469597,-1.049740,1.050626,-1.050592,-0.800066,-0.000180
actual,14.105000,273.805000,0.470853,-1.049740,1.050626,-1.050592,-0.800066,-0.000180
actual,14.110000,273.810000,0.472138,-1.049740,1.050626,-1.050592,-0.800066,-0.000180
actual,14.115000,273.815000,0.473450,-1.049740,1.050626,-1.050592,-0.800066,-0.000180
actual,14.120000,273.820000,0.474788,-1.049740,1.050626,-1.050592,-0.800066,-0.000180
actual,14.125000,273.825000,0.476152,-1.049740,1.050626,-1.050592,-0.800066,-0.000180
actual,14.130000,273.830000,0.477539,-1.049740,1.050626,-1.050592,-0.800066,-0.000180
actual,14.135000,273.835000,0.478948,-1.049740,1.050626,-1.050592,-0.800066,-0.000180
actual,14.140000,273.840000,0.480378,-1.049740,1.050626,-1.050592,-0.800066,-0.000180
actual,14.145000,273.845000,0.481828,-1.049740,1.050626,-1.050592,-0.800066,-0.000180
actual,14.150000,273.850000,0.483295,-1.049740,1.050626,-1.050592,-0.800066,-0.000180
actual,14.155000,273.855000,0.484779,-1.049740,1.050626,-1.050592,-0.800066,-0.000180
actual,14.160000,273.860000,0.486278,-1.049740,1.050626,-1.050592,-0.800066,-0.000180
actual,14.165000,273.865000,0.487790,-1.049740,1.050626,-1.050592,-0.800066,-0.000180
actual,14.170000,273.870000,0.489315,-1.049740,1.050626,-1.050592,-0.800066,-0.000180
actual,14.175000,273.875000,0.490850,-1.049740,1.050626,-1.050592,-0.800066,-0.000180
actual,14.180000,273.880000,0.492395,-1.049740,1.050626,-1.050592,-0.800066,-0.000180
actual,14.185000,273.885000,0.493946,-1.049740,1.050626,-1.050592,-0.800066,-0.000180
actual,14.190000,273.890000,0.495504,-1.049740,1.050626,-1.050592,-0.800066,-0.000180
actual,14.195000,273.895000,0.497066,-1.049740,1.050626,-1.050592,-0.800066,-0.000180
actual,14.200000,273.900000,0.498632,-1.049740,1.050626,-1.050592,-0.800066,-0.000180
actual,14.205000,273.905000,0.500198,-1.049740,1.050626,-1.050592,-0.800066,-0.000180
actual,14.210000,273.910000,0.501765,-1.049740,1.050626,-1.050592,-0.800066,-0.000180
actual,14.215000,273.915000,0.503330,-1.049740,1.050626,-1.050592,-0.800066,-0.000180
actual,14.220000,273.920000,0.504891,-1.049740,1.050626,-1.050592,-0.800066,-0.000180
actual,14.225000,273.925000,0.506448,-1.049740,1.050626,-1.050592,-0.800066,-0.000180
actual,14.230000,273.930000,0.507998,-1.049740,1.050626,-1.050592,-0.800066,-0.000180
actual,14.235000,273.935000,0.509541,-1.049740,1.050626,-1.050592,-0.800066,-0.000180
actual,14.240000,273.940000,0.511074,-1.049740,1.050626,-1.050592,-0.800066,-0.000180
actual,14.245000,273.945000,0.512596,-1.049740,1.050626,-1.050592,-0.800066,-0.000180
actual,14.250000,273.950000,0.514106,-1.049740,1.050626,-1.050592,-0.800066,-0.000180
actual,14.255000,273.955000,0.515602,-1.049740,1.050626,-1.050592,-0.800066,-0.000180
actual,14.265000,273.965000,0.518546,-1.049740,1.050626,-1.050592,-0.800066,-0.000180
actual,14.270000,273.970000,0.519992,-1.049740,1.050626,-1.050592,-0.800066,-0.000180
actual,14.275000,273.975000,0.521418,-1.049740,1.050626,-1.050592,-0.800066,-0.000180
actual,14.280000,273.980000,0.522822,-1.049740,1.050626,-1.050592,-0.800066,-0.000180
actual,14.285000,273.985000,0.524205,-1.049740,1.050626,-1.050592,-0.800066,-0.000180
actual,14.290000,273.990000,0.525563,-1.049740,1.050626,-1.050592,-0.800066,-0.000180
actual,14.295000,273.995000,0.526896,-1.049740,1.050626,-1.050592,-0.800066,-0.000180
actual,14.300000,274.000000,0.528203,-1.049740,1.050626,-1.050592,-0.800066,-0.000180
actual,14.305000,274.005000,0.529482,-1.049740,1.050626,-1.050592,-0.800066,-0.000180
actual,14.310000,274.010000,0.530732,-1.049740,1.050626,-1.050592,-0.800066,-0.000180
actual,14.315000,274.015000,0.531951,-1.049740,1.050626,-1.050592,-0.800066,-0.000180
actual,14.320000,274.020000,0.533139,-1.049740,1.050626,-1.050592,-0.800066,-0.000180
actual,14.325000,274.025000,0.534295,-1.049740,1.050626,-1.050592,-0.800066,-0.000180
actual,14.330000,274.030000,0.535416,-1.049740,1.050626,-1.050592,-0.800066,-0.000180
actual,14.335000,274.035000,0.536503,-1.049740,1.050626,-1.050592,-0.800066,-0.000180
actual,14.340000,274.040000,0.537554,-1.049740,1.050626,-1.050592,-0.800066,-0.000180
actual,14.345000,274.045000,0.538567,-1.049740,1.050626,-1.050592,-0.800066,-0.000180
actual,14.350000,274.050000,0.539543,-1.049740,1.050626,-1.050592,-0.800066,-0.000180
actual,14.355000,274.055000,0.540480,-1.049740,1.050626,-1.050592,-0.800066,-0.000180
actual,14.360000,274.060000,0.541376,-1.049740,1.050626,-1.050592,-0.800066,-0.000180
actual,14.365000,274.065000,0.542232,-1.049740,1.050626,-1.050592,-0.800066,-0.000180
actual,14.370000,274.070000,0.543046,-1.049740,1.050626,-1.050592,-0.800066,-0.000180
actual,14.375000,274.075000,0.543818,-1.049740,1.050626,-1.050592,-0.800066,-0.000180
actual,14.380000,274.080000,0.544547,-1.049740,1.050626,-1.050592,-0.800066,-0.000180
actual,14.385000,274.085000,0.545232,-1.049740,1.050626,-1.050592,-0.800066,-0.000180
actual,14.390000,274.090000,0.545872,-1.049740,1.050626,-1.050592,-0.800066,-0.000180
actual,14.395000,274.095000,0.546467,-1.049740,1.050626,-1.050592,-0.800066,-0.000180
actual,14.400000,274.100000,0.547016,-1.049740,1.050626,-1.050592,-0.800066,-0.000180
actual,14.405000,274.105000,0.547518,-1.049740,1.050626,-1.050592,-0.800066,-0.000180
actual,14.410000,274.110000,0.547974,-1.049740,1.050626,-1.050592,-0.800066,-0.000180
actual,14.415000,274.115000,0.548383,-1.049740,1.050626,-1.050592,-0.800066,-0.000180
actual,14.420000,274.120000,0.548743,-1.049740,1.050626,-1.050592,-0.800066,-0.000180
actual,14.425000,274.125000,0.549056,-1.049740,1.050626,-1.050592,-0.800066,-0.000180
actual,14.430000,274.130000,0.549321,-1.049740,1.050626,-1.050592,-0.800066,-0.000180
actual,14.435000,274.135000,0.549536,-1.049740,1.050626,-1.050592,-0.800066,-0.000180
actual,14.440000,274.140000,0.549703,-1.049740,1.050626,-1.050592,-0.800066,-0.000180
actual,14.445000,274.145000,0.549821,-1.049740,1.050626,-1.050592,-0.800066,-0.000180
actual,14.450000,274.150000,0.549890,-1.049740,1.050626,-1.050592,-0.800066,-0.000180
actual,14.455000,274.155000,0.549909,-1.049740,1.050626,-1.050592,-0.800066,-0.000180
actual,14.460000,274.160000,0.549880,-1.049740,1.050626,-1.050592,-0.800066,-0.000180
actual,14.465000,274.165000,0.549801,-1.049740,1.050626,-1.050592,-0.800066,-0.000180
actual,14.470000,274.170000,0.549673,-1.049740,1.050626,-1.050592,-0.800066,-0.000180
actual,14.475000,274.175000,0.549496,-1.049740,1.050626,-1.050592,-0.800066,-0.000180
actual,14.480000,274.180000,0.549270,-1.049740,1.050626,-1.050592,-0.800066,-0.000180
actual,14.485000,274.185000,0.548996,-1.049740,1.050626,-1.050592,-0.800066,-0.000180
actual,14.490000,274.190000,0.548673,-1.049740,1.050626,-1.050592,-0.800066,-0.000180
actual,14.495000,274.195000,0.548302,-1.049740,1.050626,-1.050592,-0.800066,-0.000180
actual,14.500000,274.200000,0.547884,-1.049740,1.050626,-1.050592,-0.800066,-0.000180
actual,14.505000,274.205000,0.547418,-1.049740,1.050626,-1.050592,-0.800066,-0.000180
actual,14.510000,274.210000,0.546906,-1.049740,1.050626,-1.050592,-0.800066,-0.000180
actual,14.515000,274.215000,0.546347,-1.049740,1.050626,-1.050592,-0.800066,-0.000180
actual,14.520000,274.220000,0.545743,-1.049740,1.050626,-1.050592,-0.800066,-0.000180
actual,14.525000,274.225000,0.545094,-1.049740,1.050626,-1.050592,-0.800066,-0.000180
actual,14.530000,274.230000,0.544400,-1.049740,1.050626,-1.050592,-0.800066,-0.000180
actual,14.535000,274.235000,0.543662,-1.049740,1.050626,-1.050592,-0.800066,-0.000180
actual,14.540000,274.240000,0.542882,-1.049740,1.050626,-1.050592,-0.800066,-0.000180
actual,14.545000,274.245000,0.542059,-1.049740,1.050626,-1.050592,-0.800066,-0.000180
actual,14.550000,274.250000,0.541194,-1.049740,1.050626,-1.050592,-0.800066,-0.000180
actual,14.555000,274.255000,0.540289,-1.049740,1.050626,-1.050592,-0.800066,-0.000180
actual,14.560000,274.260000,0.539344,-1.049740,1.050626,-1.050592,-0.800066,-0.000180
actual,14.565000,274.265000,0.538361,-1.049740,1.050626,-1.050592,-0.800066,-0.000180
actual,14.570000,274.270000,0.537339,-1.049740,1.050626,-1.050592,-0.800066,-0.000180
actual,14.575000,274.275000,0.536281,-1.049740,1.050626,-1.050592,-0.800066,-0.000180
actual,14.580000,274.280000,0.535187,-1.049740,1.050626,-1.050592,-0.800066,-0.000180
actual,14.585000,274.285000,0.534059,-1.049740,1.050626,-1.050592,-0.800066,-0.000180
actual,14.590000,274.290000,0.532896,-1.049740,1.050626,-1.050592,-0.800066,-0.000180
actual,14.595000,274.295000,0.531702,-1.049740,1.050626,-1.050592,-0.800066,-0.000180
actual,14.600000,274.300000,0.530476,-1.049740,1.050626,-1.050592,-0.800066,-0.000180
actual,14.605000,274.305000,0.529220,-1.049740,1.050626,-1.050592,-0.800066,-0.000180
actual,14.610000,274.310000,0.527935,-1.049740,1.050626,-1.050592,-0.800066,-0.000180
actual,14.615000,274.315000,0.526623,-1.049740,1.050626,-1.050592,-0.800066,-0.000180
actual,14.620000,274.320000,0.525284,-1.049740,1.050626,-1.050592,-0.800066,-0.000180
actual,14.625000,274.325000,0.523921,-1.049740,1.050626,-1.050592,-0.800066,-0.000180
actual,14.630000,274.330000,0.522534,-1.049740,1.050626,-1.050592,-0.800066,-0.000180
actual,14.635000,274.335000,0.521125,-1.049740,1.050626,-1.050592,-0.800066,-0.000180
actual,14.640000,274.340000,0.519695,-1.049740,1.050626,-1.050592,-0.800066,-0.000180
actual,14.645000,274.345000,0.518245,-1.049740,1.050626,-1.050592,-0.800066,-0.000180
actual,14.650000,274.350000,0.516778,-1.049740,1.050626,-1.050592,-0.800066,-0.000180
actual,14.655000,274.355000,0.515294,-1.049740,1.050626,-1.050592,-0.800066,-0.000180
actual,14.660000,274.360000,0.513795,-1.049740,1.050626,-1.050592,-0.800066,-0.000180
actual,14.665000,274.365000,0.512282,-1.049740,1.050626,-1.050592,-0.800066,-0.000180
actual,14.670000,274.370000,0.510758,-1.049740,1.050626,-1.050592,-0.800066,-0.000180
actual,14.675000,274.375000,0.509223,-1.049740,1.050626,-1.050592,-0.800066,-0.000180
actual,14.680000,274.380000,0.507678,-1.049740,1.050626,-1.050592,-0.800066,-0.000180
actual,14.685000,274.385000,0.506127,-1.049740,1.050626,-1.050592,-0.800066,-0.000180
actual,14.690000,274.390000,0.504569,-1.049740,1.050626,-1.050592,-0.800066,-0.000180
actual,14.695000,274.395000,0.503006,-1.049740,1.050626,-1.050592,-0.800066,-0.000180
actual,14.700000,274.400000,0.501441,-1.049740,1.050626,-1.050592,-0.800066,-0.000180
actual,14.705000,274.405000,0.499875,-1.049740,1.050626,-1.050592,-0.800066,-0.000180
actual,14.710000,274.410000,0.498308,-1.049740,1.050626,-1.050592,-0.800066,-0.000180
actual,14.715000,274.415000,0.496743,-1.049740,1.050626,-1.050592,-0.800066,-0.000180
actual,14.720000,274.420000,0.495182,-1.049740,1.050626,-1.050592,-0.800066,-0.000180
actual,14.725000,274.425000,0.493625,-1.049740,1.050626,-1.050592,-0.800066,-0.000180
actual,14.730000,274.430000,0.492075,-1.049740,1.050626,-1.050592,-0.800066,-0.000180
actual,14.735000,274.435000,0.490532,-1.049740,1.050626,-1.050592,-0.800066,-0.000180
actual,14.740000,274.440000,0.488999,-1.049740,1.050626,-1.050592,-0.800066,-0.000180
actual,14.750000,274.450000,0.485967,-1.049740,1.050626,-1.050592,-0.800066,-0.000180
actual,14.755000,274.455000,0.484471,-1.049740,1.050626,-1.050592,-0.800066,-0.000180
actual,14.760000,274.460000,0.482990,-1.049740,1.050626,-1.050592,-0.800066,-0.000180
actual,14.765000,274.465000,0.481526,-1.049740,1.050626,-1.050592,-0.800066,-0.000180
actual,14.770000,274.470000,0.480081,-1.049740,1.050626,-1.050592,-0.800066,-0.000180
actual,14.775000,274.475000,0.478655,-1.049740,1.050626,-1.050592,-0.800066,-0.000180
actual,14.780000,274.480000,0.477250,-1.049740,1.050626,-1.050592,-0.800066,-0.000180
actual,14.785000,274.485000,0.475868,-1.049740,1.050626,-1.050592,-0.800066,-0.000180
actual,14.790000,274.490000,0.474510,-1.049740,1.050626,-1.050592,-0.800066,-0.000180
actual,14.795000,274.495000,0.473177,-1.049740,1.050626,-1.050592,-0.800066,-0.000180
actual,14.800000,274.500000,0.471870,-1.049740,1.050626,-1.050592,-0.800066,-0.000180
actual,14.805000,274.505000,0.470591,-1.049740,1.050626,-1.050592,-0.800066,-0.000180
actual,14.810000,274.510000,0.469341,-1.049740,1.050626,-1.050592,-0.800066,-0.000180
actual,14.815000,274.515000,0.468122,-1.049740,1.050626,-1.050592,-0.800066,-0.000180
actual,14.820000,274.520000,0.466933,-1.049740,1.050626,-1.050592,-0.800066,-0.000180
actual,14.825000,274.525000,0.465778,-1.049740,1.050626,-1.050592,-0.800066,-0.000180
actual,14.830000,274.530000,0.464657,-1.049740,1.050626,-1.050592,-0.800066,-0.000180
actual,14.835000,274.535000,0.463570,-1.049740,1.050626,-1.050592,-0.800066,-0.000180
actual,14.840000,274.540000,0.462519,-1.049740,1.050626,-1.050592,-0.800066,-0.000180
actual,14.845000,274.545000,0.461506,-1.049740,1.050626,-1.050592,-0.800066,-0.000180
actual,14.850000,274.550000,0.460530,-1.049740,1.050626,-1.050592,-0.800066,-0.000180
actual,14.855000,274.555000,0.459593,-1.049740,1.050626,-1.050592,-0.800066,-0.000180
actual,14.860000,274.560000,0.458697,-1.049740,1.050626,-1.050592,-0.800066,-0.000180
actual,14.865000,274.565000,0.457841,-1.049740,1.050626,-1.050592,-0.800066,-0.000180
actual,14.870000,274.570000,0.457026,-1.049740,1.050626,-1.050592,-0.800066,-0.000180
actual,14.875000,274.575000,0.456255,-1.049740,1.050626,-1.050592,-0.800066,-0.000180
actual,14.880000,274.580000,0.455526,-1.049740,1.050626,-1.050592,-0.800066,-0.000180
actual,14.885000,274.585000,0.454841,-1.049740,1.050626,-1.050592,-0.800066,-0.000180
actual,14.890000,274.590000,0.454201,-1.049740,1.050626,-1.050592,-0.800066,-0.000180
actual,14.895000,274.595000,0.453606,-1.049740,1.050626,-1.050592,-0.800066,-0.000180
actual,14.900000,274.600000,0.453057,-1.049740,1.050626,-1.050592,-0.800066,-0.000180
actual,14.905000,274.605000,0.452555,-1.049740,1.050626,-1.050592,-0.800066,-0.000180
actual,14.910000,274.610000,0.452099,-1.049740,1.050626,-1.050592,-0.800066,-0.000180
actual,14.915000,274.615000,0.451690,-1.049740,1.050626,-1.050592,-0.800066,-0.000180
actual,14.920000,274.620000,0.451329,-1.049740,1.050626,-1.050592,-0.800066,-0.000180
actual,14.925000,274.625000,0.451017,-1.049740,1.050626,-1.050592,-0.800066,-0.000180
actual,14.930000,274.630000,0.450752,-1.049740,1.050626,-1.050592,-0.800066,-0.000180
actual,14.935000,274.635000,0.450537,-1.049740,1.050626,-1.050592,-0.800066,-0.000180
actual,14.940000,274.640000,0.450370,-1.049740,1.050626,-1.050592,-0.800066,-0.000180
actual,14.945000,274.645000,0.450252,-1.049740,1.050626,-1.050592,-0.800066,-0.000180
actual,14.950000,274.650000,0.450183,-1.049740,1.050626,-1.050592,-0.800066,-0.000180
actual,14.955000,274.655000,0.450164,-1.049740,1.050626,-1.050592,-0.800066,-0.000180
actual,14.960000,274.660000,0.450193,-1.049740,1.050626,-1.050592,-0.800066,-0.000180
actual,14.965000,274.665000,0.450272,-1.049740,1.050626,-1.050592,-0.800066,-0.000180
actual,14.970000,274.670000,0.450400,-1.049740,1.050626,-1.050592,-0.800066,-0.000180
actual,14.975000,274.675000,0.450577,-1.049740,1.050626,-1.050592,-0.800066,-0.000180
actual,14.980000,274.680000,0.450803,-1.049740,1.050626,-1.050592,-0.800066,-0.000180
actual,14.985000,274.685000,0.451077,-1.049740,1.050626,-1.050592,-0.800066,-0.000180
actual,14.990000,274.690000,0.451400,-1.049740,1.050626,-1.050592,-0.800066,-0.000180
actual,14.995000,274.695000,0.451771,-1.049740,1.050626,-1.050592,-0.800066,-0.000180
actual,15.000000,274.700000,0.452189,-1.049740,1.050626,-1.050592,-0.800066,-0.000180
actual,15.005000,274.705000,0.452655,-1.049740,1.050626,-1.050592,-0.800066,-0.000180
actual,15.010000,274.710000,0.453167,-1.049740,1.050626,-1.050592,-0.800066,-0.000180
actual,15.015000,274.715000,0.453725,-1.049740,1.050626,-1.050592,-0.800066,-0.000180
actual,15.020000,274.720000,0.454330,-1.049740,1.050626,-1.050592,-0.800066,-0.000180
actual,15.025000,274.725000,0.454979,-1.049740,1.050626,-1.050592,-0.800066,-0.000180
actual,15.030000,274.730000,0.455673,-1.049740,1.050626,-1.050592,-0.800066,-0.000180
actual,15.035000,274.735000,0.456411,-1.049740,1.050626,-1.050592,-0.800066,-0.000180
actual,15.040000,274.740000,0.457191,-1.049740,1.050626,-1.050592,-0.800066,-0.000180
actual,15.045000,274.745000,0.458014,-1.049740,1.050626,-1.050592,-0.800066,-0.000180
actual,15.050000,274.750000,0.458879,-1.049740,1.050626,-1.050592,-0.800066,-0.000180
actual,15.055000,274.755000,0.459784,-1.049740,1.050626,-1.050592,-0.800066,-0.000180
actual,15.060000,274.760000,0.460728,-1.049740,1.050626,-1.050592,-0.800066,-0.000180
actual,15.065000,274.765000,0.461712,-1.049740,1.050626,-1.050592,-0.800066,-0.000180
actual,15.070000,274.770000,0.462733,-1.049740,1.050626,-1.050592,-0.800066,-0.000180
actual,15.075000,274.775000,0.463792,-1.049740,1.050626,-1.050592,-0.800066,-0.000180
actual,15.080000,274.780000,0.464886,-1.049740,1.050626,-1.050592,-0.800066,-0.000180
actual,15.085000,274.785000,0.466014,-1.049740,1.050626,-1.050592,-0.800066,-0.000180
actual,15.090000,274.790000,0.467176,-1.049740,1.050626,-1.050592,-0.800066,-0.000180
actual,15.095000,274.795000,0.468371,-1.049740,1.050626,-1.050592,-0.800066,-0.000180
actual,15.100000,274.800000,0.469597,-1.049740,1.050626,-1.050592,-0.800066,-0.000180
actual,15.105000,274.805000,0.470853,-1.049740,1.050626,-1.050592,-0.800066,-0.000180
actual,15.110000,274.810000,0.472138,-1.049740,1.050626,-1.050592,-0.800066,-0.000180
actual,15.115000,274.815000,0.473450,-1.049740,1.050626,-1.050592,-0.800066,-0.000180
actual,15.120000,274.820000,0.474788,-1.049740,1.050626,-1.050592,-0.800066,-0.000180
actual,15.125000,274.825000,0.476152,-1.049740,1.050626,-1.050592,-0.800066,-0.000180
actual,15.130000,274.830000,0.477539,-1.049740,1.050626,-1.050592,-0.800066,-0.000180
actual,15.135000,274.835000,0.478948,-1.049740,1.050626,-1.050592,-0.800066,-0.000180
actual,15.140000,274.840000,0.480378,-1.049740,1.050626,-1.050592,-0.800066,-0.000180
actual,15.145000,274.845000,0.481828,-1.049740,1.050626,-1.050592,-0.800066,-0.000180
actual,15.150000,274.850000,0.483295,-1.049740,1.050626,-1.050592,-0.800066,-0.000180
actual,15.155000,274.855000,0.484779,-1.049740,1.050626,-1.050592,-0.800066,-0.000180
actual,15.160000,274.860000,0.486278,-1.049740,1.050626,-1.050592,-0.800066,-0.000180
actual,15.165000,274.865000,0.487790,-1.049740,1.050626,-1.050592,-0.800066,-0.000180
actual,15.170000,274.870000,0.489315,-1.049740,1.050626,-1.050592,-0.800066,-0.000180
actual,15.175000,274.875000,0.490850,-1.049740,1.050626,-1.050592,-0.800066,-0.000180
actual,15.180000,274.880000,0.492395,-1.049740,1.050626,-1.050592,-0.800066,-0.000180
actual,15.185000,274.885000,0.493946,-1.049740,1.050626,-1.050592,-0.800066,-0.000180
actual,15.190000,274.890000,0.495504,-1.049740,1.050626,-1.050592,-0.800066,-0.000180
actual,15.195000,274.895000,0.497066,-1.049740,1.050626,-1.050592,-0.800066,-0.000180
actual,15.200000,274.900000,0.498632,-1.049740,1.050626,-1.050592,-0.800066,-0.000180
actual,15.205000,274.905000,0.500198,-1.049740,1.050626,-1.050592,-0.800066,-0.000180
actual,15.210000,274.910000,0.501765,-1.049740,1.050626,-1.050592,-0.800066,-0.000180
actual,15.215000,274.915000,0.503330,-1.049740,1.050626,-1.050592,-0.800066,-0.000180
actual,15.220000,274.920000,0.504891,-1.049740,1.050626,-1.050592,-0.800066,-0.000180
actual,15.225000,274.925000,0.506448,-1.049740,1.050626,-1.050592,-0.800066,-0.000180
actual,15.230000,274.930000,0.507998,-1.049740,1.050626,-1.050592,-0.800066,-0.000180
actual,15.235000,274.935000,0.509541,-1.049740,1.050626,-1.050592,-0.800066,-0.000180
actual,15.240000,274.940000,0.511074,-1.049740,1.050626,-1.050592,-0.800066,-0.000180
actual,15.245000,274.945000,0.512596,-1.049740,1.050626,-1.050592,-0.800066,-0.000180
actual,15.250000,274.950000,0.514106,-1.049740,1.050626,-1.050592,-0.800066,-0.000180
actual,15.255000,274.955000,0.515602,-1.049740,1.050626,-1.050592,-0.800066,-0.000180
actual,15.260000,274.960000,0.517083,-1.049740,1.050626,-1.050592,-0.800066,-0.000180
actual,15.265000,274.965000,0.518546,-1.049740,1.050626,-1.050592,-0.800066,-0.000180
actual,15.270000,274.970000,0.519992,-1.049740,1.050626,-1.050592,-0.800066,-0.000180
actual,15.275000,274.975000,0.521418,-1.049740,1.050626,-1.050592,-0.800066,-0.000180
actual,15.280000,274.980000,0.522822,-1.049740,1.050626,-1.050592,-0.800066,-0.000180
actual,15.285000,274.985000,0.524205,-1.049740,1.050626,-1.050592,-0.800066,-0.000180
actual,15.290000,274.990000,0.525563,-1.049740,1.050626,-1.050592,-0.800066,-0.000180
actual,15.295000,274.995000,0.526896,-1.049740,1.050626,-1.050592,-0.800066,-0.000180
actual,15.300000,275.000000,0.528203,-1.049740,1.050626,-1.050592,-0.800066,-0.000180
actual,15.305000,275.005000,0.529482,-1.049740,1.050626,-1.050592,-0.800066,-0.000180
actual,15.310000,275.010000,0.530732,-1.049740,1.050626,-1.050592,-0.800066,-0.000180
actual,15.315000,275.015000,0.531951,-1.049740,1.050626,-1.050592,-0.800066,-0.000180
actual,15.320000,275.020000,0.533139,-1.049740,1.050626,-1.050592,-0.800066,-0.000180
actual,15.325000,275.025000,0.534295,-1.049740,1.050626,-1.050592,-0.800066,-0.000180
actual,15.330000,275.030000,0.535416,-1.049740,1.050626,-1.050592,-0.800066,-0.000180
actual,15.335000,275.035000,0.536503,-1.049740,1.050626,-1.050592,-0.800066,-0.000180
actual,15.340000,275.040000,0.537554,-1.049740,1.050626,-1.050592,-0.800066,-0.000180
actual,15.345000,275.045000,0.538567,-1.049740,1.050626,-1.050592,-0.800066,-0.000180
actual,15.350000,275.050000,0.539543,-1.049740,1.050626,-1.050592,-0.800066,-0.000180
actual,15.355000,275.055000,0.540480,-1.049740,1.050626,-1.050592,-0.800066,-0.000180
actual,15.360000,275.060000,0.541376,-1.049740,1.050626,-1.050592,-0.800066,-0.000180
actual,15.365000,275.065000,0.542232,-1.049740,1.050626,-1.050592,-0.800066,-0.000180
actual,15.370000,275.070000,0.543046,-1.049740,1.050626,-1.050592,-0.800066,-0.000180
actual,15.375000,275.075000,0.543818,-1.049740,1.050626,-1.050592,-0.800066,-0.000180
actual,15.380000,275.080000,0.544547,-1.049740,1.050626,-1.050592,-0.800066,-0.000180
actual,15.385000,275.085000,0.545232,-1.049740,1.050626,-1.050592,-0.800066,-0.000180
actual,15.390000,275.090000,0.545872,-1.049740,1.050626,-1.050592,-0.800066,-0.000180
actual,15.395000,275.095000,0.546467,-1.049740,1.050626,-1.050592,-0.800066,-0.000180
actual,15.400000,275.100000,0.547016,-1.049740,1.050626,-1.050592,-0.800066,-0.000180
actual,15.405000,275.105000,0.547518,-1.049740,1.050626,-1.050592,-0.800066,-0.000180
actual,15.410000,275.110000,0.547974,-1.049740,1.050626,-1.050592,-0.800066,-0.000180
actual,15.415000,275.115000,0.548383,-1.049740,1.050626,-1.050592,-0.800066,-0.000180
actual,15.420000,275.120000,0.548743,-1.049740,1.050626,-1.050592,-0.800066,-0.000180
actual,15.425000,275.125000,0.549056,-1.049740,1.050626,-1.050592,-0.800066,-0.000180
actual,15.430000,275.130000,0.549321,-1.049740,1.050626,-1.050592,-0.800066,-0.000180
actual,15.435000,275.135000,0.549536,-1.049740,1.050626,-1.050592,-0.800066,-0.000180
actual,15.440000,275.140000,0.549703,-1.049740,1.050626,-1.050592,-0.800066,-0.000180
actual,15.445000,275.145000,0.549821,-1.049740,1.050626,-1.050592,-0.800066,-0.000180
actual,15.450000,275.150000,0.549890,-1.049740,1.050626,-1.050592,-0.800066,-0.000180
actual,15.455000,275.155000,0.549909,-1.049740,1.050626,-1.050592,-0.800066,-0.000180
actual,15.460000,275.160000,0.549880,-1.049740,1.050626,-1.050592,-0.800066,-0.000180
actual,15.465000,275.165000,0.549801,-1.049740,1.050626,-1.050592,-0.800066,-0.000180
actual,15.470000,275.170000,0.549673,-1.049740,1.050626,-1.050592,-0.800066,-0.000180
actual,15.475000,275.175000,0.549496,-1.049740,1.050626,-1.050592,-0.800066,-0.000180
actual,15.480000,275.180000,0.549270,-1.049740,1.050626,-1.050592,-0.800066,-0.000180
actual,15.485000,275.185000,0.548996,-1.049740,1.050626,-1.050592,-0.800066,-0.000180
actual,15.490000,275.190000,0.548673,-1.049740,1.050626,-1.050592,-0.800066,-0.000180
actual,15.495000,275.195000,0.548302,-1.049740,1.050626,-1.050592,-0.800066,-0.000180
actual,15.500000,275.200000,0.547884,-1.049740,1.050626,-1.050592,-0.800066,-0.000180
actual,15.505000,275.205000,0.547418,-1.049740,1.050626,-1.050592,-0.800066,-0.000180
actual,15.510000,275.210000,0.546906,-1.049740,1.050626,-1.050592,-0.800066,-0.000180
actual,15.515000,275.215000,0.546347,-1.049740,1.050626,-1.050592,-0.800066,-0.000180
actual,15.520000,275.220000,0.545743,-1.049740,1.050626,-1.050592,-0.800066,-0.000180
actual,15.525000,275.225000,0.545094,-1.049740,1.050626,-1.050592,-0.800066,-0.000180
actual,15.530000,275.230000,0.544400,-1.049740,1.050626,-1.050592,-0.800066,-0.000180
actual,15.535000,275.235000,0.543662,-1.049740,1.050626,-1.050592,-0.800066,-0.000180
actual,15.540000,275.240000,0.542882,-1.049740,1.050626,-1.050592,-0.800066,-0.000180
actual,15.545000,275.245000,0.542059,-1.049740,1.050626,-1.050592,-0.800066,-0.000180
actual,15.550000,275.250000,0.541194,-1.049740,1.050626,-1.050592,-0.800066,-0.000180
actual,15.555000,275.255000,0.540289,-1.049740,1.050626,-1.050592,-0.800066,-0.000180
actual,15.560000,275.260000,0.539344,-1.049740,1.050626,-1.050592,-0.800066,-0.000180
actual,15.565000,275.265000,0.538361,-1.049740,1.050626,-1.050592,-0.800066,-0.000180
actual,15.570000,275.270000,0.537339,-1.049740,1.050626,-1.050592,-0.800066,-0.000180
actual,15.575000,275.275000,0.536281,-1.049740,1.050626,-1.050592,-0.800066,-0.000180
actual,15.580000,275.280000,0.535187,-1.049740,1.050626,-1.050592,-0.800066,-0.000180
actual,15.585000,275.285000,0.534059,-1.049740,1.050626,-1.050592,-0.800066,-0.000180
actual,15.590000,275.290000,0.532896,-1.049740,1.050626,-1.050592,-0.800066,-0.000180
actual,15.595000,275.295000,0.531702,-1.049740,1.050626,-1.050592,-0.800066,-0.000180
actual,15.600000,275.300000,0.530476,-1.049740,1.050626,-1.050592,-0.800066,-0.000180
actual,15.605000,275.305000,0.529220,-1.049740,1.050626,-1.050592,-0.800066,-0.000180
actual,15.610000,275.310000,0.527935,-1.049740,1.050626,-1.050592,-0.800066,-0.000180
actual,15.615000,275.315000,0.526623,-1.049740,1.050626,-1.050592,-0.800066,-0.000180
actual,15.620000,275.320000,0.525284,-1.049740,1.050626,-1.050592,-0.800066,-0.000180
actual,15.625000,275.325000,0.523921,-1.049740,1.050626,-1.050592,-0.800066,-0.000180
actual,15.630000,275.330000,0.522534,-1.049740,1.050626,-1.050592,-0.800066,-0.000180
actual,15.635000,275.335000,0.521125,-1.049740,1.050626,-1.050592,-0.800066,-0.000180
actual,15.640000,275.340000,0.519695,-1.049740,1.050626,-1.050592,-0.800066,-0.000180
actual,15.645000,275.345000,0.518245,-1.049740,1.050626,-1.050592,-0.800066,-0.000180
actual,15.650000,275.350000,0.516778,-1.049740,1.050626,-1.050592,-0.800066,-0.000180
actual,15.655000,275.355000,0.515294,-1.049740,1.050626,-1.050592,-0.800066,-0.000180
actual,15.660000,275.360000,0.513795,-1.049740,1.050626,-1.050592,-0.800066,-0.000180
actual,15.665000,275.365000,0.512282,-1.049740,1.050626,-1.050592,-0.800066,-0.000180
actual,15.670000,275.370000,0.510758,-1.049740,1.050626,-1.050592,-0.800066,-0.000180
actual,15.675000,275.375000,0.509223,-1.049740,1.050626,-1.050592,-0.800066,-0.000180
actual,15.680000,275.380000,0.507678,-1.049740,1.050626,-1.050592,-0.800066,-0.000180
actual,15.685000,275.385000,0.506127,-1.049740,1.050626,-1.050592,-0.800066,-0.000180
actual,15.690000,275.390000,0.504569,-1.049740,1.050626,-1.050592,-0.800066,-0.000180
actual,15.695000,275.395000,0.503006,-1.049740,1.050626,-1.050592,-0.800066,-0.000180
actual,15.700000,275.400000,0.501441,-1.049740,1.050626,-1.050592,-0.800066,-0.000180
actual,15.705000,275.405000,0.499875,-1.049740,1.050626,-1.050592,-0.800066,-0.000180
actual,15.710000,275.410000,0.498308,-1.049740,1.050626,-1.050592,-0.800066,-0.000180
actual,15.715000,275.415000,0.496743,-1.049740,1.050626,-1.050592,-0.800066,-0.000180
actual,15.720000,275.420000,0.495182,-1.049740,1.050626,-1.050592,-0.800066,-0.000180
actual,15.725000,275.425000,0.493625,-1.049740,1.050626,-1.050592,-0.800066,-0.000180
actual,15.730000,275.430000,0.492075,-1.049740,1.050626,-1.050592,-0.800066,-0.000180
actual,15.735000,275.435000,0.490532,-1.049740,1.050626,-1.050592,-0.800066,-0.000180
actual,15.740000,275.440000,0.488999,-1.049740,1.050626,-1.050592,-0.800066,-0.000180
actual,15.745000,275.445000,0.487477,-1.049740,1.050626,-1.050592,-0.800066,-0.000180
actual,15.750000,275.450000,0.485967,-1.049740,1.050626,-1.050592,-0.800066,-0.000180
actual,15.755000,275.455000,0.484471,-1.049740,1.050626,-1.050592,-0.800066,-0.000180
actual,15.760000,275.460000,0.482990,-1.049740,1.050626,-1.050592,-0.800066,-0.000180
actual,15.765000,275.465000,0.481526,-1.049740,1.050626,-1.050592,-0.800066,-0.000180
actual,15.770000,275.470000,0.480081,-1.049740,1.050626,-1.050592,-0.800066,-0.000180
actual,15.775000,275.475000,0.478655,-1.049740,1.050626,-1.050592,-0.800066,-0.000180
actual,15.780000,275.480000,0.477250,-1.049740,1.050626,-1.050592,-0.800066,-0.000180
actual,15.785000,275.485000,0.475868,-1.049740,1.050626,-1.050592,-0.800066,-0.000180
actual,15.790000,275.490000,0.474510,-1.049740,1.050626,-1.050592,-0.800066,-0.000180
actual,15.795000,275.495000,0.473177,-1.049740,1.050626,-1.050592,-0.800066,-0.000180
actual,15.800000,275.500000,0.471870,-1.049740,1.050626,-1.050592,-0.800066,-0.000180
actual,15.805000,275.505000,0.470591,-1.049740,1.050626,-1.050592,-0.800066,-0.000180
actual,15.810000,275.510000,0.469341,-1.049740,1.050626,-1.050592,-0.800066,-0.000180
actual,15.815000,275.515000,0.468122,-1.049740,1.050626,-1.050592,-0.800066,-0.000180
actual,15.820000,275.520000,0.466933,-1.049740,1.050626,-1.050592,-0.800066,-0.000180
actual,15.825000,275.525000,0.465778,-1.049740,1.050626,-1.050592,-0.800066,-0.000180
actual,15.830000,275.530000,0.464657,-1.049740,1.050626,-1.050592,-0.800066,-0.000180
actual,15.835000,275.535000,0.463570,-1.049740,1.050626,-1.050592,-0.800066,-0.000180
actual,15.840000,275.540000,0.462519,-1.049740,1.050626,-1.050592,-0.800066,-0.000180
actual,15.845000,275.545000,0.461506,-1.049740,1.050626,-1.050592,-0.800066,-0.000180
actual,15.850000,275.550000,0.460530,-1.049740,1.050626,-1.050592,-0.800066,-0.000180
actual,15.855000,275.555000,0.459593,-1.049740,1.050626,-1.050592,-0.800066,-0.000180
actual,15.860000,275.560000,0.458697,-1.049740,1.050626,-1.050592,-0.800066,-0.000180
actual,15.865000,275.565000,0.457841,-1.049740,1.050626,-1.050592,-0.800066,-0.000180
actual,15.870000,275.570000,0.457026,-1.049740,1.050626,-1.050592,-0.800066,-0.000180
actual,15.875000,275.575000,0.456255,-1.049740,1.050626,-1.050592,-0.800066,-0.000180
actual,15.880000,275.580000,0.455526,-1.049740,1.050626,-1.050592,-0.800066,-0.000180
actual,15.885000,275.585000,0.454841,-1.049740,1.050626,-1.050592,-0.800066,-0.000180
actual,15.890000,275.590000,0.454201,-1.049740,1.050626,-1.050592,-0.800066,-0.000180
actual,15.895000,275.595000,0.453606,-1.049740,1.050626,-1.050592,-0.800066,-0.000180
actual,15.900000,275.600000,0.453057,-1.049740,1.050626,-1.050592,-0.800066,-0.000180
actual,15.905000,275.605000,0.452555,-1.049740,1.050626,-1.050592,-0.800066,-0.000180
actual,15.910000,275.610000,0.452099,-1.049740,1.050626,-1.050592,-0.800066,-0.000180
actual,15.915000,275.615000,0.451690,-1.049740,1.050626,-1.050592,-0.800066,-0.000180
actual,15.920000,275.620000,0.451329,-1.049740,1.050626,-1.050592,-0.800066,-0.000180
actual,15.925000,275.625000,0.451017,-1.049740,1.050626,-1.050592,-0.800066,-0.000180
actual,15.930000,275.630000,0.450752,-1.049740,1.050626,-1.050592,-0.800066,-0.000180
actual,15.935000,275.635000,0.450537,-1.049740,1.050626,-1.050592,-0.800066,-0.000180
actual,15.940000,275.640000,0.450370,-1.049740,1.050626,-1.050592,-0.800066,-0.000180
actual,15.945000,275.645000,0.450252,-1.049740,1.050626,-1.050592,-0.800066,-0.000180
actual,15.950000,275.650000,0.450183,-1.049740,1.050626,-1.050592,-0.800066,-0.000180
actual,15.955000,275.655000,0.450164,-1.049740,1.050626,-1.050592,-0.800066,-0.000180
actual,15.960000,275.660000,0.450193,-1.049740,1.050626,-1.050592,-0.800066,-0.000180
actual,15.965000,275.665000,0.450272,-1.049740,1.050626,-1.050592,-0.800066,-0.000180
actual,15.970000,275.670000,0.450400,-1.049740,1.050626,-1.050592,-0.800066,-0.000180
actual,15.975000,275.675000,0.450577,-1.049740,1.050626,-1.050592,-0.800066,-0.000180
actual,15.980000,275.680000,0.450803,-1.049740,1.050626,-1.050592,-0.800066,-0.000180
actual,15.985000,275.685000,0.451077,-1.049740,1.050626,-1.050592,-0.800066,-0.000180
actual,15.990000,275.690000,0.451400,-1.049740,1.050626,-1.050592,-0.800066,-0.000180
actual,15.995000,275.695000,0.451771,-1.049740,1.050626,-1.050592,-0.800066,-0.000180
actual,16.000000,275.700000,0.452189,-1.049740,1.050626,-1.050592,-0.800066,-0.000180
actual,16.005000,275.705000,0.452655,-1.049740,1.050626,-1.050592,-0.800066,-0.000180
actual,16.010000,275.710000,0.453167,-1.049740,1.050626,-1.050592,-0.800066,-0.000180
actual,16.015000,275.715000,0.453725,-1.049740,1.050626,-1.050592,-0.800066,-0.000180
actual,16.020000,275.720000,0.454330,-1.049740,1.050626,-1.050592,-0.800066,-0.000180
actual,16.025000,275.725000,0.454979,-1.049740,1.050626,-1.050592,-0.800066,-0.000180
actual,16.030000,275.730000,0.455673,-1.049740,1.050626,-1.050592,-0.800066,-0.000180
actual,16.035000,275.735000,0.456411,-1.049740,1.050626,-1.050592,-0.800066,-0.000180
actual,16.040000,275.740000,0.457191,-1.049740,1.050626,-1.050592,-0.800066,-0.000180
actual,16.045000,275.745000,0.458014,-1.049740,1.050626,-1.050592,-0.800066,-0.000180
actual,16.050000,275.750000,0.458879,-1.049740,1.050626,-1.050592,-0.800066,-0.000180
actual,16.055000,275.755000,0.459784,-1.049740,1.050626,-1.050592,-0.800066,-0.000180
actual,16.060000,275.760000,0.460728,-1.049740,1.050626,-1.050592,-0.800066,-0.000180
actual,16.065000,275.765000,0.461712,-1.049740,1.050626,-1.050592,-0.800066,-0.000180
actual,16.070000,275.770000,0.462733,-1.049740,1.050626,-1.050592,-0.800066,-0.000180
actual,16.075000,275.775000,0.463792,-1.049740,1.050626,-1.050592,-0.800066,-0.000180
actual,16.080000,275.780000,0.464886,-1.049740,1.050626,-1.050592,-0.800066,-0.000180
actual,16.085000,275.785000,0.466014,-1.049740,1.050626,-1.050592,-0.800066,-0.000180
actual,16.090000,275.790000,0.467176,-1.049740,1.050626,-1.050592,-0.800066,-0.000180
actual,16.095000,275.795000,0.468371,-1.049740,1.050626,-1.050592,-0.800066,-0.000180
actual,16.100000,275.800000,0.469597,-1.049740,1.050626,-1.050592,-0.800066,-0.000180
actual,16.105000,275.805000,0.470853,-1.049740,1.050626,-1.050592,-0.800066,-0.000180
actual,16.110000,275.810000,0.472138,-1.049740,1.050626,-1.050592,-0.800066,-0.000180
actual,16.115000,275.815000,0.473450,-1.049740,1.050626,-1.050592,-0.800066,-0.000180
actual,16.120000,275.820000,0.474788,-1.049740,1.050626,-1.050592,-0.800066,-0.000180
actual,16.125000,275.825000,0.476152,-1.049740,1.050626,-1.050592,-0.800066,-0.000180
actual,16.130000,275.830000,0.477539,-1.049740,1.050626,-1.050592,-0.800066,-0.000180
actual,16.135000,275.835000,0.478948,-1.049740,1.050626,-1.050592,-0.800066,-0.000180
actual,16.140000,275.840000,0.480378,-1.049740,1.050626,-1.050592,-0.800066,-0.000180
actual,16.145000,275.845000,0.481828,-1.049740,1.050626,-1.050592,-0.800066,-0.000180
actual,16.150000,275.850000,0.483295,-1.049740,1.050626,-1.050592,-0.800066,-0.000180
actual,16.155000,275.855000,0.484779,-1.049740,1.050626,-1.050592,-0.800066,-0.000180
actual,16.160000,275.860000,0.486278,-1.049740,1.050626,-1.050592,-0.800066,-0.000180
actual,16.165000,275.865000,0.487790,-1.049740,1.050626,-1.050592,-0.800066,-0.000180
actual,16.170000,275.870000,0.489315,-1.049740,1.050626,-1.050592,-0.800066,-0.000180
actual,16.175000,275.875000,0.490850,-1.049740,1.050626,-1.050592,-0.800066,-0.000180
actual,16.180000,275.880000,0.492395,-1.049740,1.050626,-1.050592,-0.800066,-0.000180
actual,16.185000,275.885000,0.493946,-1.049740,1.050626,-1.050592,-0.800066,-0.000180
actual,16.190000,275.890000,0.495504,-1.049740,1.050626,-1.050592,-0.800066,-0.000180
actual,16.195000,275.895000,0.497066,-1.049740,1.050626,-1.050592,-0.800066,-0.000180
actual,16.200000,275.900000,0.498632,-1.049740,1.050626,-1.050592,-0.800066,-0.000180
actual,16.205000,275.905000,0.500198,-1.049740,1.050626,-1.050592,-0.800066,-0.000180
actual,16.210000,275.910000,0.501765,-1.049740,1.050626,-1.050592,-0.800066,-0.000180
actual,16.215000,275.915000,0.503330,-1.049740,1.050626,-1.050592,-0.800066,-0.000180
actual,16.220000,275.920000,0.504891,-1.049740,1.050626,-1.050592,-0.800066,-0.000180
actual,16.225000,275.925000,0.506448,-1.049740,1.050626,-1.050592,-0.800066,-0.000180
actual,16.230000,275.930000,0.507998,-1.049740,1.050626,-1.050592,-0.800066,-0.000180
actual,16.235000,275.935000,0.509541,-1.049740,1.050626,-1.050592,-0.800066,-0.000180
actual,16.240000,275.940000,0.511074,-1.049740,1.050626,-1.050592,-0.800066,-0.000180
actual,16.245000,275.945000,0.512596,-1.049740,1.050626,-1.050592,-0.800066,-0.000180
actual,16.250000,275.950000,0.514106,-1.049740,1.050626,-1.050592,-0.800066,-0.000180
actual,16.255000,275.955000,0.515602,-1.049740,1.050626,-1.050592,-0.800066,-0.000180
actual,16.260000,275.960000,0.517083,-1.049740,1.050626,-1.050592,-0.800066,-0.000180
actual,16.265000,275.965000,0.518546,-1.049740,1.050626,-1.050592,-0.800066,-0.000180
actual,16.270000,275.970000,0.519992,-1.049740,1.050626,-1.050592,-0.800066,-0.000180
actual,16.275000,275.975000,0.521418,-1.049740,1.050626,-1.050592,-0.800066,-0.000180
actual,16.280000,275.980000,0.522822,-1.049740,1.050626,-1.050592,-0.800066,-0.000180
actual,16.285000,275.985000,0.524205,-1.049740,1.050626,-1.050592,-0.800066,-0.000180
actual,16.290000,275.990000,0.525563,-1.049740,1.050626,-1.050592,-0.800066,-0.000180
actual,16.295000,275.995000,0.526896,-1.049740,1.050626,-1.050592,-0.800066,-0.000180
actual,16.300000,276.000000,0.528203,-1.049740,1.050626,-1.050592,-0.800066,-0.000180
actual,16.305000,276.005000,0.529482,-1.049740,1.050626,-1.050592,-0.800066,-0.000180
actual,16.310000,276.010000,0.530732,-1.049740,1.050626,-1.050592,-0.800066,-0.000180
actual,16.315000,276.015000,0.531951,-1.049740,1.050626,-1.050592,-0.800066,-0.000180
actual,16.320000,276.020000,0.533139,-1.049740,1.050626,-1.050592,-0.800066,-0.000180
actual,16.325000,276.025000,0.534295,-1.049740,1.050626,-1.050592,-0.800066,-0.000180
actual,16.330000,276.030000,0.535416,-1.049740,1.050626,-1.050592,-0.800066,-0.000180
actual,16.335000,276.035000,0.536503,-1.049740,1.050626,-1.050592,-0.800066,-0.000180
actual,16.340000,276.040000,0.537554,-1.049740,1.050626,-1.050592,-0.800066,-0.000180
actual,16.345000,276.045000,0.538567,-1.049740,1.050626,-1.050592,-0.800066,-0.000180
actual,16.350000,276.050000,0.539543,-1.049740,1.050626,-1.050592,-0.800066,-0.000180
actual,16.355000,276.055000,0.540480,-1.049740,1.050626,-1.050592,-0.800066,-0.000180
actual,16.360000,276.060000,0.541376,-1.049740,1.050626,-1.050592,-0.800066,-0.000180
actual,16.365000,276.065000,0.542232,-1.049740,1.050626,-1.050592,-0.800066,-0.000180
actual,16.370000,276.070000,0.543046,-1.049740,1.050626,-1.050592,-0.800066,-0.000180
actual,16.375000,276.075000,0.543818,-1.049740,1.050626,-1.050592,-0.800066,-0.000180
actual,16.380000,276.080000,0.544547,-1.049740,1.050626,-1.050592,-0.800066,-0.000180
actual,16.385000,276.085000,0.545232,-1.049740,1.050626,-1.050592,-0.800066,-0.000180
actual,16.390000,276.090000,0.545872,-1.049740,1.050626,-1.050592,-0.800066,-0.000180
actual,16.395000,276.095000,0.546467,-1.049740,1.050626,-1.050592,-0.800066,-0.000180
actual,16.400000,276.100000,0.547016,-1.049740,1.050626,-1.050592,-0.800066,-0.000180
actual,16.405000,276.105000,0.547518,-1.049740,1.050626,-1.050592,-0.800066,-0.000180
actual,16.410000,276.110000,0.547974,-1.049740,1.050626,-1.050592,-0.800066,-0.000180
actual,16.415000,276.115000,0.548383,-1.049740,1.050626,-1.050592,-0.800066,-0.000180
actual,16.420000,276.120000,0.548743,-1.049740,1.050626,-1.050592,-0.800066,-0.000180
actual,16.425000,276.125000,0.549056,-1.049740,1.050626,-1.050592,-0.800066,-0.000180
actual,16.430000,276.130000,0.549321,-1.049740,1.050626,-1.050592,-0.800066,-0.000180
actual,16.435000,276.135000,0.549536,-1.049740,1.050626,-1.050592,-0.800066,-0.000180
actual,16.440000,276.140000,0.549703,-1.049740,1.050626,-1.050592,-0.800066,-0.000180
actual,16.445000,276.145000,0.549821,-1.049740,1.050626,-1.050592,-0.800066,-0.000180
actual,16.450000,276.150000,0.549890,-1.049740,1.050626,-1.050592,-0.800066,-0.000180
actual,16.455000,276.155000,0.549909,-1.049740,1.050626,-1.050592,-0.800066,-0.000180
actual,16.460000,276.160000,0.549880,-1.049740,1.050626,-1.050592,-0.800066,-0.000180
actual,16.465000,276.165000,0.549801,-1.049740,1.050626,-1.050592,-0.800066,-0.000180
actual,16.470000,276.170000,0.549673,-1.049740,1.050626,-1.050592,-0.800066,-0.000180
actual,16.475000,276.175000,0.549496,-1.049740,1.050626,-1.050592,-0.800066,-0.000180
actual,16.480000,276.180000,0.549270,-1.049740,1.050626,-1.050592,-0.800066,-0.000180
actual,16.485000,276.185000,0.548996,-1.049740,1.050626,-1.050592,-0.800066,-0.000180
actual,16.490000,276.190000,0.548673,-1.049740,1.050626,-1.050592,-0.800066,-0.000180
actual,16.495000,276.195000,0.548302,-1.049740,1.050626,-1.050592,-0.800066,-0.000180
actual,16.500000,276.200000,0.547884,-1.049740,1.050626,-1.050592,-0.800066,-0.000180
actual,16.505000,276.205000,0.547418,-1.049740,1.050626,-1.050592,-0.800066,-0.000180
actual,16.510000,276.210000,0.546906,-1.049740,1.050626,-1.050592,-0.800066,-0.000180
actual,16.515000,276.215000,0.546347,-1.049740,1.050626,-1.050592,-0.800066,-0.000180
actual,16.520000,276.220000,0.545743,-1.049740,1.050626,-1.050592,-0.800066,-0.000180
actual,16.525000,276.225000,0.545094,-1.049740,1.050626,-1.050592,-0.800066,-0.000180
actual,16.530000,276.230000,0.544400,-1.049740,1.050626,-1.050592,-0.800066,-0.000180
actual,16.535000,276.235000,0.543662,-1.049740,1.050626,-1.050592,-0.800066,-0.000180
actual,16.540000,276.240000,0.542882,-1.049740,1.050626,-1.050592,-0.800066,-0.000180
actual,16.545000,276.245000,0.542059,-1.049740,1.050626,-1.050592,-0.800066,-0.000180
actual,16.550000,276.250000,0.541194,-1.049740,1.050626,-1.050592,-0.800066,-0.000180
actual,16.555000,276.255000,0.540289,-1.049740,1.050626,-1.050592,-0.800066,-0.000180
actual,16.560000,276.260000,0.539344,-1.049740,1.050626,-1.050592,-0.800066,-0.000180
actual,16.565000,276.265000,0.538361,-1.049740,1.050626,-1.050592,-0.800066,-0.000180
actual,16.570000,276.270000,0.537339,-1.049740,1.050626,-1.050592,-0.800066,-0.000180
actual,16.575000,276.275000,0.536281,-1.049740,1.050626,-1.050592,-0.800066,-0.000180
actual,16.580000,276.280000,0.535187,-1.049740,1.050626,-1.050592,-0.800066,-0.000180
actual,16.585000,276.285000,0.534059,-1.049740,1.050626,-1.050592,-0.800066,-0.000180
actual,16.590000,276.290000,0.532896,-1.049740,1.050626,-1.050592,-0.800066,-0.000180
actual,16.595000,276.295000,0.531702,-1.049740,1.050626,-1.050592,-0.800066,-0.000180
actual,16.600000,276.300000,0.530476,-1.049740,1.050626,-1.050592,-0.800066,-0.000180
actual,16.605000,276.305000,0.529220,-1.049740,1.050626,-1.050592,-0.800066,-0.000180
actual,16.610000,276.310000,0.527935,-1.049740,1.050626,-1.050592,-0.800066,-0.000180
actual,16.615000,276.315000,0.526623,-1.049740,1.050626,-1.050592,-0.800066,-0.000180
actual,16.620000,276.320000,0.525284,-1.049740,1.050626,-1.050592,-0.800066,-0.000180
actual,16.625000,276.325000,0.523921,-1.049740,1.050626,-1.050592,-0.800066,-0.000180
actual,16.630000,276.330000,0.522534,-1.049740,1.050626,-1.050592,-0.800066,-0.000180
actual,16.635000,276.335000,0.521125,-1.049740,1.050626,-1.050592,-0.800066,-0.000180
actual,16.640000,276.340000,0.519695,-1.049740,1.050626,-1.050592,-0.800066,-0.000180
actual,16.645000,276.345000,0.518245,-1.049740,1.050626,-1.050592,-0.800066,-0.000180
actual,16.650000,276.350000,0.516778,-1.049740,1.050626,-1.050592,-0.800066,-0.000180
actual,16.655000,276.355000,0.515294,-1.049740,1.050626,-1.050592,-0.800066,-0.000180
actual,16.660000,276.360000,0.513795,-1.049740,1.050626,-1.050592,-0.800066,-0.000180
actual,16.665000,276.365000,0.512282,-1.049740,1.050626,-1.050592,-0.800066,-0.000180
actual,16.670000,276.370000,0.510758,-1.049740,1.050626,-1.050592,-0.800066,-0.000180
actual,16.675000,276.375000,0.509223,-1.049740,1.050626,-1.050592,-0.800066,-0.000180
actual,16.680000,276.380000,0.507678,-1.049740,1.050626,-1.050592,-0.800066,-0.000180
actual,16.685000,276.385000,0.506127,-1.049740,1.050626,-1.050592,-0.800066,-0.000180
actual,16.690000,276.390000,0.504569,-1.049740,1.050626,-1.050592,-0.800066,-0.000180
actual,16.695000,276.395000,0.503006,-1.049740,1.050626,-1.050592,-0.800066,-0.000180
actual,16.700000,276.400000,0.501441,-1.049740,1.050626,-1.050592,-0.800066,-0.000180
actual,16.705000,276.405000,0.499875,-1.049740,1.050626,-1.050592,-0.800066,-0.000180
actual,16.710000,276.410000,0.498308,-1.049740,1.050626,-1.050592,-0.800066,-0.000180
actual,16.715000,276.415000,0.496743,-1.049740,1.050626,-1.050592,-0.800066,-0.000180
actual,16.720000,276.420000,0.495182,-1.049740,1.050626,-1.050592,-0.800066,-0.000180
actual,16.725000,276.425000,0.493625,-1.049740,1.050626,-1.050592,-0.800066,-0.000180
actual,16.730000,276.430000,0.492075,-1.049740,1.050626,-1.050592,-0.800066,-0.000180
actual,16.735000,276.435000,0.490532,-1.049740,1.050626,-1.050592,-0.800066,-0.000180
actual,16.740000,276.440000,0.488999,-1.049740,1.050626,-1.050592,-0.800066,-0.000180
actual,16.745000,276.445000,0.487477,-1.049740,1.050626,-1.050592,-0.800066,-0.000180
actual,16.750000,276.450000,0.485967,-1.049740,1.050626,-1.050592,-0.800066,-0.000180
actual,16.755000,276.455000,0.484471,-1.049740,1.050626,-1.050592,-0.800066,-0.000180
actual,16.760000,276.460000,0.482990,-1.049740,1.050626,-1.050592,-0.800066,-0.000180
actual,16.765000,276.465000,0.481526,-1.049740,1.050626,-1.050592,-0.800066,-0.000180
actual,16.770000,276.470000,0.480081,-1.049740,1.050626,-1.050592,-0.800066,-0.000180
actual,16.775000,276.475000,0.478655,-1.049740,1.050626,-1.050592,-0.800066,-0.000180
actual,16.780000,276.480000,0.477250,-1.049740,1.050626,-1.050592,-0.800066,-0.000180
actual,16.785000,276.485000,0.475868,-1.049740,1.050626,-1.050592,-0.800066,-0.000180
actual,16.790000,276.490000,0.474510,-1.049740,1.050626,-1.050592,-0.800066,-0.000180
actual,16.795000,276.495000,0.473177,-1.049740,1.050626,-1.050592,-0.800066,-0.000180
actual,16.800000,276.500000,0.471870,-1.049740,1.050626,-1.050592,-0.800066,-0.000180
actual,16.805000,276.505000,0.470591,-1.049740,1.050626,-1.050592,-0.800066,-0.000180
actual,16.810000,276.510000,0.469341,-1.049740,1.050626,-1.050592,-0.800066,-0.000180
actual,16.815000,276.515000,0.468122,-1.049740,1.050626,-1.050592,-0.800066,-0.000180
actual,16.820000,276.520000,0.466933,-1.049740,1.050626,-1.050592,-0.800066,-0.000180
actual,16.825000,276.525000,0.465778,-1.049740,1.050626,-1.050592,-0.800066,-0.000180
actual,16.830000,276.530000,0.464657,-1.049740,1.050626,-1.050592,-0.800066,-0.000180
actual,16.835000,276.535000,0.463570,-1.049740,1.050626,-1.050592,-0.800066,-0.000180
actual,16.840000,276.540000,0.462519,-1.049740,1.050626,-1.050592,-0.800066,-0.000180
actual,16.845000,276.545000,0.461506,-1.049740,1.050626,-1.050592,-0.800066,-0.000180
actual,16.850000,276.550000,0.460530,-1.049740,1.050626,-1.050592,-0.800066,-0.000180
actual,16.855000,276.555000,0.459593,-1.049740,1.050626,-1.050592,-0.800066,-0.000180
actual,16.860000,276.560000,0.458697,-1.049740,1.050626,-1.050592,-0.800066,-0.000180
actual,16.865000,276.565000,0.457841,-1.049740,1.050626,-1.050592,-0.800066,-0.000180
actual,16.870000,276.570000,0.457026,-1.049740,1.050626,-1.050592,-0.800066,-0.000180
actual,16.875000,276.575000,0.456255,-1.049740,1.050626,-1.050592,-0.800066,-0.000180
actual,16.880000,276.580000,0.455526,-1.049740,1.050626,-1.050592,-0.800066,-0.000180
actual,16.885000,276.585000,0.454841,-1.049740,1.050626,-1.050592,-0.800066,-0.000180
actual,16.890000,276.590000,0.454201,-1.049740,1.050626,-1.050592,-0.800066,-0.000180
actual,16.895000,276.595000,0.453606,-1.049740,1.050626,-1.050592,-0.800066,-0.000180
actual,16.900000,276.600000,0.453057,-1.049740,1.050626,-1.050592,-0.800066,-0.000180
actual,16.905000,276.605000,0.452555,-1.049740,1.050626,-1.050592,-0.800066,-0.000180
actual,16.910000,276.610000,0.452099,-1.049740,1.050626,-1.050592,-0.800066,-0.000180
actual,16.915000,276.615000,0.451690,-1.049740,1.050626,-1.050592,-0.800066,-0.000180
actual,16.920000,276.620000,0.451329,-1.049740,1.050626,-1.050592,-0.800066,-0.000180
actual,16.925000,276.625000,0.451017,-1.049740,1.050626,-1.050592,-0.800066,-0.000180
actual,16.930000,276.630000,0.450752,-1.049740,1.050626,-1.050592,-0.800066,-0.000180
actual,16.935000,276.635000,0.450537,-1.049740,1.050626,-1.050592,-0.800066,-0.000180
actual,16.940000,276.640000,0.450370,-1.049740,1.050626,-1.050592,-0.800066,-0.000180
actual,16.945000,276.645000,0.450252,-1.049740,1.050626,-1.050592,-0.800066,-0.000180
actual,16.950000,276.650000,0.450183,-1.049740,1.050626,-1.050592,-0.800066,-0.000180
actual,16.955000,276.655000,0.450164,-1.049740,1.050626,-1.050592,-0.800066,-0.000180
actual,16.960000,276.660000,0.450193,-1.049740,1.050626,-1.050592,-0.800066,-0.000180
actual,16.965000,276.665000,0.450272,-1.049740,1.050626,-1.050592,-0.800066,-0.000180
actual,16.970000,276.670000,0.450400,-1.049740,1.050626,-1.050592,-0.800066,-0.000180
actual,16.975000,276.675000,0.450577,-1.049740,1.050626,-1.050592,-0.800066,-0.000180
actual,16.980000,276.680000,0.450803,-1.049740,1.050626,-1.050592,-0.800066,-0.000180
actual,16.985000,276.685000,0.451077,-1.049740,1.050626,-1.050592,-0.800066,-0.000180
actual,16.990000,276.690000,0.451400,-1.049740,1.050626,-1.050592,-0.800066,-0.000180
actual,16.995000,276.695000,0.451771,-1.049740,1.050626,-1.050592,-0.800066,-0.000180
actual,17.000000,276.700000,0.452189,-1.049740,1.050626,-1.050592,-0.800066,-0.000180
actual,17.005000,276.705000,0.452655,-1.049740,1.050626,-1.050592,-0.800066,-0.000180
actual,17.010000,276.710000,0.453167,-1.049740,1.050626,-1.050592,-0.800066,-0.000180
actual,17.015000,276.715000,0.453725,-1.049740,1.050626,-1.050592,-0.800066,-0.000180
actual,17.020000,276.720000,0.454330,-1.049740,1.050626,-1.050592,-0.800066,-0.000180
actual,17.025000,276.725000,0.454979,-1.049740,1.050626,-1.050592,-0.800066,-0.000180
actual,17.030000,276.730000,0.455673,-1.049740,1.050626,-1.050592,-0.800066,-0.000180
actual,17.035000,276.735000,0.456411,-1.049740,1.050626,-1.050592,-0.800066,-0.000180
actual,17.040000,276.740000,0.457191,-1.049740,1.050626,-1.050592,-0.800066,-0.000180
actual,17.045000,276.745000,0.458014,-1.049740,1.050626,-1.050592,-0.800066,-0.000180
actual,17.050000,276.750000,0.458879,-1.049740,1.050626,-1.050592,-0.800066,-0.000180
actual,17.055000,276.755000,0.459784,-1.049740,1.050626,-1.050592,-0.800066,-0.000180
actual,17.060000,276.760000,0.460728,-1.049740,1.050626,-1.050592,-0.800066,-0.000180
actual,17.065000,276.765000,0.461712,-1.049740,1.050626,-1.050592,-0.800066,-0.000180
actual,17.070000,276.770000,0.462733,-1.049740,1.050626,-1.050592,-0.800066,-0.000180
actual,17.075000,276.775000,0.463792,-1.049740,1.050626,-1.050592,-0.800066,-0.000180
actual,17.080000,276.780000,0.464886,-1.049740,1.050626,-1.050592,-0.800066,-0.000180
actual,17.085000,276.785000,0.466014,-1.049740,1.050626,-1.050592,-0.800066,-0.000180
actual,17.090000,276.790000,0.467176,-1.049740,1.050626,-1.050592,-0.800066,-0.000180
actual,17.095000,276.795000,0.468371,-1.049740,1.050626,-1.050592,-0.800066,-0.000180
actual,17.100000,276.800000,0.469597,-1.049740,1.050626,-1.050592,-0.800066,-0.000180
actual,17.105000,276.805000,0.470853,-1.049740,1.050626,-1.050592,-0.800066,-0.000180
actual,17.110000,276.810000,0.472138,-1.049740,1.050626,-1.050592,-0.800066,-0.000180
actual,17.115000,276.815000,0.473450,-1.049740,1.050626,-1.050592,-0.800066,-0.000180
actual,17.120000,276.820000,0.474788,-1.049740,1.050626,-1.050592,-0.800066,-0.000180
actual,17.125000,276.825000,0.476152,-1.049740,1.050626,-1.050592,-0.800066,-0.000180
actual,17.130000,276.830000,0.477539,-1.049740,1.050626,-1.050592,-0.800066,-0.000180
actual,17.135000,276.835000,0.478948,-1.049740,1.050626,-1.050592,-0.800066,-0.000180
actual,17.140000,276.840000,0.480378,-1.049740,1.050626,-1.050592,-0.800066,-0.000180
actual,17.145000,276.845000,0.481828,-1.049740,1.050626,-1.050592,-0.800066,-0.000180
actual,17.150000,276.850000,0.483295,-1.049740,1.050626,-1.050592,-0.800066,-0.000180
actual,17.155000,276.855000,0.484779,-1.049740,1.050626,-1.050592,-0.800066,-0.000180
actual,17.160000,276.860000,0.486278,-1.049740,1.050626,-1.050592,-0.800066,-0.000180
actual,17.165000,276.865000,0.487790,-1.049740,1.050626,-1.050592,-0.800066,-0.000180
actual,17.170000,276.870000,0.489315,-1.049740,1.050626,-1.050592,-0.800066,-0.000180
actual,17.175000,276.875000,0.490850,-1.049740,1.050626,-1.050592,-0.800066,-0.000180
actual,17.180000,276.880000,0.492395,-1.049740,1.050626,-1.050592,-0.800066,-0.000180
actual,17.185000,276.885000,0.493946,-1.049740,1.050626,-1.050592,-0.800066,-0.000180
actual,17.190000,276.890000,0.495504,-1.049740,1.050626,-1.050592,-0.800066,-0.000180
actual,17.195000,276.895000,0.497066,-1.049740,1.050626,-1.050592,-0.800066,-0.000180
actual,17.200000,276.900000,0.498632,-1.049740,1.050626,-1.050592,-0.800066,-0.000180
actual,17.205000,276.905000,0.500198,-1.049740,1.050626,-1.050592,-0.800066,-0.000180
actual,17.210000,276.910000,0.501765,-1.049740,1.050626,-1.050592,-0.800066,-0.000180
actual,17.215000,276.915000,0.503330,-1.049740,1.050626,-1.050592,-0.800066,-0.000180
actual,17.220000,276.920000,0.504891,-1.049740,1.050626,-1.050592,-0.800066,-0.000180
actual,17.225000,276.925000,0.506448,-1.049740,1.050626,-1.050592,-0.800066,-0.000180
actual,17.230000,276.930000,0.507998,-1.049740,1.050626,-1.050592,-0.800066,-0.000180
actual,17.235000,276.935000,0.509541,-1.049740,1.050626,-1.050592,-0.800066,-0.000180
actual,17.240000,276.940000,0.511074,-1.049740,1.050626,-1.050592,-0.800066,-0.000180
actual,17.245000,276.945000,0.512596,-1.049740,1.050626,-1.050592,-0.800066,-0.000180
actual,17.250000,276.950000,0.514106,-1.049740,1.050626,-1.050592,-0.800066,-0.000180
actual,17.255000,276.955000,0.515602,-1.049740,1.050626,-1.050592,-0.800066,-0.000180
actual,17.260000,276.960000,0.517083,-1.049740,1.050626,-1.050592,-0.800066,-0.000180
actual,17.265000,276.965000,0.518546,-1.049740,1.050626,-1.050592,-0.800066,-0.000180
actual,17.270000,276.970000,0.519992,-1.049740,1.050626,-1.050592,-0.800066,-0.000180
actual,17.275000,276.975000,0.521418,-1.049740,1.050626,-1.050592,-0.800066,-0.000180
actual,17.280000,276.980000,0.522822,-1.049740,1.050626,-1.050592,-0.800066,-0.000180
actual,17.285000,276.985000,0.524205,-1.049740,1.050626,-1.050592,-0.800066,-0.000180
actual,17.290000,276.990000,0.525563,-1.049740,1.050626,-1.050592,-0.800066,-0.000180
actual,17.295000,276.995000,0.526896,-1.049740,1.050626,-1.050592,-0.800066,-0.000180
actual,17.300000,277.000000,0.528203,-1.049740,1.050626,-1.050592,-0.800066,-0.000180
actual,17.305000,277.005000,0.529482,-1.049740,1.050626,-1.050592,-0.800066,-0.000180
actual,17.310000,277.010000,0.530732,-1.049740,1.050626,-1.050592,-0.800066,-0.000180
actual,17.315000,277.015000,0.531951,-1.049740,1.050626,-1.050592,-0.800066,-0.000180
actual,17.320000,277.020000,0.533139,-1.049740,1.050626,-1.050592,-0.800066,-0.000180
actual,17.325000,277.025000,0.534295,-1.049740,1.050626,-1.050592,-0.800066,-0.000180
actual,17.330000,277.030000,0.535416,-1.049740,1.050626,-1.050592,-0.800066,-0.000180
actual,17.335000,277.035000,0.536503,-1.049740,1.050626,-1.050592,-0.800066,-0.000180
actual,17.340000,277.040000,0.537554,-1.049740,1.050626,-1.050592,-0.800066,-0.000180
actual,17.345000,277.045000,0.538567,-1.049740,1.050626,-1.050592,-0.800066,-0.000180
actual,17.350000,277.050000,0.539543,-1.049740,1.050626,-1.050592,-0.800066,-0.000180
actual,17.355000,277.055000,0.540480,-1.049740,1.050626,-1.050592,-0.800066,-0.000180
actual,17.360000,277.060000,0.541376,-1.049740,1.050626,-1.050592,-0.800066,-0.000180
actual,17.365000,277.065000,0.542232,-1.049740,1.050626,-1.050592,-0.800066,-0.000180
actual,17.370000,277.070000,0.543046,-1.049740,1.050626,-1.050592,-0.800066,-0.000180
actual,17.375000,277.075000,0.543818,-1.049740,1.050626,-1.050592,-0.800066,-0.000180
actual,17.380000,277.080000,0.544547,-1.049740,1.050626,-1.050592,-0.800066,-0.000180
actual,17.385000,277.085000,0.545232,-1.049740,1.050626,-1.050592,-0.800066,-0.000180
actual,17.390000,277.090000,0.545872,-1.049740,1.050626,-1.050592,-0.800066,-0.000180
actual,17.395000,277.095000,0.546467,-1.049740,1.050626,-1.050592,-0.800066,-0.000180
actual,17.400000,277.100000,0.547016,-1.049740,1.050626,-1.050592,-0.800066,-0.000180
actual,17.405000,277.105000,0.547518,-1.049740,1.050626,-1.050592,-0.800066,-0.000180
actual,17.410000,277.110000,0.547974,-1.049740,1.050626,-1.050592,-0.800066,-0.000180
actual,17.415000,277.115000,0.548383,-1.049740,1.050626,-1.050592,-0.800066,-0.000180
actual,17.420000,277.120000,0.548743,-1.049740,1.050626,-1.050592,-0.800066,-0.000180
actual,17.425000,277.125000,0.549056,-1.049740,1.050626,-1.050592,-0.800066,-0.000180
actual,17.430000,277.130000,0.549321,-1.049740,1.050626,-1.050592,-0.800066,-0.000180
actual,17.435000,277.135000,0.549536,-1.049740,1.050626,-1.050592,-0.800066,-0.000180
actual,17.440000,277.140000,0.549703,-1.049740,1.050626,-1.050592,-0.800066,-0.000180
actual,17.445000,277.145000,0.549821,-1.049740,1.050626,-1.050592,-0.800066,-0.000180
actual,17.450000,277.150000,0.549890,-1.049740,1.050626,-1.050592,-0.800066,-0.000180
actual,17.455000,277.155000,0.549909,-1.049740,1.050626,-1.050592,-0.800066,-0.000180
actual,17.460000,277.160000,0.549880,-1.049740,1.050626,-1.050592,-0.800066,-0.000180
actual,17.465000,277.165000,0.549801,-1.049740,1.050626,-1.050592,-0.800066,-0.000180
actual,17.470000,277.170000,0.549673,-1.049740,1.050626,-1.050592,-0.800066,-0.000180
actual,17.475000,277.175000,0.549496,-1.049740,1.050626,-1.050592,-0.800066,-0.000180
actual,17.480000,277.180000,0.549270,-1.049740,1.050626,-1.050592,-0.800066,-0.000180
actual,17.485000,277.185000,0.548996,-1.049740,1.050626,-1.050592,-0.800066,-0.000180
actual,17.490000,277.190000,0.548673,-1.049740,1.050626,-1.050592,-0.800066,-0.000180
actual,17.495000,277.195000,0.548302,-1.049740,1.050626,-1.050592,-0.800066,-0.000180
actual,17.500000,277.200000,0.547884,-1.049740,1.050626,-1.050592,-0.800066,-0.000180
actual,17.505000,277.205000,0.547418,-1.049740,1.050626,-1.050592,-0.800066,-0.000180
actual,17.510000,277.210000,0.546906,-1.049740,1.050626,-1.050592,-0.800066,-0.000180
actual,17.515000,277.215000,0.546347,-1.049740,1.050626,-1.050592,-0.800066,-0.000180
actual,17.520000,277.220000,0.545743,-1.049740,1.050626,-1.050592,-0.800066,-0.000180
actual,17.525000,277.225000,0.545094,-1.049740,1.050626,-1.050592,-0.800066,-0.000180
actual,17.530000,277.230000,0.544400,-1.049740,1.050626,-1.050592,-0.800066,-0.000180
actual,17.535000,277.235000,0.543662,-1.049740,1.050626,-1.050592,-0.800066,-0.000180
actual,17.540000,277.240000,0.542882,-1.049740,1.050626,-1.050592,-0.800066,-0.000180
actual,17.545000,277.245000,0.542059,-1.049740,1.050626,-1.050592,-0.800066,-0.000180
actual,17.550000,277.250000,0.541194,-1.049740,1.050626,-1.050592,-0.800066,-0.000180
actual,17.555000,277.255000,0.540289,-1.049740,1.050626,-1.050592,-0.800066,-0.000180
actual,17.560000,277.260000,0.539344,-1.049740,1.050626,-1.050592,-0.800066,-0.000180
actual,17.565000,277.265000,0.538361,-1.049740,1.050626,-1.050592,-0.800066,-0.000180
actual,17.570000,277.270000,0.537339,-1.049740,1.050626,-1.050592,-0.800066,-0.000180
actual,17.575000,277.275000,0.536281,-1.049740,1.050626,-1.050592,-0.800066,-0.000180
actual,17.580000,277.280000,0.535187,-1.049740,1.050626,-1.050592,-0.800066,-0.000180
actual,17.585000,277.285000,0.534059,-1.049740,1.050626,-1.050592,-0.800066,-0.000180
actual,17.590000,277.290000,0.532896,-1.049740,1.050626,-1.050592,-0.800066,-0.000180
actual,17.595000,277.295000,0.531702,-1.049740,1.050626,-1.050592,-0.800066,-0.000180
actual,17.600000,277.300000,0.530476,-1.049740,1.050626,-1.050592,-0.800066,-0.000180
actual,17.605000,277.305000,0.529220,-1.049740,1.050626,-1.050592,-0.800066,-0.000180
actual,17.610000,277.310000,0.527935,-1.049740,1.050626,-1.050592,-0.800066,-0.000180
actual,17.615000,277.315000,0.526623,-1.049740,1.050626,-1.050592,-0.800066,-0.000180
actual,17.620000,277.320000,0.525284,-1.049740,1.050626,-1.050592,-0.800066,-0.000180
actual,17.625000,277.325000,0.523921,-1.049740,1.050626,-1.050592,-0.800066,-0.000180
actual,17.630000,277.330000,0.522534,-1.049740,1.050626,-1.050592,-0.800066,-0.000180
actual,17.635000,277.335000,0.521125,-1.049740,1.050626,-1.050592,-0.800066,-0.000180
actual,17.640000,277.340000,0.519695,-1.049740,1.050626,-1.050592,-0.800066,-0.000180
actual,17.645000,277.345000,0.518245,-1.049740,1.050626,-1.050592,-0.800066,-0.000180
actual,17.650000,277.350000,0.516778,-1.049740,1.050626,-1.050592,-0.800066,-0.000180
actual,17.655000,277.355000,0.515294,-1.049740,1.050626,-1.050592,-0.800066,-0.000180
actual,17.660000,277.360000,0.513795,-1.049740,1.050626,-1.050592,-0.800066,-0.000180
actual,17.665000,277.365000,0.512282,-1.049740,1.050626,-1.050592,-0.800066,-0.000180
actual,17.670000,277.370000,0.510758,-1.049740,1.050626,-1.050592,-0.800066,-0.000180
actual,17.675000,277.375000,0.509223,-1.049740,1.050626,-1.050592,-0.800066,-0.000180
actual,17.680000,277.380000,0.507678,-1.049740,1.050626,-1.050592,-0.800066,-0.000180
actual,17.685000,277.385000,0.506127,-1.049740,1.050626,-1.050592,-0.800066,-0.000180
actual,17.690000,277.390000,0.504569,-1.049740,1.050626,-1.050592,-0.800066,-0.000180
actual,17.695000,277.395000,0.503006,-1.049740,1.050626,-1.050592,-0.800066,-0.000180
actual,17.700000,277.400000,0.501441,-1.049740,1.050626,-1.050592,-0.800066,-0.000180
actual,17.705000,277.405000,0.499875,-1.049740,1.050626,-1.050592,-0.800066,-0.000180
actual,17.710000,277.410000,0.498308,-1.049740,1.050626,-1.050592,-0.800066,-0.000180
actual,17.715000,277.415000,0.496743,-1.049740,1.050626,-1.050592,-0.800066,-0.000180
actual,17.720000,277.420000,0.495182,-1.049740,1.050626,-1.050592,-0.800066,-0.000180
actual,17.725000,277.425000,0.493625,-1.049740,1.050626,-1.050592,-0.800066,-0.000180
actual,17.730000,277.430000,0.492075,-1.049740,1.050626,-1.050592,-0.800066,-0.000180
actual,17.735000,277.435000,0.490532,-1.049740,1.050626,-1.050592,-0.800066,-0.000180
actual,17.740000,277.440000,0.488999,-1.049740,1.050626,-1.050592,-0.800066,-0.000180
actual,17.745000,277.445000,0.487477,-1.049740,1.050626,-1.050592,-0.800066,-0.000180
actual,17.750000,277.450000,0.485967,-1.049740,1.050626,-1.050592,-0.800066,-0.000180
actual,17.755000,277.455000,0.484471,-1.049740,1.050626,-1.050592,-0.800066,-0.000180
actual,17.760000,277.460000,0.482990,-1.049740,1.050626,-1.050592,-0.800066,-0.000180
actual,17.765000,277.465000,0.481526,-1.049740,1.050626,-1.050592,-0.800066,-0.000180
actual,17.770000,277.470000,0.480081,-1.049740,1.050626,-1.050592,-0.800066,-0.000180
actual,17.775000,277.475000,0.478655,-1.049740,1.050626,-1.050592,-0.800066,-0.000180
actual,17.780000,277.480000,0.477250,-1.049740,1.050626,-1.050592,-0.800066,-0.000180
actual,17.785000,277.485000,0.475868,-1.049740,1.050626,-1.050592,-0.800066,-0.000180
actual,17.790000,277.490000,0.474510,-1.049740,1.050626,-1.050592,-0.800066,-0.000180
actual,17.795000,277.495000,0.473177,-1.049740,1.050626,-1.050592,-0.800066,-0.000180
actual,17.800000,277.500000,0.471870,-1.049740,1.050626,-1.050592,-0.800066,-0.000180
actual,17.805000,277.505000,0.470591,-1.049740,1.050626,-1.050592,-0.800066,-0.000180
actual,17.810000,277.510000,0.469341,-1.049740,1.050626,-1.050592,-0.800066,-0.000180
actual,17.815000,277.515000,0.468122,-1.049740,1.050626,-1.050592,-0.800066,-0.000180
actual,17.820000,277.520000,0.466933,-1.049740,1.050626,-1.050592,-0.800066,-0.000180
actual,17.825000,277.525000,0.465778,-1.049740,1.050626,-1.050592,-0.800066,-0.000180
actual,17.830000,277.530000,0.464657,-1.049740,1.050626,-1.050592,-0.800066,-0.000180
actual,17.835000,277.535000,0.463570,-1.049740,1.050626,-1.050592,-0.800066,-0.000180
actual,17.840000,277.540000,0.462519,-1.049740,1.050626,-1.050592,-0.800066,-0.000180
actual,17.845000,277.545000,0.461506,-1.049740,1.050626,-1.050592,-0.800066,-0.000180
actual,17.850000,277.550000,0.460530,-1.049740,1.050626,-1.050592,-0.800066,-0.000180
actual,17.855000,277.555000,0.459593,-1.049740,1.050626,-1.050592,-0.800066,-0.000180
actual,17.860000,277.560000,0.458697,-1.049740,1.050626,-1.050592,-0.800066,-0.000180
actual,17.865000,277.565000,0.457841,-1.049740,1.050626,-1.050592,-0.800066,-0.000180
actual,17.870000,277.570000,0.457026,-1.049740,1.050626,-1.050592,-0.800066,-0.000180
actual,17.875000,277.575000,0.456255,-1.049740,1.050626,-1.050592,-0.800066,-0.000180
actual,17.880000,277.580000,0.455526,-1.049740,1.050626,-1.050592,-0.800066,-0.000180
actual,17.885000,277.585000,0.454841,-1.049740,1.050626,-1.050592,-0.800066,-0.000180
actual,17.890000,277.590000,0.454201,-1.049740,1.050626,-1.050592,-0.800066,-0.000180
actual,17.895000,277.595000,0.453606,-1.049740,1.050626,-1.050592,-0.800066,-0.000180
actual,17.900000,277.600000,0.453057,-1.049740,1.050626,-1.050592,-0.800066,-0.000180
actual,17.905000,277.605000,0.452555,-1.049740,1.050626,-1.050592,-0.800066,-0.000180
actual,17.910000,277.610000,0.452099,-1.049740,1.050626,-1.050592,-0.800066,-0.000180
actual,17.915000,277.615000,0.451690,-1.049740,1.050626,-1.050592,-0.800066,-0.000180
actual,17.920000,277.620000,0.451329,-1.049740,1.050626,-1.050592,-0.800066,-0.000180
actual,17.925000,277.625000,0.451017,-1.049740,1.050626,-1.050592,-0.800066,-0.000180
actual,17.930000,277.630000,0.450752,-1.049740,1.050626,-1.050592,-0.800066,-0.000180
actual,17.935000,277.635000,0.450537,-1.049740,1.050626,-1.050592,-0.800066,-0.000180
actual,17.940000,277.640000,0.450370,-1.049740,1.050626,-1.050592,-0.800066,-0.000180
actual,17.945000,277.645000,0.450252,-1.049740,1.050626,-1.050592,-0.800066,-0.000180
actual,17.950000,277.650000,0.450183,-1.049740,1.050626,-1.050592,-0.800066,-0.000180
actual,17.955000,277.655000,0.450164,-1.049740,1.050626,-1.050592,-0.800066,-0.000180
actual,17.960000,277.660000,0.450193,-1.049740,1.050626,-1.050592,-0.800066,-0.000180
actual,17.965000,277.665000,0.450272,-1.049740,1.050626,-1.050592,-0.800066,-0.000180
actual,17.970000,277.670000,0.450400,-1.049740,1.050626,-1.050592,-0.800066,-0.000180
actual,17.975000,277.675000,0.450577,-1.049740,1.050626,-1.050592,-0.800066,-0.000180
actual,17.980000,277.680000,0.450803,-1.049740,1.050626,-1.050592,-0.800066,-0.000180
actual,17.985000,277.685000,0.451077,-1.049740,1.050626,-1.050592,-0.800066,-0.000180
actual,17.990000,277.690000,0.451400,-1.049740,1.050626,-1.050592,-0.800066,-0.000180
actual,17.995000,277.695000,0.451771,-1.049740,1.050626,-1.050592,-0.800066,-0.000180
actual,18.000000,277.700000,0.452189,-1.049740,1.050626,-1.050592,-0.800066,-0.000180
actual,18.005000,277.705000,0.452655,-1.049740,1.050626,-1.050592,-0.800066,-0.000180
actual,18.010000,277.710000,0.453167,-1.049740,1.050626,-1.050592,-0.800066,-0.000180
actual,18.015000,277.715000,0.453725,-1.049740,1.050626,-1.050592,-0.800066,-0.000180
actual,18.020000,277.720000,0.454330,-1.049740,1.050626,-1.050592,-0.800066,-0.000180
actual,18.025000,277.725000,0.454979,-1.049740,1.050626,-1.050592,-0.800066,-0.000180
actual,18.030000,277.730000,0.455673,-1.049740,1.050626,-1.050592,-0.800066,-0.000180
actual,18.035000,277.735000,0.456411,-1.049740,1.050626,-1.050592,-0.800066,-0.000180
actual,18.040000,277.740000,0.457191,-1.049740,1.050626,-1.050592,-0.800066,-0.000180
actual,18.045000,277.745000,0.458014,-1.049740,1.050626,-1.050592,-0.800066,-0.000180
actual,18.050000,277.750000,0.458879,-1.049740,1.050626,-1.050592,-0.800066,-0.000180
actual,18.055000,277.755000,0.459784,-1.049740,1.050626,-1.050592,-0.800066,-0.000180
actual,18.060000,277.760000,0.460728,-1.049740,1.050626,-1.050592,-0.800066,-0.000180
actual,18.065000,277.765000,0.461712,-1.049740,1.050626,-1.050592,-0.800066,-0.000180
actual,18.070000,277.770000,0.462733,-1.049740,1.050626,-1.050592,-0.800066,-0.000180
actual,18.075000,277.775000,0.463792,-1.049740,1.050626,-1.050592,-0.800066,-0.000180
actual,18.080000,277.780000,0.464886,-1.049740,1.050626,-1.050592,-0.800066,-0.000180
actual,18.085000,277.785000,0.466014,-1.049740,1.050626,-1.050592,-0.800066,-0.000180
actual,18.090000,277.790000,0.467176,-1.049740,1.050626,-1.050592,-0.800066,-0.000180
actual,18.095000,277.795000,0.468371,-1.049740,1.050626,-1.050592,-0.800066,-0.000180
actual,18.100000,277.800000,0.469597,-1.049740,1.050626,-1.050592,-0.800066,-0.000180
actual,18.105000,277.805000,0.470853,-1.049740,1.050626,-1.050592,-0.800066,-0.000180
actual,18.110000,277.810000,0.472138,-1.049740,1.050626,-1.050592,-0.800066,-0.000180
actual,18.115000,277.815000,0.473450,-1.049740,1.050626,-1.050592,-0.800066,-0.000180
actual,18.120000,277.820000,0.474788,-1.049740,1.050626,-1.050592,-0.800066,-0.000180
actual,18.125000,277.825000,0.476152,-1.049740,1.050626,-1.050592,-0.800066,-0.000180
actual,18.130000,277.830000,0.477539,-1.049740,1.050626,-1.050592,-0.800066,-0.000180
actual,18.135000,277.835000,0.478948,-1.049740,1.050626,-1.050592,-0.800066,-0.000180
actual,18.140000,277.840000,0.480378,-1.049740,1.050626,-1.050592,-0.800066,-0.000180
actual,18.145000,277.845000,0.481828,-1.049740,1.050626,-1.050592,-0.800066,-0.000180
actual,18.150000,277.850000,0.483295,-1.049740,1.050626,-1.050592,-0.800066,-0.000180
actual,18.155000,277.855000,0.484779,-1.049740,1.050626,-1.050592,-0.800066,-0.000180
actual,18.160000,277.860000,0.486278,-1.049740,1.050626,-1.050592,-0.800066,-0.000180
actual,18.165000,277.865000,0.487790,-1.049740,1.050626,-1.050592,-0.800066,-0.000180
actual,18.170000,277.870000,0.489315,-1.049740,1.050626,-1.050592,-0.800066,-0.000180
actual,18.175000,277.875000,0.490850,-1.049740,1.050626,-1.050592,-0.800066,-0.000180
actual,18.180000,277.880000,0.492395,-1.049740,1.050626,-1.050592,-0.800066,-0.000180
actual,18.185000,277.885000,0.493946,-1.049740,1.050626,-1.050592,-0.800066,-0.000180
actual,18.190000,277.890000,0.495504,-1.049740,1.050626,-1.050592,-0.800066,-0.000180
actual,18.195000,277.895000,0.497066,-1.049740,1.050626,-1.050592,-0.800066,-0.000180
actual,18.200000,277.900000,0.498632,-1.049740,1.050626,-1.050592,-0.800066,-0.000180
actual,18.205000,277.905000,0.500198,-1.049740,1.050626,-1.050592,-0.800066,-0.000180
actual,18.210000,277.910000,0.501765,-1.049740,1.050626,-1.050592,-0.800066,-0.000180
actual,18.215000,277.915000,0.503330,-1.049740,1.050626,-1.050592,-0.800066,-0.000180
actual,18.220000,277.920000,0.504891,-1.049740,1.050626,-1.050592,-0.800066,-0.000180
actual,18.225000,277.925000,0.506448,-1.049740,1.050626,-1.050592,-0.800066,-0.000180
actual,18.230000,277.930000,0.507998,-1.049740,1.050626,-1.050592,-0.800066,-0.000180
actual,18.235000,277.935000,0.509541,-1.049740,1.050626,-1.050592,-0.800066,-0.000180
actual,18.240000,277.940000,0.511074,-1.049740,1.050626,-1.050592,-0.800066,-0.000180
actual,18.245000,277.945000,0.512596,-1.049740,1.050626,-1.050592,-0.800066,-0.000180
actual,18.250000,277.950000,0.514106,-1.049740,1.050626,-1.050592,-0.800066,-0.000180
actual,18.255000,277.955000,0.515602,-1.049740,1.050626,-1.050592,-0.800066,-0.000180
actual,18.260000,277.960000,0.517083,-1.049740,1.050626,-1.050592,-0.800066,-0.000180
actual,18.265000,277.965000,0.518546,-1.049740,1.050626,-1.050592,-0.800066,-0.000180
actual,18.270000,277.970000,0.519992,-1.049740,1.050626,-1.050592,-0.800066,-0.000180
actual,18.275000,277.975000,0.521418,-1.049740,1.050626,-1.050592,-0.800066,-0.000180
actual,18.280000,277.980000,0.522822,-1.049740,1.050626,-1.050592,-0.800066,-0.000180
actual,18.285000,277.985000,0.524205,-1.049740,1.050626,-1.050592,-0.800066,-0.000180
actual,18.290000,277.990000,0.525563,-1.049740,1.050626,-1.050592,-0.800066,-0.000180
actual,18.295000,277.995000,0.526896,-1.049740,1.050626,-1.050592,-0.800066,-0.000180
actual,18.300000,278.000000,0.528203,-1.049740,1.050626,-1.050592,-0.800066,-0.000180
actual,18.305000,278.005000,0.529482,-1.049740,1.050626,-1.050592,-0.800066,-0.000180
actual,18.310000,278.010000,0.530732,-1.049740,1.050626,-1.050592,-0.800066,-0.000180
actual,18.315000,278.015000,0.531951,-1.049740,1.050626,-1.050592,-0.800066,-0.000180
actual,18.320000,278.020000,0.533139,-1.049740,1.050626,-1.050592,-0.800066,-0.000180
actual,18.325000,278.025000,0.534295,-1.049740,1.050626,-1.050592,-0.800066,-0.000180
actual,18.330000,278.030000,0.535416,-1.049740,1.050626,-1.050592,-0.800066,-0.000180
actual,18.335000,278.035000,0.536503,-1.049740,1.050626,-1.050592,-0.800066,-0.000180
actual,18.340000,278.040000,0.537554,-1.049740,1.050626,-1.050592,-0.800066,-0.000180
actual,18.345000,278.045000,0.538567,-1.049740,1.050626,-1.050592,-0.800066,-0.000180
actual,18.350000,278.050000,0.539543,-1.049740,1.050626,-1.050592,-0.800066,-0.000180
actual,18.355000,278.055000,0.540480,-1.049740,1.050626,-1.050592,-0.800066,-0.000180
actual,18.360000,278.060000,0.541376,-1.049740,1.050626,-1.050592,-0.800066,-0.000180
actual,18.365000,278.065000,0.542232,-1.049740,1.050626,-1.050592,-0.800066,-0.000180
actual,18.370000,278.070000,0.543046,-1.049740,1.050626,-1.050592,-0.800066,-0.000180
actual,18.375000,278.075000,0.543818,-1.049740,1.050626,-1.050592,-0.800066,-0.000180
actual,18.380000,278.080000,0.544547,-1.049740,1.050626,-1.050592,-0.800066,-0.000180
actual,18.385000,278.085000,0.545232,-1.049740,1.050626,-1.050592,-0.800066,-0.000180
actual,18.390000,278.090000,0.545872,-1.049740,1.050626,-1.050592,-0.800066,-0.000180
actual,18.395000,278.095000,0.546467,-1.049740,1.050626,-1.050592,-0.800066,-0.000180
actual,18.400000,278.100000,0.547016,-1.049740,1.050626,-1.050592,-0.800066,-0.000180
actual,18.405000,278.105000,0.547518,-1.049740,1.050626,-1.050592,-0.800066,-0.000180
actual,18.410000,278.110000,0.547974,-1.049740,1.050626,-1.050592,-0.800066,-0.000180
actual,18.415000,278.115000,0.548383,-1.049740,1.050626,-1.050592,-0.800066,-0.000180
actual,18.420000,278.120000,0.548743,-1.049740,1.050626,-1.050592,-0.800066,-0.000180
actual,18.425000,278.125000,0.549056,-1.049740,1.050626,-1.050592,-0.800066,-0.000180
actual,18.430000,278.130000,0.549321,-1.049740,1.050626,-1.050592,-0.800066,-0.000180
actual,18.435000,278.135000,0.549536,-1.049740,1.050626,-1.050592,-0.800066,-0.000180
actual,18.440000,278.140000,0.549703,-1.049740,1.050626,-1.050592,-0.800066,-0.000180
actual,18.445000,278.145000,0.549821,-1.049740,1.050626,-1.050592,-0.800066,-0.000180
actual,18.450000,278.150000,0.549890,-1.049740,1.050626,-1.050592,-0.800066,-0.000180
actual,18.455000,278.155000,0.549909,-1.049740,1.050626,-1.050592,-0.800066,-0.000180
actual,18.460000,278.160000,0.549880,-1.049740,1.050626,-1.050592,-0.800066,-0.000180
actual,18.465000,278.165000,0.549801,-1.049740,1.050626,-1.050592,-0.800066,-0.000180
actual,18.470000,278.170000,0.549673,-1.049740,1.050626,-1.050592,-0.800066,-0.000180
actual,18.475000,278.175000,0.549496,-1.049740,1.050626,-1.050592,-0.800066,-0.000180
actual,18.480000,278.180000,0.549270,-1.049740,1.050626,-1.050592,-0.800066,-0.000180
actual,18.485000,278.185000,0.548996,-1.049740,1.050626,-1.050592,-0.800066,-0.000180
actual,18.490000,278.190000,0.548673,-1.049740,1.050626,-1.050592,-0.800066,-0.000180
actual,18.495000,278.195000,0.548302,-1.049740,1.050626,-1.050592,-0.800066,-0.000180
actual,18.500000,278.200000,0.547884,-1.049740,1.050626,-1.050592,-0.800066,-0.000180
actual,18.505000,278.205000,0.547418,-1.049740,1.050626,-1.050592,-0.800066,-0.000180
actual,18.510000,278.210000,0.546906,-1.049740,1.050626,-1.050592,-0.800066,-0.000180
actual,18.515000,278.215000,0.546347,-1.049740,1.050626,-1.050592,-0.800066,-0.000180
actual,18.520000,278.220000,0.545743,-1.049740,1.050626,-1.050592,-0.800066,-0.000180
actual,18.525000,278.225000,0.545094,-1.049740,1.050626,-1.050592,-0.800066,-0.000180
actual,18.530000,278.230000,0.544400,-1.049740,1.050626,-1.050592,-0.800066,-0.000180
actual,18.535000,278.235000,0.543662,-1.049740,1.050626,-1.050592,-0.800066,-0.000180
actual,18.540000,278.240000,0.542882,-1.049740,1.050626,-1.050592,-0.800066,-0.000180
actual,18.545000,278.245000,0.542059,-1.049740,1.050626,-1.050592,-0.800066,-0.000180
actual,18.550000,278.250000,0.541194,-1.049740,1.050626,-1.050592,-0.800066,-0.000180
actual,18.555000,278.255000,0.540289,-1.049740,1.050626,-1.050592,-0.800066,-0.000180
actual,18.560000,278.260000,0.539344,-1.049740,1.050626,-1.050592,-0.800066,-0.000180
actual,18.565000,278.265000,0.538361,-1.049740,1.050626,-1.050592,-0.800066,-0.000180
actual,18.570000,278.270000,0.537339,-1.049740,1.050626,-1.050592,-0.800066,-0.000180
actual,18.575000,278.275000,0.536281,-1.049740,1.050626,-1.050592,-0.800066,-0.000180
actual,18.580000,278.280000,0.535187,-1.049740,1.050626,-1.050592,-0.800066,-0.000180
actual,18.585000,278.285000,0.534059,-1.049740,1.050626,-1.050592,-0.800066,-0.000180
actual,18.590000,278.290000,0.532896,-1.049740,1.050626,-1.050592,-0.800066,-0.000180
actual,18.595000,278.295000,0.531702,-1.049740,1.050626,-1.050592,-0.800066,-0.000180
actual,18.600000,278.300000,0.530476,-1.049740,1.050626,-1.050592,-0.800066,-0.000180
actual,18.605000,278.305000,0.529220,-1.049740,1.050626,-1.050592,-0.800066,-0.000180
actual,18.610000,278.310000,0.527935,-1.049740,1.050626,-1.050592,-0.800066,-0.000180
actual,18.615000,278.315000,0.526623,-1.049740,1.050626,-1.050592,-0.800066,-0.000180
actual,18.620000,278.320000,0.525284,-1.049740,1.050626,-1.050592,-0.800066,-0.000180
actual,18.625000,278.325000,0.523921,-1.049740,1.050626,-1.050592,-0.800066,-0.000180
actual,18.630000,278.330000,0.522534,-1.049740,1.050626,-1.050592,-0.800066,-0.000180
actual,18.635000,278.335000,0.521125,-1.049740,1.050626,-1.050592,-0.800066,-0.000180
actual,18.640000,278.340000,0.519695,-1.049740,1.050626,-1.050592,-0.800066,-0.000180
actual,18.645000,278.345000,0.518245,-1.049740,1.050626,-1.050592,-0.800066,-0.000180
actual,18.650000,278.350000,0.516778,-1.049740,1.050626,-1.050592,-0.800066,-0.000180
actual,18.655000,278.355000,0.515294,-1.049740,1.050626,-1.050592,-0.800066,-0.000180
actual,18.660000,278.360000,0.513795,-1.049740,1.050626,-1.050592,-0.800066,-0.000180
actual,18.665000,278.365000,0.512282,-1.049740,1.050626,-1.050592,-0.800066,-0.000180
actual,18.670000,278.370000,0.510758,-1.049740,1.050626,-1.050592,-0.800066,-0.000180
actual,18.675000,278.375000,0.509223,-1.049740,1.050626,-1.050592,-0.800066,-0.000180
actual,18.680000,278.380000,0.507678,-1.049740,1.050626,-1.050592,-0.800066,-0.000180
actual,18.685000,278.385000,0.506127,-1.049740,1.050626,-1.050592,-0.800066,-0.000180
actual,18.690000,278.390000,0.504569,-1.049740,1.050626,-1.050592,-0.800066,-0.000180
actual,18.695000,278.395000,0.503006,-1.049740,1.050626,-1.050592,-0.800066,-0.000180
actual,18.700000,278.400000,0.501441,-1.049740,1.050626,-1.050592,-0.800066,-0.000180
actual,18.705000,278.405000,0.499875,-1.049740,1.050626,-1.050592,-0.800066,-0.000180
actual,18.710000,278.410000,0.498308,-1.049740,1.050626,-1.050592,-0.800066,-0.000180
actual,18.715000,278.415000,0.496743,-1.049740,1.050626,-1.050592,-0.800066,-0.000180
actual,18.720000,278.420000,0.495182,-1.049740,1.050626,-1.050592,-0.800066,-0.000180
actual,18.725000,278.425000,0.493625,-1.049740,1.050626,-1.050592,-0.800066,-0.000180
actual,18.730000,278.430000,0.492075,-1.049740,1.050626,-1.050592,-0.800066,-0.000180
actual,18.735000,278.435000,0.490532,-1.049740,1.050626,-1.050592,-0.800066,-0.000180
actual,18.740000,278.440000,0.488999,-1.049740,1.050626,-1.050592,-0.800066,-0.000180
actual,18.745000,278.445000,0.487477,-1.049740,1.050626,-1.050592,-0.800066,-0.000180
actual,18.750000,278.450000,0.485967,-1.049740,1.050626,-1.050592,-0.800066,-0.000180
actual,18.755000,278.455000,0.484471,-1.049740,1.050626,-1.050592,-0.800066,-0.000180
actual,18.760000,278.460000,0.482990,-1.049740,1.050626,-1.050592,-0.800066,-0.000180
actual,18.765000,278.465000,0.481526,-1.049740,1.050626,-1.050592,-0.800066,-0.000180
actual,18.770000,278.470000,0.480081,-1.049740,1.050626,-1.050592,-0.800066,-0.000180
actual,18.775000,278.475000,0.478655,-1.049740,1.050626,-1.050592,-0.800066,-0.000180
actual,18.780000,278.480000,0.477250,-1.049740,1.050626,-1.050592,-0.800066,-0.000180
actual,18.785000,278.485000,0.475868,-1.049740,1.050626,-1.050592,-0.800066,-0.000180
actual,18.790000,278.490000,0.474510,-1.049740,1.050626,-1.050592,-0.800066,-0.000180
actual,18.795000,278.495000,0.473177,-1.049740,1.050626,-1.050592,-0.800066,-0.000180
actual,18.800000,278.500000,0.471870,-1.049740,1.050626,-1.050592,-0.800066,-0.000180
actual,18.805000,278.505000,0.470591,-1.049740,1.050626,-1.050592,-0.800066,-0.000180
actual,18.810000,278.510000,0.469341,-1.049740,1.050626,-1.050592,-0.800066,-0.000180
actual,18.815000,278.515000,0.468122,-1.049740,1.050626,-1.050592,-0.800066,-0.000180
actual,18.820000,278.520000,0.466933,-1.049740,1.050626,-1.050592,-0.800066,-0.000180
actual,18.825000,278.525000,0.465778,-1.049740,1.050626,-1.050592,-0.800066,-0.000180
actual,18.830000,278.530000,0.464657,-1.049740,1.050626,-1.050592,-0.800066,-0.000180
actual,18.835000,278.535000,0.463570,-1.049740,1.050626,-1.050592,-0.800066,-0.000180
actual,18.840000,278.540000,0.462519,-1.049740,1.050626,-1.050592,-0.800066,-0.000180
actual,18.845000,278.545000,0.461506,-1.049740,1.050626,-1.050592,-0.800066,-0.000180
actual,18.850000,278.550000,0.460530,-1.049740,1.050626,-1.050592,-0.800066,-0.000180
actual,18.855000,278.555000,0.459593,-1.049740,1.050626,-1.050592,-0.800066,-0.000180
actual,18.860000,278.560000,0.458697,-1.049740,1.050626,-1.050592,-0.800066,-0.000180
actual,18.865000,278.565000,0.457841,-1.049740,1.050626,-1.050592,-0.800066,-0.000180
actual,18.870000,278.570000,0.457026,-1.049740,1.050626,-1.050592,-0.800066,-0.000180
actual,18.875000,278.575000,0.456255,-1.049740,1.050626,-1.050592,-0.800066,-0.000180
actual,18.880000,278.580000,0.455526,-1.049740,1.050626,-1.050592,-0.800066,-0.000180
actual,18.885000,278.585000,0.454841,-1.049740,1.050626,-1.050592,-0.800066,-0.000180
actual,18.890000,278.590000,0.454201,-1.049740,1.050626,-1.050592,-0.800066,-0.000180
actual,18.895000,278.595000,0.453606,-1.049740,1.050626,-1.050592,-0.800066,-0.000180
actual,18.900000,278.600000,0.453057,-1.049740,1.050626,-1.050592,-0.800066,-0.000180
actual,18.905000,278.605000,0.452555,-1.049740,1.050626,-1.050592,-0.800066,-0.000180
actual,18.910000,278.610000,0.452099,-1.049740,1.050626,-1.050592,-0.800066,-0.000180
actual,18.915000,278.615000,0.451690,-1.049740,1.050626,-1.050592,-0.800066,-0.000180
actual,18.920000,278.620000,0.451329,-1.049740,1.050626,-1.050592,-0.800066,-0.000180
actual,18.925000,278.625000,0.451017,-1.049740,1.050626,-1.050592,-0.800066,-0.000180
actual,18.930000,278.630000,0.450752,-1.049740,1.050626,-1.050592,-0.800066,-0.000180
actual,18.935000,278.635000,0.450537,-1.049740,1.050626,-1.050592,-0.800066,-0.000180
actual,18.940000,278.640000,0.450370,-1.049740,1.050626,-1.050592,-0.800066,-0.000180
actual,18.945000,278.645000,0.450252,-1.049740,1.050626,-1.050592,-0.800066,-0.000180
actual,18.950000,278.650000,0.450183,-1.049740,1.050626,-1.050592,-0.800066,-0.000180
actual,18.955000,278.655000,0.450164,-1.049740,1.050626,-1.050592,-0.800066,-0.000180
actual,18.960000,278.660000,0.450193,-1.049740,1.050626,-1.050592,-0.800066,-0.000180
actual,18.965000,278.665000,0.450272,-1.049740,1.050626,-1.050592,-0.800066,-0.000180
actual,18.970000,278.670000,0.450400,-1.049740,1.050626,-1.050592,-0.800066,-0.000180
actual,18.975000,278.675000,0.450577,-1.049740,1.050626,-1.050592,-0.800066,-0.000180
actual,18.980000,278.680000,0.450803,-1.049740,1.050626,-1.050592,-0.800066,-0.000180
actual,18.985000,278.685000,0.451077,-1.049740,1.050626,-1.050592,-0.800066,-0.000180
actual,18.990000,278.690000,0.451400,-1.049740,1.050626,-1.050592,-0.800066,-0.000180
actual,18.995000,278.695000,0.451771,-1.049740,1.050626,-1.050592,-0.800066,-0.000180
actual,19.000000,278.700000,0.452189,-1.049740,1.050626,-1.050592,-0.800066,-0.000180
actual,19.005000,278.705000,0.452655,-1.049740,1.050626,-1.050592,-0.800066,-0.000180
actual,19.010000,278.710000,0.453167,-1.049740,1.050626,-1.050592,-0.800066,-0.000180
actual,19.015000,278.715000,0.453725,-1.049740,1.050626,-1.050592,-0.800066,-0.000180
actual,19.020000,278.720000,0.454330,-1.049740,1.050626,-1.050592,-0.800066,-0.000180
actual,19.025000,278.725000,0.454979,-1.049740,1.050626,-1.050592,-0.800066,-0.000180
actual,19.030000,278.730000,0.455673,-1.049740,1.050626,-1.050592,-0.800066,-0.000180
actual,19.035000,278.735000,0.456411,-1.049740,1.050626,-1.050592,-0.800066,-0.000180
actual,19.040000,278.740000,0.457191,-1.049740,1.050626,-1.050592,-0.800066,-0.000180
actual,19.045000,278.745000,0.458014,-1.049740,1.050626,-1.050592,-0.800066,-0.000180
actual,19.055000,278.755000,0.459784,-1.049740,1.050626,-1.050592,-0.800066,-0.000180
actual,19.060000,278.760000,0.460728,-1.049740,1.050626,-1.050592,-0.800066,-0.000180
actual,19.065000,278.765000,0.461712,-1.049740,1.050626,-1.050592,-0.800066,-0.000180
actual,19.070000,278.770000,0.462733,-1.049740,1.050626,-1.050592,-0.800066,-0.000180
actual,19.075000,278.775000,0.463792,-1.049740,1.050626,-1.050592,-0.800066,-0.000180
actual,19.080000,278.780000,0.464886,-1.049740,1.050626,-1.050592,-0.800066,-0.000180
actual,19.085000,278.785000,0.466014,-1.049740,1.050626,-1.050592,-0.800066,-0.000180
actual,19.090000,278.790000,0.467176,-1.049740,1.050626,-1.050592,-0.800066,-0.000180
actual,19.095000,278.795000,0.468371,-1.049740,1.050626,-1.050592,-0.800066,-0.000180
actual,19.100000,278.800000,0.469597,-1.049740,1.050626,-1.050592,-0.800066,-0.000180
actual,19.105000,278.805000,0.470853,-1.049740,1.050626,-1.050592,-0.800066,-0.000180
actual,19.110000,278.810000,0.472138,-1.049740,1.050626,-1.050592,-0.800066,-0.000180
actual,19.115000,278.815000,0.473450,-1.049740,1.050626,-1.050592,-0.800066,-0.000180
actual,19.120000,278.820000,0.474788,-1.049740,1.050626,-1.050592,-0.800066,-0.000180
actual,19.125000,278.825000,0.476152,-1.049740,1.050626,-1.050592,-0.800066,-0.000180
actual,19.130000,278.830000,0.477539,-1.049740,1.050626,-1.050592,-0.800066,-0.000180
actual,19.135000,278.835000,0.478948,-1.049740,1.050626,-1.050592,-0.800066,-0.000180
actual,19.140000,278.840000,0.480378,-1.049740,1.050626,-1.050592,-0.800066,-0.000180
actual,19.145000,278.845000,0.481828,-1.049740,1.050626,-1.050592,-0.800066,-0.000180
actual,19.150000,278.850000,0.483295,-1.049740,1.050626,-1.050592,-0.800066,-0.000180
actual,19.155000,278.855000,0.484779,-1.049740,1.050626,-1.050592,-0.800066,-0.000180
actual,19.160000,278.860000,0.486278,-1.049740,1.050626,-1.050592,-0.800066,-0.000180
actual,19.165000,278.865000,0.487790,-1.049740,1.050626,-1.050592,-0.800066,-0.000180
actual,19.170000,278.870000,0.489315,-1.049740,1.050626,-1.050592,-0.800066,-0.000180
actual,19.175000,278.875000,0.490850,-1.049740,1.050626,-1.050592,-0.800066,-0.000180
actual,19.180000,278.880000,0.492395,-1.049740,1.050626,-1.050592,-0.800066,-0.000180
actual,19.185000,278.885000,0.493946,-1.049740,1.050626,-1.050592,-0.800066,-0.000180
actual,19.190000,278.890000,0.495504,-1.049740,1.050626,-1.050592,-0.800066,-0.000180
actual,19.195000,278.895000,0.497066,-1.049740,1.050626,-1.050592,-0.800066,-0.000180
actual,19.200000,278.900000,0.498632,-1.049740,1.050626,-1.050592,-0.800066,-0.000180
actual,19.205000,278.905000,0.500198,-1.049740,1.050626,-1.050592,-0.800066,-0.000180
actual,19.210000,278.910000,0.501765,-1.049740,1.050626,-1.050592,-0.800066,-0.000180
actual,19.215000,278.915000,0.503330,-1.049740,1.050626,-1.050592,-0.800066,-0.000180
actual,19.220000,278.920000,0.504891,-1.049740,1.050626,-1.050592,-0.800066,-0.000180
actual,19.225000,278.925000,0.506448,-1.049740,1.050626,-1.050592,-0.800066,-0.000180
actual,19.230000,278.930000,0.507998,-1.049740,1.050626,-1.050592,-0.800066,-0.000180
actual,19.235000,278.935000,0.509541,-1.049740,1.050626,-1.050592,-0.800066,-0.000180
actual,19.240000,278.940000,0.511074,-1.049740,1.050626,-1.050592,-0.800066,-0.000180
actual,19.245000,278.945000,0.512596,-1.049740,1.050626,-1.050592,-0.800066,-0.000180
actual,19.250000,278.950000,0.514106,-1.049740,1.050626,-1.050592,-0.800066,-0.000180
actual,19.255000,278.955000,0.515602,-1.049740,1.050626,-1.050592,-0.800066,-0.000180
actual,19.260000,278.960000,0.517083,-1.049740,1.050626,-1.050592,-0.800066,-0.000180
actual,19.265000,278.965000,0.518546,-1.049740,1.050626,-1.050592,-0.800066,-0.000180
actual,19.270000,278.970000,0.519992,-1.049740,1.050626,-1.050592,-0.800066,-0.000180
actual,19.275000,278.975000,0.521418,-1.049740,1.050626,-1.050592,-0.800066,-0.000180
actual,19.280000,278.980000,0.522822,-1.049740,1.050626,-1.050592,-0.800066,-0.000180
actual,19.285000,278.985000,0.524205,-1.049740,1.050626,-1.050592,-0.800066,-0.000180
actual,19.290000,278.990000,0.525563,-1.049740,1.050626,-1.050592,-0.800066,-0.000180
actual,19.295000,278.995000,0.526896,-1.049740,1.050626,-1.050592,-0.800066,-0.000180
actual,19.300000,279.000000,0.528203,-1.049740,1.050626,-1.050592,-0.800066,-0.000180
actual,19.305000,279.005000,0.529482,-1.049740,1.050626,-1.050592,-0.800066,-0.000180
actual,19.310000,279.010000,0.530732,-1.049740,1.050626,-1.050592,-0.800066,-0.000180
actual,19.315000,279.015000,0.531951,-1.049740,1.050626,-1.050592,-0.800066,-0.000180
actual,19.320000,279.020000,0.533139,-1.049740,1.050626,-1.050592,-0.800066,-0.000180
actual,19.325000,279.025000,0.534295,-1.049740,1.050626,-1.050592,-0.800066,-0.000180
actual,19.330000,279.030000,0.535416,-1.049740,1.050626,-1.050592,-0.800066,-0.000180
actual,19.335000,279.035000,0.536503,-1.049740,1.050626,-1.050592,-0.800066,-0.000180
actual,19.340000,279.040000,0.537554,-1.049740,1.050626,-1.050592,-0.800066,-0.000180
actual,19.345000,279.045000,0.538567,-1.049740,1.050626,-1.050592,-0.800066,-0.000180
actual,19.350000,279.050000,0.539543,-1.049740,1.050626,-1.050592,-0.800066,-0.000180
actual,19.355000,279.055000,0.540480,-1.049740,1.050626,-1.050592,-0.800066,-0.000180
actual,19.360000,279.060000,0.541376,-1.049740,1.050626,-1.050592,-0.800066,-0.000180
actual,19.365000,279.065000,0.542232,-1.049740,1.050626,-1.050592,-0.800066,-0.000180
actual,19.370000,279.070000,0.543046,-1.049740,1.050626,-1.050592,-0.800066,-0.000180
actual,19.375000,279.075000,0.543818,-1.049740,1.050626,-1.050592,-0.800066,-0.000180
actual,19.380000,279.080000,0.544547,-1.049740,1.050626,-1.050592,-0.800066,-0.000180
actual,19.385000,279.085000,0.545232,-1.049740,1.050626,-1.050592,-0.800066,-0.000180
actual,19.390000,279.090000,0.545872,-1.049740,1.050626,-1.050592,-0.800066,-0.000180
actual,19.395000,279.095000,0.546467,-1.049740,1.050626,-1.050592,-0.800066,-0.000180
actual,19.400000,279.100000,0.547016,-1.049740,1.050626,-1.050592,-0.800066,-0.000180
actual,19.405000,279.105000,0.547518,-1.049740,1.050626,-1.050592,-0.800066,-0.000180
actual,19.410000,279.110000,0.547974,-1.049740,1.050626,-1.050592,-0.800066,-0.000180
actual,19.415000,279.115000,0.548383,-1.049740,1.050626,-1.050592,-0.800066,-0.000180
actual,19.420000,279.120000,0.548743,-1.049740,1.050626,-1.050592,-0.800066,-0.000180
actual,19.425000,279.125000,0.549056,-1.049740,1.050626,-1.050592,-0.800066,-0.000180
actual,19.430000,279.130000,0.549321,-1.049740,1.050626,-1.050592,-0.800066,-0.000180
actual,19.435000,279.135000,0.549536,-1.049740,1.050626,-1.050592,-0.800066,-0.000180
actual,19.440000,279.140000,0.549703,-1.049740,1.050626,-1.050592,-0.800066,-0.000180
actual,19.445000,279.145000,0.549821,-1.049740,1.050626,-1.050592,-0.800066,-0.000180
actual,19.450000,279.150000,0.549890,-1.049740,1.050626,-1.050592,-0.800066,-0.000180
actual,19.455000,279.155000,0.549909,-1.049740,1.050626,-1.050592,-0.800066,-0.000180
actual,19.460000,279.160000,0.549880,-1.049740,1.050626,-1.050592,-0.800066,-0.000180
actual,19.465000,279.165000,0.549801,-1.049740,1.050626,-1.050592,-0.800066,-0.000180
actual,19.470000,279.170000,0.549673,-1.049740,1.050626,-1.050592,-0.800066,-0.000180
actual,19.475000,279.175000,0.549496,-1.049740,1.050626,-1.050592,-0.800066,-0.000180
actual,19.480000,279.180000,0.549270,-1.049740,1.050626,-1.050592,-0.800066,-0.000180
actual,19.485000,279.185000,0.548996,-1.049740,1.050626,-1.050592,-0.800066,-0.000180
actual,19.490000,279.190000,0.548673,-1.049740,1.050626,-1.050592,-0.800066,-0.000180
actual,19.495000,279.195000,0.548302,-1.049740,1.050626,-1.050592,-0.800066,-0.000180
actual,19.500000,279.200000,0.547884,-1.049740,1.050626,-1.050592,-0.800066,-0.000180
actual,19.505000,279.205000,0.547418,-1.049740,1.050626,-1.050592,-0.800066,-0.000180
actual,19.510000,279.210000,0.546906,-1.049740,1.050626,-1.050592,-0.800066,-0.000180
actual,19.515000,279.215000,0.546347,-1.049740,1.050626,-1.050592,-0.800066,-0.000180
actual,19.520000,279.220000,0.545743,-1.049740,1.050626,-1.050592,-0.800066,-0.000180
actual,19.525000,279.225000,0.545094,-1.049740,1.050626,-1.050592,-0.800066,-0.000180
actual,19.530000,279.230000,0.544400,-1.049740,1.050626,-1.050592,-0.800066,-0.000180
actual,19.535000,279.235000,0.543662,-1.049740,1.050626,-1.050592,-0.800066,-0.000180
actual,19.540000,279.240000,0.542882,-1.049740,1.050626,-1.050592,-0.800066,-0.000180
actual,19.545000,279.245000,0.542059,-1.049740,1.050626,-1.050592,-0.800066,-0.000180
actual,19.550000,279.250000,0.541194,-1.049740,1.050626,-1.050592,-0.800066,-0.000180
actual,19.555000,279.255000,0.540289,-1.049740,1.050626,-1.050592,-0.800066,-0.000180
actual,19.560000,279.260000,0.539344,-1.049740,1.050626,-1.050592,-0.800066,-0.000180
actual,19.565000,279.265000,0.538361,-1.049740,1.050626,-1.050592,-0.800066,-0.000180
actual,19.570000,279.270000,0.537339,-1.049740,1.050626,-1.050592,-0.800066,-0.000180
actual,19.575000,279.275000,0.536281,-1.049740,1.050626,-1.050592,-0.800066,-0.000180
actual,19.580000,279.280000,0.535187,-1.049740,1.050626,-1.050592,-0.800066,-0.000180
actual,19.585000,279.285000,0.534059,-1.049740,1.050626,-1.050592,-0.800066,-0.000180
actual,19.590000,279.290000,0.532896,-1.049740,1.050626,-1.050592,-0.800066,-0.000180
actual,19.595000,279.295000,0.531702,-1.049740,1.050626,-1.050592,-0.800066,-0.000180
actual,19.600000,279.300000,0.530476,-1.049740,1.050626,-1.050592,-0.800066,-0.000180
actual,19.605000,279.305000,0.529220,-1.049740,1.050626,-1.050592,-0.800066,-0.000180
actual,19.610000,279.310000,0.527935,-1.049740,1.050626,-1.050592,-0.800066,-0.000180
actual,19.615000,279.315000,0.526623,-1.049740,1.050626,-1.050592,-0.800066,-0.000180
actual,19.620000,279.320000,0.525284,-1.049740,1.050626,-1.050592,-0.800066,-0.000180
actual,19.625000,279.325000,0.523921,-1.049740,1.050626,-1.050592,-0.800066,-0.000180
actual,19.630000,279.330000,0.522534,-1.049740,1.050626,-1.050592,-0.800066,-0.000180
actual,19.635000,279.335000,0.521125,-1.049740,1.050626,-1.050592,-0.800066,-0.000180
actual,19.640000,279.340000,0.519695,-1.049740,1.050626,-1.050592,-0.800066,-0.000180
actual,19.645000,279.345000,0.518245,-1.049740,1.050626,-1.050592,-0.800066,-0.000180
actual,19.650000,279.350000,0.516778,-1.049740,1.050626,-1.050592,-0.800066,-0.000180
actual,19.655000,279.355000,0.515294,-1.049740,1.050626,-1.050592,-0.800066,-0.000180
actual,19.660000,279.360000,0.513795,-1.049740,1.050626,-1.050592,-0.800066,-0.000180
actual,19.665000,279.365000,0.512282,-1.049740,1.050626,-1.050592,-0.800066,-0.000180
actual,19.670000,279.370000,0.510758,-1.049740,1.050626,-1.050592,-0.800066,-0.000180
actual,19.675000,279.375000,0.509223,-1.049740,1.050626,-1.050592,-0.800066,-0.000180
actual,19.680000,279.380000,0.507678,-1.049740,1.050626,-1.050592,-0.800066,-0.000180
actual,19.685000,279.385000,0.506127,-1.049740,1.050626,-1.050592,-0.800066,-0.000180
actual,19.690000,279.390000,0.504569,-1.049740,1.050626,-1.050592,-0.800066,-0.000180
actual,19.695000,279.395000,0.503006,-1.049740,1.050626,-1.050592,-0.800066,-0.000180
actual,19.700000,279.400000,0.501441,-1.049740,1.050626,-1.050592,-0.800066,-0.000180
actual,19.705000,279.405000,0.499875,-1.049740,1.050626,-1.050592,-0.800066,-0.000180
actual,19.710000,279.410000,0.498308,-1.049740,1.050626,-1.050592,-0.800066,-0.000180
actual,19.715000,279.415000,0.496743,-1.049740,1.050626,-1.050592,-0.800066,-0.000180
actual,19.720000,279.420000,0.495182,-1.049740,1.050626,-1.050592,-0.800066,-0.000180
actual,19.725000,279.425000,0.493625,-1.049740,1.050626,-1.050592,-0.800066,-0.000180
actual,19.730000,279.430000,0.492075,-1.049740,1.050626,-1.050592,-0.800066,-0.000180
actual,19.735000,279.435000,0.490532,-1.049740,1.050626,-1.050592,-0.800066,-0.000180
actual,19.740000,279.440000,0.488999,-1.049740,1.050626,-1.050592,-0.800066,-0.000180
actual,19.745000,279.445000,0.487477,-1.049740,1.050626,-1.050592,-0.800066,-0.000180
actual,19.750000,279.450000,0.485967,-1.049740,1.050626,-1.050592,-0.800066,-0.000180
actual,19.755000,279.455000,0.484471,-1.049740,1.050626,-1.050592,-0.800066,-0.000180
actual,19.760000,279.460000,0.482990,-1.049740,1.050626,-1.050592,-0.800066,-0.000180
actual,19.765000,279.465000,0.481526,-1.049740,1.050626,-1.050592,-0.800066,-0.000180
actual,19.770000,279.470000,0.480081,-1.049740,1.050626,-1.050592,-0.800066,-0.000180
actual,19.775000,279.475000,0.478655,-1.049740,1.050626,-1.050592,-0.800066,-0.000180
actual,19.780000,279.480000,0.477250,-1.049740,1.050626,-1.050592,-0.800066,-0.000180
actual,19.785000,279.485000,0.475868,-1.049740,1.050626,-1.050592,-0.800066,-0.000180
actual,19.790000,279.490000,0.474510,-1.049740,1.050626,-1.050592,-0.800066,-0.000180
actual,19.795000,279.495000,0.473177,-1.049740,1.050626,-1.050592,-0.800066,-0.000180
actual,19.800000,279.500000,0.471870,-1.049740,1.050626,-1.050592,-0.800066,-0.000180
actual,19.805000,279.505000,0.470591,-1.049740,1.050626,-1.050592,-0.800066,-0.000180
actual,19.810000,279.510000,0.469341,-1.049740,1.050626,-1.050592,-0.800066,-0.000180
actual,19.815000,279.515000,0.468122,-1.049740,1.050626,-1.050592,-0.800066,-0.000180
actual,19.820000,279.520000,0.466933,-1.049740,1.050626,-1.050592,-0.800066,-0.000180
actual,19.825000,279.525000,0.465778,-1.049740,1.050626,-1.050592,-0.800066,-0.000180
actual,19.830000,279.530000,0.464657,-1.049740,1.050626,-1.050592,-0.800066,-0.000180
actual,19.835000,279.535000,0.463570,-1.049740,1.050626,-1.050592,-0.800066,-0.000180
actual,19.840000,279.540000,0.462519,-1.049740,1.050626,-1.050592,-0.800066,-0.000180
actual,19.845000,279.545000,0.461506,-1.049740,1.050626,-1.050592,-0.800066,-0.000180
actual,19.850000,279.550000,0.460530,-1.049740,1.050626,-1.050592,-0.800066,-0.000180
actual,19.855000,279.555000,0.459593,-1.049740,1.050626,-1.050592,-0.800066,-0.000180
actual,19.860000,279.560000,0.458697,-1.049740,1.050626,-1.050592,-0.800066,-0.000180
actual,19.865000,279.565000,0.457841,-1.049740,1.050626,-1.050592,-0.800066,-0.000180
actual,19.870000,279.570000,0.457026,-1.049740,1.050626,-1.050592,-0.800066,-0.000180
actual,19.875000,279.575000,0.456255,-1.049740,1.050626,-1.050592,-0.800066,-0.000180
actual,19.880000,279.580000,0.455526,-1.049740,1.050626,-1.050592,-0.800066,-0.000180
actual,19.885000,279.585000,0.454841,-1.049740,1.050626,-1.050592,-0.800066,-0.000180
actual,19.890000,279.590000,0.454201,-1.049740,1.050626,-1.050592,-0.800066,-0.000180
actual,19.895000,279.595000,0.453606,-1.049740,1.050626,-1.050592,-0.800066,-0.000180
actual,19.900000,279.600000,0.453057,-1.049740,1.050626,-1.050592,-0.800066,-0.000180
actual,19.905000,279.605000,0.452555,-1.049740,1.050626,-1.050592,-0.800066,-0.000180
actual,19.910000,279.610000,0.452099,-1.049740,1.050626,-1.050592,-0.800066,-0.000180
actual,19.915000,279.615000,0.451690,-1.049740,1.050626,-1.050592,-0.800066,-0.000180
actual,19.920000,279.620000,0.451329,-1.049740,1.050626,-1.050592,-0.800066,-0.000180
actual,19.925000,279.625000,0.451017,-1.049740,1.050626,-1.050592,-0.800066,-0.000180
actual,19.930000,279.630000,0.450752,-1.049740,1.050626,-1.050592,-0.800066,-0.000180
actual,19.935000,279.635000,0.450537,-1.049740,1.050626,-1.050592,-0.800066,-0.000180
actual,19.940000,279.640000,0.450370,-1.049740,1.050626,-1.050592,-0.800066,-0.000180
actual,19.945000,279.645000,0.450252,-1.049740,1.050626,-1.050592,-0.800066,-0.000180
